review_id,source,location,rating,review_date,text,aspect,sentiment,fragment,overall_sentiment
1,facebook,https://www.facebook.com/ctpiasi?locale=ro_RO,,2026-04-19T00:25:57.000Z,"POS-urile din tramvai nu merg, tramvaie pline, timp de asteptare lung,  posibilitatea de a mai cumperi prin 24pay nu exista. Cred ca am spus tot cu asta",validare_bilete,negativ,"POS-urile din tramvai nu merg, posibilitatea de a mai cumperi prin 24pay nu exista",negativ
1,facebook,https://www.facebook.com/ctpiasi?locale=ro_RO,,2026-04-19T00:25:57.000Z,"POS-urile din tramvai nu merg, tramvaie pline, timp de asteptare lung,  posibilitatea de a mai cumperi prin 24pay nu exista. Cred ca am spus tot cu asta",aglomeratie,negativ,tramvaie pline,negativ
1,facebook,https://www.facebook.com/ctpiasi?locale=ro_RO,,2026-04-19T00:25:57.000Z,"POS-urile din tramvai nu merg, tramvaie pline, timp de asteptare lung,  posibilitatea de a mai cumperi prin 24pay nu exista. Cred ca am spus tot cu asta",frecventa,negativ,timp de asteptare lung,negativ
2,facebook,https://www.facebook.com/ctpiasi?locale=ro_RO,,2026-02-12T12:31:48.000Z,Buna ziua!nu va functioneaza compostoarele de bilete din tramvaie sau autobuze!Ce ne facem?Ne luam amenda?Sau daca e prea aglomerat si nu pot composta?,validare_bilete,negativ,nu va functioneaza compostoarele de bilete din tramvaie sau autobuze,negativ
2,facebook,https://www.facebook.com/ctpiasi?locale=ro_RO,,2026-02-12T12:31:48.000Z,Buna ziua!nu va functioneaza compostoarele de bilete din tramvaie sau autobuze!Ce ne facem?Ne luam amenda?Sau daca e prea aglomerat si nu pot composta?,aglomeratie,negativ,daca e prea aglomerat si nu pot composta,negativ
3,facebook,https://www.facebook.com/ctpiasi?locale=ro_RO,,2026-01-22T19:46:33.000Z,"Vreau să vorbesc puțin despre transportul public. Tramvaiele sunt extrem de murdare pe exterior, mai ales cele noi. Viteza lor este mult prea mică pe multe porțiuni, iar problema s-ar putea rezolva ușor prin crearea de benzi unice în majoritatea zonelor (primăria nici măcar pe cele existente nu reușește să le întrețină - lipsesc mulți stâlpișori, iar pe unele segmente, cum e la Țesătura, au dispărut complet). De exemplu în Tătărași, pe Canta sau în Copou. Stațiile sunt mult prea înguste, un exemplu clar fiind cea din Podu Roș (pentru care primăria a primit amendă). Chiar e atât de greu să elimini o bandă de circulație?! Asfaltul de lângă șine este, în multe locuri, crăpat, cârpit, denivelat și vălurit - se vede clar pe Bd. Alex. cel Bun, inclusiv pe Street View. Primăria are doar 5 autobuze articulate pentru un oraș cu 500.000 de locuitori, incluzând suburbiile. Doar 5 autobuze! Restul achizițiilor sunt de 10 și 12 metri, prea mici chiar și pentru orașe mai mici decât Iașul. Înțeleg că posibil ca proiectele să nu fi permis cumpărarea acestui tip de autobuz, dar cum alte orașe au reușit într-un fel sau altul, s-ar putea și la noi! Ar fi nevoie de mai multe linii de tramvai și să introducem (din nou) troleibuze de 18 metri pentru Bucium, și alte zone. În plus, multe aparate din tramvaie, pentru care s-au cheltuit sute de mii de lei, nu funcționează: fie nu merge ecranul, fie capacul e deschis, și așa mai departe. Tarifele CTP Iași (cel puțin în zona metropolitană) mi se par exagerate! În loc să fie încurajată utilizarea transportului public prin reducerea prețurilor, acestea cresc. Elevii și pensionarii au deja gratuitate, deci cât de greu ar fi să se aplice o reducere, 2,50 lei sau 0,50 € ar fi un preț rezonabil, mai ales că echipamentele necesare există deja, și nu doar pentru Zona 1, ci și pentru restul! În Chișinău este 1,50 RON (6 MDL) pentru tot orașul, inclusiv suburbiile! Deci se poate!",curatenie,negativ,"Tramvaiele sunt extrem de murdare pe exterior, mai ales cele noi",negativ
3,facebook,https://www.facebook.com/ctpiasi?locale=ro_RO,,2026-01-22T19:46:33.000Z,"Vreau să vorbesc puțin despre transportul public. Tramvaiele sunt extrem de murdare pe exterior, mai ales cele noi. Viteza lor este mult prea mică pe multe porțiuni, iar problema s-ar putea rezolva ușor prin crearea de benzi unice în majoritatea zonelor (primăria nici măcar pe cele existente nu reușește să le întrețină - lipsesc mulți stâlpișori, iar pe unele segmente, cum e la Țesătura, au dispărut complet). De exemplu în Tătărași, pe Canta sau în Copou. Stațiile sunt mult prea înguste, un exemplu clar fiind cea din Podu Roș (pentru care primăria a primit amendă). Chiar e atât de greu să elimini o bandă de circulație?! Asfaltul de lângă șine este, în multe locuri, crăpat, cârpit, denivelat și vălurit - se vede clar pe Bd. Alex. cel Bun, inclusiv pe Street View. Primăria are doar 5 autobuze articulate pentru un oraș cu 500.000 de locuitori, incluzând suburbiile. Doar 5 autobuze! Restul achizițiilor sunt de 10 și 12 metri, prea mici chiar și pentru orașe mai mici decât Iașul. Înțeleg că posibil ca proiectele să nu fi permis cumpărarea acestui tip de autobuz, dar cum alte orașe au reușit într-un fel sau altul, s-ar putea și la noi! Ar fi nevoie de mai multe linii de tramvai și să introducem (din nou) troleibuze de 18 metri pentru Bucium, și alte zone. În plus, multe aparate din tramvaie, pentru care s-au cheltuit sute de mii de lei, nu funcționează: fie nu merge ecranul, fie capacul e deschis, și așa mai departe. Tarifele CTP Iași (cel puțin în zona metropolitană) mi se par exagerate! În loc să fie încurajată utilizarea transportului public prin reducerea prețurilor, acestea cresc. Elevii și pensionarii au deja gratuitate, deci cât de greu ar fi să se aplice o reducere, 2,50 lei sau 0,50 € ar fi un preț rezonabil, mai ales că echipamentele necesare există deja, și nu doar pentru Zona 1, ci și pentru restul! În Chișinău este 1,50 RON (6 MDL) pentru tot orașul, inclusiv suburbiile! Deci se poate!",infrastructura_statii,negativ,"Stațiile sunt mult prea înguste, un exemplu clar fiind cea din Podu Roș",negativ
3,facebook,https://www.facebook.com/ctpiasi?locale=ro_RO,,2026-01-22T19:46:33.000Z,"Vreau să vorbesc puțin despre transportul public. Tramvaiele sunt extrem de murdare pe exterior, mai ales cele noi. Viteza lor este mult prea mică pe multe porțiuni, iar problema s-ar putea rezolva ușor prin crearea de benzi unice în majoritatea zonelor (primăria nici măcar pe cele existente nu reușește să le întrețină - lipsesc mulți stâlpișori, iar pe unele segmente, cum e la Țesătura, au dispărut complet). De exemplu în Tătărași, pe Canta sau în Copou. Stațiile sunt mult prea înguste, un exemplu clar fiind cea din Podu Roș (pentru care primăria a primit amendă). Chiar e atât de greu să elimini o bandă de circulație?! Asfaltul de lângă șine este, în multe locuri, crăpat, cârpit, denivelat și vălurit - se vede clar pe Bd. Alex. cel Bun, inclusiv pe Street View. Primăria are doar 5 autobuze articulate pentru un oraș cu 500.000 de locuitori, incluzând suburbiile. Doar 5 autobuze! Restul achizițiilor sunt de 10 și 12 metri, prea mici chiar și pentru orașe mai mici decât Iașul. Înțeleg că posibil ca proiectele să nu fi permis cumpărarea acestui tip de autobuz, dar cum alte orașe au reușit într-un fel sau altul, s-ar putea și la noi! Ar fi nevoie de mai multe linii de tramvai și să introducem (din nou) troleibuze de 18 metri pentru Bucium, și alte zone. În plus, multe aparate din tramvaie, pentru care s-au cheltuit sute de mii de lei, nu funcționează: fie nu merge ecranul, fie capacul e deschis, și așa mai departe. Tarifele CTP Iași (cel puțin în zona metropolitană) mi se par exagerate! În loc să fie încurajată utilizarea transportului public prin reducerea prețurilor, acestea cresc. Elevii și pensionarii au deja gratuitate, deci cât de greu ar fi să se aplice o reducere, 2,50 lei sau 0,50 € ar fi un preț rezonabil, mai ales că echipamentele necesare există deja, și nu doar pentru Zona 1, ci și pentru restul! În Chișinău este 1,50 RON (6 MDL) pentru tot orașul, inclusiv suburbiile! Deci se poate!",stare_vehicule,negativ,"multe aparate din tramvaie nu funcționează: fie nu merge ecranul, fie capacul e deschis",negativ
3,facebook,https://www.facebook.com/ctpiasi?locale=ro_RO,,2026-01-22T19:46:33.000Z,"Vreau să vorbesc puțin despre transportul public. Tramvaiele sunt extrem de murdare pe exterior, mai ales cele noi. Viteza lor este mult prea mică pe multe porțiuni, iar problema s-ar putea rezolva ușor prin crearea de benzi unice în majoritatea zonelor (primăria nici măcar pe cele existente nu reușește să le întrețină - lipsesc mulți stâlpișori, iar pe unele segmente, cum e la Țesătura, au dispărut complet). De exemplu în Tătărași, pe Canta sau în Copou. Stațiile sunt mult prea înguste, un exemplu clar fiind cea din Podu Roș (pentru care primăria a primit amendă). Chiar e atât de greu să elimini o bandă de circulație?! Asfaltul de lângă șine este, în multe locuri, crăpat, cârpit, denivelat și vălurit - se vede clar pe Bd. Alex. cel Bun, inclusiv pe Street View. Primăria are doar 5 autobuze articulate pentru un oraș cu 500.000 de locuitori, incluzând suburbiile. Doar 5 autobuze! Restul achizițiilor sunt de 10 și 12 metri, prea mici chiar și pentru orașe mai mici decât Iașul. Înțeleg că posibil ca proiectele să nu fi permis cumpărarea acestui tip de autobuz, dar cum alte orașe au reușit într-un fel sau altul, s-ar putea și la noi! Ar fi nevoie de mai multe linii de tramvai și să introducem (din nou) troleibuze de 18 metri pentru Bucium, și alte zone. În plus, multe aparate din tramvaie, pentru care s-au cheltuit sute de mii de lei, nu funcționează: fie nu merge ecranul, fie capacul e deschis, și așa mai departe. Tarifele CTP Iași (cel puțin în zona metropolitană) mi se par exagerate! În loc să fie încurajată utilizarea transportului public prin reducerea prețurilor, acestea cresc. Elevii și pensionarii au deja gratuitate, deci cât de greu ar fi să se aplice o reducere, 2,50 lei sau 0,50 € ar fi un preț rezonabil, mai ales că echipamentele necesare există deja, și nu doar pentru Zona 1, ci și pentru restul! În Chișinău este 1,50 RON (6 MDL) pentru tot orașul, inclusiv suburbiile! Deci se poate!",acoperire_rute,negativ,Ar fi nevoie de mai multe linii de tramvai și să introducem (din nou) troleibuze de 18 metri,negativ
3,facebook,https://www.facebook.com/ctpiasi?locale=ro_RO,,2026-01-22T19:46:33.000Z,"Vreau să vorbesc puțin despre transportul public. Tramvaiele sunt extrem de murdare pe exterior, mai ales cele noi. Viteza lor este mult prea mică pe multe porțiuni, iar problema s-ar putea rezolva ușor prin crearea de benzi unice în majoritatea zonelor (primăria nici măcar pe cele existente nu reușește să le întrețină - lipsesc mulți stâlpișori, iar pe unele segmente, cum e la Țesătura, au dispărut complet). De exemplu în Tătărași, pe Canta sau în Copou. Stațiile sunt mult prea înguste, un exemplu clar fiind cea din Podu Roș (pentru care primăria a primit amendă). Chiar e atât de greu să elimini o bandă de circulație?! Asfaltul de lângă șine este, în multe locuri, crăpat, cârpit, denivelat și vălurit - se vede clar pe Bd. Alex. cel Bun, inclusiv pe Street View. Primăria are doar 5 autobuze articulate pentru un oraș cu 500.000 de locuitori, incluzând suburbiile. Doar 5 autobuze! Restul achizițiilor sunt de 10 și 12 metri, prea mici chiar și pentru orașe mai mici decât Iașul. Înțeleg că posibil ca proiectele să nu fi permis cumpărarea acestui tip de autobuz, dar cum alte orașe au reușit într-un fel sau altul, s-ar putea și la noi! Ar fi nevoie de mai multe linii de tramvai și să introducem (din nou) troleibuze de 18 metri pentru Bucium, și alte zone. În plus, multe aparate din tramvaie, pentru care s-au cheltuit sute de mii de lei, nu funcționează: fie nu merge ecranul, fie capacul e deschis, și așa mai departe. Tarifele CTP Iași (cel puțin în zona metropolitană) mi se par exagerate! În loc să fie încurajată utilizarea transportului public prin reducerea prețurilor, acestea cresc. Elevii și pensionarii au deja gratuitate, deci cât de greu ar fi să se aplice o reducere, 2,50 lei sau 0,50 € ar fi un preț rezonabil, mai ales că echipamentele necesare există deja, și nu doar pentru Zona 1, ci și pentru restul! În Chișinău este 1,50 RON (6 MDL) pentru tot orașul, inclusiv suburbiile! Deci se poate!",pret,negativ,"Tarifele CTP Iași mi se par exagerate! În loc să fie încurajată utilizarea transportului public prin reducerea prețurilor, acestea cresc",negativ
4,facebook,https://www.facebook.com/ctpiasi?locale=ro_RO,,2025-12-04T06:44:01.000Z,"Sincer,sa ma ..... pe transportul vostru în comun,stau de 30 minute în stație la Minerva și aștept un 28 și nu vine,recomand orice altceva dar nu CTP,rusine sa va fie,și nu e prima oara ......",frecventa,negativ,stau de 30 minute în stație la Minerva și aștept un 28 și nu vine,negativ
4,facebook,https://www.facebook.com/ctpiasi?locale=ro_RO,,2025-12-04T06:44:01.000Z,"Sincer,sa ma ..... pe transportul vostru în comun,stau de 30 minute în stație la Minerva și aștept un 28 și nu vine,recomand orice altceva dar nu CTP,rusine sa va fie,și nu e prima oara ......",punctualitate,negativ,"nu vine, și nu e prima oara",negativ
5,facebook,https://www.facebook.com/ctpiasi?locale=ro_RO,,2025-11-11T13:07:35.000Z,"Timpi de asteptare mari, refugii de tramvaie inguste si arhipline si nu in ultimul rand sistemul de cumpărare a biletelor foarte prost",frecventa,negativ,Timpi de asteptare mari,negativ
5,facebook,https://www.facebook.com/ctpiasi?locale=ro_RO,,2025-11-11T13:07:35.000Z,"Timpi de asteptare mari, refugii de tramvaie inguste si arhipline si nu in ultimul rand sistemul de cumpărare a biletelor foarte prost",infrastructura_statii,negativ,refugii de tramvaie inguste si arhipline,negativ
5,facebook,https://www.facebook.com/ctpiasi?locale=ro_RO,,2025-11-11T13:07:35.000Z,"Timpi de asteptare mari, refugii de tramvaie inguste si arhipline si nu in ultimul rand sistemul de cumpărare a biletelor foarte prost",validare_bilete,negativ,sistemul de cumpărare a biletelor foarte prost,negativ
6,facebook,https://www.facebook.com/ctpiasi?locale=ro_RO,,2025-11-04T15:05:02.000Z,"Tramvaiul 1, cutia albastră, mi-a luat banii, nu am primit biletul, se blocase. Am mers la vatman sa anunț și mi-a zis că o să vadă la capăt. Eu a trebui sa cobor și sa schimb tramvaiul. Fara bani si",validare_bilete,negativ,"cutia albastră, mi-a luat banii, nu am primit biletul, se blocase",negativ
6,facebook,https://www.facebook.com/ctpiasi?locale=ro_RO,,2025-11-04T15:05:02.000Z,"Tramvaiul 1, cutia albastră, mi-a luat banii, nu am primit biletul, se blocase. Am mers la vatman sa anunț și mi-a zis că o să vadă la capăt. Eu a trebui sa cobor și sa schimb tramvaiul. Fara bani si",soferi_vatmani,negativ,Am mers la vatman sa anunț și mi-a zis că o să vadă la capăt,negativ
7,facebook,https://www.facebook.com/ctpiasi?locale=ro_RO,,2025-10-21T04:33:28.000Z,"Ce se întâmplă domnilor cu traseele 42 și 43.De la un timp de așteptare cât de cât decent acum două săptămâni (15-20 minute între autobuze ) s-a ajuns la 30-…doamne ajută.Așa încurajați cetățenii să renunțe mașină?Eu ,de exemplu,revin la mașină.Oricum nu interesează pe cineva din această companie,am risipit 5 minute din viața mea.",frecventa,negativ,de la un timp de așteptare cât de cât decent acum două săptămâni (15-20 minute între autobuze) s-a ajuns la 30 de minute,negativ
7,facebook,https://www.facebook.com/ctpiasi?locale=ro_RO,,2025-10-21T04:33:28.000Z,"Ce se întâmplă domnilor cu traseele 42 și 43.De la un timp de așteptare cât de cât decent acum două săptămâni (15-20 minute între autobuze ) s-a ajuns la 30-…doamne ajută.Așa încurajați cetățenii să renunțe mașină?Eu ,de exemplu,revin la mașină.Oricum nu interesează pe cineva din această companie,am risipit 5 minute din viața mea.",organizare,negativ,Așa încurajați cetățenii să renunțe mașină?,negativ
8,facebook,https://www.facebook.com/ctpiasi?locale=ro_RO,,2025-10-15T05:54:11.000Z,"Tranvaie in anii revolutiei, fara ac, aglomerate si vatmani nesimtiti",stare_vehicule,negativ,Tramvaie in anii revolutiei,negativ
8,facebook,https://www.facebook.com/ctpiasi?locale=ro_RO,,2025-10-15T05:54:11.000Z,"Tranvaie in anii revolutiei, fara ac, aglomerate si vatmani nesimtiti",confort_termic,negativ,fara ac,negativ
8,facebook,https://www.facebook.com/ctpiasi?locale=ro_RO,,2025-10-15T05:54:11.000Z,"Tranvaie in anii revolutiei, fara ac, aglomerate si vatmani nesimtiti",aglomeratie,negativ,aglomerate,negativ
8,facebook,https://www.facebook.com/ctpiasi?locale=ro_RO,,2025-10-15T05:54:11.000Z,"Tranvaie in anii revolutiei, fara ac, aglomerate si vatmani nesimtiti",soferi_vatmani,negativ,vatmani nesimtiti,negativ
9,facebook,https://www.facebook.com/ctpiasi?locale=ro_RO,,2025-09-20T13:39:56.000Z,"nu recomand ctp pentru ca sunt neseriosi, nu ajuta lumea sa se adapteze la noile carduri, misiunea si faptul ca avem transport public este un lucru genial si rutele sunt facute bine dar cum e in tramvaie si autobuze lasa foarte multe semne de întrebare. Nici nu i-au in considerare plangerile trimise pe email, ei trimit doar raspunsuri automate, rutele pentru elevi nu sunt respectate pentru ca nu este nimeni sa opreasca oameni care nu au ce cauta in aceste curse speciale (din cate am inteles politist exista la ruta 9) apreciez ca macar elevi primesc gratis dar daca era dupa ei nu cred ca primeau nimic. si nici acest mesaj nu va face vreo diferenta si nici nu pot schimba ceva peste noapte dar nici nu pare ca isi doresc sa schimbe ceva",informare_calatori,negativ,nu ajuta lumea sa se adapteze la noile carduri,negativ
9,facebook,https://www.facebook.com/ctpiasi?locale=ro_RO,,2025-09-20T13:39:56.000Z,"nu recomand ctp pentru ca sunt neseriosi, nu ajuta lumea sa se adapteze la noile carduri, misiunea si faptul ca avem transport public este un lucru genial si rutele sunt facute bine dar cum e in tramvaie si autobuze lasa foarte multe semne de întrebare. Nici nu i-au in considerare plangerile trimise pe email, ei trimit doar raspunsuri automate, rutele pentru elevi nu sunt respectate pentru ca nu este nimeni sa opreasca oameni care nu au ce cauta in aceste curse speciale (din cate am inteles politist exista la ruta 9) apreciez ca macar elevi primesc gratis dar daca era dupa ei nu cred ca primeau nimic. si nici acest mesaj nu va face vreo diferenta si nici nu pot schimba ceva peste noapte dar nici nu pare ca isi doresc sa schimbe ceva",acoperire_rute,pozitiv,rutele sunt facute bine,negativ
9,facebook,https://www.facebook.com/ctpiasi?locale=ro_RO,,2025-09-20T13:39:56.000Z,"nu recomand ctp pentru ca sunt neseriosi, nu ajuta lumea sa se adapteze la noile carduri, misiunea si faptul ca avem transport public este un lucru genial si rutele sunt facute bine dar cum e in tramvaie si autobuze lasa foarte multe semne de întrebare. Nici nu i-au in considerare plangerile trimise pe email, ei trimit doar raspunsuri automate, rutele pentru elevi nu sunt respectate pentru ca nu este nimeni sa opreasca oameni care nu au ce cauta in aceste curse speciale (din cate am inteles politist exista la ruta 9) apreciez ca macar elevi primesc gratis dar daca era dupa ei nu cred ca primeau nimic. si nici acest mesaj nu va face vreo diferenta si nici nu pot schimba ceva peste noapte dar nici nu pare ca isi doresc sa schimbe ceva",relatii_clienti,negativ,"nu i-au in considerare plangerile trimise pe email, ei trimit doar raspunsuri automate",negativ
9,facebook,https://www.facebook.com/ctpiasi?locale=ro_RO,,2025-09-20T13:39:56.000Z,"nu recomand ctp pentru ca sunt neseriosi, nu ajuta lumea sa se adapteze la noile carduri, misiunea si faptul ca avem transport public este un lucru genial si rutele sunt facute bine dar cum e in tramvaie si autobuze lasa foarte multe semne de întrebare. Nici nu i-au in considerare plangerile trimise pe email, ei trimit doar raspunsuri automate, rutele pentru elevi nu sunt respectate pentru ca nu este nimeni sa opreasca oameni care nu au ce cauta in aceste curse speciale (din cate am inteles politist exista la ruta 9) apreciez ca macar elevi primesc gratis dar daca era dupa ei nu cred ca primeau nimic. si nici acest mesaj nu va face vreo diferenta si nici nu pot schimba ceva peste noapte dar nici nu pare ca isi doresc sa schimbe ceva",organizare,negativ,rutele pentru elevi nu sunt respectate pentru ca nu este nimeni sa opreasca oameni care nu au ce cauta in aceste curse speciale,negativ
10,facebook,https://www.facebook.com/ctpiasi?locale=ro_RO,,2025-09-05T10:53:55.000Z,Atitudinea unor soferi lasa foarte mult de dorit. Abonamente scumpe si servicii de foarte slaba calitate. Management foarte prost al acestei companii care se reflecta in activitatea de zi cu zi. Cred ca Iasi-ul merita totusi ceva mai bun...,soferi_vatmani,negativ,Atitudinea unor soferi lasa foarte mult de dorit,negativ
10,facebook,https://www.facebook.com/ctpiasi?locale=ro_RO,,2025-09-05T10:53:55.000Z,Atitudinea unor soferi lasa foarte mult de dorit. Abonamente scumpe si servicii de foarte slaba calitate. Management foarte prost al acestei companii care se reflecta in activitatea de zi cu zi. Cred ca Iasi-ul merita totusi ceva mai bun...,pret,negativ,Abonamente scumpe si servicii de foarte slaba calitate,negativ
10,facebook,https://www.facebook.com/ctpiasi?locale=ro_RO,,2025-09-05T10:53:55.000Z,Atitudinea unor soferi lasa foarte mult de dorit. Abonamente scumpe si servicii de foarte slaba calitate. Management foarte prost al acestei companii care se reflecta in activitatea de zi cu zi. Cred ca Iasi-ul merita totusi ceva mai bun...,organizare,negativ,Management foarte prost al acestei companii care se reflecta in activitatea de zi cu zi,negativ
11,facebook,https://www.facebook.com/ctpiasi?locale=ro_RO,,2025-08-01T08:14:43.000Z,"Tramvaiele pe traseul 3 sunt f proaste, aparatele de validare card din doua nu functiona niciunul astazi, ieri  era disponibil doar un aparat pt achizitionare bilet, care, dupa un timp indelungat de conectare,mi - a eliberat un bilet de 9 lei desi achizitionasem unul de 4 lei ( inca vad bine si stiu ce am selectat) Tarifele sunt enorme pt bataia de joc denumita transport pe acest traseu.",stare_vehicule,negativ,Tramvaiele pe traseul 3 sunt f proaste,negativ
11,facebook,https://www.facebook.com/ctpiasi?locale=ro_RO,,2025-08-01T08:14:43.000Z,"Tramvaiele pe traseul 3 sunt f proaste, aparatele de validare card din doua nu functiona niciunul astazi, ieri  era disponibil doar un aparat pt achizitionare bilet, care, dupa un timp indelungat de conectare,mi - a eliberat un bilet de 9 lei desi achizitionasem unul de 4 lei ( inca vad bine si stiu ce am selectat) Tarifele sunt enorme pt bataia de joc denumita transport pe acest traseu.",validare_bilete,negativ,"aparatele de validare card din doua nu functiona niciunul astazi, ieri era disponibil doar un aparat pt achizitionare bilet, care mi-a eliberat un bilet de 9 lei desi achizitionasem unul de 4 lei",negativ
11,facebook,https://www.facebook.com/ctpiasi?locale=ro_RO,,2025-08-01T08:14:43.000Z,"Tramvaiele pe traseul 3 sunt f proaste, aparatele de validare card din doua nu functiona niciunul astazi, ieri  era disponibil doar un aparat pt achizitionare bilet, care, dupa un timp indelungat de conectare,mi - a eliberat un bilet de 9 lei desi achizitionasem unul de 4 lei ( inca vad bine si stiu ce am selectat) Tarifele sunt enorme pt bataia de joc denumita transport pe acest traseu.",pret,negativ,Tarifele sunt enorme pt bataia de joc denumita transport pe acest traseu,negativ
12,facebook,https://www.facebook.com/ctpiasi?locale=ro_RO,,2025-07-14T19:30:54.000Z,o companie de rahat cu o conducere de rahat.Schimbati toti sau salariul minim pe economie.,organizare,negativ,o companie de rahat cu o conducere de rahat,negativ
13,facebook,https://www.facebook.com/ctpiasi?locale=ro_RO,,2025-07-01T13:03:56.000Z,"Mizerabil!!! Tramvaie fără AC, setezi să-ți iei bilet, ei îți iau bani în plus de pe card! 
Șoferii zici că sunt la curse!!🤢🤢🤢",confort_termic,negativ,Tramvaie fără AC,negativ
13,facebook,https://www.facebook.com/ctpiasi?locale=ro_RO,,2025-07-01T13:03:56.000Z,"Mizerabil!!! Tramvaie fără AC, setezi să-ți iei bilet, ei îți iau bani în plus de pe card! 
Șoferii zici că sunt la curse!!🤢🤢🤢",validare_bilete,negativ,"setezi să-ți iei bilet, ei îți iau bani în plus de pe card",negativ
13,facebook,https://www.facebook.com/ctpiasi?locale=ro_RO,,2025-07-01T13:03:56.000Z,"Mizerabil!!! Tramvaie fără AC, setezi să-ți iei bilet, ei îți iau bani în plus de pe card! 
Șoferii zici că sunt la curse!!🤢🤢🤢",soferi_vatmani,negativ,Șoferii zici că sunt la curse,negativ
14,facebook,https://www.facebook.com/ctpiasi?locale=ro_RO,,2025-06-29T15:16:36.000Z,"Nerespectarea orarului de circulație.  În data de 29.06.2025, autobuzul de pe traseul 902 cu plecare la ora 16.45 din Canta nu a circulat Eram 5 persoane care aveam  bilete de 9 lei cumpărate.",punctualitate,negativ,autobuzul de pe traseul 902 cu plecare la ora 16.45 din Canta nu a circulat,negativ
14,facebook,https://www.facebook.com/ctpiasi?locale=ro_RO,,2025-06-29T15:16:36.000Z,"Nerespectarea orarului de circulație.  În data de 29.06.2025, autobuzul de pe traseul 902 cu plecare la ora 16.45 din Canta nu a circulat Eram 5 persoane care aveam  bilete de 9 lei cumpărate.",organizare,negativ,Nerespectarea orarului de circulație,negativ
15,facebook,https://www.facebook.com/ctpiasi?locale=ro_RO,,2025-06-11T15:36:15.000Z,Lipsa de respect față de cetățeni,relatii_clienti,negativ,Lipsa de respect față de cetățeni,negativ
16,facebook,https://www.facebook.com/ctpiasi?locale=ro_RO,,2025-05-15T04:19:12.000Z,O companie de transport public foarte ingrizitoare de Anticele tramvaie și șoferi de treaba când vine vorba de spotting,stare_vehicule,negativ,Anticele tramvaie,neutru
16,facebook,https://www.facebook.com/ctpiasi?locale=ro_RO,,2025-05-15T04:19:12.000Z,O companie de transport public foarte ingrizitoare de Anticele tramvaie și șoferi de treaba când vine vorba de spotting,soferi_vatmani,pozitiv,șoferi de treaba când vine vorba de spotting,neutru
17,facebook,https://www.facebook.com/ctpiasi?locale=ro_RO,,2025-04-16T15:56:22.000Z,"Cea mai proasta companie de transport in comun, stam cate 20 de minute in statii si pe langa asta mai vin si tramvaie sau autobuze defecte si mai vreti ca cetatenii orasului sa circule in numar cat mai mare in asa conditii",frecventa,negativ,stam cate 20 de minute in statii,negativ
17,facebook,https://www.facebook.com/ctpiasi?locale=ro_RO,,2025-04-16T15:56:22.000Z,"Cea mai proasta companie de transport in comun, stam cate 20 de minute in statii si pe langa asta mai vin si tramvaie sau autobuze defecte si mai vreti ca cetatenii orasului sa circule in numar cat mai mare in asa conditii",stare_vehicule,negativ,mai vin si tramvaie sau autobuze defecte,negativ
18,facebook,https://www.facebook.com/ctpiasi?locale=ro_RO,,2025-03-11T15:09:31.000Z,cea mai proasta firma de transport. cresc preturile și se sta cate 15 20 min sa vina autobuzul/tramvaiul. foarte prost se circula mai ales pe rutele cele mai frecventate!,pret,negativ,cresc preturile,negativ
18,facebook,https://www.facebook.com/ctpiasi?locale=ro_RO,,2025-03-11T15:09:31.000Z,cea mai proasta firma de transport. cresc preturile și se sta cate 15 20 min sa vina autobuzul/tramvaiul. foarte prost se circula mai ales pe rutele cele mai frecventate!,frecventa,negativ,se sta cate 15 20 min sa vina autobuzul/tramvaiul,negativ
18,facebook,https://www.facebook.com/ctpiasi?locale=ro_RO,,2025-03-11T15:09:31.000Z,cea mai proasta firma de transport. cresc preturile și se sta cate 15 20 min sa vina autobuzul/tramvaiul. foarte prost se circula mai ales pe rutele cele mai frecventate!,acoperire_rute,negativ,foarte prost se circula mai ales pe rutele cele mai frecventate,negativ
19,facebook,https://www.facebook.com/ctpiasi?locale=ro_RO,,2025-03-05T09:56:13.000Z,"⚠️ Atenție la abuzurile controlorilor din transportul public Iași!

În ultima perioadă, tot mai mulți călători semnalează comportamente abuzive ale controlorilor din cadrul companiei de transport public din Iași. Aceste abuzuri includ agresiuni verbale și fizice, lipsa însemnelor de identificare și practici ilegale în timpul controalelor. Este important să vă cunoașteți drepturile și să știți cum să reacționați într-o astfel de situație.

Ce trebuie să știți despre drepturile voastre:

1. Controlorii NU au dreptul să vă oblige să vă legitimați și nu pot reține actele dumneavoastră de identitate. Singurele autorități care pot legitima o persoană sunt poliția și jandarmeria. Controlorii pot solicita intervenția poliției, dar nu vă pot obliga să le oferiți actele.

2. Controlorii NU au voie să vă dea jos cu forța din mijlocul de transport, să vă bruscheze sau să vă rețină bunurile personale. Dacă vă confruntați cu un astfel de comportament, sunați imediat la 112 și solicitați intervenția poliției.

3. Controlorii sunt obligați să se legitimeze, prezentând o legitimație vizibilă. Dacă refuză să facă acest lucru, este un indiciu clar al unui posibil abuz.

4. Nu pot să vă rețină împotriva voinței voastre mai mult de câteva minute. Dacă sunteți ținuți forțat într-un vehicul sau în stație pentru o perioadă îndelungată, acest lucru poate fi considerat privare de libertate, faptă care se pedepsește conform Codului Penal (art. 189) cu închisoare de la 3 la 10 ani.

Ce puteți face dacă sunteți victima unui abuz:

Apelați poliția la 112 și solicitați ajutor.

Solicitați ajutorul martorilor pentru a avea susținere în cazul unei plângeri.

Filmați sau înregistrați incidentul dacă este posibil, pentru a avea dovezi.

Depuneți o plângere oficială la poliție și la compania de transport public.

Compania de Transport Public Iasi 
❌ Semnal de alarmă pentru Compania de Transport Public Iași

Solicităm conducerii Companiei de Transport Public Iași să ia măsuri urgente pentru a preveni astfel de abuzuri și pentru a asigura respectarea drepturilor călătorilor. Controlorii trebuie să fie instruiți să își desfășoare activitatea legal și civilizat, fără a intimida sau agresa călătorii.

Drepturile călătorilor trebuie respectate, iar orice abatere trebuie sancționată ferm. Dacă ați fost victima unui abuz, nu ezitați să semnalați cazul autorităților și să vă faceți vocea auzită.",controlori,negativ,"comportamente abuzive ale controlorilor, agresiuni verbale și fizice, lipsa însemnelor de identificare și practici ilegale în timpul controalelor",negativ
19,facebook,https://www.facebook.com/ctpiasi?locale=ro_RO,,2025-03-05T09:56:13.000Z,"⚠️ Atenție la abuzurile controlorilor din transportul public Iași!

În ultima perioadă, tot mai mulți călători semnalează comportamente abuzive ale controlorilor din cadrul companiei de transport public din Iași. Aceste abuzuri includ agresiuni verbale și fizice, lipsa însemnelor de identificare și practici ilegale în timpul controalelor. Este important să vă cunoașteți drepturile și să știți cum să reacționați într-o astfel de situație.

Ce trebuie să știți despre drepturile voastre:

1. Controlorii NU au dreptul să vă oblige să vă legitimați și nu pot reține actele dumneavoastră de identitate. Singurele autorități care pot legitima o persoană sunt poliția și jandarmeria. Controlorii pot solicita intervenția poliției, dar nu vă pot obliga să le oferiți actele.

2. Controlorii NU au voie să vă dea jos cu forța din mijlocul de transport, să vă bruscheze sau să vă rețină bunurile personale. Dacă vă confruntați cu un astfel de comportament, sunați imediat la 112 și solicitați intervenția poliției.

3. Controlorii sunt obligați să se legitimeze, prezentând o legitimație vizibilă. Dacă refuză să facă acest lucru, este un indiciu clar al unui posibil abuz.

4. Nu pot să vă rețină împotriva voinței voastre mai mult de câteva minute. Dacă sunteți ținuți forțat într-un vehicul sau în stație pentru o perioadă îndelungată, acest lucru poate fi considerat privare de libertate, faptă care se pedepsește conform Codului Penal (art. 189) cu închisoare de la 3 la 10 ani.

Ce puteți face dacă sunteți victima unui abuz:

Apelați poliția la 112 și solicitați ajutor.

Solicitați ajutorul martorilor pentru a avea susținere în cazul unei plângeri.

Filmați sau înregistrați incidentul dacă este posibil, pentru a avea dovezi.

Depuneți o plângere oficială la poliție și la compania de transport public.

Compania de Transport Public Iasi 
❌ Semnal de alarmă pentru Compania de Transport Public Iași

Solicităm conducerii Companiei de Transport Public Iași să ia măsuri urgente pentru a preveni astfel de abuzuri și pentru a asigura respectarea drepturilor călătorilor. Controlorii trebuie să fie instruiți să își desfășoare activitatea legal și civilizat, fără a intimida sau agresa călătorii.

Drepturile călătorilor trebuie respectate, iar orice abatere trebuie sancționată ferm. Dacă ați fost victima unui abuz, nu ezitați să semnalați cazul autorităților și să vă faceți vocea auzită.",siguranta,negativ,"agresiuni verbale și fizice, nu vă pot obliga să le oferiți actele, nu au voie să vă dea jos cu forța",negativ
20,facebook,https://www.facebook.com/ctpiasi?locale=ro_RO,,2025-03-04T10:32:41.000Z,Controlorii de pe traseul 502 ora 11:16 din 4 martie agresivi si abuzatori cu femeile,controlori,negativ,Controlorii de pe traseul 502 agresivi si abuzatori cu femeile,negativ
21,facebook,https://www.facebook.com/ctpiasi?locale=ro_RO,,2025-03-01T07:07:59.000Z,absolut nimic mai bine mergi pe jos ajungi înaintea autobuzului la ciurea,punctualitate,negativ,mai bine mergi pe jos ajungi înaintea autobuzului la ciurea,negativ
22,facebook,https://www.facebook.com/ctpiasi?locale=ro_RO,,2025-02-27T19:19:16.000Z,"scumpiri ale prețurilor fără sens, lipsa de transport in comun suficient de bun încât sa nu existe aglomerație/așteptat cate o ora pana sa vină ceva.
sunt niste oameni bolnavi la cap care nu sunt capabili să-și mențină propria firmă și se așteaptă ca studenții și oamenii care lucrează sa o întrețină (bătrânii au gratuit deci eu nu au ce spune)",pret,negativ,scumpiri ale prețurilor fără sens,negativ
22,facebook,https://www.facebook.com/ctpiasi?locale=ro_RO,,2025-02-27T19:19:16.000Z,"scumpiri ale prețurilor fără sens, lipsa de transport in comun suficient de bun încât sa nu existe aglomerație/așteptat cate o ora pana sa vină ceva.
sunt niste oameni bolnavi la cap care nu sunt capabili să-și mențină propria firmă și se așteaptă ca studenții și oamenii care lucrează sa o întrețină (bătrânii au gratuit deci eu nu au ce spune)",aglomeratie,negativ,lipsa de transport in comun suficient de bun încât sa nu existe aglomerație,negativ
22,facebook,https://www.facebook.com/ctpiasi?locale=ro_RO,,2025-02-27T19:19:16.000Z,"scumpiri ale prețurilor fără sens, lipsa de transport in comun suficient de bun încât sa nu existe aglomerație/așteptat cate o ora pana sa vină ceva.
sunt niste oameni bolnavi la cap care nu sunt capabili să-și mențină propria firmă și se așteaptă ca studenții și oamenii care lucrează sa o întrețină (bătrânii au gratuit deci eu nu au ce spune)",frecventa,negativ,așteptat cate o ora pana sa vină ceva,negativ
23,facebook,https://www.facebook.com/ctpiasi?locale=ro_RO,,2025-02-27T18:42:52.000Z,"Pentru biletul de 7/9 lei si abonametul de 320 lei.
   Sa va asteptati la petitii peste petitii, greve si oameni fara bilet sau autobuze si tramvaie GOALE, sunteti niste neo nazi$ti (ca asa va purtati) fara scrupule, cum rahat sa faceti un bilet amarat pentru transport in comun sa coste cat 3 paini ? Si abonametul sa fie de 1.8-2.2x mai scump decat o bursa/alocatie, sunteti tampiti ? (era o intrebare retorica) Si mai si platim atata pentru ce ? Un autobuz/tramvai plin de zici ca i o cutie de sardine, fara AC si cu suspensiile facute din beton, de ne dardaie si sufletu in noi cand da peste cea mai mica denivelare/pietricica, in care mai si lasati sa urce toti boschetarii si cersatorii (dintre care multi is pedo si/sau agresivi) si pot sa adaug la nesfarait neregularitati despre mijloacele astea de transport. Literally sunteti niste ""noi ciocoi"" batuti in cap si o sa primiti exact ce meritati.",pret,negativ,"cum rahat sa faceti un bilet amarat pentru transport in comun sa coste cat 3 paini, abonametul sa fie de 1.8-2.2x mai scump decat o bursa/alocatie",negativ
23,facebook,https://www.facebook.com/ctpiasi?locale=ro_RO,,2025-02-27T18:42:52.000Z,"Pentru biletul de 7/9 lei si abonametul de 320 lei.
   Sa va asteptati la petitii peste petitii, greve si oameni fara bilet sau autobuze si tramvaie GOALE, sunteti niste neo nazi$ti (ca asa va purtati) fara scrupule, cum rahat sa faceti un bilet amarat pentru transport in comun sa coste cat 3 paini ? Si abonametul sa fie de 1.8-2.2x mai scump decat o bursa/alocatie, sunteti tampiti ? (era o intrebare retorica) Si mai si platim atata pentru ce ? Un autobuz/tramvai plin de zici ca i o cutie de sardine, fara AC si cu suspensiile facute din beton, de ne dardaie si sufletu in noi cand da peste cea mai mica denivelare/pietricica, in care mai si lasati sa urce toti boschetarii si cersatorii (dintre care multi is pedo si/sau agresivi) si pot sa adaug la nesfarait neregularitati despre mijloacele astea de transport. Literally sunteti niste ""noi ciocoi"" batuti in cap si o sa primiti exact ce meritati.",aglomeratie,negativ,un autobuz/tramvai plin de zici ca i o cutie de sardine,negativ
23,facebook,https://www.facebook.com/ctpiasi?locale=ro_RO,,2025-02-27T18:42:52.000Z,"Pentru biletul de 7/9 lei si abonametul de 320 lei.
   Sa va asteptati la petitii peste petitii, greve si oameni fara bilet sau autobuze si tramvaie GOALE, sunteti niste neo nazi$ti (ca asa va purtati) fara scrupule, cum rahat sa faceti un bilet amarat pentru transport in comun sa coste cat 3 paini ? Si abonametul sa fie de 1.8-2.2x mai scump decat o bursa/alocatie, sunteti tampiti ? (era o intrebare retorica) Si mai si platim atata pentru ce ? Un autobuz/tramvai plin de zici ca i o cutie de sardine, fara AC si cu suspensiile facute din beton, de ne dardaie si sufletu in noi cand da peste cea mai mica denivelare/pietricica, in care mai si lasati sa urce toti boschetarii si cersatorii (dintre care multi is pedo si/sau agresivi) si pot sa adaug la nesfarait neregularitati despre mijloacele astea de transport. Literally sunteti niste ""noi ciocoi"" batuti in cap si o sa primiti exact ce meritati.",confort_termic,negativ,fara AC,negativ
23,facebook,https://www.facebook.com/ctpiasi?locale=ro_RO,,2025-02-27T18:42:52.000Z,"Pentru biletul de 7/9 lei si abonametul de 320 lei.
   Sa va asteptati la petitii peste petitii, greve si oameni fara bilet sau autobuze si tramvaie GOALE, sunteti niste neo nazi$ti (ca asa va purtati) fara scrupule, cum rahat sa faceti un bilet amarat pentru transport in comun sa coste cat 3 paini ? Si abonametul sa fie de 1.8-2.2x mai scump decat o bursa/alocatie, sunteti tampiti ? (era o intrebare retorica) Si mai si platim atata pentru ce ? Un autobuz/tramvai plin de zici ca i o cutie de sardine, fara AC si cu suspensiile facute din beton, de ne dardaie si sufletu in noi cand da peste cea mai mica denivelare/pietricica, in care mai si lasati sa urce toti boschetarii si cersatorii (dintre care multi is pedo si/sau agresivi) si pot sa adaug la nesfarait neregularitati despre mijloacele astea de transport. Literally sunteti niste ""noi ciocoi"" batuti in cap si o sa primiti exact ce meritati.",stare_vehicule,negativ,"suspensiile facute din beton, de ne dardaie si sufletu in noi cand da peste cea mai mica denivelare",negativ
23,facebook,https://www.facebook.com/ctpiasi?locale=ro_RO,,2025-02-27T18:42:52.000Z,"Pentru biletul de 7/9 lei si abonametul de 320 lei.
   Sa va asteptati la petitii peste petitii, greve si oameni fara bilet sau autobuze si tramvaie GOALE, sunteti niste neo nazi$ti (ca asa va purtati) fara scrupule, cum rahat sa faceti un bilet amarat pentru transport in comun sa coste cat 3 paini ? Si abonametul sa fie de 1.8-2.2x mai scump decat o bursa/alocatie, sunteti tampiti ? (era o intrebare retorica) Si mai si platim atata pentru ce ? Un autobuz/tramvai plin de zici ca i o cutie de sardine, fara AC si cu suspensiile facute din beton, de ne dardaie si sufletu in noi cand da peste cea mai mica denivelare/pietricica, in care mai si lasati sa urce toti boschetarii si cersatorii (dintre care multi is pedo si/sau agresivi) si pot sa adaug la nesfarait neregularitati despre mijloacele astea de transport. Literally sunteti niste ""noi ciocoi"" batuti in cap si o sa primiti exact ce meritati.",siguranta,negativ,lasati sa urce toti boschetarii si cersatorii (dintre care multi is pedo si/sau agresivi),negativ
24,facebook,https://www.facebook.com/ctpiasi?locale=ro_RO,,2025-02-25T10:43:50.000Z,"Se încurajează utilizarea mijloacelor de transport în comun, însă aștepți 10 minute să sosească un tramvai într-un minut. Nu ajungi nicăieri la timp. Biletele nu își merită scumpirile.",frecventa,negativ,aștepți 10 minute să sosească un tramvai într-un minut,negativ
24,facebook,https://www.facebook.com/ctpiasi?locale=ro_RO,,2025-02-25T10:43:50.000Z,"Se încurajează utilizarea mijloacelor de transport în comun, însă aștepți 10 minute să sosească un tramvai într-un minut. Nu ajungi nicăieri la timp. Biletele nu își merită scumpirile.",punctualitate,negativ,Nu ajungi nicăieri la timp,negativ
24,facebook,https://www.facebook.com/ctpiasi?locale=ro_RO,,2025-02-25T10:43:50.000Z,"Se încurajează utilizarea mijloacelor de transport în comun, însă aștepți 10 minute să sosească un tramvai într-un minut. Nu ajungi nicăieri la timp. Biletele nu își merită scumpirile.",pret,negativ,Biletele nu își merită scumpirile,negativ
25,facebook,https://www.facebook.com/ctpiasi?locale=ro_RO,,2025-02-10T10:51:56.000Z,"Tramvaie insuficiente pe ruta lui 5 sau 11!  Nu e normal sa ai mai mult de 20 de minute de când aștepți, clepsidra de pe indicatorul electric nu arata de 20 de minute nici un timp. Scumpiti biletele dar nu oferiți nimic. Nici măcar un transport decent pe anumite rute. Nu toți iesenii locuiesc în Copou!",frecventa,negativ,Tramvaie insuficiente pe ruta lui 5 sau 11! Nu e normal sa ai mai mult de 20 de minute de când aștepți,negativ
25,facebook,https://www.facebook.com/ctpiasi?locale=ro_RO,,2025-02-10T10:51:56.000Z,"Tramvaie insuficiente pe ruta lui 5 sau 11!  Nu e normal sa ai mai mult de 20 de minute de când aștepți, clepsidra de pe indicatorul electric nu arata de 20 de minute nici un timp. Scumpiti biletele dar nu oferiți nimic. Nici măcar un transport decent pe anumite rute. Nu toți iesenii locuiesc în Copou!",pret,negativ,Scumpiti biletele dar nu oferiți nimic,negativ
25,facebook,https://www.facebook.com/ctpiasi?locale=ro_RO,,2025-02-10T10:51:56.000Z,"Tramvaie insuficiente pe ruta lui 5 sau 11!  Nu e normal sa ai mai mult de 20 de minute de când aștepți, clepsidra de pe indicatorul electric nu arata de 20 de minute nici un timp. Scumpiti biletele dar nu oferiți nimic. Nici măcar un transport decent pe anumite rute. Nu toți iesenii locuiesc în Copou!",acoperire_rute,negativ,Nici un transport decent pe anumite rute. Nu toți iesenii locuiesc în Copou,negativ
26,facebook,https://www.facebook.com/ctpiasi?locale=ro_RO,,2025-02-01T13:35:29.000Z,"Lipsa crasa de respect pentru calatori! Daca suni la ei sa le aduci in vedere faptul ca stai de 30 minute in frig pentru un nenorocit de autobuz,esti luat la misto de catre o duduie care parca e pe droguri cand vorbeste cu tine.Dispret maxim,tot va laudati cu achizitiile facute insa zac defecte in depou/graj..Cea mai praf companie de transport din tara...si stiu sigur ca nimic nu are sa se schimbe vreodata.Si inca ceva...ati scumpit biletul...oare sa mai intreb de ce?",relatii_clienti,negativ,esti luat la misto de catre o duduie care parca e pe droguri cand vorbeste cu tine,negativ
26,facebook,https://www.facebook.com/ctpiasi?locale=ro_RO,,2025-02-01T13:35:29.000Z,"Lipsa crasa de respect pentru calatori! Daca suni la ei sa le aduci in vedere faptul ca stai de 30 minute in frig pentru un nenorocit de autobuz,esti luat la misto de catre o duduie care parca e pe droguri cand vorbeste cu tine.Dispret maxim,tot va laudati cu achizitiile facute insa zac defecte in depou/graj..Cea mai praf companie de transport din tara...si stiu sigur ca nimic nu are sa se schimbe vreodata.Si inca ceva...ati scumpit biletul...oare sa mai intreb de ce?",frecventa,negativ,stai de 30 minute in frig pentru un nenorocit de autobuz,negativ
26,facebook,https://www.facebook.com/ctpiasi?locale=ro_RO,,2025-02-01T13:35:29.000Z,"Lipsa crasa de respect pentru calatori! Daca suni la ei sa le aduci in vedere faptul ca stai de 30 minute in frig pentru un nenorocit de autobuz,esti luat la misto de catre o duduie care parca e pe droguri cand vorbeste cu tine.Dispret maxim,tot va laudati cu achizitiile facute insa zac defecte in depou/graj..Cea mai praf companie de transport din tara...si stiu sigur ca nimic nu are sa se schimbe vreodata.Si inca ceva...ati scumpit biletul...oare sa mai intreb de ce?",stare_vehicule,negativ,zac defecte in depou/graj,negativ
26,facebook,https://www.facebook.com/ctpiasi?locale=ro_RO,,2025-02-01T13:35:29.000Z,"Lipsa crasa de respect pentru calatori! Daca suni la ei sa le aduci in vedere faptul ca stai de 30 minute in frig pentru un nenorocit de autobuz,esti luat la misto de catre o duduie care parca e pe droguri cand vorbeste cu tine.Dispret maxim,tot va laudati cu achizitiile facute insa zac defecte in depou/graj..Cea mai praf companie de transport din tara...si stiu sigur ca nimic nu are sa se schimbe vreodata.Si inca ceva...ati scumpit biletul...oare sa mai intreb de ce?",pret,negativ,ati scumpit biletul,negativ
27,facebook,https://www.facebook.com/ctpiasi?locale=ro_RO,,2025-01-26T15:17:52.000Z,controlorii fac foarte mare abuz și sunt foarte agresivi( nu recomand),controlori,negativ,controlorii fac foarte mare abuz și sunt foarte agresivi,negativ
28,facebook,https://www.facebook.com/ctpiasi?locale=ro_RO,,2024-12-13T16:09:23.000Z,"Beneficiez de serviciile dvs de 4 ani, ""ireproșabil"" bine din prima zi și pana astăzi. O experienta "" plăcută "" de stat în frig, ploaie sau caniculă pana vine un tramvai sau autobuz (defect deseori). Mai aveți și pretenții la bani și dați amenzi la cei care nu au bilet din varii motive (deseori din cauza dvs ca nu aveți mentenanță pe vehicule). Semnat un beneficiar "" mulțumit "" de mijlocul de transport în comun",confort_termic,negativ,"O experienta plăcută de stat în frig, ploaie sau caniculă pana vine un tramvai sau autobuz",negativ
28,facebook,https://www.facebook.com/ctpiasi?locale=ro_RO,,2024-12-13T16:09:23.000Z,"Beneficiez de serviciile dvs de 4 ani, ""ireproșabil"" bine din prima zi și pana astăzi. O experienta "" plăcută "" de stat în frig, ploaie sau caniculă pana vine un tramvai sau autobuz (defect deseori). Mai aveți și pretenții la bani și dați amenzi la cei care nu au bilet din varii motive (deseori din cauza dvs ca nu aveți mentenanță pe vehicule). Semnat un beneficiar "" mulțumit "" de mijlocul de transport în comun",stare_vehicule,negativ,defect deseori,negativ
28,facebook,https://www.facebook.com/ctpiasi?locale=ro_RO,,2024-12-13T16:09:23.000Z,"Beneficiez de serviciile dvs de 4 ani, ""ireproșabil"" bine din prima zi și pana astăzi. O experienta "" plăcută "" de stat în frig, ploaie sau caniculă pana vine un tramvai sau autobuz (defect deseori). Mai aveți și pretenții la bani și dați amenzi la cei care nu au bilet din varii motive (deseori din cauza dvs ca nu aveți mentenanță pe vehicule). Semnat un beneficiar "" mulțumit "" de mijlocul de transport în comun",pret,negativ,Mai aveți și pretenții la bani și dați amenzi,negativ
28,facebook,https://www.facebook.com/ctpiasi?locale=ro_RO,,2024-12-13T16:09:23.000Z,"Beneficiez de serviciile dvs de 4 ani, ""ireproșabil"" bine din prima zi și pana astăzi. O experienta "" plăcută "" de stat în frig, ploaie sau caniculă pana vine un tramvai sau autobuz (defect deseori). Mai aveți și pretenții la bani și dați amenzi la cei care nu au bilet din varii motive (deseori din cauza dvs ca nu aveți mentenanță pe vehicule). Semnat un beneficiar "" mulțumit "" de mijlocul de transport în comun",controlori,negativ,dați amenzi la cei care nu au bilet din varii motive (deseori din cauza dvs ca nu aveți mentenanță pe vehicule),negativ
29,facebook,https://www.facebook.com/ctpiasi?locale=ro_RO,,2024-09-22T15:59:45.000Z,"Halal personal de la telverde,,sun sa aduc la cunoștință că din cauza unor probleme  la aparatele  roșii  nu voi putea achiziționa bilete ,dar în același timp trebuie să iau din statia respectiva tramvai ...pt a nu mă trezi că iau amenda ...pe lângă faptul că ""doamna "" a tipat efectiv la mine ,îmi ținea teorie Intr-una că se poate plati și în tramvai cu cardul,in contextul in care i am spus doamnei că nu pot plati decât cash,neavând bani pe card . A avut o atitudine care lasă de dorit ,de la începutul apelului până la sfârșit. Ați face bine să angajați personal capabili pentru lucrul cu oamenii!",validare_bilete,negativ,din cauza unor probleme la aparatele roșii nu voi putea achiziționa bilete,negativ
29,facebook,https://www.facebook.com/ctpiasi?locale=ro_RO,,2024-09-22T15:59:45.000Z,"Halal personal de la telverde,,sun sa aduc la cunoștință că din cauza unor probleme  la aparatele  roșii  nu voi putea achiziționa bilete ,dar în același timp trebuie să iau din statia respectiva tramvai ...pt a nu mă trezi că iau amenda ...pe lângă faptul că ""doamna "" a tipat efectiv la mine ,îmi ținea teorie Intr-una că se poate plati și în tramvai cu cardul,in contextul in care i am spus doamnei că nu pot plati decât cash,neavând bani pe card . A avut o atitudine care lasă de dorit ,de la începutul apelului până la sfârșit. Ați face bine să angajați personal capabili pentru lucrul cu oamenii!",relatii_clienti,negativ,"doamna a tipat efectiv la mine, îmi ținea teorie Intr-una, A avut o atitudine care lasă de dorit de la începutul apelului până la sfârșit",negativ
30,facebook,https://www.facebook.com/ctpiasi?locale=ro_RO,,2024-09-10T16:51:02.000Z,Aparate care nu eliberează chitanța. frecvent in tigaie ori nu functioneaza ori nu au hartie si e blocată un serviciu de toată mila .Doamnele din call center deranjate de apel si depasite.,validare_bilete,negativ,"Aparate care nu eliberează chitanța, frecvent in tigaie ori nu functioneaza ori nu au hartie si e blocată",negativ
30,facebook,https://www.facebook.com/ctpiasi?locale=ro_RO,,2024-09-10T16:51:02.000Z,Aparate care nu eliberează chitanța. frecvent in tigaie ori nu functioneaza ori nu au hartie si e blocată un serviciu de toată mila .Doamnele din call center deranjate de apel si depasite.,relatii_clienti,negativ,Doamnele din call center deranjate de apel si depasite,negativ
31,facebook,https://www.facebook.com/ctpiasi?locale=ro_RO,,2024-06-23T13:42:59.000Z,"Recomand compania de transport ,NU recomand vatmanul care fac reguli după cum vor la rond 11 am fost coborâtă ca să merg 2 metrii în stație să urc din nou,pe motiv că se face curățenie în tramvai.Nu a făcut nimeni curat!!!",soferi_vatmani,negativ,"vatmanul care fac reguli după cum vor, am fost coborâtă ca să merg 2 metrii în stație să urc din nou, pe motiv că se face curățenie în tramvai. Nu a făcut nimeni curat",negativ
32,facebook,https://www.facebook.com/ctpiasi?locale=ro_RO,,2024-06-08T12:41:36.000Z,"Aveti idee de ce autobuzele CTP, in loc sa transporte calatori, cara saci cu buletine de vot? Sambata, ora 15.20, b-dul Poitiers era plin de autobuze care carau saci cu buletine de vot.",organizare,negativ,"autobuzele CTP, in loc sa transporte calatori, cara saci cu buletine de vot",negativ
33,facebook,https://www.facebook.com/ctpiasi?locale=ro_RO,,2024-05-19T11:29:47.000Z,"Nu recomand. Stau mai mult de jumătate de oră în weekend ca să vină un autobuz și mai cereți si 110 lei abonamentul. Ori luați măsuri în privința condițiilor, ori aduceți prețurile la nivelul la care sunt deja condițiile.",frecventa,negativ,Stau mai mult de jumătate de oră în weekend ca să vină un autobuz,negativ
33,facebook,https://www.facebook.com/ctpiasi?locale=ro_RO,,2024-05-19T11:29:47.000Z,"Nu recomand. Stau mai mult de jumătate de oră în weekend ca să vină un autobuz și mai cereți si 110 lei abonamentul. Ori luați măsuri în privința condițiilor, ori aduceți prețurile la nivelul la care sunt deja condițiile.",pret,negativ,"mai cereți si 110 lei abonamentul. Ori luați măsuri în privința condițiilor, ori aduceți prețurile la nivelul la care sunt deja condițiile",negativ
34,facebook,https://www.facebook.com/ctpiasi?locale=ro_RO,,2024-03-12T07:46:17.000Z,cel mai slab din Romania,organizare,negativ,cel mai slab din Romania,negativ
35,facebook,https://www.facebook.com/ctpiasi?locale=ro_RO,,2024-01-09T14:50:13.000Z,"bilet scump,timpul de asteptare este mare ,conditii mizere",pret,negativ,bilet scump,negativ
35,facebook,https://www.facebook.com/ctpiasi?locale=ro_RO,,2024-01-09T14:50:13.000Z,"bilet scump,timpul de asteptare este mare ,conditii mizere",frecventa,negativ,timpul de asteptare este mare,negativ
35,facebook,https://www.facebook.com/ctpiasi?locale=ro_RO,,2024-01-09T14:50:13.000Z,"bilet scump,timpul de asteptare este mare ,conditii mizere",curatenie,negativ,conditii mizere,negativ
36,facebook,https://www.facebook.com/ctpiasi?locale=ro_RO,,2024-01-08T18:19:30.000Z,sunteți niște nesimțiți de la cel care spala podeaua până la burduhosul din biroul ctp.dupa mine v-as trage in țeapă pe toți.sa aveți un an frumos așa cum stam noi prin stații iarna.,relatii_clienti,negativ,sunteți niște nesimțiți de la cel care spala podeaua până la burduhosul din biroul ctp,negativ
36,facebook,https://www.facebook.com/ctpiasi?locale=ro_RO,,2024-01-08T18:19:30.000Z,sunteți niște nesimțiți de la cel care spala podeaua până la burduhosul din biroul ctp.dupa mine v-as trage in țeapă pe toți.sa aveți un an frumos așa cum stam noi prin stații iarna.,infrastructura_statii,negativ,sa aveți un an frumos așa cum stam noi prin stații iarna,negativ
37,facebook,https://www.facebook.com/ctpiasi?locale=ro_RO,,2023-10-05T13:21:19.000Z,"Tarife scumpe.  
Călătorii stau comprimati la orele de vârf.  Efectiv nu este aer .
Vara  nu funcționează aerul condiționat sau nu au voie sa îl folosească. 
Majoritatea șoferilor sunt nesimțiți.",pret,negativ,Tarife scumpe,negativ
37,facebook,https://www.facebook.com/ctpiasi?locale=ro_RO,,2023-10-05T13:21:19.000Z,"Tarife scumpe.  
Călătorii stau comprimati la orele de vârf.  Efectiv nu este aer .
Vara  nu funcționează aerul condiționat sau nu au voie sa îl folosească. 
Majoritatea șoferilor sunt nesimțiți.",aglomeratie,negativ,Călătorii stau comprimati la orele de vârf. Efectiv nu este aer,negativ
37,facebook,https://www.facebook.com/ctpiasi?locale=ro_RO,,2023-10-05T13:21:19.000Z,"Tarife scumpe.  
Călătorii stau comprimati la orele de vârf.  Efectiv nu este aer .
Vara  nu funcționează aerul condiționat sau nu au voie sa îl folosească. 
Majoritatea șoferilor sunt nesimțiți.",confort_termic,negativ,Vara nu funcționează aerul condiționat sau nu au voie sa îl folosească,negativ
37,facebook,https://www.facebook.com/ctpiasi?locale=ro_RO,,2023-10-05T13:21:19.000Z,"Tarife scumpe.  
Călătorii stau comprimati la orele de vârf.  Efectiv nu este aer .
Vara  nu funcționează aerul condiționat sau nu au voie sa îl folosească. 
Majoritatea șoferilor sunt nesimțiți.",soferi_vatmani,negativ,Majoritatea șoferilor sunt nesimțiți,negativ
38,facebook,https://www.facebook.com/ctpiasi?locale=ro_RO,,2023-09-01T08:16:43.000Z,"NU RECOMAND CTP DIN SIMPLUL FAPT CA SUNT NISTE MINCINOSI, AROGANTI SI NEPASATORI! 

AUTOBUZE SI TRAMVAIE NOI SUNT DOAR PE TRASEE SCURTE SI CENTRALE!

NU RESPECTA ORARUL!

NU SUNT DOTATE AUTOBUZELE DE PE CELE MAI LUNGI TRASEE CU AC, EVENTUAL BONUS CALATORIM CU CONSERVELE GALBENE CARE NICI MACAR NU AU GEAMURI CARE POT FI DESCHISE, IAR DACA AU SUNT PRINSE IN SURUBURI!

TONOMATE DE BILETE STRICATE SAU FARA HARTIE!

SA CONTINUI?",punctualitate,negativ,NU RESPECTA ORARUL,negativ
38,facebook,https://www.facebook.com/ctpiasi?locale=ro_RO,,2023-09-01T08:16:43.000Z,"NU RECOMAND CTP DIN SIMPLUL FAPT CA SUNT NISTE MINCINOSI, AROGANTI SI NEPASATORI! 

AUTOBUZE SI TRAMVAIE NOI SUNT DOAR PE TRASEE SCURTE SI CENTRALE!

NU RESPECTA ORARUL!

NU SUNT DOTATE AUTOBUZELE DE PE CELE MAI LUNGI TRASEE CU AC, EVENTUAL BONUS CALATORIM CU CONSERVELE GALBENE CARE NICI MACAR NU AU GEAMURI CARE POT FI DESCHISE, IAR DACA AU SUNT PRINSE IN SURUBURI!

TONOMATE DE BILETE STRICATE SAU FARA HARTIE!

SA CONTINUI?",acoperire_rute,negativ,AUTOBUZE SI TRAMVAIE NOI SUNT DOAR PE TRASEE SCURTE SI CENTRALE,negativ
38,facebook,https://www.facebook.com/ctpiasi?locale=ro_RO,,2023-09-01T08:16:43.000Z,"NU RECOMAND CTP DIN SIMPLUL FAPT CA SUNT NISTE MINCINOSI, AROGANTI SI NEPASATORI! 

AUTOBUZE SI TRAMVAIE NOI SUNT DOAR PE TRASEE SCURTE SI CENTRALE!

NU RESPECTA ORARUL!

NU SUNT DOTATE AUTOBUZELE DE PE CELE MAI LUNGI TRASEE CU AC, EVENTUAL BONUS CALATORIM CU CONSERVELE GALBENE CARE NICI MACAR NU AU GEAMURI CARE POT FI DESCHISE, IAR DACA AU SUNT PRINSE IN SURUBURI!

TONOMATE DE BILETE STRICATE SAU FARA HARTIE!

SA CONTINUI?",confort_termic,negativ,"NU SUNT DOTATE AUTOBUZELE DE PE CELE MAI LUNGI TRASEE CU AC, EVENTUAL BONUS CALATORIM CU CONSERVELE GALBENE CARE NICI MACAR NU AU GEAMURI CARE POT FI DESCHISE",negativ
38,facebook,https://www.facebook.com/ctpiasi?locale=ro_RO,,2023-09-01T08:16:43.000Z,"NU RECOMAND CTP DIN SIMPLUL FAPT CA SUNT NISTE MINCINOSI, AROGANTI SI NEPASATORI! 

AUTOBUZE SI TRAMVAIE NOI SUNT DOAR PE TRASEE SCURTE SI CENTRALE!

NU RESPECTA ORARUL!

NU SUNT DOTATE AUTOBUZELE DE PE CELE MAI LUNGI TRASEE CU AC, EVENTUAL BONUS CALATORIM CU CONSERVELE GALBENE CARE NICI MACAR NU AU GEAMURI CARE POT FI DESCHISE, IAR DACA AU SUNT PRINSE IN SURUBURI!

TONOMATE DE BILETE STRICATE SAU FARA HARTIE!

SA CONTINUI?",validare_bilete,negativ,TONOMATE DE BILETE STRICATE SAU FARA HARTIE,negativ
39,facebook,https://www.facebook.com/ctpiasi?locale=ro_RO,,2023-03-13T09:20:20.000Z,"După ce că nu am fost lăsată să îmi achiziționez bilet și mi s-a scris amenda în nici 2 minute de la urcarea în tramvai, după 2 zile printr-un apel telefonic mi se comunică faptul că, defapt camerele din tramvai nici nu funcționau măcar și că ""am încercat să scanez codul QR în momentul în care am văzut că vine controlorul"", când în realitate defapt, mă chinuiam să îmi deschid aplicația și după ce am constatat că aceasta nici măcar nu se deschide (atenție, că nu se deschide, nu că nu mergea să scanez),am decis să-mi achiziționez biletul cu cardul. 
Ce să zic, foarte frumos a procedat domnul, mie mi-a spus un lucru și celor de la conducere altul, și bineînțeles că, camerele fiind nefuncționale, doar n-o să creadă un călător. 
Foarte frumos din partea dvs, ați dat dovadă de foarte mult profesionalism în acest caz. 
Personal, în momentul în care fac ceva și sunt acuzată, îmi asum acel lucru, dar în momentul în care sunt acuzată pe nedrept, nu-mi pot asuma ceea ce n-am făcut. Nu e vorba de suma de bani plătită,  ci de cum stau lucrurile și cum se procedează, de faptul ca acuzați oamenii pe nedrept. Este inadmisibil acest lucru!",controlori,negativ,nu am fost lăsată să îmi achiziționez bilet și mi s-a scris amenda în nici 2 minute de la urcarea în tramvai,negativ
39,facebook,https://www.facebook.com/ctpiasi?locale=ro_RO,,2023-03-13T09:20:20.000Z,"După ce că nu am fost lăsată să îmi achiziționez bilet și mi s-a scris amenda în nici 2 minute de la urcarea în tramvai, după 2 zile printr-un apel telefonic mi se comunică faptul că, defapt camerele din tramvai nici nu funcționau măcar și că ""am încercat să scanez codul QR în momentul în care am văzut că vine controlorul"", când în realitate defapt, mă chinuiam să îmi deschid aplicația și după ce am constatat că aceasta nici măcar nu se deschide (atenție, că nu se deschide, nu că nu mergea să scanez),am decis să-mi achiziționez biletul cu cardul. 
Ce să zic, foarte frumos a procedat domnul, mie mi-a spus un lucru și celor de la conducere altul, și bineînțeles că, camerele fiind nefuncționale, doar n-o să creadă un călător. 
Foarte frumos din partea dvs, ați dat dovadă de foarte mult profesionalism în acest caz. 
Personal, în momentul în care fac ceva și sunt acuzată, îmi asum acel lucru, dar în momentul în care sunt acuzată pe nedrept, nu-mi pot asuma ceea ce n-am făcut. Nu e vorba de suma de bani plătită,  ci de cum stau lucrurile și cum se procedează, de faptul ca acuzați oamenii pe nedrept. Este inadmisibil acest lucru!",stare_vehicule,negativ,camerele din tramvai nici nu funcționau măcar,negativ
39,facebook,https://www.facebook.com/ctpiasi?locale=ro_RO,,2023-03-13T09:20:20.000Z,"După ce că nu am fost lăsată să îmi achiziționez bilet și mi s-a scris amenda în nici 2 minute de la urcarea în tramvai, după 2 zile printr-un apel telefonic mi se comunică faptul că, defapt camerele din tramvai nici nu funcționau măcar și că ""am încercat să scanez codul QR în momentul în care am văzut că vine controlorul"", când în realitate defapt, mă chinuiam să îmi deschid aplicația și după ce am constatat că aceasta nici măcar nu se deschide (atenție, că nu se deschide, nu că nu mergea să scanez),am decis să-mi achiziționez biletul cu cardul. 
Ce să zic, foarte frumos a procedat domnul, mie mi-a spus un lucru și celor de la conducere altul, și bineînțeles că, camerele fiind nefuncționale, doar n-o să creadă un călător. 
Foarte frumos din partea dvs, ați dat dovadă de foarte mult profesionalism în acest caz. 
Personal, în momentul în care fac ceva și sunt acuzată, îmi asum acel lucru, dar în momentul în care sunt acuzată pe nedrept, nu-mi pot asuma ceea ce n-am făcut. Nu e vorba de suma de bani plătită,  ci de cum stau lucrurile și cum se procedează, de faptul ca acuzați oamenii pe nedrept. Este inadmisibil acest lucru!",relatii_clienti,negativ,"mie mi-a spus un lucru și celor de la conducere altul, acuzați oamenii pe nedrept",negativ
40,facebook,https://www.facebook.com/ctpiasi?locale=ro_RO,,2023-01-27T06:05:48.000Z,dar am o nelămurire  cu pensionar din Iași nu mai pot circula cu autobuz 29 pina la blocuri Tomesti?,acoperire_rute,negativ,cu pensionar din Iași nu mai pot circula cu autobuz 29 pina la blocuri Tomesti,negativ
41,facebook,https://www.facebook.com/ctpiasi?locale=ro_RO,,2022-12-20T18:53:35.000Z,"compania de transport in comun incurajeaza oamenii sa sufoce orasul de vechituri de masini personale, in loc sa propuna un transport in comun eficient si punctual! adica autobuz la 10min (15 max). in momentul de fata este o bataie de joc odioasa pe banii consumatorului. statii pline de oameni la orice ora care asteapta autobuze care vin la 30-45 minute. noaptea,tabelele nu sunt sincronizare si arata gresit ca vin autobuzele, cand de fapt ele trec goale si se retrag in depou, mai devreme decat orele stabilite pe site ( dupa cum e cheful soferului, daca a fost lunga cafeluta bauta juma de ora in capat) etc..",frecventa,negativ,statii pline de oameni la orice ora care asteapta autobuze care vin la 30-45 minute,negativ
41,facebook,https://www.facebook.com/ctpiasi?locale=ro_RO,,2022-12-20T18:53:35.000Z,"compania de transport in comun incurajeaza oamenii sa sufoce orasul de vechituri de masini personale, in loc sa propuna un transport in comun eficient si punctual! adica autobuz la 10min (15 max). in momentul de fata este o bataie de joc odioasa pe banii consumatorului. statii pline de oameni la orice ora care asteapta autobuze care vin la 30-45 minute. noaptea,tabelele nu sunt sincronizare si arata gresit ca vin autobuzele, cand de fapt ele trec goale si se retrag in depou, mai devreme decat orele stabilite pe site ( dupa cum e cheful soferului, daca a fost lunga cafeluta bauta juma de ora in capat) etc..",punctualitate,negativ,autobuzele trec goale si se retrag in depou mai devreme decat orele stabilite pe site,negativ
41,facebook,https://www.facebook.com/ctpiasi?locale=ro_RO,,2022-12-20T18:53:35.000Z,"compania de transport in comun incurajeaza oamenii sa sufoce orasul de vechituri de masini personale, in loc sa propuna un transport in comun eficient si punctual! adica autobuz la 10min (15 max). in momentul de fata este o bataie de joc odioasa pe banii consumatorului. statii pline de oameni la orice ora care asteapta autobuze care vin la 30-45 minute. noaptea,tabelele nu sunt sincronizare si arata gresit ca vin autobuzele, cand de fapt ele trec goale si se retrag in depou, mai devreme decat orele stabilite pe site ( dupa cum e cheful soferului, daca a fost lunga cafeluta bauta juma de ora in capat) etc..",informare_calatori,negativ,noaptea tabelele nu sunt sincronizate si arata gresit ca vin autobuzele,negativ
41,facebook,https://www.facebook.com/ctpiasi?locale=ro_RO,,2022-12-20T18:53:35.000Z,"compania de transport in comun incurajeaza oamenii sa sufoce orasul de vechituri de masini personale, in loc sa propuna un transport in comun eficient si punctual! adica autobuz la 10min (15 max). in momentul de fata este o bataie de joc odioasa pe banii consumatorului. statii pline de oameni la orice ora care asteapta autobuze care vin la 30-45 minute. noaptea,tabelele nu sunt sincronizare si arata gresit ca vin autobuzele, cand de fapt ele trec goale si se retrag in depou, mai devreme decat orele stabilite pe site ( dupa cum e cheful soferului, daca a fost lunga cafeluta bauta juma de ora in capat) etc..",soferi_vatmani,negativ,"dupa cum e cheful soferului, daca a fost lunga cafeluta bauta juma de ora in capat",negativ
42,facebook,https://www.facebook.com/ctpiasi?locale=ro_RO,,2022-12-20T17:18:19.000Z,"Cele mai proaste controloare in viata. Te vad ca  vrei sa iti iei bilet,si tot ele cu gura mare,incep sa comenteze,te tin de vorba,sa nu mai reusesti sa ti iei bilet.. De amenda pe care mi am luat o,ii urez dnei Captalan Alina un Craciun exact asa ca ea,urat si prost. Inclusiv si colegei ei.",controlori,negativ,"Te vad ca vrei sa iti iei bilet, si tot ele cu gura mare, incep sa comenteze, te tin de vorba, sa nu mai reusesti sa ti iei bilet",negativ
43,facebook,https://www.facebook.com/ctpiasi?locale=ro_RO,,2022-12-17T11:12:24.000Z,Doamna de la bilete din rond Copou e foarte recalcitranta. Are grav nevoie de calmante. Trebuie sa fie puțin mai calma. Cu tot respectul doamna aveți nevoie de un concediu . O zi minunata și plină de bucurie va doresc,relatii_clienti,negativ,Doamna de la bilete din rond Copou e foarte recalcitranta. Are grav nevoie de calmante. Trebuie sa fie puțin mai calma,negativ
44,facebook,https://www.facebook.com/ctpiasi?locale=ro_RO,,2022-12-06T06:53:01.000Z,Ce cu tramvaiele alea. La oleacă de pojghita deraiază toate?,stare_vehicule,negativ,La oleacă de pojghita deraiază toate,negativ
45,facebook,https://www.facebook.com/ctpiasi?locale=ro_RO,,2022-11-24T06:54:31.000Z,"Jalnic... am 40 de minute de când stau in statie sa aștept un autobuz 44 ( din baza nautica ) trec foarte rar, pe aplicația lor de urmărire nu se potrivesc numerele autobuzelor . De exemplu mie îmi arată că vine un 27 și defapt era un 41.😡",frecventa,negativ,"am 40 de minute de când stau in statie sa aștept un autobuz 44, trec foarte rar",negativ
45,facebook,https://www.facebook.com/ctpiasi?locale=ro_RO,,2022-11-24T06:54:31.000Z,"Jalnic... am 40 de minute de când stau in statie sa aștept un autobuz 44 ( din baza nautica ) trec foarte rar, pe aplicația lor de urmărire nu se potrivesc numerele autobuzelor . De exemplu mie îmi arată că vine un 27 și defapt era un 41.😡",informare_calatori,negativ,"pe aplicația lor de urmărire nu se potrivesc numerele autobuzelor, îmi arată că vine un 27 și defapt era un 41",negativ
46,facebook,https://www.facebook.com/ctpiasi?locale=ro_RO,,2022-11-21T16:07:04.000Z,"Azi a fost o zi de coșmar- ploaie,frig și 40 de minute de așteptare ptr un 28 plin de oameni înfrigurați, nervoși, înghesuiți. 
Ați mai mărit și prețurile. Nesimțire și bătaie de joc.",frecventa,negativ,40 de minute de așteptare ptr un 28,negativ
46,facebook,https://www.facebook.com/ctpiasi?locale=ro_RO,,2022-11-21T16:07:04.000Z,"Azi a fost o zi de coșmar- ploaie,frig și 40 de minute de așteptare ptr un 28 plin de oameni înfrigurați, nervoși, înghesuiți. 
Ați mai mărit și prețurile. Nesimțire și bătaie de joc.",aglomeratie,negativ,"plin de oameni înfrigurați, nervoși, înghesuiți",negativ
46,facebook,https://www.facebook.com/ctpiasi?locale=ro_RO,,2022-11-21T16:07:04.000Z,"Azi a fost o zi de coșmar- ploaie,frig și 40 de minute de așteptare ptr un 28 plin de oameni înfrigurați, nervoși, înghesuiți. 
Ați mai mărit și prețurile. Nesimțire și bătaie de joc.",pret,negativ,Ați mai mărit și prețurile,negativ
47,facebook,https://www.facebook.com/ctpiasi?locale=ro_RO,,2022-11-17T05:49:59.000Z,De 2 zile blocaje in zona industriala....dimineata cand mergem la scoala si la servici.....tramvaie care strica.... bagati toate vechiturle...nu va pasa de noi....,stare_vehicule,negativ,"tramvaie care strica, bagati toate vechiturle",negativ
47,facebook,https://www.facebook.com/ctpiasi?locale=ro_RO,,2022-11-17T05:49:59.000Z,De 2 zile blocaje in zona industriala....dimineata cand mergem la scoala si la servici.....tramvaie care strica.... bagati toate vechiturle...nu va pasa de noi....,organizare,negativ,"De 2 zile blocaje in zona industriala, dimineata cand mergem la scoala si la servici",negativ
48,facebook,https://www.facebook.com/ctpiasi?locale=ro_RO,,2022-10-27T13:14:26.000Z,Cele mai speciale și frumose mijloace de transport public în comun noile tramvaie și autobuze electrice Solaris ⭐️⭐️⭐️⭐️⭐️⭐️⭐️⭐️,stare_vehicule,pozitiv,Cele mai speciale și frumose mijloace de transport public în comun noile tramvaie și autobuze electrice Solaris,pozitiv
49,facebook,https://www.facebook.com/ctpiasi?locale=ro_RO,,2022-10-19T04:50:11.000Z,Bataie de joc la adresa calatorului.Timpi de asteptare foarte mari in statii si vin sau pleaca arhipline.Calatorii efectiv sunt calare unii pe altii.Controlorii sub ori e critica...gura mare fara sa aiba dreptate.,frecventa,negativ,Timpi de asteptare foarte mari in statii,negativ
49,facebook,https://www.facebook.com/ctpiasi?locale=ro_RO,,2022-10-19T04:50:11.000Z,Bataie de joc la adresa calatorului.Timpi de asteptare foarte mari in statii si vin sau pleaca arhipline.Calatorii efectiv sunt calare unii pe altii.Controlorii sub ori e critica...gura mare fara sa aiba dreptate.,aglomeratie,negativ,"vin sau pleaca arhipline, Calatorii efectiv sunt calare unii pe altii",negativ
49,facebook,https://www.facebook.com/ctpiasi?locale=ro_RO,,2022-10-19T04:50:11.000Z,Bataie de joc la adresa calatorului.Timpi de asteptare foarte mari in statii si vin sau pleaca arhipline.Calatorii efectiv sunt calare unii pe altii.Controlorii sub ori e critica...gura mare fara sa aiba dreptate.,controlori,negativ,"Controlorii sub ori e critica, gura mare fara sa aiba dreptate",negativ
50,facebook,https://www.facebook.com/ctpiasi?locale=ro_RO,,2022-10-13T14:28:50.000Z,"Bătaie de joc, autobuze arhipline și timp de așteptare mult prea mare.",aglomeratie,negativ,autobuze arhipline,negativ
50,facebook,https://www.facebook.com/ctpiasi?locale=ro_RO,,2022-10-13T14:28:50.000Z,"Bătaie de joc, autobuze arhipline și timp de așteptare mult prea mare.",frecventa,negativ,timp de așteptare mult prea mare,negativ
51,facebook,https://www.facebook.com/ctpiasi?locale=ro_RO,,2022-10-12T06:21:45.000Z,"In capat Dacia, vatmanii stau la cafele si lumea asteapta un tramvai 11 sau 5 mai bine de 20 de minute!!!",soferi_vatmani,negativ,vatmanii stau la cafele,negativ
51,facebook,https://www.facebook.com/ctpiasi?locale=ro_RO,,2022-10-12T06:21:45.000Z,"In capat Dacia, vatmanii stau la cafele si lumea asteapta un tramvai 11 sau 5 mai bine de 20 de minute!!!",frecventa,negativ,lumea asteapta un tramvai 11 sau 5 mai bine de 20 de minute,negativ
52,facebook,https://www.facebook.com/ctpiasi?locale=ro_RO,,2022-10-07T13:56:46.000Z,"Mijloacele de transport circula greu, panourile afișează date eronate. Stau de 25 de minute și aștept un autobuz care pe panou zice că vine in 4 min.",punctualitate,negativ,Stau de 25 de minute și aștept un autobuz care pe panou zice că vine in 4 min,negativ
52,facebook,https://www.facebook.com/ctpiasi?locale=ro_RO,,2022-10-07T13:56:46.000Z,"Mijloacele de transport circula greu, panourile afișează date eronate. Stau de 25 de minute și aștept un autobuz care pe panou zice că vine in 4 min.",informare_calatori,negativ,panourile afișează date eronate,negativ
52,facebook,https://www.facebook.com/ctpiasi?locale=ro_RO,,2022-10-07T13:56:46.000Z,"Mijloacele de transport circula greu, panourile afișează date eronate. Stau de 25 de minute și aștept un autobuz care pe panou zice că vine in 4 min.",stare_vehicule,negativ,Mijloacele de transport circula greu,negativ
53,facebook,https://www.facebook.com/ctpiasi?locale=ro_RO,,2022-10-06T17:02:40.000Z,"Buna seara. va rog să ma lămuriți ce trebuie  sa fac atunci când aparatul la care ar trebui sa plătesc cu cardul este defect si respectiv nu pot cumpara biletul de călătorie. asa am pățit azi în tavanul nr.9, n-am reusit sa plătesc cu cardul, intretimp a venit si controlul si am platit amenda 30 lei. ce vina am eu?",validare_bilete,negativ,"aparatul la care ar trebui sa plătesc cu cardul este defect, n-am reusit sa plătesc cu cardul",negativ
53,facebook,https://www.facebook.com/ctpiasi?locale=ro_RO,,2022-10-06T17:02:40.000Z,"Buna seara. va rog să ma lămuriți ce trebuie  sa fac atunci când aparatul la care ar trebui sa plătesc cu cardul este defect si respectiv nu pot cumpara biletul de călătorie. asa am pățit azi în tavanul nr.9, n-am reusit sa plătesc cu cardul, intretimp a venit si controlul si am platit amenda 30 lei. ce vina am eu?",controlori,negativ,intre timp a venit si controlul si am platit amenda 30 lei,negativ
54,facebook,https://www.facebook.com/ctpiasi?locale=ro_RO,,2022-09-27T06:01:33.000Z,"EFECTIV O BATAIE DE JOC TRANSPORTUL VOSTRU IN COMUN! 
Stai ca fraiera in statie 50 de minute pentru un autobuz (nu indrazniti sa o aruncati pe aia cu ‘este trafic’ ca la 2 benzi cu 4 masini maxim circuland dinspre CUG spre Poitiers nu vad sa ai asa trafic) intarzii la munca, stai in frig si pentru ce ma rog? De altfel aveti pretentia sa platim abonament/bilet si nici aparatele nu merg tot timpul. Nu va mai lafaiti cu prezentarea autobuzelor, puneti-le in circulatie si mai efectuati controale la capat de linie ca soferii uita sa mai plece ca stau pe retele sociale! Ori faceti ceva in legatura cu aceste nereguli ori luam noi ca si calatori atitudine.",frecventa,negativ,Stai ca fraiera in statie 50 de minute pentru un autobuz,negativ
54,facebook,https://www.facebook.com/ctpiasi?locale=ro_RO,,2022-09-27T06:01:33.000Z,"EFECTIV O BATAIE DE JOC TRANSPORTUL VOSTRU IN COMUN! 
Stai ca fraiera in statie 50 de minute pentru un autobuz (nu indrazniti sa o aruncati pe aia cu ‘este trafic’ ca la 2 benzi cu 4 masini maxim circuland dinspre CUG spre Poitiers nu vad sa ai asa trafic) intarzii la munca, stai in frig si pentru ce ma rog? De altfel aveti pretentia sa platim abonament/bilet si nici aparatele nu merg tot timpul. Nu va mai lafaiti cu prezentarea autobuzelor, puneti-le in circulatie si mai efectuati controale la capat de linie ca soferii uita sa mai plece ca stau pe retele sociale! Ori faceti ceva in legatura cu aceste nereguli ori luam noi ca si calatori atitudine.",validare_bilete,negativ,aveti pretentia sa platim abonament/bilet si nici aparatele nu merg tot timpul,negativ
54,facebook,https://www.facebook.com/ctpiasi?locale=ro_RO,,2022-09-27T06:01:33.000Z,"EFECTIV O BATAIE DE JOC TRANSPORTUL VOSTRU IN COMUN! 
Stai ca fraiera in statie 50 de minute pentru un autobuz (nu indrazniti sa o aruncati pe aia cu ‘este trafic’ ca la 2 benzi cu 4 masini maxim circuland dinspre CUG spre Poitiers nu vad sa ai asa trafic) intarzii la munca, stai in frig si pentru ce ma rog? De altfel aveti pretentia sa platim abonament/bilet si nici aparatele nu merg tot timpul. Nu va mai lafaiti cu prezentarea autobuzelor, puneti-le in circulatie si mai efectuati controale la capat de linie ca soferii uita sa mai plece ca stau pe retele sociale! Ori faceti ceva in legatura cu aceste nereguli ori luam noi ca si calatori atitudine.",soferi_vatmani,negativ,soferii uita sa mai plece ca stau pe retele sociale,negativ
55,facebook,https://www.facebook.com/ctpiasi?locale=ro_RO,,2022-09-19T05:36:32.000Z,"Intarzieri de 50 de minute la autobuzele din zona Rond Canta! Aici vin si pleaca efectiv cum bate vantul, dar numai ei stiu programul, iar pe deasupra se simt ofensati cand intrebi daca mai vine ceva.",punctualitate,negativ,Intarzieri de 50 de minute la autobuzele din zona Rond Canta,negativ
55,facebook,https://www.facebook.com/ctpiasi?locale=ro_RO,,2022-09-19T05:36:32.000Z,"Intarzieri de 50 de minute la autobuzele din zona Rond Canta! Aici vin si pleaca efectiv cum bate vantul, dar numai ei stiu programul, iar pe deasupra se simt ofensati cand intrebi daca mai vine ceva.",organizare,negativ,"vin si pleaca efectiv cum bate vantul, dar numai ei stiu programul",negativ
55,facebook,https://www.facebook.com/ctpiasi?locale=ro_RO,,2022-09-19T05:36:32.000Z,"Intarzieri de 50 de minute la autobuzele din zona Rond Canta! Aici vin si pleaca efectiv cum bate vantul, dar numai ei stiu programul, iar pe deasupra se simt ofensati cand intrebi daca mai vine ceva.",soferi_vatmani,negativ,se simt ofensati cand intrebi daca mai vine ceva,negativ
56,facebook,https://www.facebook.com/ctpiasi?locale=ro_RO,,2022-09-18T09:01:10.000Z,"De ce nu sunt deschise casele de bilete in weekend? Aaaa…pentru ca se pot cumpara bilete din mijlocul de transport. Asta dacă funcționează aparatele alea. 
După ce ca aștepți o groaza in stație, te mai trezești si ca nu poți cumpara bilet. Dar amenda se da, ca doar cui ii pasa?",validare_bilete,negativ,"se pot cumpara bilete din mijlocul de transport, dacă funcționează aparatele alea",negativ
56,facebook,https://www.facebook.com/ctpiasi?locale=ro_RO,,2022-09-18T09:01:10.000Z,"De ce nu sunt deschise casele de bilete in weekend? Aaaa…pentru ca se pot cumpara bilete din mijlocul de transport. Asta dacă funcționează aparatele alea. 
După ce ca aștepți o groaza in stație, te mai trezești si ca nu poți cumpara bilet. Dar amenda se da, ca doar cui ii pasa?",frecventa,negativ,aștepți o groaza in stație,negativ
56,facebook,https://www.facebook.com/ctpiasi?locale=ro_RO,,2022-09-18T09:01:10.000Z,"De ce nu sunt deschise casele de bilete in weekend? Aaaa…pentru ca se pot cumpara bilete din mijlocul de transport. Asta dacă funcționează aparatele alea. 
După ce ca aștepți o groaza in stație, te mai trezești si ca nu poți cumpara bilet. Dar amenda se da, ca doar cui ii pasa?",controlori,negativ,"amenda se da, ca doar cui ii pasa",negativ
57,facebook,https://www.facebook.com/ctpiasi?locale=ro_RO,,2022-07-26T17:31:25.000Z,"Angajați ca controlori oameni care nu știu sa vorbească. 
Se comporta cu copii foarte urat,cu amenințări. 
Poate mai sunt și persoane ce vor sa se angajeze cu 12 clase promovate",controlori,negativ,"Angajați ca controlori oameni care nu știu sa vorbească. Se comporta cu copii foarte urat, cu amenințări",negativ
58,facebook,https://www.facebook.com/ctpiasi?locale=ro_RO,,2022-07-21T06:53:29.000Z,"Se dorește sa se lase masina personala acasă și sa se circule mai mult cu mijlocul de transport în comun dar stai în stație 35 de minute
Nici în stație nu mai ai loc",frecventa,negativ,stai în stație 35 de minute,negativ
58,facebook,https://www.facebook.com/ctpiasi?locale=ro_RO,,2022-07-21T06:53:29.000Z,"Se dorește sa se lase masina personala acasă și sa se circule mai mult cu mijlocul de transport în comun dar stai în stație 35 de minute
Nici în stație nu mai ai loc",infrastructura_statii,negativ,Nici în stație nu mai ai loc,negativ
59,facebook,https://www.facebook.com/ctpiasi?locale=ro_RO,,2022-07-02T05:06:24.000Z,"este a 2a oară în mai puțin de 1 luna când automatul de bilete de la Granit ia banii sau se blochează, fara sa elibereze bilet. Am făcut sesizare de pe pagina oficială, fara nici un răspuns. Serviciul cu și față de clienți este inexistent.",validare_bilete,negativ,"automatul de bilete de la Granit ia banii sau se blochează, fara sa elibereze bilet",negativ
59,facebook,https://www.facebook.com/ctpiasi?locale=ro_RO,,2022-07-02T05:06:24.000Z,"este a 2a oară în mai puțin de 1 luna când automatul de bilete de la Granit ia banii sau se blochează, fara sa elibereze bilet. Am făcut sesizare de pe pagina oficială, fara nici un răspuns. Serviciul cu și față de clienți este inexistent.",relatii_clienti,negativ,"Am făcut sesizare de pe pagina oficială, fara nici un răspuns. Serviciul cu și față de clienți este inexistent",negativ
60,facebook,https://www.facebook.com/ctpiasi?locale=ro_RO,,2022-06-20T20:07:17.000Z,"Am pățit de doua ori să mi se composteze   alte  ore față de cele care erau . Am urcat la gara într.un 36. în jurul orei 19 .5 și  am coborât în  Piața Unirii, imediat am urcat într-un tramvai spre Tătărași  au urcat doua doamne controlor  și când am arătat  biletul (cu încredere că este corectă ora) am avut marea surpriza să să văd că era compostat cu ora 17.5.. Am luat amendă...😠😤.
A doua zi urc într.un 20 ,cred..din Tătărași către Independenței și îmi compostează cu jumătate de oră în urmă. Nu e normal așa  ceva. 
Trimit  un mesaj firmei și mi se răspunde  ca nu se poate verifica și doamnele de la control au procedat  corect.😒🙄🙄🤯",validare_bilete,negativ,"mi se composteze alte ore față de cele care erau, am compostat cu ora 17.5 deși era ora 19, a doua zi îmi compostează cu jumătate de oră în urmă",negativ
60,facebook,https://www.facebook.com/ctpiasi?locale=ro_RO,,2022-06-20T20:07:17.000Z,"Am pățit de doua ori să mi se composteze   alte  ore față de cele care erau . Am urcat la gara într.un 36. în jurul orei 19 .5 și  am coborât în  Piața Unirii, imediat am urcat într-un tramvai spre Tătărași  au urcat doua doamne controlor  și când am arătat  biletul (cu încredere că este corectă ora) am avut marea surpriza să să văd că era compostat cu ora 17.5.. Am luat amendă...😠😤.
A doua zi urc într.un 20 ,cred..din Tătărași către Independenței și îmi compostează cu jumătate de oră în urmă. Nu e normal așa  ceva. 
Trimit  un mesaj firmei și mi se răspunde  ca nu se poate verifica și doamnele de la control au procedat  corect.😒🙄🙄🤯",controlori,negativ,"doamnele de la control au procedat corect, nu se poate verifica",negativ
60,facebook,https://www.facebook.com/ctpiasi?locale=ro_RO,,2022-06-20T20:07:17.000Z,"Am pățit de doua ori să mi se composteze   alte  ore față de cele care erau . Am urcat la gara într.un 36. în jurul orei 19 .5 și  am coborât în  Piața Unirii, imediat am urcat într-un tramvai spre Tătărași  au urcat doua doamne controlor  și când am arătat  biletul (cu încredere că este corectă ora) am avut marea surpriza să să văd că era compostat cu ora 17.5.. Am luat amendă...😠😤.
A doua zi urc într.un 20 ,cred..din Tătărași către Independenței și îmi compostează cu jumătate de oră în urmă. Nu e normal așa  ceva. 
Trimit  un mesaj firmei și mi se răspunde  ca nu se poate verifica și doamnele de la control au procedat  corect.😒🙄🙄🤯",relatii_clienti,negativ,trimit un mesaj firmei și mi se răspunde ca nu se poate verifica și doamnele de la control au procedat corect,negativ
61,facebook,https://www.facebook.com/ctpiasi?locale=ro_RO,,2022-06-07T14:37:23.000Z,Încă 2 minute și aștept tramvaiul 7 în Baza 3 de 40 minute. Felicitări!!!!,frecventa,negativ,aștept tramvaiul 7 în Baza 3 de 40 minute,negativ
62,facebook,https://www.facebook.com/ctpiasi?locale=ro_RO,,2022-06-04T02:45:49.000Z,"1. Să vină cu mult respect față de cei care plătesc pentru condiții mizerabile de transport!
2. Să schimbe abordarea greșită pe care o are acum, privind transportul public, prin gestionarea timpului..",relatii_clienti,negativ,Să vină cu mult respect față de cei care plătesc pentru condiții mizerabile de transport,negativ
62,facebook,https://www.facebook.com/ctpiasi?locale=ro_RO,,2022-06-04T02:45:49.000Z,"1. Să vină cu mult respect față de cei care plătesc pentru condiții mizerabile de transport!
2. Să schimbe abordarea greșită pe care o are acum, privind transportul public, prin gestionarea timpului..",organizare,negativ,"Să schimbe abordarea greșită pe care o are acum, privind transportul public, prin gestionarea timpului",negativ
63,facebook,https://www.facebook.com/ctpiasi?locale=ro_RO,,2022-05-18T09:41:29.000Z,"Nu se respecta orarul, mijloace de transport supra aglomerate și murdare.",punctualitate,negativ,Nu se respecta orarul,negativ
63,facebook,https://www.facebook.com/ctpiasi?locale=ro_RO,,2022-05-18T09:41:29.000Z,"Nu se respecta orarul, mijloace de transport supra aglomerate și murdare.",aglomeratie,negativ,mijloace de transport supra aglomerate,negativ
63,facebook,https://www.facebook.com/ctpiasi?locale=ro_RO,,2022-05-18T09:41:29.000Z,"Nu se respecta orarul, mijloace de transport supra aglomerate și murdare.",curatenie,negativ,murdare,negativ
64,facebook,https://www.facebook.com/ctpiasi?locale=ro_RO,,2022-04-19T09:13:33.000Z,de ce naiba nu au grijă șoferii să schimbe ora la compostorul de bilete? am compostat azi la 10:35 și pe bilet era 7:35,validare_bilete,negativ,"șoferii să schimbe ora la compostorul de bilete, am compostat azi la 10:35 și pe bilet era 7:35",negativ
65,facebook,https://www.facebook.com/ctpiasi?locale=ro_RO,,2022-04-07T06:27:56.000Z,"Ar trebui ca la capăt de linii sa se pună panouri de informare cu privire la placarea autobuzelor sau tramvaielor.  E  foarte neplăcut sa te urci într-un mijloc de transport și sa constați ca pleacă altul înainte, care poate a venit după ce te-ai urcat deja(și poate ai și compostat).
E MULT LOC DE ÎMBUNĂTĂȚIRI din toate punctele de vedere.",informare_calatori,negativ,Ar trebui ca la capăt de linii sa se pună panouri de informare cu privire la plecarea autobuzelor sau tramvaielor,negativ
65,facebook,https://www.facebook.com/ctpiasi?locale=ro_RO,,2022-04-07T06:27:56.000Z,"Ar trebui ca la capăt de linii sa se pună panouri de informare cu privire la placarea autobuzelor sau tramvaielor.  E  foarte neplăcut sa te urci într-un mijloc de transport și sa constați ca pleacă altul înainte, care poate a venit după ce te-ai urcat deja(și poate ai și compostat).
E MULT LOC DE ÎMBUNĂTĂȚIRI din toate punctele de vedere.",organizare,negativ,"te urci într-un mijloc de transport și sa constați ca pleacă altul înainte, care poate a venit după ce te-ai urcat deja",negativ
66,facebook,https://www.facebook.com/ctpiasi?locale=ro_RO,,2022-03-08T05:40:33.000Z,"de ce naiba nu scoateți mai multe autobuze pe traseul 20?  sa vina la interval de 30 min, full, mi se pare aberant pe un traseu atat de frecventat. si acele tabele cu timpul estimat puteti sa le scoateți,  sunt degeaba. mai luati si voi lecții de la alte orase precum Brasovul.",frecventa,negativ,"sa vina la interval de 30 min, full, mi se pare aberant pe un traseu atat de frecventat",negativ
66,facebook,https://www.facebook.com/ctpiasi?locale=ro_RO,,2022-03-08T05:40:33.000Z,"de ce naiba nu scoateți mai multe autobuze pe traseul 20?  sa vina la interval de 30 min, full, mi se pare aberant pe un traseu atat de frecventat. si acele tabele cu timpul estimat puteti sa le scoateți,  sunt degeaba. mai luati si voi lecții de la alte orase precum Brasovul.",informare_calatori,negativ,"acele tabele cu timpul estimat puteti sa le scoateți, sunt degeaba",negativ
67,facebook,https://www.facebook.com/ctpiasi?locale=ro_RO,,2022-02-23T13:50:16.000Z,"Nesimtirea soferilor este nemarginita, stai in statie cu usa inchisa si vezi alergand un elev la 06:05 dimineata si nu deschizi usa ...elevul respectiv trebuia sa ajunga in Breazu pana la 07:30 plecand de la blocuri Cetatuia ...lipsa totala de umanitate ! Foarte urat din partea dumneavostra domnilor, faceti greve ca vreti salarii mari dar sincer nu toti le meritati!",soferi_vatmani,negativ,"stai in statie cu usa inchisa si vezi alergand un elev la 06:05 dimineata si nu deschizi usa, lipsa totala de umanitate",negativ
68,facebook,https://www.facebook.com/ctpiasi?locale=ro_RO,,2022-01-25T05:32:30.000Z,"Sunteți mizerabili,sunteți o rușine pentru orașul Iași, cum e posibil sa stai în stație(stație Flora), 25 minute, la ora 7 dimineața, la - 15 grade sa vina un amarat de tramvai care și ala plin de oameni! Sunteți încă o data MIZERABILI!",frecventa,negativ,"stai în stație 25 minute, la ora 7 dimineața, la -15 grade sa vina un amarat de tramvai",negativ
68,facebook,https://www.facebook.com/ctpiasi?locale=ro_RO,,2022-01-25T05:32:30.000Z,"Sunteți mizerabili,sunteți o rușine pentru orașul Iași, cum e posibil sa stai în stație(stație Flora), 25 minute, la ora 7 dimineața, la - 15 grade sa vina un amarat de tramvai care și ala plin de oameni! Sunteți încă o data MIZERABILI!",aglomeratie,negativ,care și ala plin de oameni,negativ
68,facebook,https://www.facebook.com/ctpiasi?locale=ro_RO,,2022-01-25T05:32:30.000Z,"Sunteți mizerabili,sunteți o rușine pentru orașul Iași, cum e posibil sa stai în stație(stație Flora), 25 minute, la ora 7 dimineața, la - 15 grade sa vina un amarat de tramvai care și ala plin de oameni! Sunteți încă o data MIZERABILI!",confort_termic,negativ,la -15 grade sa vina un amarat de tramvai,negativ
69,facebook,https://www.facebook.com/ctpiasi?locale=ro_RO,,2022-01-06T17:59:25.000Z,"Tramvaiele circula la intervale foarte mari de timp.
Astăzi am stat după tramvaiul 13, 40 de minute, apoi am fost nevoit sa iau un taxi pentru ca întârziam la serviciu. Și nu este prima data.",frecventa,negativ,"Tramvaiele circula la intervale foarte mari de timp, am stat după tramvaiul 13, 40 de minute",negativ
69,facebook,https://www.facebook.com/ctpiasi?locale=ro_RO,,2022-01-06T17:59:25.000Z,"Tramvaiele circula la intervale foarte mari de timp.
Astăzi am stat după tramvaiul 13, 40 de minute, apoi am fost nevoit sa iau un taxi pentru ca întârziam la serviciu. Și nu este prima data.",punctualitate,negativ,am fost nevoit sa iau un taxi pentru ca întârziam la serviciu,negativ
70,facebook,https://www.facebook.com/ctpiasi?locale=ro_RO,,2021-12-23T06:33:36.000Z,"Transport urban modern și curat... azi am mers cu noul tramvai Pesa.. toate bune și frumoase, dar cind sa plătesc bilet.. surpriza nu au automat pentru plata cu cardul..",stare_vehicule,pozitiv,am mers cu noul tramvai Pesa,neutru
70,facebook,https://www.facebook.com/ctpiasi?locale=ro_RO,,2021-12-23T06:33:36.000Z,"Transport urban modern și curat... azi am mers cu noul tramvai Pesa.. toate bune și frumoase, dar cind sa plătesc bilet.. surpriza nu au automat pentru plata cu cardul..",validare_bilete,negativ,"cind sa plătesc bilet, surpriza nu au automat pentru plata cu cardul",neutru
71,facebook,https://www.facebook.com/ctpiasi?locale=ro_RO,,2021-12-16T08:27:28.000Z,"Felicitări șoferului de pe 1081, pt evitarea bizonului cu numere de Bulgaria. A evitat o tragedie în fata la Palat",soferi_vatmani,pozitiv,"Felicitări șoferului de pe 1081, pt evitarea bizonului cu numere de Bulgaria. A evitat o tragedie",pozitiv
72,facebook,https://www.facebook.com/ctpiasi?locale=ro_RO,,2021-11-24T19:24:50.000Z,"Mai mult de un an circul cu transportul public în Iași și îmi părea ok. Dar azi (24/11, ora 9:30) am avut un incident neplăcut pe linia 23 cu controlorul 11494, care m-a amendat de îndată ce autobuzul (Nr. 1918) a pornit din loc, și mi-a blocat accesul la POS. Consider acest fapt o depășire a atribuțiilor și lipsă de omenie. Se creează senzația că persoanele au de îndeplinit o ”normă” de amenzi cu orice preț. De râsul câinilor...

Update.
Odată cu această postare am scris și un mesaj cu același conținut pe pagina web a CTP Iași.
Abia o lună mai târziu am fost contactat doar ca să mi se spună că e cuvântul meu împotriva controlorului. La întrebarea mea dacă a verificat înregistrările video, mi s-a spus că nu. Pentru a afla care e scopul apelului, am întrebat: ""mă sunați doar să-mi spuneți că ați procesat plângerea și dacă doresc ceva mai mult, trebuie să mă adresez în instanță"" și a zis da.
Lipsă totală de autosesizare. Atât timp cât CTP Iași e orientată pe controlori ce au de realizat planuri, nu prea au să fie schimbări.
PS: în schimb, cel ce a apelat a spus că a vorbit cu controlorul care i-a explicat situația și i-a dat dreptate. 🙃",controlori,negativ,"m-a amendat de îndată ce autobuzul a pornit din loc, și mi-a blocat accesul la POS, se creează senzația că persoanele au de îndeplinit o normă de amenzi cu orice preț",negativ
72,facebook,https://www.facebook.com/ctpiasi?locale=ro_RO,,2021-11-24T19:24:50.000Z,"Mai mult de un an circul cu transportul public în Iași și îmi părea ok. Dar azi (24/11, ora 9:30) am avut un incident neplăcut pe linia 23 cu controlorul 11494, care m-a amendat de îndată ce autobuzul (Nr. 1918) a pornit din loc, și mi-a blocat accesul la POS. Consider acest fapt o depășire a atribuțiilor și lipsă de omenie. Se creează senzația că persoanele au de îndeplinit o ”normă” de amenzi cu orice preț. De râsul câinilor...

Update.
Odată cu această postare am scris și un mesaj cu același conținut pe pagina web a CTP Iași.
Abia o lună mai târziu am fost contactat doar ca să mi se spună că e cuvântul meu împotriva controlorului. La întrebarea mea dacă a verificat înregistrările video, mi s-a spus că nu. Pentru a afla care e scopul apelului, am întrebat: ""mă sunați doar să-mi spuneți că ați procesat plângerea și dacă doresc ceva mai mult, trebuie să mă adresez în instanță"" și a zis da.
Lipsă totală de autosesizare. Atât timp cât CTP Iași e orientată pe controlori ce au de realizat planuri, nu prea au să fie schimbări.
PS: în schimb, cel ce a apelat a spus că a vorbit cu controlorul care i-a explicat situația și i-a dat dreptate. 🙃",relatii_clienti,negativ,"abia o lună mai târziu am fost contactat doar ca să mi se spună că e cuvântul meu împotriva controlorului, la întrebarea mea dacă a verificat înregistrările video, mi s-a spus că nu",negativ
73,facebook,https://www.facebook.com/ctpiasi?locale=ro_RO,,2021-11-17T19:28:57.000Z,Cea mai proasta companie de transport persoane din România motive șoferi nesimțiți care nu opresc în fiecare stație  JEG în autobuze  curatenia lasa de dorit controlori care miroase de la o posta a băutură și se cred mari zmei vorbind la modul serios angajează orce...cocalar..Cu 8 clase tot neamuri intre ei acolo și mai nou le tai din salariu dacă nu își fac norma intro...luna au cote fixe câți trebuie sa prindă pe zi îi vezi dimineață până la 12 ..1 și după gata cu ei ...Și tupeu pe ei cheamă politia locala la intimidare drag doamne tot așa și aia mana în mana cu ei doar își iau și ei cota de la ctp iași trebuie sa mai aducă și ei ceva la bugetul local nu au Cum sa justifice salariu dacă nu au activitate așa ca dacă vrei sa mergi cu travaliul sau autobuzul cumpăra un bilet 2.5 lei și dale frate muflex la jeguri ăsta care își bat joc de oameni civilizați din iasi😊🤗🤗😍și apropo se întoarce odată roata și pt ei ce se cred controlori zmei când sunt la munca da săi vezi ce morcov au în fund când merg acasă singuri 😆😅😄😄😄😀😁😁😂😂😂,soferi_vatmani,negativ,șoferi nesimțiți care nu opresc în fiecare stație,negativ
73,facebook,https://www.facebook.com/ctpiasi?locale=ro_RO,,2021-11-17T19:28:57.000Z,Cea mai proasta companie de transport persoane din România motive șoferi nesimțiți care nu opresc în fiecare stație  JEG în autobuze  curatenia lasa de dorit controlori care miroase de la o posta a băutură și se cred mari zmei vorbind la modul serios angajează orce...cocalar..Cu 8 clase tot neamuri intre ei acolo și mai nou le tai din salariu dacă nu își fac norma intro...luna au cote fixe câți trebuie sa prindă pe zi îi vezi dimineață până la 12 ..1 și după gata cu ei ...Și tupeu pe ei cheamă politia locala la intimidare drag doamne tot așa și aia mana în mana cu ei doar își iau și ei cota de la ctp iași trebuie sa mai aducă și ei ceva la bugetul local nu au Cum sa justifice salariu dacă nu au activitate așa ca dacă vrei sa mergi cu travaliul sau autobuzul cumpăra un bilet 2.5 lei și dale frate muflex la jeguri ăsta care își bat joc de oameni civilizați din iasi😊🤗🤗😍și apropo se întoarce odată roata și pt ei ce se cred controlori zmei când sunt la munca da săi vezi ce morcov au în fund când merg acasă singuri 😆😅😄😄😄😀😁😁😂😂😂,curatenie,negativ,"JEG în autobuze, curatenia lasa de dorit",negativ
73,facebook,https://www.facebook.com/ctpiasi?locale=ro_RO,,2021-11-17T19:28:57.000Z,Cea mai proasta companie de transport persoane din România motive șoferi nesimțiți care nu opresc în fiecare stație  JEG în autobuze  curatenia lasa de dorit controlori care miroase de la o posta a băutură și se cred mari zmei vorbind la modul serios angajează orce...cocalar..Cu 8 clase tot neamuri intre ei acolo și mai nou le tai din salariu dacă nu își fac norma intro...luna au cote fixe câți trebuie sa prindă pe zi îi vezi dimineață până la 12 ..1 și după gata cu ei ...Și tupeu pe ei cheamă politia locala la intimidare drag doamne tot așa și aia mana în mana cu ei doar își iau și ei cota de la ctp iași trebuie sa mai aducă și ei ceva la bugetul local nu au Cum sa justifice salariu dacă nu au activitate așa ca dacă vrei sa mergi cu travaliul sau autobuzul cumpăra un bilet 2.5 lei și dale frate muflex la jeguri ăsta care își bat joc de oameni civilizați din iasi😊🤗🤗😍și apropo se întoarce odată roata și pt ei ce se cred controlori zmei când sunt la munca da săi vezi ce morcov au în fund când merg acasă singuri 😆😅😄😄😄😀😁😁😂😂😂,controlori,negativ,"controlori care miroase de la o posta a băutură și se cred mari zmei, au cote fixe câți trebuie sa prindă pe zi",negativ
74,facebook,https://www.facebook.com/ctpiasi?locale=ro_RO,,2021-11-15T04:58:12.000Z,"->Urc in autobuz. 
->Zic ca platesc cu cardul dar il blocheaza cineva, nu-i nimic caut biletul. 
->Nici nu pleaca bine autobuzl, tipul care blocheaza zona de platit cu cardul e controlul si cum ma vede ca tot caut bilet ma ia direct la intrebari.
->Gasesc biletul dar zice ca e prea tarziu.
-> Imi da amenda si imi mai ia si biletul. 
->De ce am mai luat bilet nici nu stiu
->Sa ma ia dracu daca va mai folosesc servicile",controlori,negativ,"tipul care blocheaza zona de platit cu cardul e controlul și cum ma vede ca tot caut bilet ma ia direct la intrebari, gasesc biletul dar zice ca e prea tarziu, imi da amenda si imi mai ia si biletul",negativ
75,facebook,https://www.facebook.com/ctpiasi?locale=ro_RO,,2021-11-08T23:31:11.000Z,"Vrei sa ajungi la munca? Teapa, a batut putin vantu si au cazut liniile de tramvai.
Vrei sa mergi la facultate? Teapa, linia unica e facuta mai mult pentru taxiuri pe Nicolina. Stai 30m pentru o ragalie de autobuz de abia urca pasarela la cat de plin e.

In plina pandemie imparti jumatate de metru patrat cu inca 5 oameni, nu poti cobora pentru ca in alea 30 sec de sta șoferul grăbit in statie trebuie sa treci de 30 de oameni.

Șoferii nu mai spun, am dat de prea mulți marlani care se cred zmei. Șicanează, pun niște frâne ca mna, și ele tre testate ocazional, se uita în ochii tai cand fugi dupa ragalia lor de vine intr o luna albastra.

In loc sa dai banii pe un abonament faci un credit la o bicicleta, iti lipești un 9 sau 41 in frunte si i dai pe unica, ca și asa e libera. 

Este o bătaie de joc. Sunt oameni care depind de transportul în comun ca sa ajungă la serviciu, scoala, spital, etc. De cand a fost mereu CTP a fost o bătaie de joc. De la mașini mizere la angajați grabiti sa prindă cafeluta de la rond.

Recomand o pereche bună de adidasi, sau bocanci ca atunci când ploua e și mai grav, și sa ii dai la pas ca ajungi mai repede.",stare_vehicule,negativ,"ragalie de autobuz de abia urca pasarela la cat de plin e, mașini mizere",negativ
75,facebook,https://www.facebook.com/ctpiasi?locale=ro_RO,,2021-11-08T23:31:11.000Z,"Vrei sa ajungi la munca? Teapa, a batut putin vantu si au cazut liniile de tramvai.
Vrei sa mergi la facultate? Teapa, linia unica e facuta mai mult pentru taxiuri pe Nicolina. Stai 30m pentru o ragalie de autobuz de abia urca pasarela la cat de plin e.

In plina pandemie imparti jumatate de metru patrat cu inca 5 oameni, nu poti cobora pentru ca in alea 30 sec de sta șoferul grăbit in statie trebuie sa treci de 30 de oameni.

Șoferii nu mai spun, am dat de prea mulți marlani care se cred zmei. Șicanează, pun niște frâne ca mna, și ele tre testate ocazional, se uita în ochii tai cand fugi dupa ragalia lor de vine intr o luna albastra.

In loc sa dai banii pe un abonament faci un credit la o bicicleta, iti lipești un 9 sau 41 in frunte si i dai pe unica, ca și asa e libera. 

Este o bătaie de joc. Sunt oameni care depind de transportul în comun ca sa ajungă la serviciu, scoala, spital, etc. De cand a fost mereu CTP a fost o bătaie de joc. De la mașini mizere la angajați grabiti sa prindă cafeluta de la rond.

Recomand o pereche bună de adidasi, sau bocanci ca atunci când ploua e și mai grav, și sa ii dai la pas ca ajungi mai repede.",aglomeratie,negativ,"stai 30m pentru o ragalie de autobuz de abia urca pasarela la cat de plin e, în plina pandemie imparti jumatate de metru patrat cu inca 5 oameni",negativ
75,facebook,https://www.facebook.com/ctpiasi?locale=ro_RO,,2021-11-08T23:31:11.000Z,"Vrei sa ajungi la munca? Teapa, a batut putin vantu si au cazut liniile de tramvai.
Vrei sa mergi la facultate? Teapa, linia unica e facuta mai mult pentru taxiuri pe Nicolina. Stai 30m pentru o ragalie de autobuz de abia urca pasarela la cat de plin e.

In plina pandemie imparti jumatate de metru patrat cu inca 5 oameni, nu poti cobora pentru ca in alea 30 sec de sta șoferul grăbit in statie trebuie sa treci de 30 de oameni.

Șoferii nu mai spun, am dat de prea mulți marlani care se cred zmei. Șicanează, pun niște frâne ca mna, și ele tre testate ocazional, se uita în ochii tai cand fugi dupa ragalia lor de vine intr o luna albastra.

In loc sa dai banii pe un abonament faci un credit la o bicicleta, iti lipești un 9 sau 41 in frunte si i dai pe unica, ca și asa e libera. 

Este o bătaie de joc. Sunt oameni care depind de transportul în comun ca sa ajungă la serviciu, scoala, spital, etc. De cand a fost mereu CTP a fost o bătaie de joc. De la mașini mizere la angajați grabiti sa prindă cafeluta de la rond.

Recomand o pereche bună de adidasi, sau bocanci ca atunci când ploua e și mai grav, și sa ii dai la pas ca ajungi mai repede.",soferi_vatmani,negativ,"am dat de prea mulți marlani care se cred zmei, șicanează, pun niște frâne ca mna, se uita în ochii tai cand fugi dupa ragalia lor",negativ
75,facebook,https://www.facebook.com/ctpiasi?locale=ro_RO,,2021-11-08T23:31:11.000Z,"Vrei sa ajungi la munca? Teapa, a batut putin vantu si au cazut liniile de tramvai.
Vrei sa mergi la facultate? Teapa, linia unica e facuta mai mult pentru taxiuri pe Nicolina. Stai 30m pentru o ragalie de autobuz de abia urca pasarela la cat de plin e.

In plina pandemie imparti jumatate de metru patrat cu inca 5 oameni, nu poti cobora pentru ca in alea 30 sec de sta șoferul grăbit in statie trebuie sa treci de 30 de oameni.

Șoferii nu mai spun, am dat de prea mulți marlani care se cred zmei. Șicanează, pun niște frâne ca mna, și ele tre testate ocazional, se uita în ochii tai cand fugi dupa ragalia lor de vine intr o luna albastra.

In loc sa dai banii pe un abonament faci un credit la o bicicleta, iti lipești un 9 sau 41 in frunte si i dai pe unica, ca și asa e libera. 

Este o bătaie de joc. Sunt oameni care depind de transportul în comun ca sa ajungă la serviciu, scoala, spital, etc. De cand a fost mereu CTP a fost o bătaie de joc. De la mașini mizere la angajați grabiti sa prindă cafeluta de la rond.

Recomand o pereche bună de adidasi, sau bocanci ca atunci când ploua e și mai grav, și sa ii dai la pas ca ajungi mai repede.",acoperire_rute,negativ,linia unica e facuta mai mult pentru taxiuri pe Nicolina,negativ
76,facebook,https://www.facebook.com/ctpiasi?locale=ro_RO,,2021-11-02T14:04:01.000Z,"Mijloace de transport în comun care circula foarte rar la ore de vârf. Sa aștepți 30 - 40 de minute un autobuz, dimineața când trebuie sa ajungi la serviciu, nu e tocmai ce aștepți de la ratp",frecventa,negativ,"Mijloace de transport în comun care circula foarte rar la ore de vârf. Sa aștepți 30-40 de minute un autobuz, dimineața când trebuie sa ajungi la serviciu",negativ
77,facebook,https://www.facebook.com/ctpiasi?locale=ro_RO,,2021-11-02T11:31:04.000Z,"Servicii de proasta calitate într-un oraș atât de mare ! 
Azi, 2 noiembrie 2021, jale în tot orașul cu transportul in comun. Aștept în stație 40 minute un autobuz, nimic....Greva nu se anunță.
In tramvaiul 6, puneți mâna și alimentați cu hârtie aparatele de plata bilete cu cardul. 
Banii ii luați dar biletul nu se da. Sigur pățesc așa multi...",frecventa,negativ,"Aștept în stație 40 minute un autobuz, nimic",negativ
77,facebook,https://www.facebook.com/ctpiasi?locale=ro_RO,,2021-11-02T11:31:04.000Z,"Servicii de proasta calitate într-un oraș atât de mare ! 
Azi, 2 noiembrie 2021, jale în tot orașul cu transportul in comun. Aștept în stație 40 minute un autobuz, nimic....Greva nu se anunță.
In tramvaiul 6, puneți mâna și alimentați cu hârtie aparatele de plata bilete cu cardul. 
Banii ii luați dar biletul nu se da. Sigur pățesc așa multi...",informare_calatori,negativ,Greva nu se anunță,negativ
77,facebook,https://www.facebook.com/ctpiasi?locale=ro_RO,,2021-11-02T11:31:04.000Z,"Servicii de proasta calitate într-un oraș atât de mare ! 
Azi, 2 noiembrie 2021, jale în tot orașul cu transportul in comun. Aștept în stație 40 minute un autobuz, nimic....Greva nu se anunță.
In tramvaiul 6, puneți mâna și alimentați cu hârtie aparatele de plata bilete cu cardul. 
Banii ii luați dar biletul nu se da. Sigur pățesc așa multi...",validare_bilete,negativ,"puneți mâna și alimentați cu hârtie aparatele de plata bilete cu cardul, banii ii luați dar biletul nu se da",negativ
78,facebook,https://www.facebook.com/ctpiasi?locale=ro_RO,,2021-10-23T11:30:23.000Z,"If you wanna be cramped as if you were on a train to Auschwitz with some ticket controllers who are about as nice as a hot sauce enema, this public transport company is for you.

0/10",aglomeratie,negativ,cramped as if you were on a train to Auschwitz,negativ
78,facebook,https://www.facebook.com/ctpiasi?locale=ro_RO,,2021-10-23T11:30:23.000Z,"If you wanna be cramped as if you were on a train to Auschwitz with some ticket controllers who are about as nice as a hot sauce enema, this public transport company is for you.

0/10",controlori,negativ,ticket controllers who are about as nice as a hot sauce enema,negativ
79,facebook,https://www.facebook.com/ctpiasi?locale=ro_RO,,2021-10-15T10:30:45.000Z,"Proastă organizare a unităților de transport, zeci de minute de așteptat în stație, nu doar elevii au prioritate dimineața, ci și salariații!!!! Nemulțumirea este foarte mare! Să vă fie rușine!",organizare,negativ,"Proastă organizare a unităților de transport, zeci de minute de așteptat în stație",negativ
80,facebook,https://www.facebook.com/ctpiasi?locale=ro_RO,,2021-10-14T07:28:20.000Z,"Controlorii CTP sunt sub orice critică, vorbesc cu tine de parcă lucrează la NASA, nu sunt niște simpli controlori de bilete. Am nimerit ieri două ""doamne"" în autobuz, stau lângă mine, mă văd că se încarcă aplicația și sunt lângă aparatul de scanat codul QR, să-mi spună apoi că am mers jumătate de stație fără bilet. Ar fi recomandat să-și pună ochelari dacă nu văd la câțiva centimetri distanță.
Și aș vrea să întreb unde se duc banii din amenzi? Una dintre ""doamne"" a mers cu mine chiar la bancomat, să se asigure că scot banii, să și-i pună în buzunar sau să-i împartă cu cealaltă ""doamnă"".
Nu recomand CTP tocmai pentru acest motiv. Angajați niște controlori mai profesioniști, că sunt sub ori critică. Și sper să mi se răspundă la întrebare, nu de alta, dar să știu cum abordez următoarea situație.",controlori,negativ,"stau lângă mine, mă văd că se încarcă aplicația și sunt lângă aparatul de scanat codul QR, să-mi spună apoi că am mers jumătate de stație fără bilet, una dintre doamne a mers cu mine chiar la bancomat, să se asigure că scot banii, să și-i pună în buzunar",negativ
81,facebook,https://www.facebook.com/ctpiasi?locale=ro_RO,,2021-10-08T08:46:19.000Z,"Dc 90 la suta din șoferii de la CTP  cand te vad alergând si mai ai 2 pași sa ajungi,efectiv se uita la tine , închid usa si pleaca??????? Cat de meschin sa fii?? Sigur li se fac niste teste psihologice?? Ma indoiesc ...",soferi_vatmani,negativ,"cand te vad alergând si mai ai 2 pași sa ajungi, efectiv se uita la tine, închid usa si pleaca",negativ
82,facebook,https://www.facebook.com/ctpiasi?locale=ro_RO,,2021-09-24T08:38:04.000Z,Nu se respecta programul autobuzelor. Scoateți autobuzul  30 simplu și lăsați l doar pe 30 B.,punctualitate,negativ,Nu se respecta programul autobuzelor,negativ
83,facebook,https://www.facebook.com/ctpiasi?locale=ro_RO,,2021-09-22T15:19:03.000Z,"Cum este posibil ca un tramvai 9 sa vina la 10 minute, pe ceas?? In condițiile in care deja venea full, în stație full si la urmatoarea aceeași poveste.
De asemenea, se presupune ca este pandemie și trebuie sa păstrăm distanta, iar noi stam ca sardinele in tramvai.
Pentru experienta de azi dimineata,0 stele!
Bataie de joc!",frecventa,negativ,"tramvai 9 sa vina la 10 minute, pe ceas, venea full, în stație full si la urmatoarea aceeași poveste",negativ
83,facebook,https://www.facebook.com/ctpiasi?locale=ro_RO,,2021-09-22T15:19:03.000Z,"Cum este posibil ca un tramvai 9 sa vina la 10 minute, pe ceas?? In condițiile in care deja venea full, în stație full si la urmatoarea aceeași poveste.
De asemenea, se presupune ca este pandemie și trebuie sa păstrăm distanta, iar noi stam ca sardinele in tramvai.
Pentru experienta de azi dimineata,0 stele!
Bataie de joc!",aglomeratie,negativ,stam ca sardinele in tramvai,negativ
84,facebook,https://www.facebook.com/ctpiasi?locale=ro_RO,,2021-09-21T19:38:53.000Z,Worst public transportation system of all the big cities in this country. Deplorable.,organizare,negativ,Worst public transportation system of all the big cities in this country,negativ
85,facebook,https://www.facebook.com/ctpiasi?locale=ro_RO,,2021-09-10T15:34:07.000Z,De fiecare dată când îmi cumpăr bilet nu se urcă controlorul……,controlori,neutru,De fiecare dată când îmi cumpăr bilet nu se urcă controlorul,neutru
86,facebook,https://www.facebook.com/ctpiasi?locale=ro_RO,,2021-08-03T15:00:21.000Z,"Chiar acum tramvaiul nr 1, cand a oprit la stație,  imediat a pornit, nici n-am reusit sa apas butonul, cred ca se grăbea șoferul.  

putine accidente avem? cum naibii sa pornești?  Si daca paseam cu un picior?  închidea usile si ma purta pe asfalt pana la următoarea stație? se ce șoferul bine asigura?  un adolescent în comă este puțin ?",soferi_vatmani,negativ,"tramvaiul nr 1, cand a oprit la stație, imediat a pornit, nici n-am reusit sa apas butonul, cred ca se grăbea șoferul",negativ
86,facebook,https://www.facebook.com/ctpiasi?locale=ro_RO,,2021-08-03T15:00:21.000Z,"Chiar acum tramvaiul nr 1, cand a oprit la stație,  imediat a pornit, nici n-am reusit sa apas butonul, cred ca se grăbea șoferul.  

putine accidente avem? cum naibii sa pornești?  Si daca paseam cu un picior?  închidea usile si ma purta pe asfalt pana la următoarea stație? se ce șoferul bine asigura?  un adolescent în comă este puțin ?",siguranta,negativ,cum naibii sa pornești? Si daca paseam cu un picior? închidea usile si ma purta pe asfalt pana la următoarea stație,negativ
87,facebook,https://www.facebook.com/ctpiasi?locale=ro_RO,,2021-07-12T05:17:46.000Z,nu sunt atenți și pleacă repede din stații mai ales la tramvaie.uneori pot pleca cu mana pasagerului și sa îl taraie .rusine,soferi_vatmani,negativ,nu sunt atenți și pleacă repede din stații mai ales la tramvaie,negativ
87,facebook,https://www.facebook.com/ctpiasi?locale=ro_RO,,2021-07-12T05:17:46.000Z,nu sunt atenți și pleacă repede din stații mai ales la tramvaie.uneori pot pleca cu mana pasagerului și sa îl taraie .rusine,siguranta,negativ,uneori pot pleca cu mana pasagerului și sa îl taraie,negativ
88,facebook,https://www.facebook.com/ctpiasi?locale=ro_RO,,2021-06-03T03:33:39.000Z,"Niște șoferi de-al dreptu nesimțiți.Alerg să prind tramvaiul la capăt de linie,apăs de 10 ori pe buton,mai stau vreo 10 secunde și pleacă.Nesimtire mare.",soferi_vatmani,negativ,"Alerg să prind tramvaiul la capăt de linie, apăs de 10 ori pe buton, mai stau vreo 10 secunde și pleacă",negativ
89,facebook,https://www.facebook.com/ctpiasi?locale=ro_RO,,2021-05-28T06:10:34.000Z,"28 mai 2021, aproximativ 8,30, ruta 30b, autobuz IS 11 XKL, 1956 indicativ : conducător auto care nu se asigura în oglinzi, prinde antebratul unui calator care încearcă sa urce pe ușa din spate, insista...calatorul reușește sa se desprindă...chiar asa am ajuns ?",soferi_vatmani,negativ,"conducător auto care nu se asigura în oglinzi, prinde antebratul unui calator care încearcă sa urce pe ușa din spate, insista",negativ
89,facebook,https://www.facebook.com/ctpiasi?locale=ro_RO,,2021-05-28T06:10:34.000Z,"28 mai 2021, aproximativ 8,30, ruta 30b, autobuz IS 11 XKL, 1956 indicativ : conducător auto care nu se asigura în oglinzi, prinde antebratul unui calator care încearcă sa urce pe ușa din spate, insista...calatorul reușește sa se desprindă...chiar asa am ajuns ?",siguranta,negativ,"prinde antebratul unui calator care încearcă sa urce pe ușa din spate, insista, calatorul reușește sa se desprindă",negativ
90,facebook,https://www.facebook.com/ctpiasi?locale=ro_RO,,2021-05-21T13:46:10.000Z,"Cum sa se stea in fiecare zi câte jumătate de oră sa aștepți un autobuz, pe orice traseu și sa nu se ia masuri? Înțelegem, ore de vârf, aglomerația din anumite zone... Dar a devenit o obișnuință să treacă extrem de rar câte un autobuz...si acela plin, bineînțeles. Groaznice servicii oferiți în ultima vreme!",frecventa,negativ,"câte jumătate de oră sa aștepți un autobuz, pe orice traseu, a devenit o obișnuință să treacă extrem de rar câte un autobuz",negativ
90,facebook,https://www.facebook.com/ctpiasi?locale=ro_RO,,2021-05-21T13:46:10.000Z,"Cum sa se stea in fiecare zi câte jumătate de oră sa aștepți un autobuz, pe orice traseu și sa nu se ia masuri? Înțelegem, ore de vârf, aglomerația din anumite zone... Dar a devenit o obișnuință să treacă extrem de rar câte un autobuz...si acela plin, bineînțeles. Groaznice servicii oferiți în ultima vreme!",aglomeratie,negativ,"acela plin, bineînțeles",negativ
91,facebook,https://www.facebook.com/ctpiasi?locale=ro_RO,,2021-05-20T06:16:54.000Z,"50-60 de minute, timpul de așteptare pentru un 27. Oră în care nu trece nici 41, nici 44, deci o oră moartã pe traseul respectiv. Când suni să faci reclamație ți se răspunde sec: domnul primar a dispus să circule autobuzele  din jumătate în jumătate de oră doar după ora 9. Mna. Oricui a fost ideea, felicitări. Ești ""omul "" zilei!",frecventa,negativ,"50-60 de minute, timpul de așteptare pentru un 27, o oră moartă pe traseul respectiv",negativ
91,facebook,https://www.facebook.com/ctpiasi?locale=ro_RO,,2021-05-20T06:16:54.000Z,"50-60 de minute, timpul de așteptare pentru un 27. Oră în care nu trece nici 41, nici 44, deci o oră moartã pe traseul respectiv. Când suni să faci reclamație ți se răspunde sec: domnul primar a dispus să circule autobuzele  din jumătate în jumătate de oră doar după ora 9. Mna. Oricui a fost ideea, felicitări. Ești ""omul "" zilei!",relatii_clienti,negativ,când suni să faci reclamație ți se răspunde sec: domnul primar a dispus să circule autobuzele din jumătate în jumătate de oră doar după ora 9,negativ
92,facebook,https://www.facebook.com/ctpiasi?locale=ro_RO,,2021-05-11T14:00:07.000Z,"Deplorabil... Cel mai prost serviciu de transport public. S-a redus numarul de autobuze? Autobuze care vin din 30 in 30 de minute pe orice ruta si supra mega aglomerate. Peste masura sa mergi din Tomesti in Pacurari ai nevoie de 2 h.
Nu luati masuri? Nu face nimeni nimic spre a fi mai bine, eventual reduceti numarul de autobuze ca nu aveti buget.",frecventa,negativ,Autobuze care vin din 30 in 30 de minute pe orice ruta,negativ
92,facebook,https://www.facebook.com/ctpiasi?locale=ro_RO,,2021-05-11T14:00:07.000Z,"Deplorabil... Cel mai prost serviciu de transport public. S-a redus numarul de autobuze? Autobuze care vin din 30 in 30 de minute pe orice ruta si supra mega aglomerate. Peste masura sa mergi din Tomesti in Pacurari ai nevoie de 2 h.
Nu luati masuri? Nu face nimeni nimic spre a fi mai bine, eventual reduceti numarul de autobuze ca nu aveti buget.",aglomeratie,negativ,supra mega aglomerate,negativ
92,facebook,https://www.facebook.com/ctpiasi?locale=ro_RO,,2021-05-11T14:00:07.000Z,"Deplorabil... Cel mai prost serviciu de transport public. S-a redus numarul de autobuze? Autobuze care vin din 30 in 30 de minute pe orice ruta si supra mega aglomerate. Peste masura sa mergi din Tomesti in Pacurari ai nevoie de 2 h.
Nu luati masuri? Nu face nimeni nimic spre a fi mai bine, eventual reduceti numarul de autobuze ca nu aveti buget.",organizare,negativ,"S-a redus numarul de autobuze, nu luati masuri",negativ
93,facebook,https://www.facebook.com/ctpiasi?locale=ro_RO,,2021-05-10T08:56:18.000Z,Timp de așteptare pentru un autobuz spre independentei 25 minute?!? Dar trec doua spre canta unul după celălalt. Șoferii nu poarta masca și nu respecta calatorii!!,frecventa,negativ,"Timp de așteptare pentru un autobuz spre independentei 25 minute, trec doua spre canta unul după celălalt",negativ
93,facebook,https://www.facebook.com/ctpiasi?locale=ro_RO,,2021-05-10T08:56:18.000Z,Timp de așteptare pentru un autobuz spre independentei 25 minute?!? Dar trec doua spre canta unul după celălalt. Șoferii nu poarta masca și nu respecta calatorii!!,soferi_vatmani,negativ,Șoferii nu poarta masca și nu respecta calatorii,negativ
94,facebook,https://www.facebook.com/ctpiasi?locale=ro_RO,,2021-04-22T08:46:06.000Z,"Puneți-vă angajații să își facă treaba! Fata mea a compostat acest bilet la ora 7:50, iar pe el scrie clar 4:50!! Dacă venea vreun controlor și primea amendă pe degeaba, nu o plătea șoferul care nu și-a făcut treaba! De ce nu îi verificați dacă își fac treaba? Doar aveți camere de supraveghere în autobuz și nu ar trebui decât să faceți câteva click-uri cu mouse-ul. V-ați schimbat voi numele dar tot incompetenți ați rămas!",validare_bilete,negativ,"fata mea a compostat biletul la ora 7:50, iar pe el scrie clar 4:50",negativ
94,facebook,https://www.facebook.com/ctpiasi?locale=ro_RO,,2021-04-22T08:46:06.000Z,"Puneți-vă angajații să își facă treaba! Fata mea a compostat acest bilet la ora 7:50, iar pe el scrie clar 4:50!! Dacă venea vreun controlor și primea amendă pe degeaba, nu o plătea șoferul care nu și-a făcut treaba! De ce nu îi verificați dacă își fac treaba? Doar aveți camere de supraveghere în autobuz și nu ar trebui decât să faceți câteva click-uri cu mouse-ul. V-ați schimbat voi numele dar tot incompetenți ați rămas!",organizare,negativ,De ce nu îi verificați dacă își fac treaba? Doar aveți camere de supraveghere în autobuz,negativ
95,facebook,https://www.facebook.com/ctpiasi?locale=ro_RO,,2021-03-31T08:51:03.000Z,"Autobuzele sunt pline, calatorii isi respira unii altora in fata. Ati putea sa le suplimentati macar la orele de varf sau sa terminati lucrarile la liniile de tramvai ca sa mai decongestionati traficul acolo unde este posibil. Iar purtarea mastii peste gura si peste nas este obligatorie pentru toti, inclusiv pentru controlori!",aglomeratie,negativ,"Autobuzele sunt pline, calatorii isi respira unii altora in fata",negativ
95,facebook,https://www.facebook.com/ctpiasi?locale=ro_RO,,2021-03-31T08:51:03.000Z,"Autobuzele sunt pline, calatorii isi respira unii altora in fata. Ati putea sa le suplimentati macar la orele de varf sau sa terminati lucrarile la liniile de tramvai ca sa mai decongestionati traficul acolo unde este posibil. Iar purtarea mastii peste gura si peste nas este obligatorie pentru toti, inclusiv pentru controlori!",frecventa,negativ,suplimentati macar la orele de varf,negativ
96,facebook,https://www.facebook.com/ctpiasi?locale=ro_RO,,2021-03-01T18:55:40.000Z,Stai 30 minute in statie să aștepți un autobuz in 2021.....,frecventa,negativ,Stai 30 minute in statie să aștepți un autobuz in 2021,negativ
97,facebook,https://www.facebook.com/ctpiasi?locale=ro_RO,,2021-01-29T09:37:36.000Z,Dar cu autobuzele ce facem?! Acum 3 zile am stat in statie Bahlui spre Dacia  55 minute așteptând autobuzul 5 la ora 16°°..am sunat și am făcut reclamație și nici un răspuns concret..a spus că sunt 5 autobuze pe traseul 5.....e normal așa ceva....și seara la ora 21 la fel stam.in statie până la și 21-25...😡😡,frecventa,negativ,"am stat in statie 55 minute așteptând autobuzul 5 la ora 16, seara la ora 21 la fel stam in statie",negativ
97,facebook,https://www.facebook.com/ctpiasi?locale=ro_RO,,2021-01-29T09:37:36.000Z,Dar cu autobuzele ce facem?! Acum 3 zile am stat in statie Bahlui spre Dacia  55 minute așteptând autobuzul 5 la ora 16°°..am sunat și am făcut reclamație și nici un răspuns concret..a spus că sunt 5 autobuze pe traseul 5.....e normal așa ceva....și seara la ora 21 la fel stam.in statie până la și 21-25...😡😡,relatii_clienti,negativ,am sunat și am făcut reclamație și nici un răspuns concret,negativ
98,facebook,https://www.facebook.com/ctpiasi?locale=ro_RO,,2021-01-21T15:45:30.000Z,Totul. Totul trebuie îmbunătățit. De la director la ultima piuliță de la Cel mai vechi tramvai.,organizare,negativ,Totul trebuie îmbunătățit. De la director la ultima piuliță de la cel mai vechi tramvai,negativ
99,facebook,https://www.facebook.com/ctpiasi?locale=ro_RO,,2021-01-18T16:29:45.000Z,"Da-o in mă-sa, nu aveți case deschise, aparatele nu vă merg, în aplicație nu pot lua abonament pentru 30 de zile. Merg jumătate de oraș pentru un abonament sau un set de bilete.",validare_bilete,negativ,"nu aveți case deschise, aparatele nu vă merg, în aplicație nu pot lua abonament pentru 30 de zile. Merg jumătate de oraș pentru un abonament sau un set de bilete",negativ
100,facebook,https://www.facebook.com/ctpiasi?locale=ro_RO,,2020-08-15T20:52:27.000Z,"Buna seara. Astazi, 15.08.2020, in jurul orei 23.00, am ajuns la Capat Dancu, in statia de tramvai, mergând cu cursa speciala ce merge înspre Dancu.. Eram impreuna cu sora mea si cu logodnica mea, ajungem in statie, moment in care le las pe ele doua sa coboare, iar in clipa in care dau si eu sa cobor, mi se inchide usa in fata, imi retrag repede piciorul incat sa nu-mi fie prins intre cele doua usi, iar autobuzul incepe usor a merge, pleca.. In acel moment am tot încercat sa apăs pe fiece buton încât sa mi se poata deschide usa si sa cobor... Usa nu s-a deschis iar autobuzul a pornit.. Incep sa-l strig pe soferul in cauza, sa-l rog sa-mi deschida usa, moment in care el mi-a raspuns cu nonșalanță, initial, sa ma îndrept spre ieșirea din mijloc, eu fiind in partea din spate a masini.. Ma îndrept repede spre ieșirea din mijloc iar acesta tot nu-mi deschide usa.. Incerc iarasi sa insist, ca mai apoi, speriat fiind si totodata indignat, nervos, pe situația in cauza, am ridicat vocea incat sa ma auda soferul si l-am rugat din nou sa oprească mijlocul de transport... Acesta imi raspunde cu "" nu se coboară aici! "" , fapt ce m-a deranjat si mai tare si i-am spus acestuia ca am vrut, dat, sa cobor in Dancu, dar ca acesta mi-a închis usa in nas, si am insistat din nou, mai tare, ca acesta sa-mi deschisă usa... Intr-un final ma lasa la o oarecare distanta si imi transmite sa "" cobor d******i mai repede.. 
Nu mi se pare normal sa se întâmple astfel de situații in cadrul unei firme de transport public ce ar trebui, teoretic, sa ofere călătorilor ideea de siguranta, cat si călătoria intr-un mediu decent, si totodata nu este deloc ok faptul ca am ajuns sa fiu jignit, fara moriv, de acest individ, mai ales avand in vedere cati bani investeste fiece persoana in aceasta firma, lunar, incat sa poata calatori... 
Aceasta nu este prima situatie de genul peste care am dat in cadrul Ctp-ului, dar garantat o sa fie ultima. 
Din pacate o sa fiu nevoit sa fac o plângere, reclamatie, in urma acestor intamplari pentru ca nu este deloc ok ce s-a intamplat.... Si daca nu se întâmplă nimic, in caz contrar, sunt dispus sa merg mai departe.",soferi_vatmani,negativ,"mi se inchide usa in fata, autobuzul pornit, nu-mi deschide usa, imi transmite sa cobor d******i mai repede",negativ
100,facebook,https://www.facebook.com/ctpiasi?locale=ro_RO,,2020-08-15T20:52:27.000Z,"Buna seara. Astazi, 15.08.2020, in jurul orei 23.00, am ajuns la Capat Dancu, in statia de tramvai, mergând cu cursa speciala ce merge înspre Dancu.. Eram impreuna cu sora mea si cu logodnica mea, ajungem in statie, moment in care le las pe ele doua sa coboare, iar in clipa in care dau si eu sa cobor, mi se inchide usa in fata, imi retrag repede piciorul incat sa nu-mi fie prins intre cele doua usi, iar autobuzul incepe usor a merge, pleca.. In acel moment am tot încercat sa apăs pe fiece buton încât sa mi se poata deschide usa si sa cobor... Usa nu s-a deschis iar autobuzul a pornit.. Incep sa-l strig pe soferul in cauza, sa-l rog sa-mi deschida usa, moment in care el mi-a raspuns cu nonșalanță, initial, sa ma îndrept spre ieșirea din mijloc, eu fiind in partea din spate a masini.. Ma îndrept repede spre ieșirea din mijloc iar acesta tot nu-mi deschide usa.. Incerc iarasi sa insist, ca mai apoi, speriat fiind si totodata indignat, nervos, pe situația in cauza, am ridicat vocea incat sa ma auda soferul si l-am rugat din nou sa oprească mijlocul de transport... Acesta imi raspunde cu "" nu se coboară aici! "" , fapt ce m-a deranjat si mai tare si i-am spus acestuia ca am vrut, dat, sa cobor in Dancu, dar ca acesta mi-a închis usa in nas, si am insistat din nou, mai tare, ca acesta sa-mi deschisă usa... Intr-un final ma lasa la o oarecare distanta si imi transmite sa "" cobor d******i mai repede.. 
Nu mi se pare normal sa se întâmple astfel de situații in cadrul unei firme de transport public ce ar trebui, teoretic, sa ofere călătorilor ideea de siguranta, cat si călătoria intr-un mediu decent, si totodata nu este deloc ok faptul ca am ajuns sa fiu jignit, fara moriv, de acest individ, mai ales avand in vedere cati bani investeste fiece persoana in aceasta firma, lunar, incat sa poata calatori... 
Aceasta nu este prima situatie de genul peste care am dat in cadrul Ctp-ului, dar garantat o sa fie ultima. 
Din pacate o sa fiu nevoit sa fac o plângere, reclamatie, in urma acestor intamplari pentru ca nu este deloc ok ce s-a intamplat.... Si daca nu se întâmplă nimic, in caz contrar, sunt dispus sa merg mai departe.",siguranta,negativ,"in clipa in care dau si eu sa cobor, mi se inchide usa in fata, imi retrag repede piciorul incat sa nu-mi fie prins intre cele doua usi",negativ
101,facebook,https://www.facebook.com/ctpiasi?locale=ro_RO,,2020-08-07T04:58:36.000Z,"Va rog sa suplimentați autobuzele dacă tot aveți aceasta regula de urca doar 10 oameni. Nu mi se pare firesc sa stau jumătate de ora in stație și sa fiu nevoită in final sa iau in taxi pentru a ajunge la munca la timp. Am sa vin sa îmi decontati abonamentul, pentru ca ce sa vedeți.... nu am ocazia sa îl folosesc... merg cu taxi sau pe jos. 

Căutați o modalitate de a soluționa probelma asta pentru ca este un disconfort foarte mare pentru locuitorii orașului și un motiv in plus de stres și nervi dimineața.",frecventa,negativ,stau jumătate de ora in stație și sa fiu nevoită in final sa iau un taxi pentru a ajunge la munca la timp,negativ
101,facebook,https://www.facebook.com/ctpiasi?locale=ro_RO,,2020-08-07T04:58:36.000Z,"Va rog sa suplimentați autobuzele dacă tot aveți aceasta regula de urca doar 10 oameni. Nu mi se pare firesc sa stau jumătate de ora in stație și sa fiu nevoită in final sa iau in taxi pentru a ajunge la munca la timp. Am sa vin sa îmi decontati abonamentul, pentru ca ce sa vedeți.... nu am ocazia sa îl folosesc... merg cu taxi sau pe jos. 

Căutați o modalitate de a soluționa probelma asta pentru ca este un disconfort foarte mare pentru locuitorii orașului și un motiv in plus de stres și nervi dimineața.",aglomeratie,negativ,aveți aceasta regula de urca doar 10 oameni,negativ
102,facebook,https://www.facebook.com/ctpiasi?locale=ro_RO,,2020-08-06T08:06:01.000Z,"Tonomatele.voastre de bilete nu fac altceva decât să mănânce banii , fără a primi biletul...Nu mai zic de faptul că poți pleca si cu o oră de acasă către serviciu,  tot întârzii..ati băgat o regulă imposibilă...azi am coborât ca ati dat bătrânii jos din 28 pe.motiv ca doar cine are loc pe scaun stă, am înțeles,  dar suplimentati autobuzele !",validare_bilete,negativ,"Tonomatele voastre de bilete nu fac altceva decât să mănânce banii, fără a primi biletul",negativ
102,facebook,https://www.facebook.com/ctpiasi?locale=ro_RO,,2020-08-06T08:06:01.000Z,"Tonomatele.voastre de bilete nu fac altceva decât să mănânce banii , fără a primi biletul...Nu mai zic de faptul că poți pleca si cu o oră de acasă către serviciu,  tot întârzii..ati băgat o regulă imposibilă...azi am coborât ca ati dat bătrânii jos din 28 pe.motiv ca doar cine are loc pe scaun stă, am înțeles,  dar suplimentati autobuzele !",punctualitate,negativ,"poți pleca si cu o oră de acasă către serviciu, tot întârzii",negativ
102,facebook,https://www.facebook.com/ctpiasi?locale=ro_RO,,2020-08-06T08:06:01.000Z,"Tonomatele.voastre de bilete nu fac altceva decât să mănânce banii , fără a primi biletul...Nu mai zic de faptul că poți pleca si cu o oră de acasă către serviciu,  tot întârzii..ati băgat o regulă imposibilă...azi am coborât ca ati dat bătrânii jos din 28 pe.motiv ca doar cine are loc pe scaun stă, am înțeles,  dar suplimentati autobuzele !",frecventa,negativ,suplimentati autobuzele,negativ
103,facebook,https://www.facebook.com/ctpiasi?locale=ro_RO,,2020-08-05T05:40:12.000Z,Proasta organizare! Se face concurs de prins locuri pe scaune...Incredibil! Suplimentati numarul de autobuze pe traseele aglomerate!!!,aglomeratie,negativ,"Se face concurs de prins locuri pe scaune, suplimentati numarul de autobuze pe traseele aglomerate",negativ
104,facebook,https://www.facebook.com/ctpiasi?locale=ro_RO,,2020-08-03T11:20:53.000Z,"o companie de tot cacatul.
nu se adapteaza nevoilor cetatenilor
restrictii fara creearea conditiilor respectarii legii",organizare,negativ,"nu se adapteaza nevoilor cetatenilor, restrictii fara creearea conditiilor respectarii legii",negativ
105,facebook,https://www.facebook.com/ctpiasi?locale=ro_RO,,2020-07-13T10:19:32.000Z,"Deschideți dracu tonetele cu bilete, daca tot urca jegoșii de controlori, nu nu toată lumea are card si nu in orice stație este pus automat de bilete.",validare_bilete,negativ,"Deschideți dracu tonetele cu bilete, nu toată lumea are card si nu in orice stație este pus automat de bilete",negativ
106,facebook,https://www.facebook.com/ctpiasi?locale=ro_RO,,2020-05-12T09:10:30.000Z,"In fiecare zi aștept in stație 30-45 minute ca să vina un tramvai în care sa nu am loc sa urc. Aloo!!!! Treziți-vă la realitate... Ce modernizare?! Fiecare face ce vrea în tramvai sau autobuz.. Nu se respecta regulile distantare și nici măcar cele de bun simt. Oamenii urca fără mănuși, iar masca a devenit un accesoriu pentru gușă. Ca sa existe distantare între oameni de ce nu suplimentati numărul de mijloace de transport? Dacă stam deja piele lângă piele cu omul care urca fără mănuși și cu masca sub nas este ceva normal? Normal este sa vina tramvaiul mai des ca să poată exista posibilitatea de a mai sta încă 10 minute în stație, dar sa știi ca nu trebuie sa suporți condițiile actuale de transport (zero aer condiționat, zero siguranță în condițiile actuale). În fiecare dimineață la ora 6:30-7:30 toti își arunca injurii pentru ca nu au loc în tramvai. Deci cand o sa avem mijloc transport civilizat și cu condiții de un oraș ce se crede a fi unul important?",frecventa,negativ,In fiecare zi aștept in stație 30-45 minute ca să vina un tramvai în care sa nu am loc sa urc,negativ
106,facebook,https://www.facebook.com/ctpiasi?locale=ro_RO,,2020-05-12T09:10:30.000Z,"In fiecare zi aștept in stație 30-45 minute ca să vina un tramvai în care sa nu am loc sa urc. Aloo!!!! Treziți-vă la realitate... Ce modernizare?! Fiecare face ce vrea în tramvai sau autobuz.. Nu se respecta regulile distantare și nici măcar cele de bun simt. Oamenii urca fără mănuși, iar masca a devenit un accesoriu pentru gușă. Ca sa existe distantare între oameni de ce nu suplimentati numărul de mijloace de transport? Dacă stam deja piele lângă piele cu omul care urca fără mănuși și cu masca sub nas este ceva normal? Normal este sa vina tramvaiul mai des ca să poată exista posibilitatea de a mai sta încă 10 minute în stație, dar sa știi ca nu trebuie sa suporți condițiile actuale de transport (zero aer condiționat, zero siguranță în condițiile actuale). În fiecare dimineață la ora 6:30-7:30 toti își arunca injurii pentru ca nu au loc în tramvai. Deci cand o sa avem mijloc transport civilizat și cu condiții de un oraș ce se crede a fi unul important?",aglomeratie,negativ,stam piele lângă piele cu omul care urca fără mănuși și cu masca sub nas,negativ
106,facebook,https://www.facebook.com/ctpiasi?locale=ro_RO,,2020-05-12T09:10:30.000Z,"In fiecare zi aștept in stație 30-45 minute ca să vina un tramvai în care sa nu am loc sa urc. Aloo!!!! Treziți-vă la realitate... Ce modernizare?! Fiecare face ce vrea în tramvai sau autobuz.. Nu se respecta regulile distantare și nici măcar cele de bun simt. Oamenii urca fără mănuși, iar masca a devenit un accesoriu pentru gușă. Ca sa existe distantare între oameni de ce nu suplimentati numărul de mijloace de transport? Dacă stam deja piele lângă piele cu omul care urca fără mănuși și cu masca sub nas este ceva normal? Normal este sa vina tramvaiul mai des ca să poată exista posibilitatea de a mai sta încă 10 minute în stație, dar sa știi ca nu trebuie sa suporți condițiile actuale de transport (zero aer condiționat, zero siguranță în condițiile actuale). În fiecare dimineață la ora 6:30-7:30 toti își arunca injurii pentru ca nu au loc în tramvai. Deci cand o sa avem mijloc transport civilizat și cu condiții de un oraș ce se crede a fi unul important?",confort_termic,negativ,zero aer condiționat,negativ
108,facebook,https://www.facebook.com/ctpiasi?locale=ro_RO,,2020-03-30T19:19:07.000Z,"multumesc domnului vatman care la ora asta tarzie din noapte (22:10) nu s-a sinchisit sa opreasca cateva secunde in statia dr. Savini. era mult prea grabit sa ajunga la depou. degeaba ai masca, degeaba ai manusi, degeaba ai cardul pregatit si degeaba esti inghetat de frig dupa vreo 20 de minute de asteptat. nu-i bai, in restul minutelor cat mai am de asteptat o sa ma sterg de praful care mi s-a pus pe haine, dupa ce a ridicat mare colb, la ce viteza avea. pe timp de criza sunteti mare leguma (varza).",soferi_vatmani,negativ,"nu s-a sinchisit sa opreasca cateva secunde in statia dr. Savini, era mult prea grabit sa ajunga la depou",negativ
108,facebook,https://www.facebook.com/ctpiasi?locale=ro_RO,,2020-03-30T19:19:07.000Z,"multumesc domnului vatman care la ora asta tarzie din noapte (22:10) nu s-a sinchisit sa opreasca cateva secunde in statia dr. Savini. era mult prea grabit sa ajunga la depou. degeaba ai masca, degeaba ai manusi, degeaba ai cardul pregatit si degeaba esti inghetat de frig dupa vreo 20 de minute de asteptat. nu-i bai, in restul minutelor cat mai am de asteptat o sa ma sterg de praful care mi s-a pus pe haine, dupa ce a ridicat mare colb, la ce viteza avea. pe timp de criza sunteti mare leguma (varza).",frecventa,negativ,degeaba esti inghetat de frig dupa vreo 20 de minute de asteptat,negativ
108,facebook,https://www.facebook.com/ctpiasi?locale=ro_RO,,2020-03-30T19:19:07.000Z,"multumesc domnului vatman care la ora asta tarzie din noapte (22:10) nu s-a sinchisit sa opreasca cateva secunde in statia dr. Savini. era mult prea grabit sa ajunga la depou. degeaba ai masca, degeaba ai manusi, degeaba ai cardul pregatit si degeaba esti inghetat de frig dupa vreo 20 de minute de asteptat. nu-i bai, in restul minutelor cat mai am de asteptat o sa ma sterg de praful care mi s-a pus pe haine, dupa ce a ridicat mare colb, la ce viteza avea. pe timp de criza sunteti mare leguma (varza).",confort_termic,negativ,inghetat de frig dupa vreo 20 de minute de asteptat,negativ
109,facebook,https://www.facebook.com/ctpiasi?locale=ro_RO,,2020-03-25T17:58:42.000Z,"Companie de transport public condusă de incompetenți! Daca atunci când nu era nici o stare de urgență, transportul era gestionat în așa fel încât majoritatea mijloacelor de transport având în mare parte aceleași trasee (ex: tramvaiul 9, autobuzele 28 și 41, plus altele) sa treacă toate în același timp, acum când este situație de urgență și vrea să se asigure transport cadrelor medicale și personalului farmaciilor, s-a stabilit inițial un program care nu coincidea cu cerințele oamenilor. când s-a modificat orarul, s-au anulat unele linii (tramvaiele 1, 7 și 13 de exemplu) care fac legătura între centrul orașului și centrul comercial Felicia, unde avem 3 farmacii! Iar ca și cum nu ar fi fost de ajuns, acum stam in statia Elena Doamna așteptând cursa specială care ar fi trebuit să ne facă conexiunea cu a doua cursa specială, in Țuțora, pentru a ajunge la munca in Felicia, autobuzul nu a oprit!
Sunteți de o incompetență patetică!",organizare,negativ,"majoritatea mijloacelor de transport cu aceleași trasee să treacă toate în același timp, s-a stabilit un program care nu coincidea cu cerințele oamenilor",negativ
109,facebook,https://www.facebook.com/ctpiasi?locale=ro_RO,,2020-03-25T17:58:42.000Z,"Companie de transport public condusă de incompetenți! Daca atunci când nu era nici o stare de urgență, transportul era gestionat în așa fel încât majoritatea mijloacelor de transport având în mare parte aceleași trasee (ex: tramvaiul 9, autobuzele 28 și 41, plus altele) sa treacă toate în același timp, acum când este situație de urgență și vrea să se asigure transport cadrelor medicale și personalului farmaciilor, s-a stabilit inițial un program care nu coincidea cu cerințele oamenilor. când s-a modificat orarul, s-au anulat unele linii (tramvaiele 1, 7 și 13 de exemplu) care fac legătura între centrul orașului și centrul comercial Felicia, unde avem 3 farmacii! Iar ca și cum nu ar fi fost de ajuns, acum stam in statia Elena Doamna așteptând cursa specială care ar fi trebuit să ne facă conexiunea cu a doua cursa specială, in Țuțora, pentru a ajunge la munca in Felicia, autobuzul nu a oprit!
Sunteți de o incompetență patetică!",acoperire_rute,negativ,"s-au anulat unele linii (tramvaiele 1, 7 și 13) care fac legătura între centrul orașului și centrul comercial Felicia",negativ
109,facebook,https://www.facebook.com/ctpiasi?locale=ro_RO,,2020-03-25T17:58:42.000Z,"Companie de transport public condusă de incompetenți! Daca atunci când nu era nici o stare de urgență, transportul era gestionat în așa fel încât majoritatea mijloacelor de transport având în mare parte aceleași trasee (ex: tramvaiul 9, autobuzele 28 și 41, plus altele) sa treacă toate în același timp, acum când este situație de urgență și vrea să se asigure transport cadrelor medicale și personalului farmaciilor, s-a stabilit inițial un program care nu coincidea cu cerințele oamenilor. când s-a modificat orarul, s-au anulat unele linii (tramvaiele 1, 7 și 13 de exemplu) care fac legătura între centrul orașului și centrul comercial Felicia, unde avem 3 farmacii! Iar ca și cum nu ar fi fost de ajuns, acum stam in statia Elena Doamna așteptând cursa specială care ar fi trebuit să ne facă conexiunea cu a doua cursa specială, in Țuțora, pentru a ajunge la munca in Felicia, autobuzul nu a oprit!
Sunteți de o incompetență patetică!",punctualitate,negativ,"cursa specială care ar fi trebuit să ne facă conexiunea, autobuzul nu a oprit",negativ
110,facebook,https://www.facebook.com/ctpiasi?locale=ro_RO,,2020-03-24T05:59:44.000Z,Program de criza pana la ora 8 și autobuzele se retrag la garaj de la 7 jum. Va bateti joc de oameni. Soferi care ne iau in ras ca stam in statii. Pic de respect nu aveti pentru cetățeni!!!,punctualitate,negativ,Program de criza pana la ora 8 și autobuzele se retrag la garaj de la 7 jum,negativ
110,facebook,https://www.facebook.com/ctpiasi?locale=ro_RO,,2020-03-24T05:59:44.000Z,Program de criza pana la ora 8 și autobuzele se retrag la garaj de la 7 jum. Va bateti joc de oameni. Soferi care ne iau in ras ca stam in statii. Pic de respect nu aveti pentru cetățeni!!!,soferi_vatmani,negativ,Soferi care ne iau in ras ca stam in statii,negativ
111,facebook,https://www.facebook.com/ctpiasi?locale=ro_RO,,2020-03-20T13:50:24.000Z,"Respect pt ceea ce faceti!
 Va mulțumesc pt promptitudinea de care ati dat dovada si de profesionalismul cu care ati tratat situatia angajatilor Era in aceste momente de criza.
Avem si companii care isi merita tot respectul!",relatii_clienti,pozitiv,Va mulțumesc pt promptitudinea de care ati dat dovada si de profesionalismul cu care ati tratat situatia angajatilor Era in aceste momente de criza,pozitiv
112,facebook,https://www.facebook.com/ctpiasi?locale=ro_RO,,2020-03-01T20:12:50.000Z,Cei care nu lucreaza la tonete in weekend merita sa li se ia din salariu!,validare_bilete,negativ,Cei care nu lucreaza la tonete in weekend merita sa li se ia din salariu,negativ
114,facebook,https://www.facebook.com/ctpiasi?locale=ro_RO,,2020-02-06T15:28:55.000Z,niste hoti de controlori la ctp,controlori,negativ,niste hoti de controlori la ctp,negativ
115,facebook,https://www.facebook.com/ctpiasi?locale=ro_RO,,2020-02-05T15:34:22.000Z,"Nu pot sa recomand din cauza situației din zona CUG, este singura zona în care circula aproape numai  autobuze vechi(pe toate rutele), este de neînțeles, în restul zonelor vad autobuze noi, în mare parte, dar in zona Cug numai vechituri. Nu pot sa înțeleg căre i motivul...",stare_vehicule,negativ,"în zona CUG circula aproape numai autobuze vechi, în restul zonelor vad autobuze noi, în mare parte, dar in zona Cug numai vechituri",negativ
116,facebook,https://www.facebook.com/ctpiasi?locale=ro_RO,,2020-01-30T07:56:30.000Z,"Autobuzul pe linia 42 cu nr de înmatriculare   IS 11 XKI nu a oprit în stația de la sindicate, deși avea călători. A intrat în alveola pentru autobuze, moment în care oamenii din stație s-au îndreptat spre uși și apoi a plecat, manevră deloc sigură pentru acei călători.",soferi_vatmani,negativ,"Autobuzul pe linia 42 nu a oprit în stația de la sindicate, deși avea călători. A intrat în alveola, oamenii s-au îndreptat spre uși și apoi a plecat",negativ
116,facebook,https://www.facebook.com/ctpiasi?locale=ro_RO,,2020-01-30T07:56:30.000Z,"Autobuzul pe linia 42 cu nr de înmatriculare   IS 11 XKI nu a oprit în stația de la sindicate, deși avea călători. A intrat în alveola pentru autobuze, moment în care oamenii din stație s-au îndreptat spre uși și apoi a plecat, manevră deloc sigură pentru acei călători.",siguranta,negativ,manevră deloc sigură pentru acei călători,negativ
117,facebook,https://www.facebook.com/ctpiasi?locale=ro_RO,,2020-01-24T11:33:31.000Z,"Sa nu fie indiferenta la calatorii care au gratuitati sau care circula fraudulos deoarece acestia sunt primii care deterioreaza scaunele si agreseaza calatorii,le sustrag obiecte...",siguranta,negativ,"calatorii care au gratuitati sau care circula fraudulos deterioreaza scaunele si agreseaza calatorii, le sustrag obiecte",negativ
117,facebook,https://www.facebook.com/ctpiasi?locale=ro_RO,,2020-01-24T11:33:31.000Z,"Sa nu fie indiferenta la calatorii care au gratuitati sau care circula fraudulos deoarece acestia sunt primii care deterioreaza scaunele si agreseaza calatorii,le sustrag obiecte...",controlori,negativ,Sa nu fie indiferenta la calatorii care circula fraudulos,negativ
118,facebook,https://www.facebook.com/ctpiasi?locale=ro_RO,,2020-01-21T07:23:06.000Z,Pentru ca m-am urcat chiar azi intrav141 și era fortefffffff murdar cu un miros puternic și vatmanu state de vorba cu o persona 5 stați cit am mers  Nu este de mers cu așa mijloce de traport,curatenie,negativ,era fortefffffff murdar cu un miros puternic,negativ
118,facebook,https://www.facebook.com/ctpiasi?locale=ro_RO,,2020-01-21T07:23:06.000Z,Pentru ca m-am urcat chiar azi intrav141 și era fortefffffff murdar cu un miros puternic și vatmanu state de vorba cu o persona 5 stați cit am mers  Nu este de mers cu așa mijloce de traport,soferi_vatmani,negativ,vatmanu state de vorba cu o persona 5 stați cit am mers,negativ
119,facebook,https://www.facebook.com/ctpiasi?locale=ro_RO,,2020-01-20T08:25:54.000Z,Nici macar caldura nu vor sa dea!!!!!! 😠 😠 😠 😠 😠 😠 😠 😠 😠 😠 😠 😠 😠 😠 😠 😠 😠 😠 😠 😠 😠 😠 😠,confort_termic,negativ,Nici macar caldura nu vor sa dea,negativ
120,facebook,https://www.facebook.com/ctpiasi?locale=ro_RO,,2020-01-14T18:54:53.000Z,"Oameni incapabili de a lucra în acest domeniu! Nu sunt respectate persoanele care folosesc transportul în comun. Înainte de a face angajări, asigurați-vă că noii angajați au respect față de oameni!",relatii_clienti,negativ,"Nu sunt respectate persoanele care folosesc transportul în comun. Înainte de a face angajări, asigurați-vă că noii angajați au respect față de oameni",negativ
121,facebook,https://www.facebook.com/ctpiasi?locale=ro_RO,,2020-01-13T09:43:26.000Z,Stau de 30 de min in statia  podul de piatră  și nu a trecut nici un 5. Unde stati nebunilor. Intre  timp trece numai autobuzul 19 de 4 ori pana acum .,frecventa,negativ,"Stau de 30 de min in statia podul de piatră și nu a trecut nici un 5, intre timp trece numai autobuzul 19 de 4 ori",negativ
122,facebook,https://www.facebook.com/ctpiasi?locale=ro_RO,,2019-12-23T09:10:27.000Z,jalnic...stai in statie cate 40 de min și după vine un autobuz plin de sardine... vi se pare normal?,frecventa,negativ,stai in statie cate 40 de min,negativ
122,facebook,https://www.facebook.com/ctpiasi?locale=ro_RO,,2019-12-23T09:10:27.000Z,jalnic...stai in statie cate 40 de min și după vine un autobuz plin de sardine... vi se pare normal?,aglomeratie,negativ,vine un autobuz plin de sardine,negativ
123,facebook,https://www.facebook.com/ctpiasi?locale=ro_RO,,2019-12-18T16:51:20.000Z,"Servicii bune, tarife bune, bine gandit sistemul insa exista o mare problema ce ar merita mai multa atentie.
Autobuzul nr. 36, unul dintre cele mai aglomerate si utilizate din Iasi circula foarte greu! De fiecare data autobuzul este plin, mai ales atunci cand coboara Copoul si cand pleaca de la gara iar oamenii sunt nevoiti sa astepte chiar si 2 3 autobuze pentru a reusi sa urce. Eu personal am patit sa pierd trenul de 2 ori desi eram in statie cu o ora mai devreme si sa dureze o ora sa ajung de la gara in Copou datorita acestei probleme. Ar trebui suplimentat numai de cat nr autobuzelor pe acest traseu pentru ca desi sunt mereu pline, circula foarte foarte greu!",pret,pozitiv,tarife bune,negativ
123,facebook,https://www.facebook.com/ctpiasi?locale=ro_RO,,2019-12-18T16:51:20.000Z,"Servicii bune, tarife bune, bine gandit sistemul insa exista o mare problema ce ar merita mai multa atentie.
Autobuzul nr. 36, unul dintre cele mai aglomerate si utilizate din Iasi circula foarte greu! De fiecare data autobuzul este plin, mai ales atunci cand coboara Copoul si cand pleaca de la gara iar oamenii sunt nevoiti sa astepte chiar si 2 3 autobuze pentru a reusi sa urce. Eu personal am patit sa pierd trenul de 2 ori desi eram in statie cu o ora mai devreme si sa dureze o ora sa ajung de la gara in Copou datorita acestei probleme. Ar trebui suplimentat numai de cat nr autobuzelor pe acest traseu pentru ca desi sunt mereu pline, circula foarte foarte greu!",frecventa,negativ,"autobuzul este plin, oamenii sunt nevoiti sa astepte chiar si 2 3 autobuze pentru a reusi sa urce, circula foarte foarte greu",negativ
123,facebook,https://www.facebook.com/ctpiasi?locale=ro_RO,,2019-12-18T16:51:20.000Z,"Servicii bune, tarife bune, bine gandit sistemul insa exista o mare problema ce ar merita mai multa atentie.
Autobuzul nr. 36, unul dintre cele mai aglomerate si utilizate din Iasi circula foarte greu! De fiecare data autobuzul este plin, mai ales atunci cand coboara Copoul si cand pleaca de la gara iar oamenii sunt nevoiti sa astepte chiar si 2 3 autobuze pentru a reusi sa urce. Eu personal am patit sa pierd trenul de 2 ori desi eram in statie cu o ora mai devreme si sa dureze o ora sa ajung de la gara in Copou datorita acestei probleme. Ar trebui suplimentat numai de cat nr autobuzelor pe acest traseu pentru ca desi sunt mereu pline, circula foarte foarte greu!",aglomeratie,negativ,"De fiecare data autobuzul este plin, mai ales atunci cand coboara Copoul si cand pleaca de la gara",negativ
124,facebook,https://www.facebook.com/ctpiasi?locale=ro_RO,,2019-12-13T05:42:48.000Z,"Sa fie puse in circulatie autobuze mai multe, la intervale mai scurte. E groaznic ce se intampla dimineata in intervalul 7-8!!!",frecventa,negativ,"Sa fie puse in circulatie autobuze mai multe, la intervale mai scurte. E groaznic ce se intampla dimineata in intervalul 7-8",negativ
125,facebook,https://www.facebook.com/ctpiasi?locale=ro_RO,,2019-12-10T07:46:09.000Z,poti sa mergi oriunde vrei si nu astepti mult in stati am si eu o intrebare poate la anul o sa avem si noi autobuze pe ruta Iasi-Rediu cum au cei din Miroslava,frecventa,pozitiv,poti sa mergi oriunde vrei si nu astepti mult in statie,neutru
125,facebook,https://www.facebook.com/ctpiasi?locale=ro_RO,,2019-12-10T07:46:09.000Z,poti sa mergi oriunde vrei si nu astepti mult in stati am si eu o intrebare poate la anul o sa avem si noi autobuze pe ruta Iasi-Rediu cum au cei din Miroslava,acoperire_rute,negativ,poate la anul o sa avem si noi autobuze pe ruta Iasi-Rediu,neutru
127,facebook,https://www.facebook.com/ctpiasi?locale=ro_RO,,2019-12-05T06:42:35.000Z,"Dacă vrei să iti bați joc de cineva,  il obligi sa circule cu autobuzul 28 la ora 8 dimineața pe ruta Galata - Podu Roș.
Dacă vrei  să îți bați oricum joc de cineva, îl obligi să aștepte un autobuz pe ruta Mircea cel Bătrân- Galata - Gara Internațională  Nicolina ..Podu Roș.",frecventa,negativ,"Dacă vrei să iti bați joc de cineva, il obligi sa circule cu autobuzul 28 la ora 8 dimineața, îl obligi să aștepte un autobuz pe ruta Mircea cel Bătrân-Galata-Gara Internațională Nicolina",negativ
128,facebook,https://www.facebook.com/ctpiasi?locale=ro_RO,,2019-11-29T17:07:29.000Z,"nu mă interesează cum ar putea fi îmbunătățită o pagină de facebook,  mă interesează să circul cu un autobuz decent, care să vină la timp, nu la un interval de timp aiurea, aș vrea să nu îmi între tocul prin podeaua autobuzului, să nu îngheț într o  stație minute în șir,  așteptând",punctualitate,negativ,"să vină la timp, nu la un interval de timp aiurea",negativ
128,facebook,https://www.facebook.com/ctpiasi?locale=ro_RO,,2019-11-29T17:07:29.000Z,"nu mă interesează cum ar putea fi îmbunătățită o pagină de facebook,  mă interesează să circul cu un autobuz decent, care să vină la timp, nu la un interval de timp aiurea, aș vrea să nu îmi între tocul prin podeaua autobuzului, să nu îngheț într o  stație minute în șir,  așteptând",stare_vehicule,negativ,aș vrea să nu îmi între tocul prin podeaua autobuzului,negativ
128,facebook,https://www.facebook.com/ctpiasi?locale=ro_RO,,2019-11-29T17:07:29.000Z,"nu mă interesează cum ar putea fi îmbunătățită o pagină de facebook,  mă interesează să circul cu un autobuz decent, care să vină la timp, nu la un interval de timp aiurea, aș vrea să nu îmi între tocul prin podeaua autobuzului, să nu îngheț într o  stație minute în șir,  așteptând",confort_termic,negativ,"să nu îngheț într o stație minute în șir, așteptând",negativ
129,facebook,https://www.facebook.com/ctpiasi?locale=ro_RO,,2019-11-27T05:26:10.000Z,"27 noiembrie.Stai jumatate de ora in statie,dupa care vin 2 autobuze ambele 30 unul dupa altul,primul foarte aglomerat,astept sa opreasca celalalt care este mai liber,dar surpriza,celalalt nu mai opreste,sau poate inteleg eu gresit ca este datoria lor sa opreasca in fiecare statie!Frumos!",frecventa,negativ,"Stai jumatate de ora in statie, dupa care vin 2 autobuze ambele 30 unul dupa altul",negativ
129,facebook,https://www.facebook.com/ctpiasi?locale=ro_RO,,2019-11-27T05:26:10.000Z,"27 noiembrie.Stai jumatate de ora in statie,dupa care vin 2 autobuze ambele 30 unul dupa altul,primul foarte aglomerat,astept sa opreasca celalalt care este mai liber,dar surpriza,celalalt nu mai opreste,sau poate inteleg eu gresit ca este datoria lor sa opreasca in fiecare statie!Frumos!",aglomeratie,negativ,primul foarte aglomerat,negativ
129,facebook,https://www.facebook.com/ctpiasi?locale=ro_RO,,2019-11-27T05:26:10.000Z,"27 noiembrie.Stai jumatate de ora in statie,dupa care vin 2 autobuze ambele 30 unul dupa altul,primul foarte aglomerat,astept sa opreasca celalalt care este mai liber,dar surpriza,celalalt nu mai opreste,sau poate inteleg eu gresit ca este datoria lor sa opreasca in fiecare statie!Frumos!",soferi_vatmani,negativ,"celalalt nu mai opreste, poate inteleg eu gresit ca este datoria lor sa opreasca in fiecare statie",negativ
130,facebook,https://www.facebook.com/ctpiasi?locale=ro_RO,,2019-11-25T10:00:02.000Z,"Bata-va dumnezeu toti controlorii , niste hahalere 🖕🖕",controlori,negativ,niste hahalere controlori la ctp,negativ
131,facebook,https://www.facebook.com/ctpiasi?locale=ro_RO,,2019-11-18T06:58:20.000Z,"Am piersut programarea la medic asteptand 30 de minute tramvaiul 7. Am vrut sa fiu eco, sa nu iau masina. M am lamurit.",frecventa,negativ,Am piersut programarea la medic asteptand 30 de minute tramvaiul 7,negativ
132,facebook,https://www.facebook.com/ctpiasi?locale=ro_RO,,2019-11-15T09:58:05.000Z,"Stimați călători,
Aș vrea să vă anunț că dacă vă urcați într-un mijloc de transport în comun și credeți că vă puteți plăti călătoria cu cardul bancar vă înșelați amarnic. Dacă POS-ul nu funcționează din vina Compania de Transport Public Iasi sunteți pasibili de amendă că nu v-ați gândit să vă cumpărați și bilet de la tonetă și să vă instalați și aplicația care necesită înrolarea unui card bancar. Am obținut acest răspuns de la cei ce se ocupă de pagina de FB. 
Cu plăcere!",validare_bilete,negativ,dacă vă urcați într-un mijloc de transport și credeți că vă puteți plăti călătoria cu cardul bancar vă înșelați amarnic. Dacă POS-ul nu funcționează din vina Compania de Transport Public Iasi sunteți pasibili de amendă,negativ
132,facebook,https://www.facebook.com/ctpiasi?locale=ro_RO,,2019-11-15T09:58:05.000Z,"Stimați călători,
Aș vrea să vă anunț că dacă vă urcați într-un mijloc de transport în comun și credeți că vă puteți plăti călătoria cu cardul bancar vă înșelați amarnic. Dacă POS-ul nu funcționează din vina Compania de Transport Public Iasi sunteți pasibili de amendă că nu v-ați gândit să vă cumpărați și bilet de la tonetă și să vă instalați și aplicația care necesită înrolarea unui card bancar. Am obținut acest răspuns de la cei ce se ocupă de pagina de FB. 
Cu plăcere!",relatii_clienti,negativ,Am obținut acest răspuns de la cei ce se ocupă de pagina de FB,negativ
133,facebook,https://www.facebook.com/ctpiasi?locale=ro_RO,,2019-11-08T08:59:47.000Z,"Îi mulțumesc mult vatmanului din tramvaiul 13, număr de parc 102, astăzi a fost un erou pentru mine, acesta mi-a găsit portofelul și mi l-a înapoiat. Este un exemplu de cetățean  care trebuie urmat!",soferi_vatmani,pozitiv,"vatmanului din tramvaiul 13, număr de parc 102, astăzi a fost un erou pentru mine, acesta mi-a găsit portofelul și mi l-a înapoiat",pozitiv
134,facebook,https://www.facebook.com/ctpiasi?locale=ro_RO,,2019-10-22T09:15:38.000Z,"putine autobuze pe trasee aglomerate, respectiv siferii ce nu doresc sa deschida usa din fata",frecventa,negativ,putine autobuze pe trasee aglomerate,negativ
134,facebook,https://www.facebook.com/ctpiasi?locale=ro_RO,,2019-10-22T09:15:38.000Z,"putine autobuze pe trasee aglomerate, respectiv siferii ce nu doresc sa deschida usa din fata",soferi_vatmani,negativ,soferii ce nu doresc sa deschida usa din fata,negativ
135,facebook,https://www.facebook.com/ctpiasi?locale=ro_RO,,2019-10-16T04:43:31.000Z,"Știți că ne calcăm în picioare și ne înghesuim în tramvai dimineața, că nu stăm decât în picioare tot drumul, că nu putem să respirăm, că îl luăm pe al doilea sau al treilea care vine (asta pe banii noștri)? Și știți de ce vă întreb dacă știți? Pentru că nu cred că voi, conducerea sau cine sunteți, circulați cu tramvaiul. Sunteți groaznici, pe bune. Luați o poză cu tramvaiele alea încărcate din comunism și priviți un pic cât așteptați cu mașina la stop. Ăia suntem noi, doar că azi. Sper ca într-o zi chiar să conteze că suntem mai mulți decât voi.",aglomeratie,negativ,"ne calcăm în picioare și ne înghesuim în tramvai dimineața, că nu stăm decât în picioare tot drumul, că nu putem să respirăm",negativ
135,facebook,https://www.facebook.com/ctpiasi?locale=ro_RO,,2019-10-16T04:43:31.000Z,"Știți că ne calcăm în picioare și ne înghesuim în tramvai dimineața, că nu stăm decât în picioare tot drumul, că nu putem să respirăm, că îl luăm pe al doilea sau al treilea care vine (asta pe banii noștri)? Și știți de ce vă întreb dacă știți? Pentru că nu cred că voi, conducerea sau cine sunteți, circulați cu tramvaiul. Sunteți groaznici, pe bune. Luați o poză cu tramvaiele alea încărcate din comunism și priviți un pic cât așteptați cu mașina la stop. Ăia suntem noi, doar că azi. Sper ca într-o zi chiar să conteze că suntem mai mulți decât voi.",stare_vehicule,negativ,tramvaiele alea încărcate din comunism,negativ
136,facebook,https://www.facebook.com/ctpiasi?locale=ro_RO,,2019-10-12T12:33:17.000Z,"Nu este prima data cand, pe traseul 36, astepti in statia Viticola 25-30 minute un autobuz si imediat dupa primul autobuz, vine alt 36. Eu stiam ca autobuzele ar trebui sa aiba program diferit astfel incat, daca ai ratat un autobuz (pt ca oricum programul nu se respecta absolut deloc), macar sa prinzi altul la 10-15 minute diferenta. Nu e prima data cand sunt pusa in situatia de a alege in care autobuz sa intru, din moment ce vin unul dupa altul. Soferii sunt asa prieteni de nedespartit incat nu se pot desparti macar cand parcurg ruta? Ori unul dintre ei ii da blanao prin oras, iar celalalt nu scoate autobuzul din 20km/h? Pai nu va mai mirati ca oamenii isi cumpără “tigăile” alea de care se plange toata lumea. Intr-un oras universitar, sa fac acumulat 50-60 minute ca sa ajung la munca cu autobuzul, mai degraba las masina pe liber pe Copou, ies mai ieftin.",frecventa,negativ,"astepti in statia Viticola 25-30 minute un autobuz si imediat dupa primul autobuz, vine alt 36, vin unul dupa altul",negativ
136,facebook,https://www.facebook.com/ctpiasi?locale=ro_RO,,2019-10-12T12:33:17.000Z,"Nu este prima data cand, pe traseul 36, astepti in statia Viticola 25-30 minute un autobuz si imediat dupa primul autobuz, vine alt 36. Eu stiam ca autobuzele ar trebui sa aiba program diferit astfel incat, daca ai ratat un autobuz (pt ca oricum programul nu se respecta absolut deloc), macar sa prinzi altul la 10-15 minute diferenta. Nu e prima data cand sunt pusa in situatia de a alege in care autobuz sa intru, din moment ce vin unul dupa altul. Soferii sunt asa prieteni de nedespartit incat nu se pot desparti macar cand parcurg ruta? Ori unul dintre ei ii da blanao prin oras, iar celalalt nu scoate autobuzul din 20km/h? Pai nu va mai mirati ca oamenii isi cumpără “tigăile” alea de care se plange toata lumea. Intr-un oras universitar, sa fac acumulat 50-60 minute ca sa ajung la munca cu autobuzul, mai degraba las masina pe liber pe Copou, ies mai ieftin.",punctualitate,negativ,programul nu se respecta absolut deloc,negativ
136,facebook,https://www.facebook.com/ctpiasi?locale=ro_RO,,2019-10-12T12:33:17.000Z,"Nu este prima data cand, pe traseul 36, astepti in statia Viticola 25-30 minute un autobuz si imediat dupa primul autobuz, vine alt 36. Eu stiam ca autobuzele ar trebui sa aiba program diferit astfel incat, daca ai ratat un autobuz (pt ca oricum programul nu se respecta absolut deloc), macar sa prinzi altul la 10-15 minute diferenta. Nu e prima data cand sunt pusa in situatia de a alege in care autobuz sa intru, din moment ce vin unul dupa altul. Soferii sunt asa prieteni de nedespartit incat nu se pot desparti macar cand parcurg ruta? Ori unul dintre ei ii da blanao prin oras, iar celalalt nu scoate autobuzul din 20km/h? Pai nu va mai mirati ca oamenii isi cumpără “tigăile” alea de care se plange toata lumea. Intr-un oras universitar, sa fac acumulat 50-60 minute ca sa ajung la munca cu autobuzul, mai degraba las masina pe liber pe Copou, ies mai ieftin.",soferi_vatmani,negativ,"Soferii sunt asa prieteni de nedespartit incat nu se pot desparti, unul dintre ei ii da blanao prin oras, iar celalalt nu scoate autobuzul din 20km/h",negativ
137,facebook,https://www.facebook.com/ctpiasi?locale=ro_RO,,2019-10-10T04:44:59.000Z,Change the mentality of its  workers. They are not living in a communist country anymore,relatii_clienti,negativ,Change the mentality of its workers. They are not living in a communist country anymore,negativ
138,facebook,https://www.facebook.com/ctpiasi?locale=ro_RO,,2019-10-08T05:07:11.000Z,"Dacă vrei sa întârzii la munca și nu ai o scuza pentru sefu', ia tramvaiul! Dacă vrei să începi munca mai târziu decât de obicei, ia tramvaiul! Dacă te-ai saturat de stat în mașină în cozi infernale, ia tramvaiul și stai în el la aceleași cozi! Din păcate nu prea vad nici o soluție care s-ar putea aplica pentru fluidizarea circulației mijloacelor de transport în comun... Vrem aer curat!? De unde sa îl scoatem daca transportul în comun e ""la pământ""?! Mașini, tată ! Sa plouă cu mașini! Nu e vina oamenilor ca iau mașina, ca trebuie sa ajungă si ei cu ceva la munca, iar atâta timp cât nu au un transport în comun cu care sa ajungă la timp la munca... Atunci iau mașinile, normal! Numai bine!",punctualitate,negativ,"Dacă vrei sa întârzii la munca și nu ai o scuza pentru sefu', ia tramvaiul",negativ
138,facebook,https://www.facebook.com/ctpiasi?locale=ro_RO,,2019-10-08T05:07:11.000Z,"Dacă vrei sa întârzii la munca și nu ai o scuza pentru sefu', ia tramvaiul! Dacă vrei să începi munca mai târziu decât de obicei, ia tramvaiul! Dacă te-ai saturat de stat în mașină în cozi infernale, ia tramvaiul și stai în el la aceleași cozi! Din păcate nu prea vad nici o soluție care s-ar putea aplica pentru fluidizarea circulației mijloacelor de transport în comun... Vrem aer curat!? De unde sa îl scoatem daca transportul în comun e ""la pământ""?! Mașini, tată ! Sa plouă cu mașini! Nu e vina oamenilor ca iau mașina, ca trebuie sa ajungă si ei cu ceva la munca, iar atâta timp cât nu au un transport în comun cu care sa ajungă la timp la munca... Atunci iau mașinile, normal! Numai bine!",organizare,negativ,nu prea vad nici o soluție care s-ar putea aplica pentru fluidizarea circulației mijloacelor de transport în comun,negativ
139,facebook,https://www.facebook.com/ctpiasi?locale=ro_RO,,2019-10-04T09:32:13.000Z,"Recomand CTP deoarece sunt prompti si raspund fiecarui om care are nevoie de informatii, iar conditiile de transport sunt excelente!
10/10.",relatii_clienti,pozitiv,sunt prompti si raspund fiecarui om care are nevoie de informatii,pozitiv
139,facebook,https://www.facebook.com/ctpiasi?locale=ro_RO,,2019-10-04T09:32:13.000Z,"Recomand CTP deoarece sunt prompti si raspund fiecarui om care are nevoie de informatii, iar conditiile de transport sunt excelente!
10/10.",confort_termic,pozitiv,conditiile de transport sunt excelente,pozitiv
140,facebook,https://www.facebook.com/ctpiasi?locale=ro_RO,,2019-10-03T04:41:35.000Z,"02/10/19. Ora 07/40. Primul autobuz 20, a ajuns in statie la 1 Decembrie, după mai bine de 40 de minute. Șoferul nici nu a mai deschis ușile, ca era prea plin. Între timp, in sens opus, au trecut 3 autobuze...",frecventa,negativ,"Primul autobuz 20, a ajuns in statie la 1 Decembrie, după mai bine de 40 de minute",negativ
140,facebook,https://www.facebook.com/ctpiasi?locale=ro_RO,,2019-10-03T04:41:35.000Z,"02/10/19. Ora 07/40. Primul autobuz 20, a ajuns in statie la 1 Decembrie, după mai bine de 40 de minute. Șoferul nici nu a mai deschis ușile, ca era prea plin. Între timp, in sens opus, au trecut 3 autobuze...",soferi_vatmani,negativ,"Șoferul nici nu a mai deschis ușile, ca era prea plin",negativ
141,facebook,https://www.facebook.com/ctpiasi?locale=ro_RO,,2019-10-03T04:40:51.000Z,"Este inadmisibil sa astepti un 20 in Valea Lupului timp de 40 de minute (dimineata, la ora 7), sa vina, intr-un final, un autobuz plin, iar soferul sa nu deschida usa. Iasi, oras european, secolul XXI.",frecventa,negativ,"astepti un 20 in Valea Lupului timp de 40 de minute, dimineata, la ora 7",negativ
141,facebook,https://www.facebook.com/ctpiasi?locale=ro_RO,,2019-10-03T04:40:51.000Z,"Este inadmisibil sa astepti un 20 in Valea Lupului timp de 40 de minute (dimineata, la ora 7), sa vina, intr-un final, un autobuz plin, iar soferul sa nu deschida usa. Iasi, oras european, secolul XXI.",soferi_vatmani,negativ,soferul sa nu deschida usa,negativ
142,facebook,https://www.facebook.com/ctpiasi?locale=ro_RO,,2019-10-01T17:00:54.000Z,"Sa faci 2 ore din Mircea pana in Pacurari, e putin spus bataie de joc...Plus autobuze ce vin arhipline in 40-50 min...",frecventa,negativ,autobuze ce vin arhipline in 40-50 min,negativ
142,facebook,https://www.facebook.com/ctpiasi?locale=ro_RO,,2019-10-01T17:00:54.000Z,"Sa faci 2 ore din Mircea pana in Pacurari, e putin spus bataie de joc...Plus autobuze ce vin arhipline in 40-50 min...",aglomeratie,negativ,autobuze ce vin arhipline,negativ
142,facebook,https://www.facebook.com/ctpiasi?locale=ro_RO,,2019-10-01T17:00:54.000Z,"Sa faci 2 ore din Mircea pana in Pacurari, e putin spus bataie de joc...Plus autobuze ce vin arhipline in 40-50 min...",organizare,negativ,"Sa faci 2 ore din Mircea pana in Pacurari, e putin spus bataie de joc",negativ
143,facebook,https://www.facebook.com/ctpiasi?locale=ro_RO,,2019-09-21T13:11:25.000Z,"in primul rand felicitari pentru pagina fb care ne tine la curent cu multiplele activitati alle CTP Iasi, in al doilea rand pentru ca asculta parerile utilizatorilor, considera opiniile acestora si incearca sa imbunatateasca serviciile oferite.",relatii_clienti,pozitiv,"felicitari pentru pagina fb care ne tine la curent, asculta parerile utilizatorilor, considera opiniile acestora si incearca sa imbunatateasca serviciile oferite",pozitiv
144,facebook,https://www.facebook.com/ctpiasi?locale=ro_RO,,2019-09-11T07:37:01.000Z,"Dispecerii de la capat Bucium nu isi fac treaba. Autobuzele nu respecta niciun program, ori pleaca la distanta de jumatate de ora, ori la distanta de 5 minute. Se ajunge in situatii in care ori nu e niciun autobuz la capat, ori sunt prea multe. In dimineata asta  sunt 4 de 46 si 2 de 30 numai in Bucium. Asa se ajunge sa stai in statii sa astepti cu zecile de minute.",organizare,negativ,"Dispecerii de la capat Bucium nu isi fac treaba. Autobuzele nu respecta niciun program, ori pleaca la distanta de jumatate de ora, ori la distanta de 5 minute",negativ
144,facebook,https://www.facebook.com/ctpiasi?locale=ro_RO,,2019-09-11T07:37:01.000Z,"Dispecerii de la capat Bucium nu isi fac treaba. Autobuzele nu respecta niciun program, ori pleaca la distanta de jumatate de ora, ori la distanta de 5 minute. Se ajunge in situatii in care ori nu e niciun autobuz la capat, ori sunt prea multe. In dimineata asta  sunt 4 de 46 si 2 de 30 numai in Bucium. Asa se ajunge sa stai in statii sa astepti cu zecile de minute.",frecventa,negativ,stai in statii sa astepti cu zecile de minute,negativ
145,facebook,https://www.facebook.com/ctpiasi?locale=ro_RO,,2019-09-11T05:55:10.000Z,Stiti macar ce flow au autobuzele voastre ? Stiti ca vin cate 3 autobuze 20 la rand la interval de cateva minute ? Cica ati suplimentat cu inceperea anului scolar si ele tot full sunt. Veniti dimineata la ora 7:30 in statie la Moara de foc si vedeti daca puteti lua un 46 sa ajungeti in Tudor. Puneti-va odata GPS-uri pe autobuze sa stim cu totii cand ajung si unde sunt cele 3 autobuze 20.,organizare,negativ,vin cate 3 autobuze 20 la rand la interval de cateva minute,negativ
145,facebook,https://www.facebook.com/ctpiasi?locale=ro_RO,,2019-09-11T05:55:10.000Z,Stiti macar ce flow au autobuzele voastre ? Stiti ca vin cate 3 autobuze 20 la rand la interval de cateva minute ? Cica ati suplimentat cu inceperea anului scolar si ele tot full sunt. Veniti dimineata la ora 7:30 in statie la Moara de foc si vedeti daca puteti lua un 46 sa ajungeti in Tudor. Puneti-va odata GPS-uri pe autobuze sa stim cu totii cand ajung si unde sunt cele 3 autobuze 20.,aglomeratie,negativ,ati suplimentat cu inceperea anului scolar si ele tot full sunt,negativ
145,facebook,https://www.facebook.com/ctpiasi?locale=ro_RO,,2019-09-11T05:55:10.000Z,Stiti macar ce flow au autobuzele voastre ? Stiti ca vin cate 3 autobuze 20 la rand la interval de cateva minute ? Cica ati suplimentat cu inceperea anului scolar si ele tot full sunt. Veniti dimineata la ora 7:30 in statie la Moara de foc si vedeti daca puteti lua un 46 sa ajungeti in Tudor. Puneti-va odata GPS-uri pe autobuze sa stim cu totii cand ajung si unde sunt cele 3 autobuze 20.,informare_calatori,negativ,Puneti-va odata GPS-uri pe autobuze sa stim cu totii cand ajung si unde sunt,negativ
146,facebook,https://www.facebook.com/ctpiasi?locale=ro_RO,,2019-09-09T03:50:54.000Z,"As dori sa va “recomand” , sa suplimentati numarul de autobuze pe ruta 44. Sa astepti in statie 40 de minute pentru un autobuz, inseamna pierdere de timp pentru calatori si de bani pentru voi, Prea mare intervalul, prea mult timp de asteptare!",frecventa,negativ,"Sa astepti in statie 40 de minute pentru un autobuz, Prea mare intervalul, prea mult timp de asteptare",negativ
148,facebook,https://www.facebook.com/ctpiasi?locale=ro_RO,,2019-09-02T07:44:42.000Z,Ce se intampla cu tramvaiele 13/1 pe traseu metalurgie? Astept de 40 de minute :|,frecventa,negativ,Astept de 40 de minute tramvaiele 13/1 pe traseu metalurgie,negativ
149,facebook,https://www.facebook.com/ctpiasi?locale=ro_RO,,2019-08-29T10:11:29.000Z,"acum o oră

De tot râsul....Niste inpertineti si mega nesimțiți..cel puțin așa sunt vatmanii de pe tramvaiul 9...
Am așteptat 10 min in tramvai...fiind foarte cald am coborât ...La 5 min a urcat ""dnl""vatman si efectiv mi a inchis una in nas ..Nu mi a mai permis sa urc...Asta s a intamplat la capăt Cug...
Acum am bilet cumparat si acum merg cu taxiul ca întârzii la serviciu...
RUSINEEEE...",soferi_vatmani,negativ,"vatmanii de pe tramvaiul 9 mi a inchis una in nas, nu mi a mai permis sa urc",negativ
149,facebook,https://www.facebook.com/ctpiasi?locale=ro_RO,,2019-08-29T10:11:29.000Z,"acum o oră

De tot râsul....Niste inpertineti si mega nesimțiți..cel puțin așa sunt vatmanii de pe tramvaiul 9...
Am așteptat 10 min in tramvai...fiind foarte cald am coborât ...La 5 min a urcat ""dnl""vatman si efectiv mi a inchis una in nas ..Nu mi a mai permis sa urc...Asta s a intamplat la capăt Cug...
Acum am bilet cumparat si acum merg cu taxiul ca întârzii la serviciu...
RUSINEEEE...",punctualitate,negativ,acum merg cu taxiul ca întârzii la serviciu,negativ
150,facebook,https://www.facebook.com/ctpiasi?locale=ro_RO,,2019-08-22T06:25:49.000Z,"Cel putin in privinta tramvaielor, aceleasi conditii imputite de transport ca in anii '80.
Aglomeratie maxima, om in om, respiratie in respiratie, mult jeg pe barele de care ar trebui sa te tii, geamuri care nu se deschid, lipsa aer conditionat, si multa zdranganeala. Degeaba schimbi liniile de rulare, bagi plata cu cardul, cu aplicatii pe smartphone, ai site, bla bla bla, daca circuli cu tramvaie vechi de juma' de secol.
Logoul companiei ar trebui sa fie: CTP Iasi - Nu suntem in stare. Va multumim.",aglomeratie,negativ,"Aglomeratie maxima, om in om, respiratie in respiratie",negativ
150,facebook,https://www.facebook.com/ctpiasi?locale=ro_RO,,2019-08-22T06:25:49.000Z,"Cel putin in privinta tramvaielor, aceleasi conditii imputite de transport ca in anii '80.
Aglomeratie maxima, om in om, respiratie in respiratie, mult jeg pe barele de care ar trebui sa te tii, geamuri care nu se deschid, lipsa aer conditionat, si multa zdranganeala. Degeaba schimbi liniile de rulare, bagi plata cu cardul, cu aplicatii pe smartphone, ai site, bla bla bla, daca circuli cu tramvaie vechi de juma' de secol.
Logoul companiei ar trebui sa fie: CTP Iasi - Nu suntem in stare. Va multumim.",curatenie,negativ,mult jeg pe barele de care ar trebui sa te tii,negativ
150,facebook,https://www.facebook.com/ctpiasi?locale=ro_RO,,2019-08-22T06:25:49.000Z,"Cel putin in privinta tramvaielor, aceleasi conditii imputite de transport ca in anii '80.
Aglomeratie maxima, om in om, respiratie in respiratie, mult jeg pe barele de care ar trebui sa te tii, geamuri care nu se deschid, lipsa aer conditionat, si multa zdranganeala. Degeaba schimbi liniile de rulare, bagi plata cu cardul, cu aplicatii pe smartphone, ai site, bla bla bla, daca circuli cu tramvaie vechi de juma' de secol.
Logoul companiei ar trebui sa fie: CTP Iasi - Nu suntem in stare. Va multumim.",stare_vehicule,negativ,"tramvaie vechi de juma de secol, geamuri care nu se deschid, multa zdranganeala",negativ
150,facebook,https://www.facebook.com/ctpiasi?locale=ro_RO,,2019-08-22T06:25:49.000Z,"Cel putin in privinta tramvaielor, aceleasi conditii imputite de transport ca in anii '80.
Aglomeratie maxima, om in om, respiratie in respiratie, mult jeg pe barele de care ar trebui sa te tii, geamuri care nu se deschid, lipsa aer conditionat, si multa zdranganeala. Degeaba schimbi liniile de rulare, bagi plata cu cardul, cu aplicatii pe smartphone, ai site, bla bla bla, daca circuli cu tramvaie vechi de juma' de secol.
Logoul companiei ar trebui sa fie: CTP Iasi - Nu suntem in stare. Va multumim.",confort_termic,negativ,lipsa aer conditionat,negativ
151,facebook,https://www.facebook.com/ctpiasi?locale=ro_RO,,2019-08-13T14:32:50.000Z,"Toate gunoaiele de autobuze fara aer conditionat sunt pe zona 2 a Iasului, suntem transportati ca niste animale...",confort_termic,negativ,gunoaiele de autobuze fara aer conditionat sunt pe zona 2 a Iasului,negativ
151,facebook,https://www.facebook.com/ctpiasi?locale=ro_RO,,2019-08-13T14:32:50.000Z,"Toate gunoaiele de autobuze fara aer conditionat sunt pe zona 2 a Iasului, suntem transportati ca niste animale...",acoperire_rute,negativ,Toate gunoaiele de autobuze fara aer conditionat sunt pe zona 2 a Iasului,negativ
152,facebook,https://www.facebook.com/ctpiasi?locale=ro_RO,,2019-08-11T19:51:16.000Z,"Seara dupa 22:30 sa nu cumva sa crezi ca mai prinzi vreun autobuz pe rutele 19 sau 30 de la gara spre Podu Ros. Trec toate pe langa tine “curse speciale”, se grabesc sa se duca la garaj. Chiar nu pot lua pasageri, nu? Doar e in drum. Din an in pasti mai e cate un sofer care e ok si face exceptie (in general pe ruta 30b), dar restul, nu se poate, dom’le.",frecventa,negativ,Seara dupa 22:30 sa nu cumva sa crezi ca mai prinzi vreun autobuz pe rutele 19 sau 30 de la gara spre Podu Ros,negativ
152,facebook,https://www.facebook.com/ctpiasi?locale=ro_RO,,2019-08-11T19:51:16.000Z,"Seara dupa 22:30 sa nu cumva sa crezi ca mai prinzi vreun autobuz pe rutele 19 sau 30 de la gara spre Podu Ros. Trec toate pe langa tine “curse speciale”, se grabesc sa se duca la garaj. Chiar nu pot lua pasageri, nu? Doar e in drum. Din an in pasti mai e cate un sofer care e ok si face exceptie (in general pe ruta 30b), dar restul, nu se poate, dom’le.",soferi_vatmani,negativ,"Trec toate pe langa tine curse speciale, se grabesc sa se duca la garaj. Chiar nu pot lua pasageri",negativ
152,facebook,https://www.facebook.com/ctpiasi?locale=ro_RO,,2019-08-11T19:51:16.000Z,"Seara dupa 22:30 sa nu cumva sa crezi ca mai prinzi vreun autobuz pe rutele 19 sau 30 de la gara spre Podu Ros. Trec toate pe langa tine “curse speciale”, se grabesc sa se duca la garaj. Chiar nu pot lua pasageri, nu? Doar e in drum. Din an in pasti mai e cate un sofer care e ok si face exceptie (in general pe ruta 30b), dar restul, nu se poate, dom’le.",soferi_vatmani,pozitiv,Din an in pasti mai e cate un sofer care e ok si face exceptie,negativ
153,facebook,https://www.facebook.com/ctpiasi?locale=ro_RO,,2019-08-08T12:17:57.000Z,"35 de grade în tranvai, în mijlocul zilei...",confort_termic,negativ,"35 de grade în tramvai, în mijlocul zilei",negativ
154,facebook,https://www.facebook.com/ctpiasi?locale=ro_RO,,2019-08-07T03:12:37.000Z,"Am stat in aceasta dimineata,la capat Dacia un sfert de ora asteptand autopbuzul 5 si nu e prima data.Unde sunt afisate graficul plecarilor ,poate asa nu mai intarzii la servici din cauza voastra.",frecventa,negativ,am stat la capat Dacia un sfert de ora asteptand autobuzul 5 si nu e prima data,negativ
154,facebook,https://www.facebook.com/ctpiasi?locale=ro_RO,,2019-08-07T03:12:37.000Z,"Am stat in aceasta dimineata,la capat Dacia un sfert de ora asteptand autopbuzul 5 si nu e prima data.Unde sunt afisate graficul plecarilor ,poate asa nu mai intarzii la servici din cauza voastra.",informare_calatori,negativ,"Unde sunt afisate graficul plecarilor, poate asa nu mai intarzii la servici din cauza voastra",negativ
155,facebook,https://www.facebook.com/ctpiasi?locale=ro_RO,,2019-08-05T19:36:02.000Z,"1. Nu recomand epavele de tramvaie!
(Bani ingropati aiurea in linie de proasta calitate...si hodorogeala de zici ca esti cu o caruta de 100 de ani)
2. Recomand autobuzele, care dpdv al meu sunt net superioare.
3. Decat sa ingropam bani in linii de tramvai mai bine introducem troleibuze... (macar nu mai avem ce sa ingropam)...",stare_vehicule,negativ,"epavele de tramvaie, hodorogeala de zici ca esti cu o caruta de 100 de ani",neutru
155,facebook,https://www.facebook.com/ctpiasi?locale=ro_RO,,2019-08-05T19:36:02.000Z,"1. Nu recomand epavele de tramvaie!
(Bani ingropati aiurea in linie de proasta calitate...si hodorogeala de zici ca esti cu o caruta de 100 de ani)
2. Recomand autobuzele, care dpdv al meu sunt net superioare.
3. Decat sa ingropam bani in linii de tramvai mai bine introducem troleibuze... (macar nu mai avem ce sa ingropam)...",stare_vehicule,pozitiv,"autobuzele, care dpdv al meu sunt net superioare",neutru
156,facebook,https://www.facebook.com/ctpiasi?locale=ro_RO,,2019-07-25T13:38:44.000Z,"Cu autobuzul 27 aveti o serioasa problema. Pe Moovit scrie ca vine in 20 de min. In realitate, el vine la 20-40 de min chiar. Azi am asteptat 42 de minute in soare la frigorifer. Alteori mai mult. Si nu sunt singura care se plange, am auzit ca s-au mai facut reclamatii.
Rezolvati problema !",frecventa,negativ,"vine la 20-40 de min chiar, azi am asteptat 42 de minute",negativ
156,facebook,https://www.facebook.com/ctpiasi?locale=ro_RO,,2019-07-25T13:38:44.000Z,"Cu autobuzul 27 aveti o serioasa problema. Pe Moovit scrie ca vine in 20 de min. In realitate, el vine la 20-40 de min chiar. Azi am asteptat 42 de minute in soare la frigorifer. Alteori mai mult. Si nu sunt singura care se plange, am auzit ca s-au mai facut reclamatii.
Rezolvati problema !",informare_calatori,negativ,"Pe Moovit scrie ca vine in 20 de min. In realitate, el vine la 20-40 de min",negativ
157,facebook,https://www.facebook.com/ctpiasi?locale=ro_RO,,2019-07-24T15:55:31.000Z,Aplicația 24pay este jalnica. Mi-am cumpărat un abonament pt o saptamana si am observat ca expirase a doua zi.,validare_bilete,negativ,Aplicația 24pay este jalnica. Mi-am cumpărat un abonament pt o saptamana si am observat ca expirase a doua zi,negativ
158,facebook,https://www.facebook.com/ctpiasi?locale=ro_RO,,2019-07-23T19:28:32.000Z,"Am stat azi dupa un 44 atat de mult in statie,incat la un moment dat ma gandeam ca poate au desfiintat linia si au uitat sa anunte...si nici ceilalti soferi din celelalte autobuze nu au fost in stare sa anunte.

Ar trebui sa faceti un sistem prin care sa urmariti pozitia autobuzelor si sa puneti o harta online sa o putem urmari live.Nu e ca si cum am fi in 2019 si  tehnologia nu ii disponibila...",frecventa,negativ,"am stat azi dupa un 44 atat de mult in statie, incat la un moment dat ma gandeam ca poate au desfiintat linia",negativ
158,facebook,https://www.facebook.com/ctpiasi?locale=ro_RO,,2019-07-23T19:28:32.000Z,"Am stat azi dupa un 44 atat de mult in statie,incat la un moment dat ma gandeam ca poate au desfiintat linia si au uitat sa anunte...si nici ceilalti soferi din celelalte autobuze nu au fost in stare sa anunte.

Ar trebui sa faceti un sistem prin care sa urmariti pozitia autobuzelor si sa puneti o harta online sa o putem urmari live.Nu e ca si cum am fi in 2019 si  tehnologia nu ii disponibila...",informare_calatori,negativ,Ar trebui sa faceti un sistem prin care sa urmariti pozitia autobuzelor si sa puneti o harta online sa o putem urmari live,negativ
159,facebook,https://www.facebook.com/ctpiasi?locale=ro_RO,,2019-07-13T16:37:40.000Z,"Am avut astăzi, 13 iulie 2019, parte de o experiență cel puțin nefastă cu această companie. În jurul orei 17:45 am vrut să cobor din tramvaiul 3 în stația de la Filarmonică, și fiind foarte ocupate ușile de pe mijloc, m-am îndreptat spre ușa din față. Deși am apăsat de nenumărate ori pe buton pentru a le deschide și am apelat și la ajutorului vatmanului, ușile au rămas închise, fiind nevoită să cobor la următoarea stație, ba mai mult am fost si jignită de vatman. Voi atașa fotografii cu tramvaiul cu pricina și cu 'vatmanul' pentru a lua măsuri în acest caz. Nu este normal ca o persoană care plătește bilet pentru un serviciu să fie umilită de un personal de etnie care nici nu știe să articuleze bine câteva vorbe în română. Am rămas profund dezamăgită si dacă nu se vor lua măsuri, voi apela cu încredere la autoritățile care se ocupă cu astfel de spețe. nu este normal ca un astfel de personaj să își bată joc de cei ce îi pun pâinea pe masă.",soferi_vatmani,negativ,"ușile au rămas închise, fiind nevoită să cobor la următoarea stație, am fost si jignită de vatman",negativ
159,facebook,https://www.facebook.com/ctpiasi?locale=ro_RO,,2019-07-13T16:37:40.000Z,"Am avut astăzi, 13 iulie 2019, parte de o experiență cel puțin nefastă cu această companie. În jurul orei 17:45 am vrut să cobor din tramvaiul 3 în stația de la Filarmonică, și fiind foarte ocupate ușile de pe mijloc, m-am îndreptat spre ușa din față. Deși am apăsat de nenumărate ori pe buton pentru a le deschide și am apelat și la ajutorului vatmanului, ușile au rămas închise, fiind nevoită să cobor la următoarea stație, ba mai mult am fost si jignită de vatman. Voi atașa fotografii cu tramvaiul cu pricina și cu 'vatmanul' pentru a lua măsuri în acest caz. Nu este normal ca o persoană care plătește bilet pentru un serviciu să fie umilită de un personal de etnie care nici nu știe să articuleze bine câteva vorbe în română. Am rămas profund dezamăgită si dacă nu se vor lua măsuri, voi apela cu încredere la autoritățile care se ocupă cu astfel de spețe. nu este normal ca un astfel de personaj să își bată joc de cei ce îi pun pâinea pe masă.",siguranta,negativ,"ușile au rămas închise, neputând coborî la stația dorită",negativ
160,facebook,https://www.facebook.com/ctpiasi?locale=ro_RO,,2019-07-11T15:05:57.000Z,7 lei biletul ca sa stau in piciare in mirosul mosnegilor??cele mai proaste servicii,pret,negativ,7 lei biletul ca sa stau in piciare,negativ
160,facebook,https://www.facebook.com/ctpiasi?locale=ro_RO,,2019-07-11T15:05:57.000Z,7 lei biletul ca sa stau in piciare in mirosul mosnegilor??cele mai proaste servicii,curatenie,negativ,stau in piciare in mirosul mosnegilor,negativ
161,facebook,https://www.facebook.com/ctpiasi?locale=ro_RO,,2019-07-04T10:21:58.000Z,"De ce nu pot beneficia de reducere dacă nu am carnet de student, dar în schimb am legitimația? 
""Doar cu carnet aveți reducere!""  acest răspuns L-am primit la casa de bilete din stația Octav Bancila",relatii_clienti,negativ,"De ce nu pot beneficia de reducere dacă nu am carnet de student, dar în schimb am legitimația? Doar cu carnet aveți reducere, acest răspuns L-am primit la casa de bilete",negativ
162,facebook,https://www.facebook.com/ctpiasi?locale=ro_RO,,2019-07-02T18:08:47.000Z,Servicii precare. Mijloacele de transport sunt sub orice critica iar conditiile din autobuze si din tramvaie sunt foarte proaste.,stare_vehicule,negativ,Mijloacele de transport sunt sub orice critica iar conditiile din autobuze si din tramvaie sunt foarte proaste,negativ
163,facebook,https://www.facebook.com/ctpiasi?locale=ro_RO,,2019-06-26T06:01:45.000Z,worst public transportation company I've ever used in Europe.,organizare,negativ,worst public transportation company I've ever used in Europe,negativ
164,facebook,https://www.facebook.com/ctpiasi?locale=ro_RO,,2019-06-21T15:22:21.000Z,"Conditii inumane,caldura sufocanta,mizerie, aglomeratie, in tramvaiele din Iasi!Domnilor conducatori ai acestei companii ati calatorit vreodata cu tramvaiul la orele de varf?Va invit eu,platesc eu calatoria!Dezamagire!Nu cred sa mai existe in vreo tara europeana asemenea mizerii de mijloace de transport in comun!",confort_termic,negativ,caldura sufocanta,negativ
164,facebook,https://www.facebook.com/ctpiasi?locale=ro_RO,,2019-06-21T15:22:21.000Z,"Conditii inumane,caldura sufocanta,mizerie, aglomeratie, in tramvaiele din Iasi!Domnilor conducatori ai acestei companii ati calatorit vreodata cu tramvaiul la orele de varf?Va invit eu,platesc eu calatoria!Dezamagire!Nu cred sa mai existe in vreo tara europeana asemenea mizerii de mijloace de transport in comun!",curatenie,negativ,mizerie,negativ
164,facebook,https://www.facebook.com/ctpiasi?locale=ro_RO,,2019-06-21T15:22:21.000Z,"Conditii inumane,caldura sufocanta,mizerie, aglomeratie, in tramvaiele din Iasi!Domnilor conducatori ai acestei companii ati calatorit vreodata cu tramvaiul la orele de varf?Va invit eu,platesc eu calatoria!Dezamagire!Nu cred sa mai existe in vreo tara europeana asemenea mizerii de mijloace de transport in comun!",aglomeratie,negativ,aglomeratie in tramvaiele din Iasi la orele de varf,negativ
164,facebook,https://www.facebook.com/ctpiasi?locale=ro_RO,,2019-06-21T15:22:21.000Z,"Conditii inumane,caldura sufocanta,mizerie, aglomeratie, in tramvaiele din Iasi!Domnilor conducatori ai acestei companii ati calatorit vreodata cu tramvaiul la orele de varf?Va invit eu,platesc eu calatoria!Dezamagire!Nu cred sa mai existe in vreo tara europeana asemenea mizerii de mijloace de transport in comun!",stare_vehicule,negativ,nu cred sa mai existe in vreo tara europeana asemenea mizerii de mijloace de transport in comun,negativ
165,facebook,https://www.facebook.com/ctpiasi?locale=ro_RO,,2019-06-19T16:56:47.000Z,"Fara aer conditionat vara, fara caldura iarna, niste jafuri de tramvaie care la prima ploaie se strica pe drum, sar de pe sine cateodata.",confort_termic,negativ,"Fara aer conditionat vara, fara caldura iarna",negativ
165,facebook,https://www.facebook.com/ctpiasi?locale=ro_RO,,2019-06-19T16:56:47.000Z,"Fara aer conditionat vara, fara caldura iarna, niste jafuri de tramvaie care la prima ploaie se strica pe drum, sar de pe sine cateodata.",stare_vehicule,negativ,"niste jafuri de tramvaie care la prima ploaie se strica pe drum, sar de pe sine cateodata",negativ
165,facebook,https://www.facebook.com/ctpiasi?locale=ro_RO,,2019-06-19T16:56:47.000Z,"Fara aer conditionat vara, fara caldura iarna, niste jafuri de tramvaie care la prima ploaie se strica pe drum, sar de pe sine cateodata.",siguranta,negativ,sar de pe sine cateodata,negativ
166,facebook,https://www.facebook.com/ctpiasi?locale=ro_RO,,2019-06-17T12:45:55.000Z,"De ce controlorii nu au uniforme? Si legitimatii care sa le poarte la vedere?
De ce au preferinte la anumite persoane de etnie roma si nu li se cere si alora biletul la control?",controlori,negativ,De ce controlorii nu au uniforme? Si legitimatii care sa le poarte la vedere? De ce au preferinte la anumite persoane de etnie roma si nu li se cere si alora biletul la control,negativ
167,facebook,https://www.facebook.com/ctpiasi?locale=ro_RO,,2019-06-12T12:08:30.000Z,nu exista aer condiționat în tramvaie ... ne sufocam de căldură ...,confort_termic,negativ,"nu exista aer condiționat în tramvaie, ne sufocam de căldură",negativ
168,facebook,https://www.facebook.com/ctpiasi?locale=ro_RO,,2019-06-11T09:58:29.000Z,"Bă! Cum morții mei!!??? Stau jumătăți de ore, 40 de minute, ca să văd cum trec pe lângă mine vreo 4 de 20, 4 de 28, 3 de 42, 4 de 43.. Iar 46, nimic!! Plătesc abonament ca să vă stau eu în picioare pișa-m-as pe compania voastră! Lăsați babele care merg până-n Dacia și băgați dracului autobuze pe Bucium!!",frecventa,negativ,"Stau jumătăți de ore, 40 de minute, ca să văd cum trec pe lângă mine vreo 4 de 20, 4 de 28, 3 de 42, 4 de 43. Iar 46, nimic",negativ
168,facebook,https://www.facebook.com/ctpiasi?locale=ro_RO,,2019-06-11T09:58:29.000Z,"Bă! Cum morții mei!!??? Stau jumătăți de ore, 40 de minute, ca să văd cum trec pe lângă mine vreo 4 de 20, 4 de 28, 3 de 42, 4 de 43.. Iar 46, nimic!! Plătesc abonament ca să vă stau eu în picioare pișa-m-as pe compania voastră! Lăsați babele care merg până-n Dacia și băgați dracului autobuze pe Bucium!!",acoperire_rute,negativ,Lăsați babele care merg până-n Dacia și băgați dracului autobuze pe Bucium,negativ
169,facebook,https://www.facebook.com/ctpiasi?locale=ro_RO,,2019-06-08T12:02:53.000Z,"De 25 minute asteptam un autobuz 41, la Tehnopolis, intr-o zi in care intervalul de urmărire e de 10 minute, teoretic. In precedentul 41 nu am avut loc sa urcam, de plin ce era. Si pe acela l-am așteptat vreo 15 minute. Rușine sa va fie mincinosilor!",frecventa,negativ,"De 25 minute asteptam un autobuz 41, la Tehnopolis, intervalul de urmărire e de 10 minute, teoretic",negativ
169,facebook,https://www.facebook.com/ctpiasi?locale=ro_RO,,2019-06-08T12:02:53.000Z,"De 25 minute asteptam un autobuz 41, la Tehnopolis, intr-o zi in care intervalul de urmărire e de 10 minute, teoretic. In precedentul 41 nu am avut loc sa urcam, de plin ce era. Si pe acela l-am așteptat vreo 15 minute. Rușine sa va fie mincinosilor!",aglomeratie,negativ,"In precedentul 41 nu am avut loc sa urcam, de plin ce era",negativ
170,facebook,https://www.facebook.com/ctpiasi?locale=ro_RO,,2019-05-27T17:11:57.000Z,"Acum trei zile, intr-un tramvai cu numarul 7 (nu am retinut exact numarul deoarece nu doream sa semnalez dar m-am razgandit intre timp) : plata cu cardul s-a efectuat la unul din tonomate insa bonul valabil pentru bilet nu s-a eliberat.De asemenea, biletele de la tonomate, cele cu alb si banda aurie , sunt dintr-o hartie putin mai groasa si nu merg mereu compostate.Pe tigani ii lasati in pace si ii coborati frumos din tramvai fara vreo consecinta,chiar si fara bilet, insa un cetatean normal intr-o astfel de situatie, care are bilet si nu poate composta oricat incearca, pana se indoaie biletul, nu l-ati intelege.Abia asteapta controlorul sa prinda astfel de cazuri.Acestia ar putea spune :''Biletul va rog. '' Dar asa ceva nu se intampla, urca in mijlocul de transport si isi scot legitimatia la vedere in doua secunde.S-a intamplat sa ma uit pe geam si dintr-o data sa vad cu coada ochiului un volum masiv, intorc capul si aproape am retezat burta domnului care,aparent, sub nicio forma nu putea sa ma atentioneze de prezenta sa prin simpla vorba:''Biletul va rog.''",validare_bilete,negativ,"plata cu cardul s-a efectuat la unul din tonomate insa bonul valabil pentru bilet nu s-a eliberat, biletele de la tonomate nu merg mereu compostate",negativ
170,facebook,https://www.facebook.com/ctpiasi?locale=ro_RO,,2019-05-27T17:11:57.000Z,"Acum trei zile, intr-un tramvai cu numarul 7 (nu am retinut exact numarul deoarece nu doream sa semnalez dar m-am razgandit intre timp) : plata cu cardul s-a efectuat la unul din tonomate insa bonul valabil pentru bilet nu s-a eliberat.De asemenea, biletele de la tonomate, cele cu alb si banda aurie , sunt dintr-o hartie putin mai groasa si nu merg mereu compostate.Pe tigani ii lasati in pace si ii coborati frumos din tramvai fara vreo consecinta,chiar si fara bilet, insa un cetatean normal intr-o astfel de situatie, care are bilet si nu poate composta oricat incearca, pana se indoaie biletul, nu l-ati intelege.Abia asteapta controlorul sa prinda astfel de cazuri.Acestia ar putea spune :''Biletul va rog. '' Dar asa ceva nu se intampla, urca in mijlocul de transport si isi scot legitimatia la vedere in doua secunde.S-a intamplat sa ma uit pe geam si dintr-o data sa vad cu coada ochiului un volum masiv, intorc capul si aproape am retezat burta domnului care,aparent, sub nicio forma nu putea sa ma atentioneze de prezenta sa prin simpla vorba:''Biletul va rog.''",controlori,negativ,"Abia asteapta controlorul sa prinda astfel de cazuri, urca in mijlocul de transport si isi scot legitimatia la vedere in doua secunde fara sa anunte",negativ
171,facebook,https://www.facebook.com/ctpiasi?locale=ro_RO,,2019-05-22T06:52:30.000Z,"22 Mai, ora 9:40,autobuz 52
Era loc in autobuz pentru toată lumea însă șoferul ""Haideți mai repede că ne trece viața"" și voia să închidă bineînteles ușa înainte ca oamenii să urce (stație Minerva). În plus, în stația Zimbru soferul pornește autobuzul când lumea urca :) Daca vi se pare normal, nu pot spune decât felicitări CTP Iași !!!",soferi_vatmani,negativ,"șoferul voia să închidă ușa înainte ca oamenii să urce, în stația Zimbru soferul pornește autobuzul când lumea urca",negativ
171,facebook,https://www.facebook.com/ctpiasi?locale=ro_RO,,2019-05-22T06:52:30.000Z,"22 Mai, ora 9:40,autobuz 52
Era loc in autobuz pentru toată lumea însă șoferul ""Haideți mai repede că ne trece viața"" și voia să închidă bineînteles ușa înainte ca oamenii să urce (stație Minerva). În plus, în stația Zimbru soferul pornește autobuzul când lumea urca :) Daca vi se pare normal, nu pot spune decât felicitări CTP Iași !!!",siguranta,negativ,în stația Zimbru soferul pornește autobuzul când lumea urca,negativ
172,facebook,https://www.facebook.com/ctpiasi?locale=ro_RO,,2019-05-22T03:52:53.000Z,"Lupsita de respect pentru pasageri. Nu au nici cele mai vagi noțiuni de conduită morală. Fiind singurii care se ocupă de transportul public urban , fac legea după placul lor, fara sa tina cont de problemele cetățenilor.",relatii_clienti,negativ,"Lupsita de respect pentru pasageri. Nu au nici cele mai vagi noțiuni de conduită morală, fac legea după placul lor, fara sa tina cont de problemele cetățenilor",negativ
173,facebook,https://www.facebook.com/ctpiasi?locale=ro_RO,,2019-05-19T11:54:39.000Z,Am așteptat 30’ tramvaiul 13 in stația 2 Băieți!!! 😡😡😡,frecventa,negativ,Am așteptat 30 minute tramvaiul 13 in stația 2 Băieți,negativ
174,facebook,https://www.facebook.com/ctpiasi?locale=ro_RO,,2019-05-16T06:32:06.000Z,"Poate cu atâtea feedback-uri negative legate de intervalul prost al autobuzelor(în special cele de pe traseul 44) veți încerca și voi sa remediați ceva. Pe lângă faptul ca toate rablele de autobuze circulă pe acest traseu, ca miroase de la o poștă a motorină /benzină când urci în ele mai stai și câte 40 minute dimineața în stație la Vama 2 poate, poate vine ceva. Sa îți treacă prin stație un autobuz prin stație la 8 fix și apoi următorul sa vina la 08:40 mi se pare inadmisibil, în condițiile în care raportați 15-20 minute interval de circulație( în orele de vârf). Unul dintre cele mai proaste trasee și mai rău că nu faceți nimic. Luați-o mai degrabă ca pe o reclamație, ca de feedback-uri probabil sunteți sufocați.",frecventa,negativ,"stai și câte 40 minute dimineața în stație, sa îți treacă prin stație un autobuz la 8 fix și apoi următorul sa vina la 08:40",negativ
174,facebook,https://www.facebook.com/ctpiasi?locale=ro_RO,,2019-05-16T06:32:06.000Z,"Poate cu atâtea feedback-uri negative legate de intervalul prost al autobuzelor(în special cele de pe traseul 44) veți încerca și voi sa remediați ceva. Pe lângă faptul ca toate rablele de autobuze circulă pe acest traseu, ca miroase de la o poștă a motorină /benzină când urci în ele mai stai și câte 40 minute dimineața în stație la Vama 2 poate, poate vine ceva. Sa îți treacă prin stație un autobuz prin stație la 8 fix și apoi următorul sa vina la 08:40 mi se pare inadmisibil, în condițiile în care raportați 15-20 minute interval de circulație( în orele de vârf). Unul dintre cele mai proaste trasee și mai rău că nu faceți nimic. Luați-o mai degrabă ca pe o reclamație, ca de feedback-uri probabil sunteți sufocați.",stare_vehicule,negativ,toate rablele de autobuze circulă pe acest traseu,negativ
174,facebook,https://www.facebook.com/ctpiasi?locale=ro_RO,,2019-05-16T06:32:06.000Z,"Poate cu atâtea feedback-uri negative legate de intervalul prost al autobuzelor(în special cele de pe traseul 44) veți încerca și voi sa remediați ceva. Pe lângă faptul ca toate rablele de autobuze circulă pe acest traseu, ca miroase de la o poștă a motorină /benzină când urci în ele mai stai și câte 40 minute dimineața în stație la Vama 2 poate, poate vine ceva. Sa îți treacă prin stație un autobuz prin stație la 8 fix și apoi următorul sa vina la 08:40 mi se pare inadmisibil, în condițiile în care raportați 15-20 minute interval de circulație( în orele de vârf). Unul dintre cele mai proaste trasee și mai rău că nu faceți nimic. Luați-o mai degrabă ca pe o reclamație, ca de feedback-uri probabil sunteți sufocați.",curatenie,negativ,miroase de la o poștă a motorină/benzină când urci în ele,negativ
174,facebook,https://www.facebook.com/ctpiasi?locale=ro_RO,,2019-05-16T06:32:06.000Z,"Poate cu atâtea feedback-uri negative legate de intervalul prost al autobuzelor(în special cele de pe traseul 44) veți încerca și voi sa remediați ceva. Pe lângă faptul ca toate rablele de autobuze circulă pe acest traseu, ca miroase de la o poștă a motorină /benzină când urci în ele mai stai și câte 40 minute dimineața în stație la Vama 2 poate, poate vine ceva. Sa îți treacă prin stație un autobuz prin stație la 8 fix și apoi următorul sa vina la 08:40 mi se pare inadmisibil, în condițiile în care raportați 15-20 minute interval de circulație( în orele de vârf). Unul dintre cele mai proaste trasee și mai rău că nu faceți nimic. Luați-o mai degrabă ca pe o reclamație, ca de feedback-uri probabil sunteți sufocați.",informare_calatori,negativ,"raportați 15-20 minute interval de circulație în orele de vârf, în realitate intervalul e de 40 minute",negativ
175,facebook,https://www.facebook.com/ctpiasi?locale=ro_RO,,2019-05-13T06:22:17.000Z,Cea mai proasta organizare posibila! In amestec cu nepăsare și indolenta! Tipic!,organizare,negativ,Cea mai proasta organizare posibila! In amestec cu nepăsare și indolenta,negativ
176,facebook,https://www.facebook.com/ctpiasi?locale=ro_RO,,2019-05-10T05:39:57.000Z,"Degeaba avem sisteme inteligente de plată a călătoriilor, pentru ca nu avem unde sa le folosim. Se așteaptă după un autobuz 30 dimineața, timp de 25 de minute când toată lumea merge la serviciu.",validare_bilete,negativ,"Degeaba avem sisteme inteligente de plată a călătoriilor, pentru ca nu avem unde sa le folosim",negativ
176,facebook,https://www.facebook.com/ctpiasi?locale=ro_RO,,2019-05-10T05:39:57.000Z,"Degeaba avem sisteme inteligente de plată a călătoriilor, pentru ca nu avem unde sa le folosim. Se așteaptă după un autobuz 30 dimineața, timp de 25 de minute când toată lumea merge la serviciu.",frecventa,negativ,"Se așteaptă după un autobuz 30 dimineața, timp de 25 de minute când toată lumea merge la serviciu",negativ
177,facebook,https://www.facebook.com/ctpiasi?locale=ro_RO,,2019-05-07T14:27:59.000Z,Autobuzul 44 mai exista? sau vine de la Vaslui de am ajuns sa stăm și câte 30-40 de minute in așteptare? mereu se așteaptă o veșnicie până vine.,frecventa,negativ,"vine de la Vaslui de am ajuns sa stăm și câte 30-40 de minute in așteptare, mereu se așteaptă o veșnicie până vine",negativ
178,facebook,https://www.facebook.com/ctpiasi?locale=ro_RO,,2019-04-17T06:56:57.000Z,Jalnic! Peogramul nu se respecta si e doar bataie de joc!,punctualitate,negativ,Programul nu se respecta si e doar bataie de joc,negativ
179,facebook,https://www.facebook.com/ctpiasi?locale=ro_RO,,2019-04-08T10:50:24.000Z,"buna ziua! sunt o persoana ""dependenta"" de masina, datorita programului foarte incarcat si pentru ca intr un timp foarte scurt trebuie sa fiu in mai multe locuri.Trimit acest mesaj pentru ca vreau sa va felicit pentru IMBUNATATIRILE VIZIBILE, PENTRU INTERES SI IMPLICAE! Am 5 zile de cand folosesc mijloacele CTP, pentru ca am masina in service, si sunt 90 % multumita! Se vede ca se schimba ceva si sunt mandra ca se dovedeste ca se poate si la noi in tara! Tin sa multumesc soferilor de pe ruta 47- nr.autobuz 1924, 1930, 1933- foarte amabili si intradevar profesionisti! Multumim si succes, pentru un viitor mai bun!",soferi_vatmani,pozitiv,"tin sa multumesc soferilor de pe ruta 47, nr autobuz 1924, 1930, 1933, foarte amabili si intradevar profesionisti",pozitiv
179,facebook,https://www.facebook.com/ctpiasi?locale=ro_RO,,2019-04-08T10:50:24.000Z,"buna ziua! sunt o persoana ""dependenta"" de masina, datorita programului foarte incarcat si pentru ca intr un timp foarte scurt trebuie sa fiu in mai multe locuri.Trimit acest mesaj pentru ca vreau sa va felicit pentru IMBUNATATIRILE VIZIBILE, PENTRU INTERES SI IMPLICAE! Am 5 zile de cand folosesc mijloacele CTP, pentru ca am masina in service, si sunt 90 % multumita! Se vede ca se schimba ceva si sunt mandra ca se dovedeste ca se poate si la noi in tara! Tin sa multumesc soferilor de pe ruta 47- nr.autobuz 1924, 1930, 1933- foarte amabili si intradevar profesionisti! Multumim si succes, pentru un viitor mai bun!",organizare,pozitiv,"IMBUNATATIRILE VIZIBILE, PENTRU INTERES SI IMPLICARE, se vede ca se schimba ceva",pozitiv
180,facebook,https://www.facebook.com/ctpiasi?locale=ro_RO,,2019-04-07T07:22:28.000Z,"Frecventa, lipsa unui orar care sa poata fi respectat",frecventa,negativ,"Frecventa, lipsa unui orar care sa poata fi respectat",negativ
181,facebook,https://www.facebook.com/ctpiasi?locale=ro_RO,,2019-04-04T09:08:24.000Z,Imbunatatiri majore in ultima vreme. Tineti-o tot asa! 👍,organizare,pozitiv,Imbunatatiri majore in ultima vreme. Tineti-o tot asa,pozitiv
182,facebook,https://www.facebook.com/ctpiasi?locale=ro_RO,,2019-03-12T07:04:37.000Z,"Neseriozitate. Deși la capăt linie 9 cug este statia plina, stau 3 tramvaie degeaba. Dupa ce vine unul din tramvaie (mai mare) in statie și urcă lumea, trebuie să coboare toată lumea că se schimba tramvaiul (cu unul mai mic). Bineînțeles pe traseu toate stațiile sunt full (pt că nici 41 nu a trecut) și tramvaiul e plin după numai 2 stații. Așa e cam in fiecare dimineață pe traseul 9, și nu din cauza traficului ci din cauza serviciilor ctp.",organizare,negativ,"stau 3 tramvaie degeaba, trebuie să coboare toată lumea că se schimba tramvaiul cu unul mai mic, asa e cam in fiecare dimineață pe traseul 9",negativ
182,facebook,https://www.facebook.com/ctpiasi?locale=ro_RO,,2019-03-12T07:04:37.000Z,"Neseriozitate. Deși la capăt linie 9 cug este statia plina, stau 3 tramvaie degeaba. Dupa ce vine unul din tramvaie (mai mare) in statie și urcă lumea, trebuie să coboare toată lumea că se schimba tramvaiul (cu unul mai mic). Bineînțeles pe traseu toate stațiile sunt full (pt că nici 41 nu a trecut) și tramvaiul e plin după numai 2 stații. Așa e cam in fiecare dimineață pe traseul 9, și nu din cauza traficului ci din cauza serviciilor ctp.",aglomeratie,negativ,"tramvaiul e plin după numai 2 stații, toate stațiile sunt full",negativ
183,facebook,https://www.facebook.com/ctpiasi?locale=ro_RO,,2019-03-10T17:46:18.000Z,"Bună seara. Șoferul de pe linia 28 cursa luată la ora 19:20 de pe bulevardul independentei cu destinația pasaj nicolina , nefiind atent la drum a pus frână brusca iar o persoana care stătea pe locurile din spate a sărit de pe scaun lovindu-se. Nu e normal așa ceva. Rușine șoferului😠😠😠😠",soferi_vatmani,negativ,nefiind atent la drum a pus frână brusca iar o persoana care stătea pe locurile din spate a sărit de pe scaun lovindu-se,negativ
183,facebook,https://www.facebook.com/ctpiasi?locale=ro_RO,,2019-03-10T17:46:18.000Z,"Bună seara. Șoferul de pe linia 28 cursa luată la ora 19:20 de pe bulevardul independentei cu destinația pasaj nicolina , nefiind atent la drum a pus frână brusca iar o persoana care stătea pe locurile din spate a sărit de pe scaun lovindu-se. Nu e normal așa ceva. Rușine șoferului😠😠😠😠",siguranta,negativ,a pus frână brusca iar o persoana care stătea pe locurile din spate a sărit de pe scaun lovindu-se,negativ
185,facebook,https://www.facebook.com/ctpiasi?locale=ro_RO,,2019-02-27T11:42:06.000Z,"Azi 27.02 , ora 13.35, autobuzul 1983 , pe ruta 28, trece prin două semafoare roșii , pe strada Palat spre Podu Roș.  Ce recomandări s-ar mai cuveni ?",soferi_vatmani,negativ,"autobuzul 1983, pe ruta 28, trece prin două semafoare roșii, pe strada Palat spre Podu Roș",negativ
185,facebook,https://www.facebook.com/ctpiasi?locale=ro_RO,,2019-02-27T11:42:06.000Z,"Azi 27.02 , ora 13.35, autobuzul 1983 , pe ruta 28, trece prin două semafoare roșii , pe strada Palat spre Podu Roș.  Ce recomandări s-ar mai cuveni ?",siguranta,negativ,trece prin două semafoare roșii,negativ
186,facebook,https://www.facebook.com/ctpiasi?locale=ro_RO,,2019-02-25T08:37:08.000Z,"Este inadmisibil sa stai 35 de minute in statie la Sere Ciurea sa vezi cum trec 3 de 27 si 2 de 44 iar 41 deloc. Răspunsul doamnei de centrală este ""traficul aglomerat""!!",frecventa,negativ,stai 35 de minute in statie la Sere Ciurea sa vezi cum trec 3 de 27 si 2 de 44 iar 41 deloc,negativ
186,facebook,https://www.facebook.com/ctpiasi?locale=ro_RO,,2019-02-25T08:37:08.000Z,"Este inadmisibil sa stai 35 de minute in statie la Sere Ciurea sa vezi cum trec 3 de 27 si 2 de 44 iar 41 deloc. Răspunsul doamnei de centrală este ""traficul aglomerat""!!",relatii_clienti,negativ,Răspunsul doamnei de centrală este traficul aglomerat,negativ
187,facebook,https://www.facebook.com/ctpiasi?locale=ro_RO,,2019-02-17T11:11:06.000Z,"O companie care este în continuă dezvoltare, spre deosebire de RATP care oferea niște condiții inumane.
Modernizarea transportului ieșean a început odata cu CTP și chiar dacă există loc de îmbunătățiri, observ că acestea nu încetează să apară. Totodată, compania este receptivă la sugestiile călătorilor.",organizare,pozitiv,"O companie care este în continuă dezvoltare, Modernizarea transportului ieșean a început odata cu CTP",pozitiv
187,facebook,https://www.facebook.com/ctpiasi?locale=ro_RO,,2019-02-17T11:11:06.000Z,"O companie care este în continuă dezvoltare, spre deosebire de RATP care oferea niște condiții inumane.
Modernizarea transportului ieșean a început odata cu CTP și chiar dacă există loc de îmbunătățiri, observ că acestea nu încetează să apară. Totodată, compania este receptivă la sugestiile călătorilor.",relatii_clienti,pozitiv,compania este receptivă la sugestiile călătorilor,pozitiv
188,facebook,https://www.facebook.com/ctpiasi?locale=ro_RO,,2019-02-11T15:06:19.000Z,Autobuze mai dese și șoferi mai educați..,frecventa,negativ,Autobuze mai dese,negativ
188,facebook,https://www.facebook.com/ctpiasi?locale=ro_RO,,2019-02-11T15:06:19.000Z,Autobuze mai dese și șoferi mai educați..,soferi_vatmani,negativ,șoferi mai educați,negativ
189,facebook,https://www.facebook.com/ctpiasi?locale=ro_RO,,2019-02-06T19:48:14.000Z,În primul rand. Sa nu mai angajeze toți gunoierii ca și controlori!,controlori,negativ,Sa nu mai angajeze toți gunoierii ca și controlori,negativ
190,facebook,https://www.facebook.com/ctpiasi?locale=ro_RO,,2019-01-24T15:36:31.000Z,"Buna ziua domnilor. De ce nu se folosesc monitoarele din autobuze, acelea unde ar trebui sa se afiseze statia curenta si statiile urmatoare? In 9 autobuze din 10 nu se afiseaza nimic pe acel monitor sau cand se afiseaza, e gresit, cu statii in urma. La fel cu mesajele audio - ""statia x ... urmeaza statia y"". Daca tot exista, de ce nu se folosesc? Deranjeaza cumva soferii din auditia muzicii populare in ""cabina"", pentru ca asta e prezenta pe tot traseul? Ca sa nu mai zic de frecventa rarisima a anumitor autobuze, doua exemple rapide - 5 si 19?",informare_calatori,negativ,"De ce nu se folosesc monitoarele din autobuze unde ar trebui sa se afiseze statia curenta si statiile urmatoare? In 9 autobuze din 10 nu se afiseaza nimic sau cand se afiseaza, e gresit",negativ
190,facebook,https://www.facebook.com/ctpiasi?locale=ro_RO,,2019-01-24T15:36:31.000Z,"Buna ziua domnilor. De ce nu se folosesc monitoarele din autobuze, acelea unde ar trebui sa se afiseze statia curenta si statiile urmatoare? In 9 autobuze din 10 nu se afiseaza nimic pe acel monitor sau cand se afiseaza, e gresit, cu statii in urma. La fel cu mesajele audio - ""statia x ... urmeaza statia y"". Daca tot exista, de ce nu se folosesc? Deranjeaza cumva soferii din auditia muzicii populare in ""cabina"", pentru ca asta e prezenta pe tot traseul? Ca sa nu mai zic de frecventa rarisima a anumitor autobuze, doua exemple rapide - 5 si 19?",soferi_vatmani,negativ,muzicii populare in cabina prezenta pe tot traseul,negativ
190,facebook,https://www.facebook.com/ctpiasi?locale=ro_RO,,2019-01-24T15:36:31.000Z,"Buna ziua domnilor. De ce nu se folosesc monitoarele din autobuze, acelea unde ar trebui sa se afiseze statia curenta si statiile urmatoare? In 9 autobuze din 10 nu se afiseaza nimic pe acel monitor sau cand se afiseaza, e gresit, cu statii in urma. La fel cu mesajele audio - ""statia x ... urmeaza statia y"". Daca tot exista, de ce nu se folosesc? Deranjeaza cumva soferii din auditia muzicii populare in ""cabina"", pentru ca asta e prezenta pe tot traseul? Ca sa nu mai zic de frecventa rarisima a anumitor autobuze, doua exemple rapide - 5 si 19?",frecventa,negativ,"frecventa rarisima a anumitor autobuze, doua exemple rapide, 5 si 19",negativ
191,facebook,https://www.facebook.com/ctpiasi?locale=ro_RO,,2019-01-15T06:29:29.000Z,"A devenit un obicei ca in sezonul rece soferii de pe autobuze sa nu deschida usa din fata, indiferent de numarul de calatori care asteapta sa urce. Este cazul si soferului de pe autobuzul nu nr IS-09-RLO, de pe traseul 19, care a refuzat in nenumarate randuri sa permita accesul prin usa din fata a numerosi calatori, mai ales elevi. Cazul nu este singular, mai multi soferi de pe traseele 19, 30 si 20 avand acelasi comportament. Daca se doreste un transport public civilizat, in primul rand, ar trebui eduxati soferii. Desi nu exista alternativa in Iasi, nu recomand transportul public.",soferi_vatmani,negativ,"A devenit un obicei ca in sezonul rece soferii de pe autobuze sa nu deschida usa din fata, indiferent de numarul de calatori care asteapta sa urce",negativ
192,facebook,https://www.facebook.com/ctpiasi?locale=ro_RO,,2019-01-14T08:52:14.000Z,"De ce nu schimbati  regula cu prima usa care se deschide  doar pt coborare, regula carre se respecta cand vrea soferul??? In dimineata asta, 14 ian 2019 ,stimabilul sofer al autobuzului 19 ,Is 11 VWH ,n a binevoit a deschide usa in conditiile in care statiile erau pline de oameni asteptan si autobuzul plin la mijloc si in spate,iar in fata gol.platim bilete zilnic,conditiile sunt jalnice,autob vine la jum de ora la orele cand multa lume circula cu mijlacele de tranaport public...si mai este ai regula asta stupida .Instruiti angajatii sa fie mai umani si sa fie corecti si sa ia atitudine cand chiar este nwvoie.",soferi_vatmani,negativ,stimabilul sofer al autobuzului 19 n-a binevoit a deschide usa in conditiile in care statiile erau pline de oameni asteptand,negativ
192,facebook,https://www.facebook.com/ctpiasi?locale=ro_RO,,2019-01-14T08:52:14.000Z,"De ce nu schimbati  regula cu prima usa care se deschide  doar pt coborare, regula carre se respecta cand vrea soferul??? In dimineata asta, 14 ian 2019 ,stimabilul sofer al autobuzului 19 ,Is 11 VWH ,n a binevoit a deschide usa in conditiile in care statiile erau pline de oameni asteptan si autobuzul plin la mijloc si in spate,iar in fata gol.platim bilete zilnic,conditiile sunt jalnice,autob vine la jum de ora la orele cand multa lume circula cu mijlacele de tranaport public...si mai este ai regula asta stupida .Instruiti angajatii sa fie mai umani si sa fie corecti si sa ia atitudine cand chiar este nwvoie.",frecventa,negativ,autobuzul vine la jum de ora la orele cand multa lume circula cu mijloacele de transport public,negativ
194,facebook,https://www.facebook.com/ctpiasi?locale=ro_RO,,2018-12-30T21:55:10.000Z,"Cum pot face și eu să am tramvai? Să mă aducă până pe Vasile Lupu 93, așa cum îl aduce pe un nene cărunt tramvaiul pe la 23:48, în mod repetat. Nu de alta, dar mai ies și eu la băut cu prietenii și nu vreau să mai plătesc taxi. Vreau un abonament de ăsta all inclusive. Să mă lase tramvaiul în sufragerie.",acoperire_rute,negativ,Cum pot face și eu să am tramvai? Să mă aducă până pe Vasile Lupu 93,negativ
196,facebook,https://www.facebook.com/ctpiasi?locale=ro_RO,,2018-12-24T14:42:43.000Z,Tramvaiul 7 vine foarte greu (șoseaua Moara de Foc ) . Din ora in ora . Este inadmisibil așa ceva !,frecventa,negativ,"Tramvaiul 7 vine foarte greu, din ora in ora",negativ
197,facebook,https://www.facebook.com/ctpiasi?locale=ro_RO,,2018-12-22T11:17:06.000Z,S-au adus autobuze noi si totusi asteptam cate 20-30 minute in statii!,stare_vehicule,pozitiv,S-au adus autobuze noi,negativ
197,facebook,https://www.facebook.com/ctpiasi?locale=ro_RO,,2018-12-22T11:17:06.000Z,S-au adus autobuze noi si totusi asteptam cate 20-30 minute in statii!,frecventa,negativ,totusi asteptam cate 20-30 minute in statii,negativ
198,facebook,https://www.facebook.com/ctpiasi?locale=ro_RO,,2018-12-21T05:39:33.000Z,"Trasee facute seara din pat cu gandul la vacanta sau de persoane care nu au circulat niciodata cu mijloace de transport in comun. Linia 20 este sub orice critica, daca ar fi suplimentata si  cu 2 carute ar fi mai buna. Bataie de joc! Unul sau 2 autobuze/ora, pline mereu, in timp ce alte trasee 46/43/42, in intervalul orar 07-08, circula si cu 5 calatori.  Sa NU ne traiasca primarul din acest pct d vdr!",acoperire_rute,negativ,"Linia 20 este sub orice critica, alte trasee 46/43/42 circula si cu 5 calatori in intervalul orar 07-08",negativ
198,facebook,https://www.facebook.com/ctpiasi?locale=ro_RO,,2018-12-21T05:39:33.000Z,"Trasee facute seara din pat cu gandul la vacanta sau de persoane care nu au circulat niciodata cu mijloace de transport in comun. Linia 20 este sub orice critica, daca ar fi suplimentata si  cu 2 carute ar fi mai buna. Bataie de joc! Unul sau 2 autobuze/ora, pline mereu, in timp ce alte trasee 46/43/42, in intervalul orar 07-08, circula si cu 5 calatori.  Sa NU ne traiasca primarul din acest pct d vdr!",aglomeratie,negativ,"Unul sau 2 autobuze/ora, pline mereu",negativ
198,facebook,https://www.facebook.com/ctpiasi?locale=ro_RO,,2018-12-21T05:39:33.000Z,"Trasee facute seara din pat cu gandul la vacanta sau de persoane care nu au circulat niciodata cu mijloace de transport in comun. Linia 20 este sub orice critica, daca ar fi suplimentata si  cu 2 carute ar fi mai buna. Bataie de joc! Unul sau 2 autobuze/ora, pline mereu, in timp ce alte trasee 46/43/42, in intervalul orar 07-08, circula si cu 5 calatori.  Sa NU ne traiasca primarul din acest pct d vdr!",organizare,negativ,Trasee facute seara din pat cu gandul la vacanta sau de persoane care nu au circulat niciodata cu mijloace de transport in comun,negativ
199,facebook,https://www.facebook.com/ctpiasi?locale=ro_RO,,2018-12-17T08:30:37.000Z,"Vad schimbari in bine. Le apreciez si cred ca trebuie incurajate. Multumesc CTP, succes la si mai bine!",organizare,pozitiv,Vad schimbari in bine. Le apreciez si cred ca trebuie incurajate,pozitiv
200,facebook,https://www.facebook.com/ctpiasi?locale=ro_RO,,2018-12-15T15:06:46.000Z,"Domnii mei (sau doamne), faceți ceva în legătură cu așa-zișii colindători (indiferent de etnie) din tramvaie care fac călătoria un coșmar! Dacă nu vi se pare că poluează vizual, olfactiv și mai ales fonic (ceea ce fac, fără tăgadă), gândiți-vă măcar că circulă într-o veselie fără bilet!",siguranta,negativ,"colindători din tramvaie care fac călătoria un coșmar, poluează vizual, olfactiv și mai ales fonic, circulă într-o veselie fără bilet",negativ
200,facebook,https://www.facebook.com/ctpiasi?locale=ro_RO,,2018-12-15T15:06:46.000Z,"Domnii mei (sau doamne), faceți ceva în legătură cu așa-zișii colindători (indiferent de etnie) din tramvaie care fac călătoria un coșmar! Dacă nu vi se pare că poluează vizual, olfactiv și mai ales fonic (ceea ce fac, fără tăgadă), gândiți-vă măcar că circulă într-o veselie fără bilet!",controlori,negativ,"circulă într-o veselie fără bilet, fără nicio intervenție",negativ
201,facebook,https://www.facebook.com/ctpiasi?locale=ro_RO,,2018-12-13T06:28:52.000Z,"Se sta foarte mult in statie la ore de varf, iar cand vine autobuzul, e ticsit de oameni! Servicii sub orice critica!",frecventa,negativ,Se sta foarte mult in statie la ore de varf,negativ
201,facebook,https://www.facebook.com/ctpiasi?locale=ro_RO,,2018-12-13T06:28:52.000Z,"Se sta foarte mult in statie la ore de varf, iar cand vine autobuzul, e ticsit de oameni! Servicii sub orice critica!",aglomeratie,negativ,"cand vine autobuzul, e ticsit de oameni",negativ
203,google_maps,CTP Iasi - Headquarters,1.0,,"CEA M-AI JALNICA COMPANIE AUTOBUZELE VIN CAND VOR ELE ,OAMENI INTARZIE LA MUNCA ,CEL PUTIN 30B MERGE FF PROST RUSINE SUNTETI PLATITI DE NOI CALATORII !",punctualitate,negativ,"AUTOBUZELE VIN CAND VOR ELE, OAMENI INTARZIE LA MUNCA",negativ
203,google_maps,CTP Iasi - Headquarters,1.0,,"CEA M-AI JALNICA COMPANIE AUTOBUZELE VIN CAND VOR ELE ,OAMENI INTARZIE LA MUNCA ,CEL PUTIN 30B MERGE FF PROST RUSINE SUNTETI PLATITI DE NOI CALATORII !",acoperire_rute,negativ,CEL PUTIN 30B MERGE FF PROST,negativ
204,google_maps,CTP Iasi - Headquarters,1.0,,"Am facut sesizare pe net pt reintroducerea statiei de la chimicale in alexandru, solutie absolut fiabila in dauna a 2 locuri de parcare pe fiecare parte a strazii. Probabil trebuia facuta sesizarea la forurile UE pentru ca abuzul s a facut cand mafia unui primar vechi a sanctionat cartierul ca nu se voteaza cu psd iar fondurile au venit de la ue pt reabilitare",infrastructura_statii,negativ,"reintroducerea statiei de la chimicale in alexandru, solutie absolut fiabila in dauna a 2 locuri de parcare",negativ
205,google_maps,CTP Iasi - Headquarters,1.0,,"Cea mai neserioasă companie de transport. Aștepți o oră să vină un autobuz  când ar trebui să vină din 15 in 15 minute .Și când vine e full autobuzul. Pe lângă asta dacă esti cu copil mic nu ai unde să ții copilul pe scaun, sau spațiul unde se ține căruciorul nu se poate pune pt ca e foarte plim. Pe lângă ca nu vine la timp nici nu exista un orar sau niște intervale de unde te poți orienta . Stai în frig sau ploaie câte  o oră , întârzii la serviciu  din cauza unor incompetenți  și neserioși.",frecventa,negativ,"Aștepți o oră să vină un autobuz când ar trebui să vină din 15 in 15 minute, stai în frig sau ploaie câte o oră",negativ
205,google_maps,CTP Iasi - Headquarters,1.0,,"Cea mai neserioasă companie de transport. Aștepți o oră să vină un autobuz  când ar trebui să vină din 15 in 15 minute .Și când vine e full autobuzul. Pe lângă asta dacă esti cu copil mic nu ai unde să ții copilul pe scaun, sau spațiul unde se ține căruciorul nu se poate pune pt ca e foarte plim. Pe lângă ca nu vine la timp nici nu exista un orar sau niște intervale de unde te poți orienta . Stai în frig sau ploaie câte  o oră , întârzii la serviciu  din cauza unor incompetenți  și neserioși.",aglomeratie,negativ,"când vine e full autobuzul, spațiul unde se ține căruciorul nu se poate pune pt ca e foarte plin",negativ
205,google_maps,CTP Iasi - Headquarters,1.0,,"Cea mai neserioasă companie de transport. Aștepți o oră să vină un autobuz  când ar trebui să vină din 15 in 15 minute .Și când vine e full autobuzul. Pe lângă asta dacă esti cu copil mic nu ai unde să ții copilul pe scaun, sau spațiul unde se ține căruciorul nu se poate pune pt ca e foarte plim. Pe lângă ca nu vine la timp nici nu exista un orar sau niște intervale de unde te poți orienta . Stai în frig sau ploaie câte  o oră , întârzii la serviciu  din cauza unor incompetenți  și neserioși.",informare_calatori,negativ,nu exista un orar sau niște intervale de unde te poți orienta,negativ
206,google_maps,CTP Iasi - Headquarters,1.0,,"Astăzi am fost părtașă la abuzuri direct în autobuzul 29.  Credeți că e normal controlori sa abuzeze in felul ăsta și să fie protejați de companie? Pai a doua zi la rand când controlori ating fetele chair și sub 18 ani , și invocă că nu este bun biletul chiar daca acesta este. Astăzi un bărbat în vârstă cu burta că altfel nu l pot descrie tine oameni în autobuz. Politia spune că are voie sa te țină obligat în autobuz până te legitimezi. Dar controlorul nu se legitimează . Dar până și poliția ia partea controlorilor. Vai de steaua voastră.",controlori,negativ,"controlori sa abuzeze in felul ăsta, controlori ating fetele chiar și sub 18 ani, invocă că nu este bun biletul chiar daca acesta este, un bărbat tine oameni în autobuz",negativ
206,google_maps,CTP Iasi - Headquarters,1.0,,"Astăzi am fost părtașă la abuzuri direct în autobuzul 29.  Credeți că e normal controlori sa abuzeze in felul ăsta și să fie protejați de companie? Pai a doua zi la rand când controlori ating fetele chair și sub 18 ani , și invocă că nu este bun biletul chiar daca acesta este. Astăzi un bărbat în vârstă cu burta că altfel nu l pot descrie tine oameni în autobuz. Politia spune că are voie sa te țină obligat în autobuz până te legitimezi. Dar controlorul nu se legitimează . Dar până și poliția ia partea controlorilor. Vai de steaua voastră.",siguranta,negativ,controlori ating fetele chiar și sub 18 ani,negativ
206,google_maps,CTP Iasi - Headquarters,1.0,,"Astăzi am fost părtașă la abuzuri direct în autobuzul 29.  Credeți că e normal controlori sa abuzeze in felul ăsta și să fie protejați de companie? Pai a doua zi la rand când controlori ating fetele chair și sub 18 ani , și invocă că nu este bun biletul chiar daca acesta este. Astăzi un bărbat în vârstă cu burta că altfel nu l pot descrie tine oameni în autobuz. Politia spune că are voie sa te țină obligat în autobuz până te legitimezi. Dar controlorul nu se legitimează . Dar până și poliția ia partea controlorilor. Vai de steaua voastră.",relatii_clienti,negativ,să fie protejați de companie,negativ
207,google_maps,CTP Iasi - Headquarters,1.0,,Nu se respecta timpii de pe tabela.,informare_calatori,negativ,Nu se respecta timpii de pe tabela,negativ
208,google_maps,CTP Iasi - Headquarters,1.0,,I had a paper ticket and they didn't accept it. The guy was threatening me and he also didn't know English so I couldn't explain to him that I already had a ticket. He said they didn't accept card because he probably wanted to take the money himself... disappointing.  I noticed a lot of people are complaining about the same thing. I would take legal action because the guy was literally threatening to hit me but 20 euros are neither enough to go trough all this nor to beat the guy up. If I could I would give you zero stars... shame on you,controlori,negativ,"they didn't accept it, the guy was threatening me, he also didn't know English, he said they didn't accept card because he probably wanted to take the money himself",negativ
208,google_maps,CTP Iasi - Headquarters,1.0,,I had a paper ticket and they didn't accept it. The guy was threatening me and he also didn't know English so I couldn't explain to him that I already had a ticket. He said they didn't accept card because he probably wanted to take the money himself... disappointing.  I noticed a lot of people are complaining about the same thing. I would take legal action because the guy was literally threatening to hit me but 20 euros are neither enough to go trough all this nor to beat the guy up. If I could I would give you zero stars... shame on you,validare_bilete,negativ,I had a paper ticket and they didn't accept it,negativ
209,google_maps,CTP Iasi - Headquarters,2.0,,"We appreciate the fact that there are some new buses and trams, but the old ones are horrible, they should get rid of them. Plus, people who check the tickerts/cards are pretty subjective to say the least ... they sometimes pick on high school students but simply pass by members of a certain .... portion of the population, I will say no more, who NEVER validate any ticket or card, and are never asked, checked or let alone fined! I think this is unfair.",stare_vehicule,pozitiv,there are some new buses and trams,negativ
209,google_maps,CTP Iasi - Headquarters,2.0,,"We appreciate the fact that there are some new buses and trams, but the old ones are horrible, they should get rid of them. Plus, people who check the tickerts/cards are pretty subjective to say the least ... they sometimes pick on high school students but simply pass by members of a certain .... portion of the population, I will say no more, who NEVER validate any ticket or card, and are never asked, checked or let alone fined! I think this is unfair.",stare_vehicule,negativ,"the old ones are horrible, they should get rid of them",negativ
209,google_maps,CTP Iasi - Headquarters,2.0,,"We appreciate the fact that there are some new buses and trams, but the old ones are horrible, they should get rid of them. Plus, people who check the tickerts/cards are pretty subjective to say the least ... they sometimes pick on high school students but simply pass by members of a certain .... portion of the population, I will say no more, who NEVER validate any ticket or card, and are never asked, checked or let alone fined! I think this is unfair.",controlori,negativ,"people who check the tickets/cards are pretty subjective, they sometimes pick on high school students but simply pass by members of a certain portion of the population who NEVER validate any ticket or card",negativ
210,google_maps,CTP Iasi - Headquarters,1.0,,"Cea mai jalnica companie de transport în comun! Timpi de așteptare de peste 30-40 de minute, personal lipsit de orice urma de bun simt (mai ales controlorii care au o atitudine de recuperator). As fi dat 0 stele daca s- a r fi putut.",frecventa,negativ,Timpi de așteptare de peste 30-40 de minute,negativ
210,google_maps,CTP Iasi - Headquarters,1.0,,"Cea mai jalnica companie de transport în comun! Timpi de așteptare de peste 30-40 de minute, personal lipsit de orice urma de bun simt (mai ales controlorii care au o atitudine de recuperator). As fi dat 0 stele daca s- a r fi putut.",controlori,negativ,"personal lipsit de orice urma de bun simt, mai ales controlorii care au o atitudine de recuperator",negativ
211,google_maps,CTP Iasi - Headquarters,1.0,,Am așteptat 52  mai mult de o orâ.Un singur autobuz pe traseu vă bateți joc,frecventa,negativ,Am așteptat 52 mai mult de o oră. Un singur autobuz pe traseu,negativ
212,google_maps,CTP Iasi - Headquarters,1.0,,"Schimbați vă controlorii !

Pe scurt, ati angajat ultimele jeguri care incearcă să flirteze sau sa atingă fetele din autobuze sau metrouri (fie ca sunt minore), iar uneori chiar sa se ajunga la abuzuri fizice.",controlori,negativ,"ati angajat ultimele jeguri care incearcă să flirteze sau sa atingă fetele din autobuze sau metrouri, fie ca sunt minore, uneori chiar sa se ajunga la abuzuri fizice",negativ
212,google_maps,CTP Iasi - Headquarters,1.0,,"Schimbați vă controlorii !

Pe scurt, ati angajat ultimele jeguri care incearcă să flirteze sau sa atingă fetele din autobuze sau metrouri (fie ca sunt minore), iar uneori chiar sa se ajunga la abuzuri fizice.",siguranta,negativ,"să atingă fetele din autobuze sau metrouri, fie ca sunt minore, uneori chiar sa se ajunga la abuzuri fizice",negativ
213,google_maps,CTP Iasi - Headquarters,1.0,,"Ca turist, in 3 zile de stat am ajuns sa merg prin frig pe jos pentru ca am stat cu mult peste 10-15 minute dupa un autobuz.Mai mult, am stat 15 minute dupa autobuz in conditiile in care nu am putut merge cu tramvaiul pentru ca S-A DEFECTAT SI AM FOST DATI JOS. Nici macar loc sa urci in autobuz nu ai, mai ales daca ai bagaj. Evident,dupa o calatorie cu tramvaiul pierduta si 15 minute asteptat in frig ( in total am pierdut mai mult de jumatate de ora din cauza defectiunii) am ajuns la destinatie tot pe jos!!!",frecventa,negativ,"am stat cu mult peste 10-15 minute dupa un autobuz, 15 minute dupa autobuz",negativ
213,google_maps,CTP Iasi - Headquarters,1.0,,"Ca turist, in 3 zile de stat am ajuns sa merg prin frig pe jos pentru ca am stat cu mult peste 10-15 minute dupa un autobuz.Mai mult, am stat 15 minute dupa autobuz in conditiile in care nu am putut merge cu tramvaiul pentru ca S-A DEFECTAT SI AM FOST DATI JOS. Nici macar loc sa urci in autobuz nu ai, mai ales daca ai bagaj. Evident,dupa o calatorie cu tramvaiul pierduta si 15 minute asteptat in frig ( in total am pierdut mai mult de jumatate de ora din cauza defectiunii) am ajuns la destinatie tot pe jos!!!",stare_vehicule,negativ,nu am putut merge cu tramvaiul pentru ca S-A DEFECTAT SI AM FOST DATI JOS,negativ
213,google_maps,CTP Iasi - Headquarters,1.0,,"Ca turist, in 3 zile de stat am ajuns sa merg prin frig pe jos pentru ca am stat cu mult peste 10-15 minute dupa un autobuz.Mai mult, am stat 15 minute dupa autobuz in conditiile in care nu am putut merge cu tramvaiul pentru ca S-A DEFECTAT SI AM FOST DATI JOS. Nici macar loc sa urci in autobuz nu ai, mai ales daca ai bagaj. Evident,dupa o calatorie cu tramvaiul pierduta si 15 minute asteptat in frig ( in total am pierdut mai mult de jumatate de ora din cauza defectiunii) am ajuns la destinatie tot pe jos!!!",aglomeratie,negativ,"Nici macar loc sa urci in autobuz nu ai, mai ales daca ai bagaj",negativ
214,google_maps,CTP Iasi - Headquarters,1.0,,"Neseriozitate totală
La CTP un minut e egal cu 30 de minute
În Japonia dacă întârzie o secundă transportul public compania își cere scuze 3 săptămâni
Aici dacă întârzie 3 ore e tot vina ta cumva",punctualitate,negativ,"La CTP un minut e egal cu 30 de minute, dacă întârzie 3 ore e tot vina ta cumva",negativ
215,google_maps,CTP Iasi - Headquarters,1.0,,"Sa transporti oameni dintre-un capat în altul al Iașului la 40°C , denotă o mare lipsă de respect și bun simt. Mai rău ca animalele. Sa te lauzi cu autobuze și tramvaie din fonduri europene dar sa nu fii capabil să găsești un om să ți repare aerul condiționat ! RUSINE ! Sunteți o pata neagră pe fata acestui oraș frumos :(",confort_termic,negativ,"Sa transporti oameni dintre-un capat în altul al Iașului la 40°C, nu fii capabil să găsești un om să ți repare aerul condiționat",negativ
216,google_maps,CTP Iasi - Headquarters,1.0,,"Tramvaiele vechi trebuie scoase din uz. Am platit bilet sa ajung la munca, si nu am mai ajuns ca s-a stricat iar tramvaiul. Am fost nevoit sa merg cu taxiul. Cine imi deconteaza biletul? Nu am beneficiat de serviciu. Urmeaza sa ma adresez catre ANPC.",stare_vehicule,negativ,"Tramvaiele vechi trebuie scoase din uz, s-a stricat iar tramvaiul",negativ
216,google_maps,CTP Iasi - Headquarters,1.0,,"Tramvaiele vechi trebuie scoase din uz. Am platit bilet sa ajung la munca, si nu am mai ajuns ca s-a stricat iar tramvaiul. Am fost nevoit sa merg cu taxiul. Cine imi deconteaza biletul? Nu am beneficiat de serviciu. Urmeaza sa ma adresez catre ANPC.",pret,negativ,"Am platit bilet sa ajung la munca, si nu am mai ajuns ca s-a stricat iar tramvaiul. Cine imi deconteaza biletul? Nu am beneficiat de serviciu",negativ
217,google_maps,CTP Iasi - Headquarters,5.0,,"Persoanal de treabă, paznicul este foarte de treabă",soferi_vatmani,pozitiv,"Personal de treabă, paznicul este foarte de treabă",pozitiv
218,google_maps,CTP Iasi - Headquarters,1.0,,"Jalnic. Pentru ce se scumpesc biletele si abonamentele daca de la 7:25 abia la 08:00 a venit un tramvai? Bataie de joc, mai aveți și nesimțirea sa vă promovați ca asigurând un transport in comun de lăudat.",pret,negativ,Pentru ce se scumpesc biletele si abonamentele,negativ
218,google_maps,CTP Iasi - Headquarters,1.0,,"Jalnic. Pentru ce se scumpesc biletele si abonamentele daca de la 7:25 abia la 08:00 a venit un tramvai? Bataie de joc, mai aveți și nesimțirea sa vă promovați ca asigurând un transport in comun de lăudat.",frecventa,negativ,de la 7:25 abia la 08:00 a venit un tramvai,negativ
219,google_maps,CTP Iasi - Headquarters,1.0,,"cel mai prost si dezorganizat sistem pentru afisarea mijloacelor de transport, ai mai multe sanse la 6 din 49 decat sa vina ce iti arata ei pe ecran… timpul afisat probabil e calculat in functie de curentii polari, azi un minut poate insemna o ora, maine poate fi o secunda. acuratetea informatiilor e ca si cum ai pune un caine orb sa-ti ghiceasca culori, ordinea sosirilor e facuta pe random.org.",informare_calatori,negativ,"cel mai prost si dezorganizat sistem pentru afisarea mijloacelor de transport, ai mai multe sanse la 6 din 49 decat sa vina ce iti arata ei pe ecran, un minut poate insemna o ora, acuratetea informatiilor e ca si cum ai pune un caine orb sa-ti ghiceasca culori, ordinea sosirilor e facuta pe random.org",negativ
220,google_maps,CTP Iasi - Headquarters,1.0,,"Serviciul de transpor s-a inbunatatit in ultima vreme cu autobuze electrice si tramvaie noi. Totusi cea mai mare problema pe care eu nu o pot tolera sunt soferii agresivi in trafic si verbal. Serviciul de reclamatii CTP ii apara. Serviciul de telverde este sub orice critica ,abuz verbal la fel ca soferii, iti inchid telefonul in nas daca le ceri explicatii si nu iti mai raspund dupa. Primaria ar trebuie sa faca reguli clare si transparente pentru soferii nedisciplinati.",stare_vehicule,pozitiv,Serviciul de transport s-a imbunatatit in ultima vreme cu autobuze electrice si tramvaie noi,negativ
220,google_maps,CTP Iasi - Headquarters,1.0,,"Serviciul de transpor s-a inbunatatit in ultima vreme cu autobuze electrice si tramvaie noi. Totusi cea mai mare problema pe care eu nu o pot tolera sunt soferii agresivi in trafic si verbal. Serviciul de reclamatii CTP ii apara. Serviciul de telverde este sub orice critica ,abuz verbal la fel ca soferii, iti inchid telefonul in nas daca le ceri explicatii si nu iti mai raspund dupa. Primaria ar trebuie sa faca reguli clare si transparente pentru soferii nedisciplinati.",soferi_vatmani,negativ,soferii agresivi in trafic si verbal,negativ
220,google_maps,CTP Iasi - Headquarters,1.0,,"Serviciul de transpor s-a inbunatatit in ultima vreme cu autobuze electrice si tramvaie noi. Totusi cea mai mare problema pe care eu nu o pot tolera sunt soferii agresivi in trafic si verbal. Serviciul de reclamatii CTP ii apara. Serviciul de telverde este sub orice critica ,abuz verbal la fel ca soferii, iti inchid telefonul in nas daca le ceri explicatii si nu iti mai raspund dupa. Primaria ar trebuie sa faca reguli clare si transparente pentru soferii nedisciplinati.",relatii_clienti,negativ,"Serviciul de reclamatii CTP ii apara. Serviciul de telverde este sub orice critica, abuz verbal la fel ca soferii, iti inchid telefonul in nas daca le ceri explicatii si nu iti mai raspund dupa",negativ
221,google_maps,CTP Iasi - Headquarters,1.0,,"Rușine! Ar trebui să aibă control ANPC în fiecare zi. Controlori abuzivi și cu reacții nefondate doar pentru a da amenzi. Jigniri,impinsaturi etc… Aplicația se blochează când vrei să achiziționezi bilet. Automatele de bilete sunt nefuncționale sau nu au informații de folosință. Nu eliberează rest. În ce lume trăim? Totul este vechi de pe vremea comunismului. Ne controlează la sânge și alte persoane aflate în stare de ebrietate,fără bilet sau care urcă doar pentru cerșit nu sunt sancționate sau coborâte din autobuz. Deși în regulamentul intern scrie acest lucru. Se mișcă foarte greu,traficul este îngreunat. Apar defecțiuni tot mai des. Dar din toate acestea comportamentul controlorilor este din cale afară de speriat. Ajungi să îți fie frică să te urci intr un astfel de transport din cauza lor! Nici măcar nu așteaptă să se încarce biletul pe aplicație ca ei deja vor să te amendeze. Cu ce sunt oamenii devină ca ei nu sunt în stare să își creeze un mediu corect de plată, cu toate opțiunile valabile. Ar trebui să fie aprobată o lege prin care să fie aprobată neplata din motive de ne funcționalitate. Sunt acceptate persoane violente,ce nu au o ținută corespunzătoare sau circulă cu sticlă în mâna de alcool. Deși și asta scrie în regulament. Ei nu respectă nicio obligație dar noi ar trebui să respectăm tot și nici atunci nu este destul. Controlorii nu știu altceva de cat amenzi. Nu vor să ajute populația cu probleme intervenite. Dacă tot angajați controlori de ce nu angajați și persoane responsabile cu depanarea. Să repare problemele. De ce nu angajați paznici pentru fiecare transport dacă tot doriți să fiți corecți. Respect față de consumator este zero!
Rog ANPC să se sesizeze cu această companie de transport sau toate autoritățile competente. Să fie verificate toate procedurile și toate mijloacele de transport!",controlori,negativ,"Controlori abuzivi și cu reacții nefondate doar pentru a da amenzi, jigniri, impinsaturi, nici măcar nu așteaptă să se încarce biletul pe aplicație ca ei deja vor să te amendeze",negativ
221,google_maps,CTP Iasi - Headquarters,1.0,,"Rușine! Ar trebui să aibă control ANPC în fiecare zi. Controlori abuzivi și cu reacții nefondate doar pentru a da amenzi. Jigniri,impinsaturi etc… Aplicația se blochează când vrei să achiziționezi bilet. Automatele de bilete sunt nefuncționale sau nu au informații de folosință. Nu eliberează rest. În ce lume trăim? Totul este vechi de pe vremea comunismului. Ne controlează la sânge și alte persoane aflate în stare de ebrietate,fără bilet sau care urcă doar pentru cerșit nu sunt sancționate sau coborâte din autobuz. Deși în regulamentul intern scrie acest lucru. Se mișcă foarte greu,traficul este îngreunat. Apar defecțiuni tot mai des. Dar din toate acestea comportamentul controlorilor este din cale afară de speriat. Ajungi să îți fie frică să te urci intr un astfel de transport din cauza lor! Nici măcar nu așteaptă să se încarce biletul pe aplicație ca ei deja vor să te amendeze. Cu ce sunt oamenii devină ca ei nu sunt în stare să își creeze un mediu corect de plată, cu toate opțiunile valabile. Ar trebui să fie aprobată o lege prin care să fie aprobată neplata din motive de ne funcționalitate. Sunt acceptate persoane violente,ce nu au o ținută corespunzătoare sau circulă cu sticlă în mâna de alcool. Deși și asta scrie în regulament. Ei nu respectă nicio obligație dar noi ar trebui să respectăm tot și nici atunci nu este destul. Controlorii nu știu altceva de cat amenzi. Nu vor să ajute populația cu probleme intervenite. Dacă tot angajați controlori de ce nu angajați și persoane responsabile cu depanarea. Să repare problemele. De ce nu angajați paznici pentru fiecare transport dacă tot doriți să fiți corecți. Respect față de consumator este zero!
Rog ANPC să se sesizeze cu această companie de transport sau toate autoritățile competente. Să fie verificate toate procedurile și toate mijloacele de transport!",validare_bilete,negativ,Aplicația se blochează când vrei să achiziționezi bilet. Automatele de bilete sunt nefuncționale sau nu au informații de folosință. Nu eliberează rest,negativ
221,google_maps,CTP Iasi - Headquarters,1.0,,"Rușine! Ar trebui să aibă control ANPC în fiecare zi. Controlori abuzivi și cu reacții nefondate doar pentru a da amenzi. Jigniri,impinsaturi etc… Aplicația se blochează când vrei să achiziționezi bilet. Automatele de bilete sunt nefuncționale sau nu au informații de folosință. Nu eliberează rest. În ce lume trăim? Totul este vechi de pe vremea comunismului. Ne controlează la sânge și alte persoane aflate în stare de ebrietate,fără bilet sau care urcă doar pentru cerșit nu sunt sancționate sau coborâte din autobuz. Deși în regulamentul intern scrie acest lucru. Se mișcă foarte greu,traficul este îngreunat. Apar defecțiuni tot mai des. Dar din toate acestea comportamentul controlorilor este din cale afară de speriat. Ajungi să îți fie frică să te urci intr un astfel de transport din cauza lor! Nici măcar nu așteaptă să se încarce biletul pe aplicație ca ei deja vor să te amendeze. Cu ce sunt oamenii devină ca ei nu sunt în stare să își creeze un mediu corect de plată, cu toate opțiunile valabile. Ar trebui să fie aprobată o lege prin care să fie aprobată neplata din motive de ne funcționalitate. Sunt acceptate persoane violente,ce nu au o ținută corespunzătoare sau circulă cu sticlă în mâna de alcool. Deși și asta scrie în regulament. Ei nu respectă nicio obligație dar noi ar trebui să respectăm tot și nici atunci nu este destul. Controlorii nu știu altceva de cat amenzi. Nu vor să ajute populația cu probleme intervenite. Dacă tot angajați controlori de ce nu angajați și persoane responsabile cu depanarea. Să repare problemele. De ce nu angajați paznici pentru fiecare transport dacă tot doriți să fiți corecți. Respect față de consumator este zero!
Rog ANPC să se sesizeze cu această companie de transport sau toate autoritățile competente. Să fie verificate toate procedurile și toate mijloacele de transport!",stare_vehicule,negativ,Totul este vechi de pe vremea comunismului. Apar defecțiuni tot mai des,negativ
221,google_maps,CTP Iasi - Headquarters,1.0,,"Rușine! Ar trebui să aibă control ANPC în fiecare zi. Controlori abuzivi și cu reacții nefondate doar pentru a da amenzi. Jigniri,impinsaturi etc… Aplicația se blochează când vrei să achiziționezi bilet. Automatele de bilete sunt nefuncționale sau nu au informații de folosință. Nu eliberează rest. În ce lume trăim? Totul este vechi de pe vremea comunismului. Ne controlează la sânge și alte persoane aflate în stare de ebrietate,fără bilet sau care urcă doar pentru cerșit nu sunt sancționate sau coborâte din autobuz. Deși în regulamentul intern scrie acest lucru. Se mișcă foarte greu,traficul este îngreunat. Apar defecțiuni tot mai des. Dar din toate acestea comportamentul controlorilor este din cale afară de speriat. Ajungi să îți fie frică să te urci intr un astfel de transport din cauza lor! Nici măcar nu așteaptă să se încarce biletul pe aplicație ca ei deja vor să te amendeze. Cu ce sunt oamenii devină ca ei nu sunt în stare să își creeze un mediu corect de plată, cu toate opțiunile valabile. Ar trebui să fie aprobată o lege prin care să fie aprobată neplata din motive de ne funcționalitate. Sunt acceptate persoane violente,ce nu au o ținută corespunzătoare sau circulă cu sticlă în mâna de alcool. Deși și asta scrie în regulament. Ei nu respectă nicio obligație dar noi ar trebui să respectăm tot și nici atunci nu este destul. Controlorii nu știu altceva de cat amenzi. Nu vor să ajute populația cu probleme intervenite. Dacă tot angajați controlori de ce nu angajați și persoane responsabile cu depanarea. Să repare problemele. De ce nu angajați paznici pentru fiecare transport dacă tot doriți să fiți corecți. Respect față de consumator este zero!
Rog ANPC să se sesizeze cu această companie de transport sau toate autoritățile competente. Să fie verificate toate procedurile și toate mijloacele de transport!",siguranta,negativ,"Sunt acceptate persoane violente, ce nu au o ținută corespunzătoare sau circulă cu sticlă în mâna de alcool",negativ
222,google_maps,CTP Iasi - Headquarters,1.0,,"O locație care nu are finanțare cât să își permită pază, așa că lasă câinii să atace oameni care trec prin fața curții.",siguranta,negativ,lasă câinii să atace oameni care trec prin fața curții,negativ
224,google_maps,CTP Iasi - Headquarters,1.0,,Minutul ctp durează și jumătate de ora. Niște incompetenți!,punctualitate,negativ,Minutul ctp durează și jumătate de ora,negativ
225,google_maps,CTP Iasi - Headquarters,1.0,,"Mulțumim, CTP, pentru sentimentul de coeziune socială pe care îl simt în mijloacele de transport supra-aglomerate și unde compostoarele de bilete se află în capetele vehiculului. Într-adevăr, există riscul de a nu se mai întoarce biletul sau să nu fie compostat conform cerințelor unor controlori, dar ce ar fi viața fără riscuri?!",aglomeratie,negativ,mijloacele de transport supra-aglomerate,negativ
225,google_maps,CTP Iasi - Headquarters,1.0,,"Mulțumim, CTP, pentru sentimentul de coeziune socială pe care îl simt în mijloacele de transport supra-aglomerate și unde compostoarele de bilete se află în capetele vehiculului. Într-adevăr, există riscul de a nu se mai întoarce biletul sau să nu fie compostat conform cerințelor unor controlori, dar ce ar fi viața fără riscuri?!",validare_bilete,negativ,"compostoarele de bilete se află în capetele vehiculului, există riscul de a nu se mai întoarce biletul sau să nu fie compostat conform cerințelor unor controlori",negativ
226,google_maps,CTP Iasi - Headquarters,1.0,,O instituție incompetentă condusă de niște căpușe.,organizare,negativ,O instituție incompetentă condusă de niște căpușe,negativ
227,google_maps,CTP Iasi - Headquarters,1.0,,Nu meritați niciodată o stea pe panou lui Chirică arata 14 min și vine după 45 pe traseul 27 cel mai prost  traseu  plătim abonamente ptr ce rușine vouă,informare_calatori,negativ,pe panou arata 14 min și vine după 45 pe traseul 27,negativ
227,google_maps,CTP Iasi - Headquarters,1.0,,Nu meritați niciodată o stea pe panou lui Chirică arata 14 min și vine după 45 pe traseul 27 cel mai prost  traseu  plătim abonamente ptr ce rușine vouă,pret,negativ,plătim abonamente ptr ce,negativ
228,google_maps,CTP Iasi - Headquarters,2.0,,"Bună ziua! Domnie director, V-am rugat să-mi ziceți, dacă ați primit hotărârea judecătorească ptr angajatul Neculau Mihai Valeriu, ptr că este imposibil, nu vă jucați cu legea! Cei de la birourile d-voastră de juridică tb să știe!",relatii_clienti,negativ,"este imposibil, nu vă jucați cu legea",negativ
229,google_maps,CTP Iasi - Headquarters,1.0,,"Dezamăgitoare atitudinea celor care controlează biletele. Având în vedere ca eram cu un copil în brațe au început să urle la mine ca am luat bilet greșit pentru ca nu mă aflam în zona care era pe bilet. Eu îmi asum greșelile dar nu accept atitudine sălbatică față de mine și copilul meu. Eu cred ca se poate vorbi civilizat, dar nu este cazul unora. Poate ar fi bine să sancționăm și noi, nu doar să fim sancționați.
Mai mult respect!!!",controlori,negativ,"au început să urle la mine ca am luat bilet greșit, nu accept atitudine sălbatică față de mine și copilul meu",negativ
230,google_maps,CTP Iasi - Headquarters,1.0,,"Foarte slab, CTP Iași.

Am stat să aștept 30 de minunte în stație, iar când a venit un vehicul CTP (Autobuz cu nr. de indentificare E14, pe ruta 42) era foarte plin.

Nu o să îmi schimb recenzia, ca să vă treziți o dată să vedeți realitate.

Edit: Și  mai lăsați o dată decoratul tramvaielor și mai degrabă reparați o dată tramvaiele și autobuzele la tot ce au probleme, că unele zici că sunt tramvai/autobuze fantomă sau că îți este frică ca nu cumva scaunul din tramvai care vrei să te așezi să fie stricat și să te duci pe jos.",frecventa,negativ,Am stat să aștept 30 de minute în stație,negativ
230,google_maps,CTP Iasi - Headquarters,1.0,,"Foarte slab, CTP Iași.

Am stat să aștept 30 de minunte în stație, iar când a venit un vehicul CTP (Autobuz cu nr. de indentificare E14, pe ruta 42) era foarte plin.

Nu o să îmi schimb recenzia, ca să vă treziți o dată să vedeți realitate.

Edit: Și  mai lăsați o dată decoratul tramvaielor și mai degrabă reparați o dată tramvaiele și autobuzele la tot ce au probleme, că unele zici că sunt tramvai/autobuze fantomă sau că îți este frică ca nu cumva scaunul din tramvai care vrei să te așezi să fie stricat și să te duci pe jos.",aglomeratie,negativ,când a venit un vehicul CTP era foarte plin,negativ
230,google_maps,CTP Iasi - Headquarters,1.0,,"Foarte slab, CTP Iași.

Am stat să aștept 30 de minunte în stație, iar când a venit un vehicul CTP (Autobuz cu nr. de indentificare E14, pe ruta 42) era foarte plin.

Nu o să îmi schimb recenzia, ca să vă treziți o dată să vedeți realitate.

Edit: Și  mai lăsați o dată decoratul tramvaielor și mai degrabă reparați o dată tramvaiele și autobuzele la tot ce au probleme, că unele zici că sunt tramvai/autobuze fantomă sau că îți este frică ca nu cumva scaunul din tramvai care vrei să te așezi să fie stricat și să te duci pe jos.",stare_vehicule,negativ,"lăsați decoratul tramvaielor și mai degrabă reparați o dată tramvaiele și autobuzele, unele zici că sunt tramvai/autobuze fantomă, scaunul din tramvai care vrei să te așezi să fie stricat",negativ
231,google_maps,CTP Iasi - Headquarters,1.0,,"Le: la o zi distanță, aceeași problemă. Timpi mari de așteptare în stație....sunteți sub orice critică,  bine că vă acordați singuri premii. Sunteți absolut penibili

Scoateți naibii mai multe mijloace de transport în comun la stradă. Se stă în stație câte 40 de minute pentru un amărât de tramvai? Nu aveți pic de bun simț",frecventa,negativ,"Se stă în stație câte 40 de minute pentru un amărât de tramvai, Timpi mari de așteptare în stație",negativ
232,google_maps,CTP Iasi - Headquarters,1.0,,"Ar trebui si compania amendata de cate ori  intarzie autobuzele/tranvaiele , si pentru porcariile de aparate pentru bilete care iti iau bani dar nu dau bilet. Ar trebui  macar la 15' sa vina un autobuz nu sa stai o ora in statie si sa mai fie si cu tupeu controlori. Pentru fiecare minut intarziat ar trebui sa se circule gratuit si asa furati des la aparatele de bilete ca luati bani da nu primesti bilet, pluc functionarea proasta a celor din mijlocul de transport care au ora eronata sau nu au fct.",punctualitate,negativ,Ar trebui si compania amendata de cate ori intarzie autobuzele/tramvaiele,negativ
232,google_maps,CTP Iasi - Headquarters,1.0,,"Ar trebui si compania amendata de cate ori  intarzie autobuzele/tranvaiele , si pentru porcariile de aparate pentru bilete care iti iau bani dar nu dau bilet. Ar trebui  macar la 15' sa vina un autobuz nu sa stai o ora in statie si sa mai fie si cu tupeu controlori. Pentru fiecare minut intarziat ar trebui sa se circule gratuit si asa furati des la aparatele de bilete ca luati bani da nu primesti bilet, pluc functionarea proasta a celor din mijlocul de transport care au ora eronata sau nu au fct.",validare_bilete,negativ,"porcariile de aparate pentru bilete care iti iau bani dar nu dau bilet, aparatele de bilete care au ora eronata sau nu functioneaza",negativ
232,google_maps,CTP Iasi - Headquarters,1.0,,"Ar trebui si compania amendata de cate ori  intarzie autobuzele/tranvaiele , si pentru porcariile de aparate pentru bilete care iti iau bani dar nu dau bilet. Ar trebui  macar la 15' sa vina un autobuz nu sa stai o ora in statie si sa mai fie si cu tupeu controlori. Pentru fiecare minut intarziat ar trebui sa se circule gratuit si asa furati des la aparatele de bilete ca luati bani da nu primesti bilet, pluc functionarea proasta a celor din mijlocul de transport care au ora eronata sau nu au fct.",frecventa,negativ,sa stai o ora in statie,negativ
232,google_maps,CTP Iasi - Headquarters,1.0,,"Ar trebui si compania amendata de cate ori  intarzie autobuzele/tranvaiele , si pentru porcariile de aparate pentru bilete care iti iau bani dar nu dau bilet. Ar trebui  macar la 15' sa vina un autobuz nu sa stai o ora in statie si sa mai fie si cu tupeu controlori. Pentru fiecare minut intarziat ar trebui sa se circule gratuit si asa furati des la aparatele de bilete ca luati bani da nu primesti bilet, pluc functionarea proasta a celor din mijlocul de transport care au ora eronata sau nu au fct.",controlori,negativ,sa mai fie si cu tupeu controlori,negativ
233,google_maps,CTP Iasi - Headquarters,1.0,,"Nu mi se pare normal ca in statia Columnei timpul de asteptare sa fie mai mult de 30 de minute, in special pentru un autobuz ca 36, care duce in centru. Nu venea nici tramvaiul 6.",frecventa,negativ,"timpul de asteptare sa fie mai mult de 30 de minute in statia Columnei, nu venea nici tramvaiul 6",negativ
234,google_maps,CTP Iasi - Headquarters,1.0,,"Sâmbătă dimineața, ora 9, de la 8 jumătate astept sa treaca orice dinspre cug spre podul ros.",frecventa,negativ,de la 8 jumătate aștept sa treaca orice dinspre cug spre podul ros,negativ
235,google_maps,CTP Iasi - Headquarters,1.0,,"Foarte puține mijloace de transport în comun în comparație cu cât ar trebui sa fie de fapt. Întârzie des, zilnic stai înghesuit ca o sardina...mda. Calitatea/cantitatea mijloacelor de transport nu vreți sa o îmbunătățiți, dar bine ca preturile la bilete și abonamente stiti sa le umflați. Jalnic👎",frecventa,negativ,Foarte puține mijloace de transport în comun în comparație cu cât ar trebui sa fie de fapt. Întârzie des,negativ
235,google_maps,CTP Iasi - Headquarters,1.0,,"Foarte puține mijloace de transport în comun în comparație cu cât ar trebui sa fie de fapt. Întârzie des, zilnic stai înghesuit ca o sardina...mda. Calitatea/cantitatea mijloacelor de transport nu vreți sa o îmbunătățiți, dar bine ca preturile la bilete și abonamente stiti sa le umflați. Jalnic👎",aglomeratie,negativ,zilnic stai înghesuit ca o sardina,negativ
235,google_maps,CTP Iasi - Headquarters,1.0,,"Foarte puține mijloace de transport în comun în comparație cu cât ar trebui sa fie de fapt. Întârzie des, zilnic stai înghesuit ca o sardina...mda. Calitatea/cantitatea mijloacelor de transport nu vreți sa o îmbunătățiți, dar bine ca preturile la bilete și abonamente stiti sa le umflați. Jalnic👎",pret,negativ,preturile la bilete și abonamente stiti sa le umflați,negativ
236,google_maps,CTP Iasi - Headquarters,1.0,,Cea mai proasta și neorganizată firma de transport în comun .,organizare,negativ,Cea mai proasta și neorganizată firma de transport în comun,negativ
237,google_maps,CTP Iasi - Headquarters,1.0,,Stai o oră după un tramvai și când vine se duce la depou...,frecventa,negativ,Stai o oră după un tramvai,negativ
237,google_maps,CTP Iasi - Headquarters,1.0,,Stai o oră după un tramvai și când vine se duce la depou...,organizare,negativ,când vine se duce la depou,negativ
239,google_maps,CTP Iasi - Headquarters,1.0,,Șofer otobuzul 30 pe numele  marian  are un comportament  vulgar  in fața  alți  șoferi .,soferi_vatmani,negativ,Șofer autobuzul 30 pe numele marian are un comportament vulgar in fața alți șoferi,negativ
240,google_maps,CTP Iasi - Headquarters,1.0,,"Cea mai tampita companie de transport din romania cu niste preturi enorme pt o calitate a serviciilor deplorabile. Ah, as of this moment vor sa mai majoreze preturile cu 20%. Circulati cu masina oameni buni, este mai ieftin",pret,negativ,"niste preturi enorme pt o calitate a serviciilor deplorabile, vor sa mai majoreze preturile cu 20%",negativ
241,google_maps,CTP Iasi - Headquarters,2.0,,"Tramvaiele iesite din depou la prima ora, sunt murdare de glod, au un miros de putregai, nu sunt aerisite, vatman care este prea obosit sa conduca dimineata, iar ochii ii are in telefon in timp ce conduce pana la destinatie. Panouri cu trasee care nu sunt functionale, care nu arata realitatea. Poate pana data viitoare va voi da un maxim de stele, progres doresc, nu regres. Succes la combaterea problemelor sesizate.",curatenie,negativ,"murdare de glod, au un miros de putregai, nu sunt aerisite",negativ
241,google_maps,CTP Iasi - Headquarters,2.0,,"Tramvaiele iesite din depou la prima ora, sunt murdare de glod, au un miros de putregai, nu sunt aerisite, vatman care este prea obosit sa conduca dimineata, iar ochii ii are in telefon in timp ce conduce pana la destinatie. Panouri cu trasee care nu sunt functionale, care nu arata realitatea. Poate pana data viitoare va voi da un maxim de stele, progres doresc, nu regres. Succes la combaterea problemelor sesizate.",soferi_vatmani,negativ,"vatman care este prea obosit sa conduca dimineata, iar ochii ii are in telefon in timp ce conduce",negativ
241,google_maps,CTP Iasi - Headquarters,2.0,,"Tramvaiele iesite din depou la prima ora, sunt murdare de glod, au un miros de putregai, nu sunt aerisite, vatman care este prea obosit sa conduca dimineata, iar ochii ii are in telefon in timp ce conduce pana la destinatie. Panouri cu trasee care nu sunt functionale, care nu arata realitatea. Poate pana data viitoare va voi da un maxim de stele, progres doresc, nu regres. Succes la combaterea problemelor sesizate.",siguranta,negativ,ochii ii are in telefon in timp ce conduce pana la destinatie,negativ
241,google_maps,CTP Iasi - Headquarters,2.0,,"Tramvaiele iesite din depou la prima ora, sunt murdare de glod, au un miros de putregai, nu sunt aerisite, vatman care este prea obosit sa conduca dimineata, iar ochii ii are in telefon in timp ce conduce pana la destinatie. Panouri cu trasee care nu sunt functionale, care nu arata realitatea. Poate pana data viitoare va voi da un maxim de stele, progres doresc, nu regres. Succes la combaterea problemelor sesizate.",informare_calatori,negativ,"Panouri cu trasee care nu sunt functionale, care nu arata realitatea",negativ
242,google_maps,CTP Iasi - Headquarters,1.0,,"Masinile de bilete iau banii si nu printeaza biletele. Nu mi-a returnat banii si nici vreun bon valoric. 10 lei pierduti degeaba

Au numere de contact pt relatii clienti dar nu raspunde nimeni cand suni",validare_bilete,negativ,Masinile de bilete iau banii si nu printeaza biletele. Nu mi-a returnat banii si nici vreun bon valoric. 10 lei pierduti degeaba,negativ
242,google_maps,CTP Iasi - Headquarters,1.0,,"Masinile de bilete iau banii si nu printeaza biletele. Nu mi-a returnat banii si nici vreun bon valoric. 10 lei pierduti degeaba

Au numere de contact pt relatii clienti dar nu raspunde nimeni cand suni",relatii_clienti,negativ,Au numere de contact pt relatii clienti dar nu raspunde nimeni cand suni,negativ
243,google_maps,CTP Iasi - Headquarters,5.0,,"Autobuze și tramvaiele sunt majoritatea moderne în Iași, recomand călătoria cu transportul public în Iași.",stare_vehicule,pozitiv,Autobuze și tramvaiele sunt majoritatea moderne în Iași,pozitiv
244,google_maps,CTP Iasi - Headquarters,1.0,,"Cea mai proasta experienta: sa circuli cu transportul in comun din Iasi cand afara sunt 35 de grade. Este inadmisibil sa astepti un autobuz din trei posibile (un 42, 43 sau 19) 25 de minute sambata la ora 12 cand e atata forfota in oras. Tabelele alea sunt degeaba, nu reflecta realitatea, mai rau te enerveaza cand se blocheaza la 3 minute. In final vine un jaf de autobuz, cu aer conditionat vai de mama lui, dar care in schimb scotea un zgomot infernal, nu se intelegea om cu om. Mai mult, nu am putut selecta pretul biletului de 3 lei cat era normal (nu afisa aparatul  si suma de 3 lei ci doar pe celelalte la care minimul era de 5 lei), astfel incat am platit si scump acea cursa.",frecventa,negativ,sa astepti un autobuz din trei posibile 25 de minute sambata la ora 12,negativ
244,google_maps,CTP Iasi - Headquarters,1.0,,"Cea mai proasta experienta: sa circuli cu transportul in comun din Iasi cand afara sunt 35 de grade. Este inadmisibil sa astepti un autobuz din trei posibile (un 42, 43 sau 19) 25 de minute sambata la ora 12 cand e atata forfota in oras. Tabelele alea sunt degeaba, nu reflecta realitatea, mai rau te enerveaza cand se blocheaza la 3 minute. In final vine un jaf de autobuz, cu aer conditionat vai de mama lui, dar care in schimb scotea un zgomot infernal, nu se intelegea om cu om. Mai mult, nu am putut selecta pretul biletului de 3 lei cat era normal (nu afisa aparatul  si suma de 3 lei ci doar pe celelalte la care minimul era de 5 lei), astfel incat am platit si scump acea cursa.",informare_calatori,negativ,"Tabelele alea sunt degeaba, nu reflecta realitatea, mai rau te enerveaza cand se blocheaza la 3 minute",negativ
244,google_maps,CTP Iasi - Headquarters,1.0,,"Cea mai proasta experienta: sa circuli cu transportul in comun din Iasi cand afara sunt 35 de grade. Este inadmisibil sa astepti un autobuz din trei posibile (un 42, 43 sau 19) 25 de minute sambata la ora 12 cand e atata forfota in oras. Tabelele alea sunt degeaba, nu reflecta realitatea, mai rau te enerveaza cand se blocheaza la 3 minute. In final vine un jaf de autobuz, cu aer conditionat vai de mama lui, dar care in schimb scotea un zgomot infernal, nu se intelegea om cu om. Mai mult, nu am putut selecta pretul biletului de 3 lei cat era normal (nu afisa aparatul  si suma de 3 lei ci doar pe celelalte la care minimul era de 5 lei), astfel incat am platit si scump acea cursa.",confort_termic,negativ,"vine un jaf de autobuz, cu aer conditionat vai de mama lui",negativ
244,google_maps,CTP Iasi - Headquarters,1.0,,"Cea mai proasta experienta: sa circuli cu transportul in comun din Iasi cand afara sunt 35 de grade. Este inadmisibil sa astepti un autobuz din trei posibile (un 42, 43 sau 19) 25 de minute sambata la ora 12 cand e atata forfota in oras. Tabelele alea sunt degeaba, nu reflecta realitatea, mai rau te enerveaza cand se blocheaza la 3 minute. In final vine un jaf de autobuz, cu aer conditionat vai de mama lui, dar care in schimb scotea un zgomot infernal, nu se intelegea om cu om. Mai mult, nu am putut selecta pretul biletului de 3 lei cat era normal (nu afisa aparatul  si suma de 3 lei ci doar pe celelalte la care minimul era de 5 lei), astfel incat am platit si scump acea cursa.",validare_bilete,negativ,"nu am putut selecta pretul biletului de 3 lei cat era normal, nu afisa aparatul si suma de 3 lei ci doar pe celelalte la care minimul era de 5 lei, am platit si scump acea cursa",negativ
245,google_maps,CTP Iasi - Headquarters,1.0,,"Jenant. Autobuze și tramvaie noi, dar fac economie la combustibil prin întreruperea AC-ului la 38 grade afara.",confort_termic,negativ,fac economie la combustibil prin întreruperea AC-ului la 38 grade afara,negativ
246,google_maps,CTP Iasi - Headquarters,1.0,,"De marit pret la bilete ati marit.
De bagat mai multe autobuze pas.
Ruta 30 b e mereu fulll.
Ruta 20 la fel de full.
Nu suntem obligati sa calatorim ca sardinele si sa asteptam minute bune sa vina un mjjloc de transport fulm.
Suplimentați numarul de autobuze la orele de varf.
Ruta 43c de la ora 7 nu după 9!
Și situația a rămas la fel după 3 ani😳🤦‍♂️",pret,negativ,De marit pret la bilete ati marit,negativ
246,google_maps,CTP Iasi - Headquarters,1.0,,"De marit pret la bilete ati marit.
De bagat mai multe autobuze pas.
Ruta 30 b e mereu fulll.
Ruta 20 la fel de full.
Nu suntem obligati sa calatorim ca sardinele si sa asteptam minute bune sa vina un mjjloc de transport fulm.
Suplimentați numarul de autobuze la orele de varf.
Ruta 43c de la ora 7 nu după 9!
Și situația a rămas la fel după 3 ani😳🤦‍♂️",aglomeratie,negativ,"Ruta 30 b e mereu full, Ruta 20 la fel de full, Nu suntem obligati sa calatorim ca sardinele",negativ
246,google_maps,CTP Iasi - Headquarters,1.0,,"De marit pret la bilete ati marit.
De bagat mai multe autobuze pas.
Ruta 30 b e mereu fulll.
Ruta 20 la fel de full.
Nu suntem obligati sa calatorim ca sardinele si sa asteptam minute bune sa vina un mjjloc de transport fulm.
Suplimentați numarul de autobuze la orele de varf.
Ruta 43c de la ora 7 nu după 9!
Și situația a rămas la fel după 3 ani😳🤦‍♂️",frecventa,negativ,"sa asteptam minute bune sa vina un mijloc de transport full, Ruta 43c de la ora 7 nu după 9",negativ
248,google_maps,CTP Iasi - Headquarters,2.0,,"👎nu au copertină la întrare,am așteptat în ploaie!",infrastructura_statii,negativ,"nu au copertină la intrare, am așteptat în ploaie",negativ
249,google_maps,CTP Iasi - Headquarters,1.0,,Ar fi bine sa repectati programul!,punctualitate,negativ,Ar fi bine sa respectati programul,negativ
250,google_maps,CTP Iasi - Headquarters,1.0,,"Program haotic, circula când vor, nu au program prestabilit, te iau toți nervii dacă stai sa aștepți autobuz sau tramvai. O companie de doi bani. Niciodată nu se respecta un program. Degeaba se fac sesizări și reclamații, nu se respecta călătorii. In schimb cer 5 lei și 7 lei pe bilete. Singurul traseu care respecta programul e 23 in rest, mergeți la săpat ! Sunteți jalnici! Punct!",organizare,negativ,"Program haotic, circula când vor, nu au program prestabilit",negativ
250,google_maps,CTP Iasi - Headquarters,1.0,,"Program haotic, circula când vor, nu au program prestabilit, te iau toți nervii dacă stai sa aștepți autobuz sau tramvai. O companie de doi bani. Niciodată nu se respecta un program. Degeaba se fac sesizări și reclamații, nu se respecta călătorii. In schimb cer 5 lei și 7 lei pe bilete. Singurul traseu care respecta programul e 23 in rest, mergeți la săpat ! Sunteți jalnici! Punct!",pret,negativ,In schimb cer 5 lei și 7 lei pe bilete,negativ
250,google_maps,CTP Iasi - Headquarters,1.0,,"Program haotic, circula când vor, nu au program prestabilit, te iau toți nervii dacă stai sa aștepți autobuz sau tramvai. O companie de doi bani. Niciodată nu se respecta un program. Degeaba se fac sesizări și reclamații, nu se respecta călătorii. In schimb cer 5 lei și 7 lei pe bilete. Singurul traseu care respecta programul e 23 in rest, mergeți la săpat ! Sunteți jalnici! Punct!",relatii_clienti,negativ,"Degeaba se fac sesizări și reclamații, nu se respecta călătorii",negativ
251,google_maps,CTP Iasi - Headquarters,1.0,,Chiar de fiecare data e nevoie sa se astepte 40-50 minute ca sa vina tramvaiul 8?,frecventa,negativ,e nevoie sa se astepte 40-50 minute ca sa vina tramvaiul 8,negativ
253,google_maps,CTP Iasi - Headquarters,1.0,,Ar trebui să faceți ceva să vină autobuzele la timp!Să stai 40 de minute dimineața să ajungi în Bucium și niciun autobuz?Jalnic!,frecventa,negativ,Să stai 40 de minute dimineața să ajungi în Bucium și niciun autobuz,negativ
254,google_maps,CTP Iasi - Headquarters,1.0,,Jumătate din tramvaie sunt vechi !!!! HOȚII DE NICHITA ȘI CHIRICA !! AU FURAT .... DIN 1997 PÂNĂ ÎN 2021 ! RUȘȘIINNEEEE!!!!,stare_vehicule,negativ,Jumătate din tramvaie sunt vechi,negativ
255,google_maps,CTP Iasi - Headquarters,1.0,,"Doar țărani angajați ca vatmani,și la call center de asemenea...tanti a fost foarte ""de treaba""",soferi_vatmani,negativ,Doar țărani angajați ca vatmani,negativ
255,google_maps,CTP Iasi - Headquarters,1.0,,"Doar țărani angajați ca vatmani,și la call center de asemenea...tanti a fost foarte ""de treaba""",relatii_clienti,negativ,"la call center de asemenea, tanti a fost foarte de treaba",negativ
256,google_maps,CTP Iasi - Headquarters,1.0,,"Un dezastru ca intotdeauna. Stai si astepti in statie de iti vine a plânge. Iar cand in sfârsit a venit tramvaiul , dl. vatman parcă e mai degrabă cioban. A dat cu mine jos din scaun la un viraj. 2213 e numarul de inregistrare a tramvaiului.",frecventa,negativ,Stai si astepti in statie de iti vine a plânge,negativ
256,google_maps,CTP Iasi - Headquarters,1.0,,"Un dezastru ca intotdeauna. Stai si astepti in statie de iti vine a plânge. Iar cand in sfârsit a venit tramvaiul , dl. vatman parcă e mai degrabă cioban. A dat cu mine jos din scaun la un viraj. 2213 e numarul de inregistrare a tramvaiului.",soferi_vatmani,negativ,dl. vatman parcă e mai degrabă cioban. A dat cu mine jos din scaun la un viraj,negativ
256,google_maps,CTP Iasi - Headquarters,1.0,,"Un dezastru ca intotdeauna. Stai si astepti in statie de iti vine a plânge. Iar cand in sfârsit a venit tramvaiul , dl. vatman parcă e mai degrabă cioban. A dat cu mine jos din scaun la un viraj. 2213 e numarul de inregistrare a tramvaiului.",siguranta,negativ,A dat cu mine jos din scaun la un viraj,negativ
257,google_maps,CTP Iasi - Headquarters,1.0,,"Autobuzele sunt insuficiente si foarte vechi. E foarte enervant sa astepti 30 de minute dupa un autobuz, iar cand in sfarsit ajunge sa fie atat de plin incat sa nu poti arunca nici macar un ac, asta inseamna ca trebuie sa suplimentati cu autobuze. Aplicatia merge acceptabil acum, dar anul trecut era ghena. Singura solutie pentru traficul rutier aglomerat ar fi modernizarea transportului in public, dar romanul nu are viziune de viitor, din pacate se gandeste doar la buzunarul lui si atat. De personalul ctp nu are sens sa mai zic nimic doar faptul ca cetatenii de etnie rroma nici macar nu sunt amendati daca nu au bilet, iar controlorii nu au niciun drept sa iti retina buletinul. Au dreptul sa te legitimeze daca nu ai bilet doar atat!!! Nu mai acceptati abuzurile!",stare_vehicule,negativ,Autobuzele sunt insuficiente si foarte vechi,negativ
257,google_maps,CTP Iasi - Headquarters,1.0,,"Autobuzele sunt insuficiente si foarte vechi. E foarte enervant sa astepti 30 de minute dupa un autobuz, iar cand in sfarsit ajunge sa fie atat de plin incat sa nu poti arunca nici macar un ac, asta inseamna ca trebuie sa suplimentati cu autobuze. Aplicatia merge acceptabil acum, dar anul trecut era ghena. Singura solutie pentru traficul rutier aglomerat ar fi modernizarea transportului in public, dar romanul nu are viziune de viitor, din pacate se gandeste doar la buzunarul lui si atat. De personalul ctp nu are sens sa mai zic nimic doar faptul ca cetatenii de etnie rroma nici macar nu sunt amendati daca nu au bilet, iar controlorii nu au niciun drept sa iti retina buletinul. Au dreptul sa te legitimeze daca nu ai bilet doar atat!!! Nu mai acceptati abuzurile!",frecventa,negativ,sa astepti 30 de minute dupa un autobuz,negativ
257,google_maps,CTP Iasi - Headquarters,1.0,,"Autobuzele sunt insuficiente si foarte vechi. E foarte enervant sa astepti 30 de minute dupa un autobuz, iar cand in sfarsit ajunge sa fie atat de plin incat sa nu poti arunca nici macar un ac, asta inseamna ca trebuie sa suplimentati cu autobuze. Aplicatia merge acceptabil acum, dar anul trecut era ghena. Singura solutie pentru traficul rutier aglomerat ar fi modernizarea transportului in public, dar romanul nu are viziune de viitor, din pacate se gandeste doar la buzunarul lui si atat. De personalul ctp nu are sens sa mai zic nimic doar faptul ca cetatenii de etnie rroma nici macar nu sunt amendati daca nu au bilet, iar controlorii nu au niciun drept sa iti retina buletinul. Au dreptul sa te legitimeze daca nu ai bilet doar atat!!! Nu mai acceptati abuzurile!",aglomeratie,negativ,cand in sfarsit ajunge sa fie atat de plin incat sa nu poti arunca nici macar un ac,negativ
257,google_maps,CTP Iasi - Headquarters,1.0,,"Autobuzele sunt insuficiente si foarte vechi. E foarte enervant sa astepti 30 de minute dupa un autobuz, iar cand in sfarsit ajunge sa fie atat de plin incat sa nu poti arunca nici macar un ac, asta inseamna ca trebuie sa suplimentati cu autobuze. Aplicatia merge acceptabil acum, dar anul trecut era ghena. Singura solutie pentru traficul rutier aglomerat ar fi modernizarea transportului in public, dar romanul nu are viziune de viitor, din pacate se gandeste doar la buzunarul lui si atat. De personalul ctp nu are sens sa mai zic nimic doar faptul ca cetatenii de etnie rroma nici macar nu sunt amendati daca nu au bilet, iar controlorii nu au niciun drept sa iti retina buletinul. Au dreptul sa te legitimeze daca nu ai bilet doar atat!!! Nu mai acceptati abuzurile!",controlori,negativ,"cetatenii de etnie rroma nici macar nu sunt amendati daca nu au bilet, controlorii nu au niciun drept sa iti retina buletinul",negativ
258,google_maps,CTP Iasi - Headquarters,1.0,,"Oameni astia nu au ceas. Merg dupa cum au chef. Orarul e de forma. Mai bine o iei pe jos sau taxi decat sa astepti o cursa in multe cazuri. Plus unele curse sunt arhipline. Nu ai cum sa urci.
Nici sa vrei.",punctualitate,negativ,Oameni astia nu au ceas. Merg dupa cum au chef. Orarul e de forma,negativ
258,google_maps,CTP Iasi - Headquarters,1.0,,"Oameni astia nu au ceas. Merg dupa cum au chef. Orarul e de forma. Mai bine o iei pe jos sau taxi decat sa astepti o cursa in multe cazuri. Plus unele curse sunt arhipline. Nu ai cum sa urci.
Nici sa vrei.",aglomeratie,negativ,unele curse sunt arhipline. Nu ai cum sa urci,negativ
260,google_maps,CTP Iasi - Headquarters,1.0,,"De ce plătim abonamente?
Dacă pe traseul 6 si 36 , nu circula in jumatate de ora?
Nimic...
??
3 de 11?.
Si nici un 6 ??",frecventa,negativ,"pe traseul 6 si 36, nu circula in jumatate de ora, 3 de 11 si nici un 6",negativ
261,google_maps,CTP Iasi - Headquarters,1.0,,always late and incompetent,punctualitate,negativ,always late and incompetent,negativ
262,google_maps,CTP Iasi - Headquarters,1.0,,"Controlorii sunt dintr-o categorie ,,speciala'' de oameni.....S-a intamplat (din nou, ce surpriza!) sa nu elibereze posul din mijlocul unui tramvai 7 bilet de calatorie.Nu este prima data cand se intampla,mai vorbea lumea ca a patit la fel.Problema este ca oamenii nu mai actioneaza pt. o suma de 2,5 sau 5 lei daca iti incerci norocul a doua oara, mai ales ca ei te trimit la banca pt.a recupera suma.Mergi acolo ca prostul ca sa afli ca nu poti recupera nimic, insa bilet cu bilet asa se aduna sigur o suma considerabila la sfarsitul lunii :)

Am luat ulterior bilet de la posul din spate, apoi am vazut ca s-a urcat un controlor si i-am semnalat problema.Atitudinea de 2 bani, ca si cum abia astepta sa-mi dea amenda, crezand ca nu am bilet deloc:,,PAI SI AVETI BILET ACUMA sau nu??Aratati-l.'' Dezamagit ca nu m-a prins, mi-a reprosat ca nu trebuia sa incerc si a doua oara cand am vazut ca prima data nu mi-a eliberat bilet, ca trebuia sa merg la vataman in fata sa ii spun.Cum sa merg cu banda aia galben cu negru pusa frumos si usile blocate ca sa nu il contamineze nimeni cu Covid?A luat cheia de la acesta si a deblocat posul, a bajbait ca eh se mai intampla, se blocheaza hartia.Nu este problema mea, banii i-ati incasat dar bilete nu am primit.Mi-a dat bonul blocat din aparat si mi-a zis sa sun la telefon verde.Nu am mai verificat, fiindca ma grabeam, acasa am vazut ca acela nu era bonul meu ci al cuiva care urcase inaintea mea cu vreo 10 minute.Si ar fi trebuit sa primesc 2, pt. cele 2 sume retrase, insa am primit ultimul, botit care cica bloca aparatul.PENIBIL.Nici nu am vazut apoi sa verifice daca va functiona corect pt.urmatorii calatori, sau sa marcheze in vreun fel aparatul sa stie lumea sa nu mai ''doneze'' cate 2, 5 lei.

In alte dati se intampla sa privesc pe fereastra si controlorul sa vina in dreptul meu, ca si cum se asteapta sa ii vad silueta cu coada ochiului sau poate al treilea ochi.De cand sunt aici de 5 ani o singura data am auzit un controlor care spunea ''Biletul va rog'' si ,, Multumesc'' dupa ce il verifica si mi-l inapoia.",validare_bilete,negativ,"sa nu elibereze posul din mijlocul unui tramvai 7 bilet de calatorie, nu este prima data cand se intampla, banii i-ati incasat dar bilete nu am primit, bonul blocat din aparat",negativ
262,google_maps,CTP Iasi - Headquarters,1.0,,"Controlorii sunt dintr-o categorie ,,speciala'' de oameni.....S-a intamplat (din nou, ce surpriza!) sa nu elibereze posul din mijlocul unui tramvai 7 bilet de calatorie.Nu este prima data cand se intampla,mai vorbea lumea ca a patit la fel.Problema este ca oamenii nu mai actioneaza pt. o suma de 2,5 sau 5 lei daca iti incerci norocul a doua oara, mai ales ca ei te trimit la banca pt.a recupera suma.Mergi acolo ca prostul ca sa afli ca nu poti recupera nimic, insa bilet cu bilet asa se aduna sigur o suma considerabila la sfarsitul lunii :)

Am luat ulterior bilet de la posul din spate, apoi am vazut ca s-a urcat un controlor si i-am semnalat problema.Atitudinea de 2 bani, ca si cum abia astepta sa-mi dea amenda, crezand ca nu am bilet deloc:,,PAI SI AVETI BILET ACUMA sau nu??Aratati-l.'' Dezamagit ca nu m-a prins, mi-a reprosat ca nu trebuia sa incerc si a doua oara cand am vazut ca prima data nu mi-a eliberat bilet, ca trebuia sa merg la vataman in fata sa ii spun.Cum sa merg cu banda aia galben cu negru pusa frumos si usile blocate ca sa nu il contamineze nimeni cu Covid?A luat cheia de la acesta si a deblocat posul, a bajbait ca eh se mai intampla, se blocheaza hartia.Nu este problema mea, banii i-ati incasat dar bilete nu am primit.Mi-a dat bonul blocat din aparat si mi-a zis sa sun la telefon verde.Nu am mai verificat, fiindca ma grabeam, acasa am vazut ca acela nu era bonul meu ci al cuiva care urcase inaintea mea cu vreo 10 minute.Si ar fi trebuit sa primesc 2, pt. cele 2 sume retrase, insa am primit ultimul, botit care cica bloca aparatul.PENIBIL.Nici nu am vazut apoi sa verifice daca va functiona corect pt.urmatorii calatori, sau sa marcheze in vreun fel aparatul sa stie lumea sa nu mai ''doneze'' cate 2, 5 lei.

In alte dati se intampla sa privesc pe fereastra si controlorul sa vina in dreptul meu, ca si cum se asteapta sa ii vad silueta cu coada ochiului sau poate al treilea ochi.De cand sunt aici de 5 ani o singura data am auzit un controlor care spunea ''Biletul va rog'' si ,, Multumesc'' dupa ce il verifica si mi-l inapoia.",controlori,negativ,"atitudinea de 2 bani, ca si cum abia astepta sa-mi dea amenda, mi-a reprosat ca nu trebuia sa incerc si a doua oara, o singura data am auzit un controlor care spunea Biletul va rog si Multumesc",negativ
263,google_maps,CTP Iasi - Headquarters,1.0,,Am stat 2 zile la rand mai mult de 30 de minute la Metro pana a venit un autobuz 20. Dupa ora 17:00,frecventa,negativ,mai mult de 30 de minute la Metro pana a venit un autobuz 20,negativ
264,google_maps,CTP Iasi - Headquarters,1.0,,Nu se mai dezinfecteaza autobuzele de pe traseul dancu tatarasi .iar soferii raspund cu impertinenta cand sunt intrebati de ce dau voie tiganilor si copiilor lor in autobuz fara masca si bilet .RUSINE si INCONSTIENTA .Data viitoare sun la 112.,curatenie,negativ,Nu se mai dezinfecteaza autobuzele de pe traseul dancu tatarasi,negativ
264,google_maps,CTP Iasi - Headquarters,1.0,,Nu se mai dezinfecteaza autobuzele de pe traseul dancu tatarasi .iar soferii raspund cu impertinenta cand sunt intrebati de ce dau voie tiganilor si copiilor lor in autobuz fara masca si bilet .RUSINE si INCONSTIENTA .Data viitoare sun la 112.,soferi_vatmani,negativ,soferii raspund cu impertinenta cand sunt intrebati,negativ
265,google_maps,CTP Iasi - Headquarters,1.0,,Soferii nu poarta masca!!!,soferi_vatmani,negativ,Soferii nu poarta masca,negativ
266,google_maps,CTP Iasi - Headquarters,1.0,,Autobuze la fel de aglomerate chiar si in pandemie.Nicio masura de protectie sau distantare.,aglomeratie,negativ,Autobuze la fel de aglomerate chiar si in pandemie. Nicio masura de protectie sau distantare,negativ
270,google_maps,CTP Iasi - Headquarters,1.0,,"Regula de a nu opri in statie atunci când nu mai sunt scaune libere, este pentru toți șoferii sau doar pentru unii(care e mai smecher)? Întreb pentru a sti pe viitor, ca sa nu ma mai enervez cand stau in statie pregătită să urc(fara a fi cu nasul in telefon sau alta preocupatie) si șoferul sa nu aibe bunul simt macar sa opreasca(din mers nu se vede mare scofală, dara să mai bată si soarele in geam)",soferi_vatmani,negativ,"șoferul sa nu aibe bunul simt macar sa opreasca, nu opreste in statie atunci când nu mai sunt scaune libere",negativ
271,google_maps,CTP Iasi - Headquarters,1.0,,Autobuzul 20 merge din 30 in 30 de minute,frecventa,negativ,Autobuzul 20 merge din 30 in 30 de minute,negativ
272,google_maps,CTP Iasi - Headquarters,1.0,,"Sunt persoane care încep programul de lucru  la ora 09.00, ar trebui ca transportul sa fie prelungit măcar cu o jumătate de ora.",acoperire_rute,negativ,transportul sa fie prelungit măcar cu o jumătate de ora pentru persoane care încep programul de lucru la ora 09.00,negativ
273,google_maps,CTP Iasi - Headquarters,1.0,,"Nu inteleg de ce scumpiti abonamentele de elevi si studenti pe zona 2. De la 55 de lei sa ajunga la 70...De toata jena.
Bine ca abonamentele pe zona 1 ai ramas 40 de lei. Nu mi se pare corect. Daca nu readuceti abonamentele pe zona 2 la pretul initial, va fac o panarama de nu va vedeti.",pret,negativ,de ce scumpiti abonamentele de elevi si studenti pe zona 2. De la 55 de lei sa ajunga la 70,negativ
274,google_maps,CTP Iasi - Headquarters,1.0,,"V-ati gandit voi sa nu mai dati abonamente reduse studentilor care nu au resedinta in Iasi... ce sa mai zic,  dupa ce ca stateam in frig sa asteptam o groaza, dupa inghesuiti in jeg si aer inchis, s-au decis niste capete patrate ca trebuie sa platesti mai mult pe un abonament.",pret,negativ,"nu mai dati abonamente reduse studentilor care nu au resedinta in Iasi, trebuie sa platesti mai mult pe un abonament",negativ
274,google_maps,CTP Iasi - Headquarters,1.0,,"V-ati gandit voi sa nu mai dati abonamente reduse studentilor care nu au resedinta in Iasi... ce sa mai zic,  dupa ce ca stateam in frig sa asteptam o groaza, dupa inghesuiti in jeg si aer inchis, s-au decis niste capete patrate ca trebuie sa platesti mai mult pe un abonament.",frecventa,negativ,stateam in frig sa asteptam o groaza,negativ
274,google_maps,CTP Iasi - Headquarters,1.0,,"V-ati gandit voi sa nu mai dati abonamente reduse studentilor care nu au resedinta in Iasi... ce sa mai zic,  dupa ce ca stateam in frig sa asteptam o groaza, dupa inghesuiti in jeg si aer inchis, s-au decis niste capete patrate ca trebuie sa platesti mai mult pe un abonament.",aglomeratie,negativ,inghesuiti in jeg si aer inchis,negativ
275,google_maps,CTP Iasi - Headquarters,3.0,,Se misca in bine!,organizare,pozitiv,Se misca in bine,pozitiv
278,google_maps,CTP Iasi - Headquarters,1.0,,Pana si o testoasa se misca mai repede decat autobuzele CTP. 😁😎🤝,punctualitate,negativ,Pana si o testoasa se misca mai repede decat autobuzele CTP,negativ
280,google_maps,CTP Iasi - Headquarters,1.0,,Nu se respecta de loc programul afisat pe aplicatia movit,informare_calatori,negativ,Nu se respecta de loc programul afisat pe aplicatia movit,negativ
281,google_maps,CTP Iasi - Headquarters,1.0,,"Servicii de toata jena. Soferii nu respecta orele de plecare. Nu poti să-ți faci un program.
Schimbati sistemul de abonamente, e din anii '90",soferi_vatmani,negativ,Soferii nu respecta orele de plecare,negativ
281,google_maps,CTP Iasi - Headquarters,1.0,,"Servicii de toata jena. Soferii nu respecta orele de plecare. Nu poti să-ți faci un program.
Schimbati sistemul de abonamente, e din anii '90",validare_bilete,negativ,"Schimbati sistemul de abonamente, e din anii 90",negativ
282,google_maps,CTP Iasi - Headquarters,1.0,,"Calitate de tot jenul, controlori prosti, miroase urat, uneori nici nu merge aerul conditionat",controlori,negativ,controlori prosti,negativ
282,google_maps,CTP Iasi - Headquarters,1.0,,"Calitate de tot jenul, controlori prosti, miroase urat, uneori nici nu merge aerul conditionat",curatenie,negativ,miroase urat,negativ
282,google_maps,CTP Iasi - Headquarters,1.0,,"Calitate de tot jenul, controlori prosti, miroase urat, uneori nici nu merge aerul conditionat",confort_termic,negativ,uneori nici nu merge aerul conditionat,negativ
283,google_maps,CTP Iasi - Headquarters,1.0,,"Domnii “ controlori” nici macar nu stiu sa vorbeasca clar si concis atunci cand trebuie sa aplice o sancțiune. Astfel incat, sa nu se inteleaga nimic si sa fie achitata suma pe care poate daca ar înmâna-o corespunzător cui trebuie (“administratorilor”), acesta din urma i ar înlocui cu persoane mult mai competente, calme, umane si educate. Niste mizerii.",controlori,negativ,"controlorii nici macar nu stiu sa vorbeasca clar si concis atunci cand trebuie sa aplice o sancțiune, sa nu se inteleaga nimic",negativ
285,google_maps,CTP Iasi - Headquarters,1.0,,Toate autobuzele vin foarte greu. Imbatranesti in statii.,frecventa,negativ,Toate autobuzele vin foarte greu. Imbatranesti in statii,negativ
286,google_maps,CTP Iasi - Headquarters,1.0,,"Pe autobuzele traseului 41, se pare ca pornirea aerului conditionat e la fel de complicata ca pornirea unui reactor nuclear. Le e atat de greu soferilor sa porneasca aerul ala atunci cand temperatura in autobuz e de 40?",confort_termic,negativ,"pornirea aerului conditionat e la fel de complicata ca pornirea unui reactor nuclear, le e atat de greu soferilor sa porneasca aerul ala atunci cand temperatura in autobuz e de 40",negativ
287,google_maps,CTP Iasi - Headquarters,1.0,,"De tot râsul....Niste inpertineti si mega nesimțiți..cel puțin așa sunt vatmanii de pe tramvaiul 9...
Am așteptat 10 min in tramvai...fiind foarte cald am coborât ...La 5 min a urcat ""dnl""vatman si efectiv mi a inchis una in nas ..Nu mi a mai permis sa urc...Asta s a intamplat la capăt Cug...
Acum am bilet cumparat si a merg cu taxiul ca întârzii la serviciu...
RUSINEEEE...",soferi_vatmani,negativ,"vatmanii de pe tramvaiul 9 mi a inchis una in nas, nu mi a mai permis sa urc",negativ
287,google_maps,CTP Iasi - Headquarters,1.0,,"De tot râsul....Niste inpertineti si mega nesimțiți..cel puțin așa sunt vatmanii de pe tramvaiul 9...
Am așteptat 10 min in tramvai...fiind foarte cald am coborât ...La 5 min a urcat ""dnl""vatman si efectiv mi a inchis una in nas ..Nu mi a mai permis sa urc...Asta s a intamplat la capăt Cug...
Acum am bilet cumparat si a merg cu taxiul ca întârzii la serviciu...
RUSINEEEE...",confort_termic,negativ,fiind foarte cald am coborât,negativ
287,google_maps,CTP Iasi - Headquarters,1.0,,"De tot râsul....Niste inpertineti si mega nesimțiți..cel puțin așa sunt vatmanii de pe tramvaiul 9...
Am așteptat 10 min in tramvai...fiind foarte cald am coborât ...La 5 min a urcat ""dnl""vatman si efectiv mi a inchis una in nas ..Nu mi a mai permis sa urc...Asta s a intamplat la capăt Cug...
Acum am bilet cumparat si a merg cu taxiul ca întârzii la serviciu...
RUSINEEEE...",punctualitate,negativ,acum am bilet cumparat si merg cu taxiul ca întârzii la serviciu,negativ
288,google_maps,CTP Iasi - Headquarters,5.0,,Am avut ghinionul sa nu primesc bon la un πOS.,validare_bilete,negativ,Am avut ghinionul sa nu primesc bon la un POS,negativ
289,google_maps,CTP Iasi - Headquarters,1.0,,Sa stai 25 minute in Bucium sa sa astepti un amarat de autobuz sa te duca la serviciu....jenant pt CTP....RUSINE!!!,frecventa,negativ,Sa stai 25 minute in Bucium sa astepti un amarat de autobuz sa te duca la serviciu,negativ
290,google_maps,CTP Iasi - Headquarters,1.0,,Iarăși POS-urile nu dau bon. Achiti de mai multe ori aceiași călătorie. Teapa. Autobunul 58 de pe ruta 46 Iasi,validare_bilete,negativ,POS-urile nu dau bon. Achiti de mai multe ori aceiași călătorie,negativ
291,google_maps,CTP Iasi - Headquarters,1.0,,"Bataie de joc! Astept de 30 de minute autobuzul 30 sau 30b, de parca nu as fi in oraș si la țară. Ce fac soferii? Stau la capăt, ca să se întâlnească la o barfa? Dupa mine nu aș acorda nicio stea!",frecventa,negativ,Astept de 30 de minute autobuzul 30 sau 30b,negativ
291,google_maps,CTP Iasi - Headquarters,1.0,,"Bataie de joc! Astept de 30 de minute autobuzul 30 sau 30b, de parca nu as fi in oraș si la țară. Ce fac soferii? Stau la capăt, ca să se întâlnească la o barfa? Dupa mine nu aș acorda nicio stea!",soferi_vatmani,negativ,"Ce fac soferii? Stau la capăt, ca să se întâlnească la o barfa",negativ
292,google_maps,CTP Iasi - Headquarters,1.0,,"15.07.2019 ora 15.15 in statia Bazar cea după Selgros nu a oprit autobuzul 43 C..nu a apucat să văd nr.că avea și vitezä..se grăbea la cafea..nesimţitul de șofer!
Specific că eram două persoane în staţie!",soferi_vatmani,negativ,"nu a oprit autobuzul 43 C, se grăbea la cafea, nesimțitul de șofer, eram două persoane în stație",negativ
293,google_maps,CTP Iasi - Headquarters,1.0,,Automatul de bilete din tg cucu da numai un bilet atunci cand platesti pentru 2. Aveti de gand sa faceti ceva ?,validare_bilete,negativ,Automatul de bilete din tg cucu da numai un bilet atunci cand platesti pentru 2,negativ
294,google_maps,CTP Iasi - Headquarters,1.0,,"Atitudinea şoferilor lasă de dorit.
De când nu este permisă urcarea pasagerilor pe uşa din față? Şi dacă e aşa, şoferul trebuie sa țipe la noi, spunându-ne asta?!
Valabil pentru şoferul care era pe linia 28 astăzi, la ora 15:29, în Pod Roş.",soferi_vatmani,negativ,"De când nu este permisă urcarea pasagerilor pe uşa din față? Şi dacă e aşa, şoferul trebuie sa țipe la noi, spunându-ne asta",negativ
296,google_maps,CTP Iasi - Headquarters,5.0,,"O companie care ar functiona foarte bine daca nu ar avea probleme financiare
In toate tarile dezvoltate transportul public local este subventionat neconditionat , dar la noi ca la nimeni cand este vorba de alegeri sau alte probleme politice intram in datorii...Interesant nu credeti ?",organizare,negativ,cand este vorba de alegeri sau alte probleme politice intram in datorii,negativ
297,google_maps,CTP Iasi - Headquarters,5.0,,Mulțumesc întregii companii și celor care au pus în aplicare proiectul ca în noaptea de Paști ortodox să circule pe anumite trasee câte un autobuz și/sau tramvai.,acoperire_rute,pozitiv,în noaptea de Paști ortodox să circule pe anumite trasee câte un autobuz și/sau tramvai,pozitiv
298,google_maps,CTP Iasi - Headquarters,1.0,,"Aveți niște angajați foarte needucați. Șoferul de astăzi de pe autobuzul 42 avea un comportament care lasa de dorit; poate mi s-a părut mie, dar îmi făcea ochi dulci, iar asta a fost scârbos, grețos și ce mai vreți voi. Penibil!",soferi_vatmani,negativ,"Șoferul de astăzi de pe autobuzul 42 avea un comportament care lasa de dorit, îmi făcea ochi dulci, iar asta a fost scârbos",negativ
299,google_maps,CTP Iasi - Headquarters,1.0,,"Majoritatea soferilor de autobuze sunt nesimintiti! Autobuzul 52, ma apropii de el in statia Terminus, fiind in apropiere si cu genti grele. Nu-mi deschide, aratandu-mi sa merg in statie ( P. Alexandru cel Bun) si in aceeasi secunda porneste din loc. Ajung la fuga, cu inima la gat in statie, ca sa inchida usile fix in fata mea!  Nu e unicul caz cand atitudinea soferilor lasa de dorit!",soferi_vatmani,negativ,"Nu-mi deschide, aratandu-mi sa merg in statie si in aceeasi secunda porneste din loc, inchide usile fix in fata mea, atitudinea soferilor lasa de dorit",negativ
300,google_maps,CTP Iasi - Headquarters,5.0,,Buses are really modern and clean!,stare_vehicule,pozitiv,Buses are really modern and clean,pozitiv
300,google_maps,CTP Iasi - Headquarters,5.0,,Buses are really modern and clean!,curatenie,pozitiv,Buses are really modern and clean,pozitiv
301,google_maps,CTP Iasi - Headquarters,1.0,,"M-as bucura ca amenzile sa se dea la toti oamenii vizati fara bilet sau abonament valid in mijlocul de transport, nu doar selectiv, respectiv la cei cu gura mare si la concetatenii tarii noastre de culoare mai inchisa sa se treaca in mod nesimtit cu vederea. Ori suntem corecti si dam la toti ori nu mai dam deloc amenzi. Dar vorbesc despre Romania, unde oamenii civilizati sunt luati de prosti iar oamenii primitivi sunt ridicati si privilegiati.",controlori,negativ,"amenzile sa se dea la toti oamenii vizati fara bilet sau abonament valid, nu doar selectiv, la cei de culoare mai inchisa sa se treaca in mod nesimtit cu vederea",negativ
302,google_maps,CTP Iasi - Headquarters,1.0,,"Din 7 tramvaie au trecut prin statia targu cucu, 2 au fost defecte, 3 au fost cele de pe treseul 3 si unul traseul 8, sunteti niste amatori cu rablele voastre si organizarea!",stare_vehicule,negativ,"Din 7 tramvaie au trecut, 2 au fost defecte",negativ
302,google_maps,CTP Iasi - Headquarters,1.0,,"Din 7 tramvaie au trecut prin statia targu cucu, 2 au fost defecte, 3 au fost cele de pe treseul 3 si unul traseul 8, sunteti niste amatori cu rablele voastre si organizarea!",organizare,negativ,sunteti niste amatori cu rablele voastre si organizarea,negativ
303,google_maps,CTP Iasi - Headquarters,1.0,,"Biletele o dată compostate au o valabilitate de 120 minute; toate bune și frumoase atâta timp cât ora e 13:47 și pe bilet îți afișează 13:04. Mergem pe principiul ""ori suntem hoti, ori nu mai?""",validare_bilete,negativ,"ora e 13:47 și pe bilet îți afișează 13:04, biletele compostate au ora greșită",negativ
304,google_maps,CTP Iasi - Headquarters,4.0,,Asteptam si o modernizare a tramvaielor. Cele pe care le avem au devenit niste bucati de table ruginite in miscare.,stare_vehicule,negativ,tramvaiele au devenit niste bucati de table ruginite in miscare,negativ
305,google_maps,CTP Iasi - Headquarters,1.0,,"Foarte slabe serviciile voastre, după ce că sunt slabe, mai și așteaptă lumea  câte 40-50 de minute după un 27. Să vă fie rușine!",frecventa,negativ,așteaptă lumea câte 40-50 de minute după un 27,negativ
306,google_maps,CTP Iasi - Headquarters,5.0,,"se vad îmbunătățiri, sa sperăm ca este doar începutul.",organizare,pozitiv,"se vad îmbunătățiri, sa sperăm ca este doar începutul",pozitiv
307,google_maps,CTP Iasi - Headquarters,1.0,,Vai de capul vostru de incompetenti... Sau mai bine vai de capul nostru de calatori. Un program nu exista (desi apare ceva la ei pe site) si nu poti avea incredere ca vine vreun bus cand ai nevoie. Soferii sunt niste magari. La pretul de 2 lei/bilet oferiti servicii de 2 bani :)) Of lume! :)),organizare,negativ,Un program nu exista si nu poti avea incredere ca vine vreun bus cand ai nevoie,negativ
307,google_maps,CTP Iasi - Headquarters,1.0,,Vai de capul vostru de incompetenti... Sau mai bine vai de capul nostru de calatori. Un program nu exista (desi apare ceva la ei pe site) si nu poti avea incredere ca vine vreun bus cand ai nevoie. Soferii sunt niste magari. La pretul de 2 lei/bilet oferiti servicii de 2 bani :)) Of lume! :)),soferi_vatmani,negativ,Soferii sunt niste magari,negativ
307,google_maps,CTP Iasi - Headquarters,1.0,,Vai de capul vostru de incompetenti... Sau mai bine vai de capul nostru de calatori. Un program nu exista (desi apare ceva la ei pe site) si nu poti avea incredere ca vine vreun bus cand ai nevoie. Soferii sunt niste magari. La pretul de 2 lei/bilet oferiti servicii de 2 bani :)) Of lume! :)),pret,negativ,La pretul de 2 lei/bilet oferiti servicii de 2 bani,negativ
308,google_maps,CTP Iasi - Headquarters,3.0,,"Compania îşi îmbunătățeşte serviciile pe zi ce trece. Astept cu nerabdare noile tarife. Aş dori să fie înlocuite toate aparatele de taxare clasice cu cele electronice, pentru că foarte adesea cele vechi rup biletele sau nu le stampilează. Mai este de lucrat la modul în care conduc şoferii şi vatmanii. Ei trebuie să înțeleagă că transportă persoane şi nu marfă.",organizare,pozitiv,Compania îşi îmbunătățeşte serviciile pe zi ce trece,neutru
308,google_maps,CTP Iasi - Headquarters,3.0,,"Compania îşi îmbunătățeşte serviciile pe zi ce trece. Astept cu nerabdare noile tarife. Aş dori să fie înlocuite toate aparatele de taxare clasice cu cele electronice, pentru că foarte adesea cele vechi rup biletele sau nu le stampilează. Mai este de lucrat la modul în care conduc şoferii şi vatmanii. Ei trebuie să înțeleagă că transportă persoane şi nu marfă.",validare_bilete,negativ,"cele vechi rup biletele sau nu le stampilează, sa fie înlocuite toate aparatele de taxare clasice cu cele electronice",neutru
308,google_maps,CTP Iasi - Headquarters,3.0,,"Compania îşi îmbunătățeşte serviciile pe zi ce trece. Astept cu nerabdare noile tarife. Aş dori să fie înlocuite toate aparatele de taxare clasice cu cele electronice, pentru că foarte adesea cele vechi rup biletele sau nu le stampilează. Mai este de lucrat la modul în care conduc şoferii şi vatmanii. Ei trebuie să înțeleagă că transportă persoane şi nu marfă.",soferi_vatmani,negativ,"Mai este de lucrat la modul în care conduc şoferii şi vatmanii, trebuie să înțeleagă că transportă persoane şi nu marfă",neutru
309,google_maps,CTP Iasi - Headquarters,5.0,,Ma bucur sa vad ca CTP Iasi isi imbunatateste constant serviciile. Felicitari si la mai bine!,organizare,pozitiv,CTP Iasi isi imbunatateste constant serviciile,pozitiv
310,google_maps,Regia Autonomă De Transport Public Iaşi,1.0,,"Incompetență, la capăt de linie nu știi care autobuz pleacă primul, care pleacă ultimul, e aleatoriu, fara logica.",organizare,negativ,"la capăt de linie nu știi care autobuz pleacă primul, care pleacă ultimul, e aleatoriu, fara logica",negativ
311,google_maps,Regia Autonomă De Transport Public Iaşi,1.0,,"Sa rezolvați problema cu aparatele de cumpărat bilete. De foarte multe ori când am vrut sa iau bilet cu cardul îmi dădea eroare. Și asta la toate aparatele din autobuz... Daca tot faceți o treaba, măcar sa o faceți cum trebuie",validare_bilete,negativ,"De foarte multe ori când am vrut sa iau bilet cu cardul îmi dădea eroare, la toate aparatele din autobuz",negativ
312,google_maps,Regia Autonomă De Transport Public Iaşi,1.0,,"Cea mai jalnica companie de transport în comun! Timpi de așteptare de peste 30-40 de minute, personal lipsit de orice urma de bun simt (mai ales controlorii care au o atitudine de recuperator). As fi dat 0 stele daca s- ar fi putut.",frecventa,negativ,Timpi de așteptare de peste 30-40 de minute,negativ
312,google_maps,Regia Autonomă De Transport Public Iaşi,1.0,,"Cea mai jalnica companie de transport în comun! Timpi de așteptare de peste 30-40 de minute, personal lipsit de orice urma de bun simt (mai ales controlorii care au o atitudine de recuperator). As fi dat 0 stele daca s- ar fi putut.",controlori,negativ,"personal lipsit de orice urma de bun simt, mai ales controlorii care au o atitudine de recuperator",negativ
313,google_maps,Regia Autonomă De Transport Public Iaşi,1.0,,"Stau de peste 30 de minute în stația Metalurgie, așteptând tramvaiul 13. Pe afișaj apare în mod repetat că va sosi „într-un minut” sau „în 10 minute”, însă  tramvaiul nu a venit deloc.
A trecut un 11 atât de aglomerat încât nu s-a putut urca nimeni — oamenii stăteau pe scări și se sprijineau de geamuri.

Este ora 07:50, iar în stație sunt peste 40 de persoane care încearcă să ajungă la muncă, la universitate sau la școală.
Situația aceasta, care se întâmplă frecvent, arată o lipsă de respect grosolana pentru serviciile de nimic oferite.",frecventa,negativ,"Stau de peste 30 de minute în stația Metalurgie, așteptând tramvaiul 13",negativ
313,google_maps,Regia Autonomă De Transport Public Iaşi,1.0,,"Stau de peste 30 de minute în stația Metalurgie, așteptând tramvaiul 13. Pe afișaj apare în mod repetat că va sosi „într-un minut” sau „în 10 minute”, însă  tramvaiul nu a venit deloc.
A trecut un 11 atât de aglomerat încât nu s-a putut urca nimeni — oamenii stăteau pe scări și se sprijineau de geamuri.

Este ora 07:50, iar în stație sunt peste 40 de persoane care încearcă să ajungă la muncă, la universitate sau la școală.
Situația aceasta, care se întâmplă frecvent, arată o lipsă de respect grosolana pentru serviciile de nimic oferite.",informare_calatori,negativ,"Pe afișaj apare în mod repetat că va sosi într-un minut sau în 10 minute, însă tramvaiul nu a venit deloc",negativ
313,google_maps,Regia Autonomă De Transport Public Iaşi,1.0,,"Stau de peste 30 de minute în stația Metalurgie, așteptând tramvaiul 13. Pe afișaj apare în mod repetat că va sosi „într-un minut” sau „în 10 minute”, însă  tramvaiul nu a venit deloc.
A trecut un 11 atât de aglomerat încât nu s-a putut urca nimeni — oamenii stăteau pe scări și se sprijineau de geamuri.

Este ora 07:50, iar în stație sunt peste 40 de persoane care încearcă să ajungă la muncă, la universitate sau la școală.
Situația aceasta, care se întâmplă frecvent, arată o lipsă de respect grosolana pentru serviciile de nimic oferite.",aglomeratie,negativ,"A trecut un 11 atât de aglomerat încât nu s-a putut urca nimeni, oamenii stăteau pe scări și se sprijineau de geamuri",negativ
314,google_maps,Regia Autonomă De Transport Public Iaşi,3.0,,"Am mers cu un tramvai astăzi de-am zis ca- i pică tabla pe drum! Nu e posibil să ai asemenea tarife și să oferi asemenea servicii. Sunt convinsă ca se vor găsi soluții pentru îmbunătățirea transportului public, să încurajăm oamenii sa- l utilizeze. La întoarcere am fost mai norocoasă c- am  mers cu un mijloc de transport nou. Sunt multe de schimbat… mi se par foarte mari tarifele, dar probabil sunt justificate cumva de subvențiile acordate anumitor categorii.  Succes în activitate! Doamne ajută!",stare_vehicule,negativ,Am mers cu un tramvai astăzi de-am zis ca-i pică tabla pe drum,negativ
314,google_maps,Regia Autonomă De Transport Public Iaşi,3.0,,"Am mers cu un tramvai astăzi de-am zis ca- i pică tabla pe drum! Nu e posibil să ai asemenea tarife și să oferi asemenea servicii. Sunt convinsă ca se vor găsi soluții pentru îmbunătățirea transportului public, să încurajăm oamenii sa- l utilizeze. La întoarcere am fost mai norocoasă c- am  mers cu un mijloc de transport nou. Sunt multe de schimbat… mi se par foarte mari tarifele, dar probabil sunt justificate cumva de subvențiile acordate anumitor categorii.  Succes în activitate! Doamne ajută!",pret,negativ,"Nu e posibil să ai asemenea tarife și să oferi asemenea servicii, mi se par foarte mari tarifele",negativ
314,google_maps,Regia Autonomă De Transport Public Iaşi,3.0,,"Am mers cu un tramvai astăzi de-am zis ca- i pică tabla pe drum! Nu e posibil să ai asemenea tarife și să oferi asemenea servicii. Sunt convinsă ca se vor găsi soluții pentru îmbunătățirea transportului public, să încurajăm oamenii sa- l utilizeze. La întoarcere am fost mai norocoasă c- am  mers cu un mijloc de transport nou. Sunt multe de schimbat… mi se par foarte mari tarifele, dar probabil sunt justificate cumva de subvențiile acordate anumitor categorii.  Succes în activitate! Doamne ajută!",stare_vehicule,pozitiv,La întoarcere am fost mai norocoasă c-am mers cu un mijloc de transport nou,negativ
315,google_maps,Regia Autonomă De Transport Public Iaşi,1.0,,cel mai prost organizat,organizare,negativ,cel mai prost organizat,negativ
316,google_maps,Regia Autonomă De Transport Public Iaşi,1.0,,"Management și șoferi extraordinar de incompetenți, șoferii blochează intersecții și cauzează accidente iar managementul postează clipurile pe internet în apărarea șoferilor",soferi_vatmani,negativ,șoferii blochează intersecții și cauzează accidente,negativ
316,google_maps,Regia Autonomă De Transport Public Iaşi,1.0,,"Management și șoferi extraordinar de incompetenți, șoferii blochează intersecții și cauzează accidente iar managementul postează clipurile pe internet în apărarea șoferilor",siguranta,negativ,șoferii blochează intersecții și cauzează accidente,negativ
316,google_maps,Regia Autonomă De Transport Public Iaşi,1.0,,"Management și șoferi extraordinar de incompetenți, șoferii blochează intersecții și cauzează accidente iar managementul postează clipurile pe internet în apărarea șoferilor",relatii_clienti,negativ,managementul postează clipurile pe internet în apărarea șoferilor,negativ
317,google_maps,Regia Autonomă De Transport Public Iaşi,1.0,,"Lipsiti complet de profesionalism, neadaptati la cerintele unui oraș mare....Tramvaie vechi și supraaglomerate, aparate de bilete care nu funcționează, orare de circulatie care nu se respectă, etc.",stare_vehicule,negativ,Tramvaie vechi și supraaglomerate,negativ
317,google_maps,Regia Autonomă De Transport Public Iaşi,1.0,,"Lipsiti complet de profesionalism, neadaptati la cerintele unui oraș mare....Tramvaie vechi și supraaglomerate, aparate de bilete care nu funcționează, orare de circulatie care nu se respectă, etc.",aglomeratie,negativ,Tramvaie vechi și supraaglomerate,negativ
317,google_maps,Regia Autonomă De Transport Public Iaşi,1.0,,"Lipsiti complet de profesionalism, neadaptati la cerintele unui oraș mare....Tramvaie vechi și supraaglomerate, aparate de bilete care nu funcționează, orare de circulatie care nu se respectă, etc.",validare_bilete,negativ,aparate de bilete care nu funcționează,negativ
317,google_maps,Regia Autonomă De Transport Public Iaşi,1.0,,"Lipsiti complet de profesionalism, neadaptati la cerintele unui oraș mare....Tramvaie vechi și supraaglomerate, aparate de bilete care nu funcționează, orare de circulatie care nu se respectă, etc.",punctualitate,negativ,orare de circulatie care nu se respectă,negativ
318,google_maps,Regia Autonomă De Transport Public Iaşi,1.0,,"Numarul 19 de abia vine, de multe ori nu vine deloc",frecventa,negativ,"Numarul 19 de abia vine, de multe ori nu vine deloc",negativ
319,google_maps,Regia Autonomă De Transport Public Iaşi,5.0,,Transport public modern și eficient.,stare_vehicule,pozitiv,Transport public modern și eficient,pozitiv
320,google_maps,Regia Autonomă De Transport Public Iaşi,1.0,,Aglomerate...19 pe Canta abia vine,aglomeratie,negativ,Aglomerate,negativ
320,google_maps,Regia Autonomă De Transport Public Iaşi,1.0,,Aglomerate...19 pe Canta abia vine,frecventa,negativ,19 pe Canta abia vine,negativ
321,google_maps,Regia Autonomă De Transport Public Iaşi,4.0,,Aglomerație mare dar ok,aglomeratie,negativ,Aglomerație mare,neutru
322,google_maps,Regia Autonomă De Transport Public Iaşi,4.0,,"Avand in vedere ca Iasul este in plina dezvoltare urbanistica , ar fi bine sa va angajati profesionisti care pot dezvolta proiecte pentru atragerea de fonduri europene pentru modernizare si deschiderea de noi trasee. Frecventa orara depinzand de ruta este buna, dar pretul nu justifica conditiile din unele tramvaie.",frecventa,pozitiv,Frecventa orara depinzand de ruta este buna,neutru
322,google_maps,Regia Autonomă De Transport Public Iaşi,4.0,,"Avand in vedere ca Iasul este in plina dezvoltare urbanistica , ar fi bine sa va angajati profesionisti care pot dezvolta proiecte pentru atragerea de fonduri europene pentru modernizare si deschiderea de noi trasee. Frecventa orara depinzand de ruta este buna, dar pretul nu justifica conditiile din unele tramvaie.",pret,negativ,pretul nu justifica conditiile din unele tramvaie,neutru
322,google_maps,Regia Autonomă De Transport Public Iaşi,4.0,,"Avand in vedere ca Iasul este in plina dezvoltare urbanistica , ar fi bine sa va angajati profesionisti care pot dezvolta proiecte pentru atragerea de fonduri europene pentru modernizare si deschiderea de noi trasee. Frecventa orara depinzand de ruta este buna, dar pretul nu justifica conditiile din unele tramvaie.",acoperire_rute,negativ,deschiderea de noi trasee,neutru
323,google_maps,Regia Autonomă De Transport Public Iaşi,1.0,,Nu se respecta unprogram de și lipsa în,punctualitate,negativ,Nu se respecta un program,negativ
324,google_maps,Regia Autonomă De Transport Public Iaşi,4.0,,Incearca o schimbare...dar cu o finanțare redusă...,organizare,neutru,"Incearca o schimbare, dar cu o finanțare redusă",neutru
325,google_maps,Regia Autonomă De Transport Public Iaşi,1.0,,"Servicii la limita execrabilului. Cu exagerările de rigoare, duminica trec vreo 3-4 tramvaie în 12 ore.",frecventa,negativ,duminica trec vreo 3-4 tramvaie în 12 ore,negativ
326,google_maps,Regia Autonomă De Transport Public Iaşi,1.0,,"Din 3 aparate pentru validat bilete, care sunt in tramvaiul 6, nr. 280, doar unul functioneaza. Daca vreti sa aveti motiv sa dati amenzi, e cel mai josnic motiv sa o faceti in acest mod, pentru ca nici un controlor nu te crede cand ii zici ca nu functioneaza.

In calitate de calator esti obligat sa gadili aparatul, ca atunci cand ai un lacat stricat si incerci sa il deschizi cu toate cheile din buzunar.

Eu am platit bilet, voi nu va faceti treaba sa tineti functionale rablele pe care le numiti mijloace de transport in comun. Nu e treaba mea sa fac pe gladiatorul cu aparatul de validat.",validare_bilete,negativ,"Din 3 aparate pentru validat bilete, care sunt in tramvaiul 6, nr. 280, doar unul functioneaza",negativ
326,google_maps,Regia Autonomă De Transport Public Iaşi,1.0,,"Din 3 aparate pentru validat bilete, care sunt in tramvaiul 6, nr. 280, doar unul functioneaza. Daca vreti sa aveti motiv sa dati amenzi, e cel mai josnic motiv sa o faceti in acest mod, pentru ca nici un controlor nu te crede cand ii zici ca nu functioneaza.

In calitate de calator esti obligat sa gadili aparatul, ca atunci cand ai un lacat stricat si incerci sa il deschizi cu toate cheile din buzunar.

Eu am platit bilet, voi nu va faceti treaba sa tineti functionale rablele pe care le numiti mijloace de transport in comun. Nu e treaba mea sa fac pe gladiatorul cu aparatul de validat.",controlori,negativ,"nici un controlor nu te crede cand ii zici ca nu functioneaza, abia asteapta sa dea amenzi",negativ
327,google_maps,Regia Autonomă De Transport Public Iaşi,5.0,,"EXEMPLU DE CINSTE ȘI OMENIE !
Fiica mea, însoțită de un copilaș de 3 ani ,a pierdut un smarphone în seara zilei de marți 10 aprilie într-un autobuz de pe traseul 42 , autobuz cu numărul de înregistrare 1971.Sunînd de acasă la nr de telefon al fiicei mele, a răspuns cu amabilitate chiar șoferul de seviciu pe acel autobuz, care ne-a confirmat că a găsit telefonul mobil și că este dispus să ni-l predea a doua zi.Ne-a spus că numele dumnealui este ILIE.Pentru a-l putea contacta  ulterior a oferit chiar număru său de telefon.Astăzi 11 aprilie după ora 12,00 cînd dl Ilie și-a început tura ne-am înîlnit pe traseul 42 și a predat smartphonul fiicei mele.
Pe aceasă cale familia Dorneanu adresează public calde mulțumiri dlui. conducător auto Ilie, exemplu de cinste și omenie și ne exprimăm speranța că RATP Iași va avea în viitor tot mai mulți angajați de acest fel.
În final dorim să fie făcut public acest gest nobil prin mijlocele pe care le considerați.Mulțumim !
Fam .C.Dorneanu
Iași",soferi_vatmani,pozitiv,"a răspuns cu amabilitate chiar șoferul de serviciu, care ne-a confirmat că a găsit telefonul mobil și că este dispus să ni-l predea, exemplu de cinste și omenie",pozitiv
