review_id,input,aspect,label
308,"aspect: organizare. text: Compania îşi îmbunătățeşte serviciile pe zi ce trece. Astept cu nerabdare noile tarife. Aş dori să fie înlocuite toate aparatele de taxare clasice cu cele electronice, pentru că foarte adesea cele vechi rup biletele sau nu le stampilează. Mai este de lucrat la modul în care conduc şoferii şi vatmanii. Ei trebuie să înțeleagă că transportă persoane şi nu marfă.",organizare,1
308,"aspect: soferi_vatmani. text: Compania îşi îmbunătățeşte serviciile pe zi ce trece. Astept cu nerabdare noile tarife. Aş dori să fie înlocuite toate aparatele de taxare clasice cu cele electronice, pentru că foarte adesea cele vechi rup biletele sau nu le stampilează. Mai este de lucrat la modul în care conduc şoferii şi vatmanii. Ei trebuie să înțeleagă că transportă persoane şi nu marfă.",soferi_vatmani,1
308,"aspect: validare_bilete. text: Compania îşi îmbunătățeşte serviciile pe zi ce trece. Astept cu nerabdare noile tarife. Aş dori să fie înlocuite toate aparatele de taxare clasice cu cele electronice, pentru că foarte adesea cele vechi rup biletele sau nu le stampilează. Mai este de lucrat la modul în care conduc şoferii şi vatmanii. Ei trebuie să înțeleagă că transportă persoane şi nu marfă.",validare_bilete,1
308,"aspect: relatii_clienti. text: Compania îşi îmbunătățeşte serviciile pe zi ce trece. Astept cu nerabdare noile tarife. Aş dori să fie înlocuite toate aparatele de taxare clasice cu cele electronice, pentru că foarte adesea cele vechi rup biletele sau nu le stampilează. Mai este de lucrat la modul în care conduc şoferii şi vatmanii. Ei trebuie să înțeleagă că transportă persoane şi nu marfă.",relatii_clienti,0
308,"aspect: aglomeratie. text: Compania îşi îmbunătățeşte serviciile pe zi ce trece. Astept cu nerabdare noile tarife. Aş dori să fie înlocuite toate aparatele de taxare clasice cu cele electronice, pentru că foarte adesea cele vechi rup biletele sau nu le stampilează. Mai este de lucrat la modul în care conduc şoferii şi vatmanii. Ei trebuie să înțeleagă că transportă persoane şi nu marfă.",aglomeratie,0
308,"aspect: acoperire_rute. text: Compania îşi îmbunătățeşte serviciile pe zi ce trece. Astept cu nerabdare noile tarife. Aş dori să fie înlocuite toate aparatele de taxare clasice cu cele electronice, pentru că foarte adesea cele vechi rup biletele sau nu le stampilează. Mai este de lucrat la modul în care conduc şoferii şi vatmanii. Ei trebuie să înțeleagă că transportă persoane şi nu marfă.",acoperire_rute,0
308,"aspect: curatenie. text: Compania îşi îmbunătățeşte serviciile pe zi ce trece. Astept cu nerabdare noile tarife. Aş dori să fie înlocuite toate aparatele de taxare clasice cu cele electronice, pentru că foarte adesea cele vechi rup biletele sau nu le stampilează. Mai este de lucrat la modul în care conduc şoferii şi vatmanii. Ei trebuie să înțeleagă că transportă persoane şi nu marfă.",curatenie,0
308,"aspect: controlori. text: Compania îşi îmbunătățeşte serviciile pe zi ce trece. Astept cu nerabdare noile tarife. Aş dori să fie înlocuite toate aparatele de taxare clasice cu cele electronice, pentru că foarte adesea cele vechi rup biletele sau nu le stampilează. Mai este de lucrat la modul în care conduc şoferii şi vatmanii. Ei trebuie să înțeleagă că transportă persoane şi nu marfă.",controlori,0
308,"aspect: pret. text: Compania îşi îmbunătățeşte serviciile pe zi ce trece. Astept cu nerabdare noile tarife. Aş dori să fie înlocuite toate aparatele de taxare clasice cu cele electronice, pentru că foarte adesea cele vechi rup biletele sau nu le stampilează. Mai este de lucrat la modul în care conduc şoferii şi vatmanii. Ei trebuie să înțeleagă că transportă persoane şi nu marfă.",pret,0
308,"aspect: siguranta. text: Compania îşi îmbunătățeşte serviciile pe zi ce trece. Astept cu nerabdare noile tarife. Aş dori să fie înlocuite toate aparatele de taxare clasice cu cele electronice, pentru că foarte adesea cele vechi rup biletele sau nu le stampilează. Mai este de lucrat la modul în care conduc şoferii şi vatmanii. Ei trebuie să înțeleagă că transportă persoane şi nu marfă.",siguranta,0
308,"aspect: frecventa. text: Compania îşi îmbunătățeşte serviciile pe zi ce trece. Astept cu nerabdare noile tarife. Aş dori să fie înlocuite toate aparatele de taxare clasice cu cele electronice, pentru că foarte adesea cele vechi rup biletele sau nu le stampilează. Mai este de lucrat la modul în care conduc şoferii şi vatmanii. Ei trebuie să înțeleagă că transportă persoane şi nu marfă.",frecventa,0
308,"aspect: stare_vehicule. text: Compania îşi îmbunătățeşte serviciile pe zi ce trece. Astept cu nerabdare noile tarife. Aş dori să fie înlocuite toate aparatele de taxare clasice cu cele electronice, pentru că foarte adesea cele vechi rup biletele sau nu le stampilează. Mai este de lucrat la modul în care conduc şoferii şi vatmanii. Ei trebuie să înțeleagă că transportă persoane şi nu marfă.",stare_vehicule,0
SIM_057,"aspect: relatii_clienti. text: Am avut o problemă cu cardul de abonament și am mers la ghișeu să o rezolv. Timpul de așteptare a fost cam 20 de minute, doamna de acolo a rezolvat problema în vreo 10 minute. Nu a fost o experiență rea dar nici extraordinară.",relatii_clienti,1
SIM_057,"aspect: punctualitate. text: Am avut o problemă cu cardul de abonament și am mers la ghișeu să o rezolv. Timpul de așteptare a fost cam 20 de minute, doamna de acolo a rezolvat problema în vreo 10 minute. Nu a fost o experiență rea dar nici extraordinară.",punctualitate,0
SIM_057,"aspect: siguranta. text: Am avut o problemă cu cardul de abonament și am mers la ghișeu să o rezolv. Timpul de așteptare a fost cam 20 de minute, doamna de acolo a rezolvat problema în vreo 10 minute. Nu a fost o experiență rea dar nici extraordinară.",siguranta,0
SIM_057,"aspect: organizare. text: Am avut o problemă cu cardul de abonament și am mers la ghișeu să o rezolv. Timpul de așteptare a fost cam 20 de minute, doamna de acolo a rezolvat problema în vreo 10 minute. Nu a fost o experiență rea dar nici extraordinară.",organizare,0
253,aspect: frecventa. text: Ar trebui să faceți ceva să vină autobuzele la timp!Să stai 40 de minute dimineața să ajungi în Bucium și niciun autobuz?Jalnic!,frecventa,1
253,aspect: aglomeratie. text: Ar trebui să faceți ceva să vină autobuzele la timp!Să stai 40 de minute dimineața să ajungi în Bucium și niciun autobuz?Jalnic!,aglomeratie,0
253,aspect: punctualitate. text: Ar trebui să faceți ceva să vină autobuzele la timp!Să stai 40 de minute dimineața să ajungi în Bucium și niciun autobuz?Jalnic!,punctualitate,0
253,aspect: infrastructura_statii. text: Ar trebui să faceți ceva să vină autobuzele la timp!Să stai 40 de minute dimineața să ajungi în Bucium și niciun autobuz?Jalnic!,infrastructura_statii,0
131,"aspect: frecventa. text: Am piersut programarea la medic asteptand 30 de minute tramvaiul 7. Am vrut sa fiu eco, sa nu iau masina. M am lamurit.",frecventa,1
131,"aspect: acoperire_rute. text: Am piersut programarea la medic asteptand 30 de minute tramvaiul 7. Am vrut sa fiu eco, sa nu iau masina. M am lamurit.",acoperire_rute,0
131,"aspect: validare_bilete. text: Am piersut programarea la medic asteptand 30 de minute tramvaiul 7. Am vrut sa fiu eco, sa nu iau masina. M am lamurit.",validare_bilete,0
131,"aspect: aglomeratie. text: Am piersut programarea la medic asteptand 30 de minute tramvaiul 7. Am vrut sa fiu eco, sa nu iau masina. M am lamurit.",aglomeratie,0
SIM_129,aspect: pret. text: Prețul biletului este acceptabil dar nu foarte ieftin.,pret,1
SIM_129,aspect: controlori. text: Prețul biletului este acceptabil dar nu foarte ieftin.,controlori,0
SIM_129,aspect: validare_bilete. text: Prețul biletului este acceptabil dar nu foarte ieftin.,validare_bilete,0
SIM_129,aspect: organizare. text: Prețul biletului este acceptabil dar nu foarte ieftin.,organizare,0
10,aspect: organizare. text: Atitudinea unor soferi lasa foarte mult de dorit. Abonamente scumpe si servicii de foarte slaba calitate. Management foarte prost al acestei companii care se reflecta in activitatea de zi cu zi. Cred ca Iasi-ul merita totusi ceva mai bun...,organizare,1
10,aspect: pret. text: Atitudinea unor soferi lasa foarte mult de dorit. Abonamente scumpe si servicii de foarte slaba calitate. Management foarte prost al acestei companii care se reflecta in activitatea de zi cu zi. Cred ca Iasi-ul merita totusi ceva mai bun...,pret,1
10,aspect: soferi_vatmani. text: Atitudinea unor soferi lasa foarte mult de dorit. Abonamente scumpe si servicii de foarte slaba calitate. Management foarte prost al acestei companii care se reflecta in activitatea de zi cu zi. Cred ca Iasi-ul merita totusi ceva mai bun...,soferi_vatmani,1
10,aspect: relatii_clienti. text: Atitudinea unor soferi lasa foarte mult de dorit. Abonamente scumpe si servicii de foarte slaba calitate. Management foarte prost al acestei companii care se reflecta in activitatea de zi cu zi. Cred ca Iasi-ul merita totusi ceva mai bun...,relatii_clienti,0
10,aspect: acoperire_rute. text: Atitudinea unor soferi lasa foarte mult de dorit. Abonamente scumpe si servicii de foarte slaba calitate. Management foarte prost al acestei companii care se reflecta in activitatea de zi cu zi. Cred ca Iasi-ul merita totusi ceva mai bun...,acoperire_rute,0
10,aspect: punctualitate. text: Atitudinea unor soferi lasa foarte mult de dorit. Abonamente scumpe si servicii de foarte slaba calitate. Management foarte prost al acestei companii care se reflecta in activitatea de zi cu zi. Cred ca Iasi-ul merita totusi ceva mai bun...,punctualitate,0
10,aspect: controlori. text: Atitudinea unor soferi lasa foarte mult de dorit. Abonamente scumpe si servicii de foarte slaba calitate. Management foarte prost al acestei companii care se reflecta in activitatea de zi cu zi. Cred ca Iasi-ul merita totusi ceva mai bun...,controlori,0
10,aspect: siguranta. text: Atitudinea unor soferi lasa foarte mult de dorit. Abonamente scumpe si servicii de foarte slaba calitate. Management foarte prost al acestei companii care se reflecta in activitatea de zi cu zi. Cred ca Iasi-ul merita totusi ceva mai bun...,siguranta,0
10,aspect: informare_calatori. text: Atitudinea unor soferi lasa foarte mult de dorit. Abonamente scumpe si servicii de foarte slaba calitate. Management foarte prost al acestei companii care se reflecta in activitatea de zi cu zi. Cred ca Iasi-ul merita totusi ceva mai bun...,informare_calatori,0
10,aspect: aglomeratie. text: Atitudinea unor soferi lasa foarte mult de dorit. Abonamente scumpe si servicii de foarte slaba calitate. Management foarte prost al acestei companii care se reflecta in activitatea de zi cu zi. Cred ca Iasi-ul merita totusi ceva mai bun...,aglomeratie,0
10,aspect: validare_bilete. text: Atitudinea unor soferi lasa foarte mult de dorit. Abonamente scumpe si servicii de foarte slaba calitate. Management foarte prost al acestei companii care se reflecta in activitatea de zi cu zi. Cred ca Iasi-ul merita totusi ceva mai bun...,validare_bilete,0
10,aspect: curatenie. text: Atitudinea unor soferi lasa foarte mult de dorit. Abonamente scumpe si servicii de foarte slaba calitate. Management foarte prost al acestei companii care se reflecta in activitatea de zi cu zi. Cred ca Iasi-ul merita totusi ceva mai bun...,curatenie,0
186,"aspect: frecventa. text: Este inadmisibil sa stai 35 de minute in statie la Sere Ciurea sa vezi cum trec 3 de 27 si 2 de 44 iar 41 deloc. Răspunsul doamnei de centrală este ""traficul aglomerat""!!",frecventa,1
186,"aspect: relatii_clienti. text: Este inadmisibil sa stai 35 de minute in statie la Sere Ciurea sa vezi cum trec 3 de 27 si 2 de 44 iar 41 deloc. Răspunsul doamnei de centrală este ""traficul aglomerat""!!",relatii_clienti,1
186,"aspect: curatenie. text: Este inadmisibil sa stai 35 de minute in statie la Sere Ciurea sa vezi cum trec 3 de 27 si 2 de 44 iar 41 deloc. Răspunsul doamnei de centrală este ""traficul aglomerat""!!",curatenie,0
186,"aspect: stare_vehicule. text: Este inadmisibil sa stai 35 de minute in statie la Sere Ciurea sa vezi cum trec 3 de 27 si 2 de 44 iar 41 deloc. Răspunsul doamnei de centrală este ""traficul aglomerat""!!",stare_vehicule,0
186,"aspect: acoperire_rute. text: Este inadmisibil sa stai 35 de minute in statie la Sere Ciurea sa vezi cum trec 3 de 27 si 2 de 44 iar 41 deloc. Răspunsul doamnei de centrală este ""traficul aglomerat""!!",acoperire_rute,0
186,"aspect: confort_termic. text: Este inadmisibil sa stai 35 de minute in statie la Sere Ciurea sa vezi cum trec 3 de 27 si 2 de 44 iar 41 deloc. Răspunsul doamnei de centrală este ""traficul aglomerat""!!",confort_termic,0
186,"aspect: infrastructura_statii. text: Este inadmisibil sa stai 35 de minute in statie la Sere Ciurea sa vezi cum trec 3 de 27 si 2 de 44 iar 41 deloc. Răspunsul doamnei de centrală este ""traficul aglomerat""!!",infrastructura_statii,0
186,"aspect: informare_calatori. text: Este inadmisibil sa stai 35 de minute in statie la Sere Ciurea sa vezi cum trec 3 de 27 si 2 de 44 iar 41 deloc. Răspunsul doamnei de centrală este ""traficul aglomerat""!!",informare_calatori,0
142,"aspect: aglomeratie. text: Sa faci 2 ore din Mircea pana in Pacurari, e putin spus bataie de joc...Plus autobuze ce vin arhipline in 40-50 min...",aglomeratie,1
142,"aspect: frecventa. text: Sa faci 2 ore din Mircea pana in Pacurari, e putin spus bataie de joc...Plus autobuze ce vin arhipline in 40-50 min...",frecventa,1
142,"aspect: organizare. text: Sa faci 2 ore din Mircea pana in Pacurari, e putin spus bataie de joc...Plus autobuze ce vin arhipline in 40-50 min...",organizare,1
142,"aspect: informare_calatori. text: Sa faci 2 ore din Mircea pana in Pacurari, e putin spus bataie de joc...Plus autobuze ce vin arhipline in 40-50 min...",informare_calatori,0
142,"aspect: controlori. text: Sa faci 2 ore din Mircea pana in Pacurari, e putin spus bataie de joc...Plus autobuze ce vin arhipline in 40-50 min...",controlori,0
142,"aspect: curatenie. text: Sa faci 2 ore din Mircea pana in Pacurari, e putin spus bataie de joc...Plus autobuze ce vin arhipline in 40-50 min...",curatenie,0
142,"aspect: infrastructura_statii. text: Sa faci 2 ore din Mircea pana in Pacurari, e putin spus bataie de joc...Plus autobuze ce vin arhipline in 40-50 min...",infrastructura_statii,0
142,"aspect: confort_termic. text: Sa faci 2 ore din Mircea pana in Pacurari, e putin spus bataie de joc...Plus autobuze ce vin arhipline in 40-50 min...",confort_termic,0
142,"aspect: relatii_clienti. text: Sa faci 2 ore din Mircea pana in Pacurari, e putin spus bataie de joc...Plus autobuze ce vin arhipline in 40-50 min...",relatii_clienti,0
142,"aspect: soferi_vatmani. text: Sa faci 2 ore din Mircea pana in Pacurari, e putin spus bataie de joc...Plus autobuze ce vin arhipline in 40-50 min...",soferi_vatmani,0
142,"aspect: acoperire_rute. text: Sa faci 2 ore din Mircea pana in Pacurari, e putin spus bataie de joc...Plus autobuze ce vin arhipline in 40-50 min...",acoperire_rute,0
142,"aspect: stare_vehicule. text: Sa faci 2 ore din Mircea pana in Pacurari, e putin spus bataie de joc...Plus autobuze ce vin arhipline in 40-50 min...",stare_vehicule,0
143,"aspect: relatii_clienti. text: in primul rand felicitari pentru pagina fb care ne tine la curent cu multiplele activitati alle CTP Iasi, in al doilea rand pentru ca asculta parerile utilizatorilor, considera opiniile acestora si incearca sa imbunatateasca serviciile oferite.",relatii_clienti,1
143,"aspect: stare_vehicule. text: in primul rand felicitari pentru pagina fb care ne tine la curent cu multiplele activitati alle CTP Iasi, in al doilea rand pentru ca asculta parerile utilizatorilor, considera opiniile acestora si incearca sa imbunatateasca serviciile oferite.",stare_vehicule,0
143,"aspect: frecventa. text: in primul rand felicitari pentru pagina fb care ne tine la curent cu multiplele activitati alle CTP Iasi, in al doilea rand pentru ca asculta parerile utilizatorilor, considera opiniile acestora si incearca sa imbunatateasca serviciile oferite.",frecventa,0
143,"aspect: pret. text: in primul rand felicitari pentru pagina fb care ne tine la curent cu multiplele activitati alle CTP Iasi, in al doilea rand pentru ca asculta parerile utilizatorilor, considera opiniile acestora si incearca sa imbunatateasca serviciile oferite.",pret,0
287,"aspect: confort_termic. text: De tot râsul....Niste inpertineti si mega nesimțiți..cel puțin așa sunt vatmanii de pe tramvaiul 9...
Am așteptat 10 min in tramvai...fiind foarte cald am coborât ...La 5 min a urcat ""dnl""vatman si efectiv mi a inchis una in nas ..Nu mi a mai permis sa urc...Asta s a intamplat la capăt Cug...
Acum am bilet cumparat si a merg cu taxiul ca întârzii la serviciu...
RUSINEEEE...",confort_termic,1
287,"aspect: punctualitate. text: De tot râsul....Niste inpertineti si mega nesimțiți..cel puțin așa sunt vatmanii de pe tramvaiul 9...
Am așteptat 10 min in tramvai...fiind foarte cald am coborât ...La 5 min a urcat ""dnl""vatman si efectiv mi a inchis una in nas ..Nu mi a mai permis sa urc...Asta s a intamplat la capăt Cug...
Acum am bilet cumparat si a merg cu taxiul ca întârzii la serviciu...
RUSINEEEE...",punctualitate,1
287,"aspect: soferi_vatmani. text: De tot râsul....Niste inpertineti si mega nesimțiți..cel puțin așa sunt vatmanii de pe tramvaiul 9...
Am așteptat 10 min in tramvai...fiind foarte cald am coborât ...La 5 min a urcat ""dnl""vatman si efectiv mi a inchis una in nas ..Nu mi a mai permis sa urc...Asta s a intamplat la capăt Cug...
Acum am bilet cumparat si a merg cu taxiul ca întârzii la serviciu...
RUSINEEEE...",soferi_vatmani,1
287,"aspect: frecventa. text: De tot râsul....Niste inpertineti si mega nesimțiți..cel puțin așa sunt vatmanii de pe tramvaiul 9...
Am așteptat 10 min in tramvai...fiind foarte cald am coborât ...La 5 min a urcat ""dnl""vatman si efectiv mi a inchis una in nas ..Nu mi a mai permis sa urc...Asta s a intamplat la capăt Cug...
Acum am bilet cumparat si a merg cu taxiul ca întârzii la serviciu...
RUSINEEEE...",frecventa,0
287,"aspect: acoperire_rute. text: De tot râsul....Niste inpertineti si mega nesimțiți..cel puțin așa sunt vatmanii de pe tramvaiul 9...
Am așteptat 10 min in tramvai...fiind foarte cald am coborât ...La 5 min a urcat ""dnl""vatman si efectiv mi a inchis una in nas ..Nu mi a mai permis sa urc...Asta s a intamplat la capăt Cug...
Acum am bilet cumparat si a merg cu taxiul ca întârzii la serviciu...
RUSINEEEE...",acoperire_rute,0
287,"aspect: organizare. text: De tot râsul....Niste inpertineti si mega nesimțiți..cel puțin așa sunt vatmanii de pe tramvaiul 9...
Am așteptat 10 min in tramvai...fiind foarte cald am coborât ...La 5 min a urcat ""dnl""vatman si efectiv mi a inchis una in nas ..Nu mi a mai permis sa urc...Asta s a intamplat la capăt Cug...
Acum am bilet cumparat si a merg cu taxiul ca întârzii la serviciu...
RUSINEEEE...",organizare,0
287,"aspect: pret. text: De tot râsul....Niste inpertineti si mega nesimțiți..cel puțin așa sunt vatmanii de pe tramvaiul 9...
Am așteptat 10 min in tramvai...fiind foarte cald am coborât ...La 5 min a urcat ""dnl""vatman si efectiv mi a inchis una in nas ..Nu mi a mai permis sa urc...Asta s a intamplat la capăt Cug...
Acum am bilet cumparat si a merg cu taxiul ca întârzii la serviciu...
RUSINEEEE...",pret,0
287,"aspect: aglomeratie. text: De tot râsul....Niste inpertineti si mega nesimțiți..cel puțin așa sunt vatmanii de pe tramvaiul 9...
Am așteptat 10 min in tramvai...fiind foarte cald am coborât ...La 5 min a urcat ""dnl""vatman si efectiv mi a inchis una in nas ..Nu mi a mai permis sa urc...Asta s a intamplat la capăt Cug...
Acum am bilet cumparat si a merg cu taxiul ca întârzii la serviciu...
RUSINEEEE...",aglomeratie,0
287,"aspect: infrastructura_statii. text: De tot râsul....Niste inpertineti si mega nesimțiți..cel puțin așa sunt vatmanii de pe tramvaiul 9...
Am așteptat 10 min in tramvai...fiind foarte cald am coborât ...La 5 min a urcat ""dnl""vatman si efectiv mi a inchis una in nas ..Nu mi a mai permis sa urc...Asta s a intamplat la capăt Cug...
Acum am bilet cumparat si a merg cu taxiul ca întârzii la serviciu...
RUSINEEEE...",infrastructura_statii,0
287,"aspect: stare_vehicule. text: De tot râsul....Niste inpertineti si mega nesimțiți..cel puțin așa sunt vatmanii de pe tramvaiul 9...
Am așteptat 10 min in tramvai...fiind foarte cald am coborât ...La 5 min a urcat ""dnl""vatman si efectiv mi a inchis una in nas ..Nu mi a mai permis sa urc...Asta s a intamplat la capăt Cug...
Acum am bilet cumparat si a merg cu taxiul ca întârzii la serviciu...
RUSINEEEE...",stare_vehicule,0
287,"aspect: validare_bilete. text: De tot râsul....Niste inpertineti si mega nesimțiți..cel puțin așa sunt vatmanii de pe tramvaiul 9...
Am așteptat 10 min in tramvai...fiind foarte cald am coborât ...La 5 min a urcat ""dnl""vatman si efectiv mi a inchis una in nas ..Nu mi a mai permis sa urc...Asta s a intamplat la capăt Cug...
Acum am bilet cumparat si a merg cu taxiul ca întârzii la serviciu...
RUSINEEEE...",validare_bilete,0
287,"aspect: controlori. text: De tot râsul....Niste inpertineti si mega nesimțiți..cel puțin așa sunt vatmanii de pe tramvaiul 9...
Am așteptat 10 min in tramvai...fiind foarte cald am coborât ...La 5 min a urcat ""dnl""vatman si efectiv mi a inchis una in nas ..Nu mi a mai permis sa urc...Asta s a intamplat la capăt Cug...
Acum am bilet cumparat si a merg cu taxiul ca întârzii la serviciu...
RUSINEEEE...",controlori,0
SIM_116,aspect: siguranta. text: Călătoria a fost liniștită fără frâne bruște sau incidente.,siguranta,1
SIM_116,aspect: stare_vehicule. text: Călătoria a fost liniștită fără frâne bruște sau incidente.,stare_vehicule,0
SIM_116,aspect: punctualitate. text: Călătoria a fost liniștită fără frâne bruște sau incidente.,punctualitate,0
SIM_116,aspect: pret. text: Călătoria a fost liniștită fără frâne bruște sau incidente.,pret,0
SIM_080,aspect: aglomeratie. text: Cursa a fost liberă și s-a putut urca fără probleme.,aglomeratie,1
SIM_080,aspect: validare_bilete. text: Cursa a fost liberă și s-a putut urca fără probleme.,validare_bilete,0
SIM_080,aspect: stare_vehicule. text: Cursa a fost liberă și s-a putut urca fără probleme.,stare_vehicule,0
SIM_080,aspect: informare_calatori. text: Cursa a fost liberă și s-a putut urca fără probleme.,informare_calatori,0
306,"aspect: organizare. text: se vad îmbunătățiri, sa sperăm ca este doar începutul.",organizare,1
306,"aspect: punctualitate. text: se vad îmbunătățiri, sa sperăm ca este doar începutul.",punctualitate,0
306,"aspect: controlori. text: se vad îmbunătățiri, sa sperăm ca este doar începutul.",controlori,0
306,"aspect: siguranta. text: se vad îmbunătățiri, sa sperăm ca este doar începutul.",siguranta,0
SIM_053,"aspect: frecventa. text: Frecvența pe linia 9 e acceptabilă în timpul zilei, cam un tramvai la 12-15 minute. Seara după ora 20 se mai rărește dar nu dramatic. Nu e perfect dar nu e nici dezastru.",frecventa,1
SIM_053,"aspect: aglomeratie. text: Frecvența pe linia 9 e acceptabilă în timpul zilei, cam un tramvai la 12-15 minute. Seara după ora 20 se mai rărește dar nu dramatic. Nu e perfect dar nu e nici dezastru.",aglomeratie,0
SIM_053,"aspect: acoperire_rute. text: Frecvența pe linia 9 e acceptabilă în timpul zilei, cam un tramvai la 12-15 minute. Seara după ora 20 se mai rărește dar nu dramatic. Nu e perfect dar nu e nici dezastru.",acoperire_rute,0
SIM_053,"aspect: relatii_clienti. text: Frecvența pe linia 9 e acceptabilă în timpul zilei, cam un tramvai la 12-15 minute. Seara după ora 20 se mai rărește dar nu dramatic. Nu e perfect dar nu e nici dezastru.",relatii_clienti,0
251,aspect: frecventa. text: Chiar de fiecare data e nevoie sa se astepte 40-50 minute ca sa vina tramvaiul 8?,frecventa,1
251,aspect: controlori. text: Chiar de fiecare data e nevoie sa se astepte 40-50 minute ca sa vina tramvaiul 8?,controlori,0
251,aspect: soferi_vatmani. text: Chiar de fiecare data e nevoie sa se astepte 40-50 minute ca sa vina tramvaiul 8?,soferi_vatmani,0
251,aspect: curatenie. text: Chiar de fiecare data e nevoie sa se astepte 40-50 minute ca sa vina tramvaiul 8?,curatenie,0
166,"aspect: controlori. text: De ce controlorii nu au uniforme? Si legitimatii care sa le poarte la vedere?
De ce au preferinte la anumite persoane de etnie roma si nu li se cere si alora biletul la control?",controlori,1
166,"aspect: aglomeratie. text: De ce controlorii nu au uniforme? Si legitimatii care sa le poarte la vedere?
De ce au preferinte la anumite persoane de etnie roma si nu li se cere si alora biletul la control?",aglomeratie,0
166,"aspect: stare_vehicule. text: De ce controlorii nu au uniforme? Si legitimatii care sa le poarte la vedere?
De ce au preferinte la anumite persoane de etnie roma si nu li se cere si alora biletul la control?",stare_vehicule,0
166,"aspect: curatenie. text: De ce controlorii nu au uniforme? Si legitimatii care sa le poarte la vedere?
De ce au preferinte la anumite persoane de etnie roma si nu li se cere si alora biletul la control?",curatenie,0
119,aspect: confort_termic. text: Nici macar caldura nu vor sa dea!!!!!! 😠 😠 😠 😠 😠 😠 😠 😠 😠 😠 😠 😠 😠 😠 😠 😠 😠 😠 😠 😠 😠 😠 😠,confort_termic,1
119,aspect: stare_vehicule. text: Nici macar caldura nu vor sa dea!!!!!! 😠 😠 😠 😠 😠 😠 😠 😠 😠 😠 😠 😠 😠 😠 😠 😠 😠 😠 😠 😠 😠 😠 😠,stare_vehicule,0
119,aspect: aglomeratie. text: Nici macar caldura nu vor sa dea!!!!!! 😠 😠 😠 😠 😠 😠 😠 😠 😠 😠 😠 😠 😠 😠 😠 😠 😠 😠 😠 😠 😠 😠 😠,aglomeratie,0
119,aspect: infrastructura_statii. text: Nici macar caldura nu vor sa dea!!!!!! 😠 😠 😠 😠 😠 😠 😠 😠 😠 😠 😠 😠 😠 😠 😠 😠 😠 😠 😠 😠 😠 😠 😠,infrastructura_statii,0
SIM_045,"aspect: siguranta. text: Ca siguranță în tramvaiele noi stau mai bine - bare de susținere din loc în loc, podea joasă, uși late. În cele vechi e mai complicat mai ales dacă ești în vârstă sau ai ceva în mână. Sper să le înlocuiască pe toate cât mai repede.",siguranta,1
SIM_045,"aspect: stare_vehicule. text: Ca siguranță în tramvaiele noi stau mai bine - bare de susținere din loc în loc, podea joasă, uși late. În cele vechi e mai complicat mai ales dacă ești în vârstă sau ai ceva în mână. Sper să le înlocuiască pe toate cât mai repede.",stare_vehicule,1
SIM_045,"aspect: curatenie. text: Ca siguranță în tramvaiele noi stau mai bine - bare de susținere din loc în loc, podea joasă, uși late. În cele vechi e mai complicat mai ales dacă ești în vârstă sau ai ceva în mână. Sper să le înlocuiască pe toate cât mai repede.",curatenie,0
SIM_045,"aspect: infrastructura_statii. text: Ca siguranță în tramvaiele noi stau mai bine - bare de susținere din loc în loc, podea joasă, uși late. În cele vechi e mai complicat mai ales dacă ești în vârstă sau ai ceva în mână. Sper să le înlocuiască pe toate cât mai repede.",infrastructura_statii,0
SIM_045,"aspect: punctualitate. text: Ca siguranță în tramvaiele noi stau mai bine - bare de susținere din loc în loc, podea joasă, uși late. În cele vechi e mai complicat mai ales dacă ești în vârstă sau ai ceva în mână. Sper să le înlocuiască pe toate cât mai repede.",punctualitate,0
SIM_045,"aspect: frecventa. text: Ca siguranță în tramvaiele noi stau mai bine - bare de susținere din loc în loc, podea joasă, uși late. În cele vechi e mai complicat mai ales dacă ești în vârstă sau ai ceva în mână. Sper să le înlocuiască pe toate cât mai repede.",frecventa,0
SIM_045,"aspect: confort_termic. text: Ca siguranță în tramvaiele noi stau mai bine - bare de susținere din loc în loc, podea joasă, uși late. În cele vechi e mai complicat mai ales dacă ești în vârstă sau ai ceva în mână. Sper să le înlocuiască pe toate cât mai repede.",confort_termic,0
SIM_045,"aspect: relatii_clienti. text: Ca siguranță în tramvaiele noi stau mai bine - bare de susținere din loc în loc, podea joasă, uși late. În cele vechi e mai complicat mai ales dacă ești în vârstă sau ai ceva în mână. Sper să le înlocuiască pe toate cât mai repede.",relatii_clienti,0
310,"aspect: organizare. text: Incompetență, la capăt de linie nu știi care autobuz pleacă primul, care pleacă ultimul, e aleatoriu, fara logica.",organizare,1
310,"aspect: frecventa. text: Incompetență, la capăt de linie nu știi care autobuz pleacă primul, care pleacă ultimul, e aleatoriu, fara logica.",frecventa,0
310,"aspect: controlori. text: Incompetență, la capăt de linie nu știi care autobuz pleacă primul, care pleacă ultimul, e aleatoriu, fara logica.",controlori,0
310,"aspect: relatii_clienti. text: Incompetență, la capăt de linie nu știi care autobuz pleacă primul, care pleacă ultimul, e aleatoriu, fara logica.",relatii_clienti,0
216,"aspect: pret. text: Tramvaiele vechi trebuie scoase din uz. Am platit bilet sa ajung la munca, si nu am mai ajuns ca s-a stricat iar tramvaiul. Am fost nevoit sa merg cu taxiul. Cine imi deconteaza biletul? Nu am beneficiat de serviciu. Urmeaza sa ma adresez catre ANPC.",pret,1
216,"aspect: stare_vehicule. text: Tramvaiele vechi trebuie scoase din uz. Am platit bilet sa ajung la munca, si nu am mai ajuns ca s-a stricat iar tramvaiul. Am fost nevoit sa merg cu taxiul. Cine imi deconteaza biletul? Nu am beneficiat de serviciu. Urmeaza sa ma adresez catre ANPC.",stare_vehicule,1
216,"aspect: curatenie. text: Tramvaiele vechi trebuie scoase din uz. Am platit bilet sa ajung la munca, si nu am mai ajuns ca s-a stricat iar tramvaiul. Am fost nevoit sa merg cu taxiul. Cine imi deconteaza biletul? Nu am beneficiat de serviciu. Urmeaza sa ma adresez catre ANPC.",curatenie,0
216,"aspect: siguranta. text: Tramvaiele vechi trebuie scoase din uz. Am platit bilet sa ajung la munca, si nu am mai ajuns ca s-a stricat iar tramvaiul. Am fost nevoit sa merg cu taxiul. Cine imi deconteaza biletul? Nu am beneficiat de serviciu. Urmeaza sa ma adresez catre ANPC.",siguranta,0
216,"aspect: relatii_clienti. text: Tramvaiele vechi trebuie scoase din uz. Am platit bilet sa ajung la munca, si nu am mai ajuns ca s-a stricat iar tramvaiul. Am fost nevoit sa merg cu taxiul. Cine imi deconteaza biletul? Nu am beneficiat de serviciu. Urmeaza sa ma adresez catre ANPC.",relatii_clienti,0
216,"aspect: soferi_vatmani. text: Tramvaiele vechi trebuie scoase din uz. Am platit bilet sa ajung la munca, si nu am mai ajuns ca s-a stricat iar tramvaiul. Am fost nevoit sa merg cu taxiul. Cine imi deconteaza biletul? Nu am beneficiat de serviciu. Urmeaza sa ma adresez catre ANPC.",soferi_vatmani,0
216,"aspect: aglomeratie. text: Tramvaiele vechi trebuie scoase din uz. Am platit bilet sa ajung la munca, si nu am mai ajuns ca s-a stricat iar tramvaiul. Am fost nevoit sa merg cu taxiul. Cine imi deconteaza biletul? Nu am beneficiat de serviciu. Urmeaza sa ma adresez catre ANPC.",aglomeratie,0
216,"aspect: confort_termic. text: Tramvaiele vechi trebuie scoase din uz. Am platit bilet sa ajung la munca, si nu am mai ajuns ca s-a stricat iar tramvaiul. Am fost nevoit sa merg cu taxiul. Cine imi deconteaza biletul? Nu am beneficiat de serviciu. Urmeaza sa ma adresez catre ANPC.",confort_termic,0
82,aspect: punctualitate. text: Nu se respecta programul autobuzelor. Scoateți autobuzul  30 simplu și lăsați l doar pe 30 B.,punctualitate,1
82,aspect: organizare. text: Nu se respecta programul autobuzelor. Scoateți autobuzul  30 simplu și lăsați l doar pe 30 B.,organizare,0
82,aspect: siguranta. text: Nu se respecta programul autobuzelor. Scoateți autobuzul  30 simplu și lăsați l doar pe 30 B.,siguranta,0
82,aspect: controlori. text: Nu se respecta programul autobuzelor. Scoateți autobuzul  30 simplu și lăsați l doar pe 30 B.,controlori,0
51,"aspect: frecventa. text: In capat Dacia, vatmanii stau la cafele si lumea asteapta un tramvai 11 sau 5 mai bine de 20 de minute!!!",frecventa,1
51,"aspect: soferi_vatmani. text: In capat Dacia, vatmanii stau la cafele si lumea asteapta un tramvai 11 sau 5 mai bine de 20 de minute!!!",soferi_vatmani,1
51,"aspect: confort_termic. text: In capat Dacia, vatmanii stau la cafele si lumea asteapta un tramvai 11 sau 5 mai bine de 20 de minute!!!",confort_termic,0
51,"aspect: organizare. text: In capat Dacia, vatmanii stau la cafele si lumea asteapta un tramvai 11 sau 5 mai bine de 20 de minute!!!",organizare,0
51,"aspect: infrastructura_statii. text: In capat Dacia, vatmanii stau la cafele si lumea asteapta un tramvai 11 sau 5 mai bine de 20 de minute!!!",infrastructura_statii,0
51,"aspect: curatenie. text: In capat Dacia, vatmanii stau la cafele si lumea asteapta un tramvai 11 sau 5 mai bine de 20 de minute!!!",curatenie,0
51,"aspect: pret. text: In capat Dacia, vatmanii stau la cafele si lumea asteapta un tramvai 11 sau 5 mai bine de 20 de minute!!!",pret,0
51,"aspect: controlori. text: In capat Dacia, vatmanii stau la cafele si lumea asteapta un tramvai 11 sau 5 mai bine de 20 de minute!!!",controlori,0
SIM_130,aspect: pret. text: Tariful redus pentru elevi este o măsură foarte bună.,pret,1
SIM_130,aspect: relatii_clienti. text: Tariful redus pentru elevi este o măsură foarte bună.,relatii_clienti,0
SIM_130,aspect: frecventa. text: Tariful redus pentru elevi este o măsură foarte bună.,frecventa,0
SIM_130,aspect: soferi_vatmani. text: Tariful redus pentru elevi este o măsură foarte bună.,soferi_vatmani,0
123,"aspect: aglomeratie. text: Servicii bune, tarife bune, bine gandit sistemul insa exista o mare problema ce ar merita mai multa atentie.
Autobuzul nr. 36, unul dintre cele mai aglomerate si utilizate din Iasi circula foarte greu! De fiecare data autobuzul este plin, mai ales atunci cand coboara Copoul si cand pleaca de la gara iar oamenii sunt nevoiti sa astepte chiar si 2 3 autobuze pentru a reusi sa urce. Eu personal am patit sa pierd trenul de 2 ori desi eram in statie cu o ora mai devreme si sa dureze o ora sa ajung de la gara in Copou datorita acestei probleme. Ar trebui suplimentat numai de cat nr autobuzelor pe acest traseu pentru ca desi sunt mereu pline, circula foarte foarte greu!",aglomeratie,1
123,"aspect: frecventa. text: Servicii bune, tarife bune, bine gandit sistemul insa exista o mare problema ce ar merita mai multa atentie.
Autobuzul nr. 36, unul dintre cele mai aglomerate si utilizate din Iasi circula foarte greu! De fiecare data autobuzul este plin, mai ales atunci cand coboara Copoul si cand pleaca de la gara iar oamenii sunt nevoiti sa astepte chiar si 2 3 autobuze pentru a reusi sa urce. Eu personal am patit sa pierd trenul de 2 ori desi eram in statie cu o ora mai devreme si sa dureze o ora sa ajung de la gara in Copou datorita acestei probleme. Ar trebui suplimentat numai de cat nr autobuzelor pe acest traseu pentru ca desi sunt mereu pline, circula foarte foarte greu!",frecventa,1
123,"aspect: pret. text: Servicii bune, tarife bune, bine gandit sistemul insa exista o mare problema ce ar merita mai multa atentie.
Autobuzul nr. 36, unul dintre cele mai aglomerate si utilizate din Iasi circula foarte greu! De fiecare data autobuzul este plin, mai ales atunci cand coboara Copoul si cand pleaca de la gara iar oamenii sunt nevoiti sa astepte chiar si 2 3 autobuze pentru a reusi sa urce. Eu personal am patit sa pierd trenul de 2 ori desi eram in statie cu o ora mai devreme si sa dureze o ora sa ajung de la gara in Copou datorita acestei probleme. Ar trebui suplimentat numai de cat nr autobuzelor pe acest traseu pentru ca desi sunt mereu pline, circula foarte foarte greu!",pret,1
123,"aspect: validare_bilete. text: Servicii bune, tarife bune, bine gandit sistemul insa exista o mare problema ce ar merita mai multa atentie.
Autobuzul nr. 36, unul dintre cele mai aglomerate si utilizate din Iasi circula foarte greu! De fiecare data autobuzul este plin, mai ales atunci cand coboara Copoul si cand pleaca de la gara iar oamenii sunt nevoiti sa astepte chiar si 2 3 autobuze pentru a reusi sa urce. Eu personal am patit sa pierd trenul de 2 ori desi eram in statie cu o ora mai devreme si sa dureze o ora sa ajung de la gara in Copou datorita acestei probleme. Ar trebui suplimentat numai de cat nr autobuzelor pe acest traseu pentru ca desi sunt mereu pline, circula foarte foarte greu!",validare_bilete,0
123,"aspect: acoperire_rute. text: Servicii bune, tarife bune, bine gandit sistemul insa exista o mare problema ce ar merita mai multa atentie.
Autobuzul nr. 36, unul dintre cele mai aglomerate si utilizate din Iasi circula foarte greu! De fiecare data autobuzul este plin, mai ales atunci cand coboara Copoul si cand pleaca de la gara iar oamenii sunt nevoiti sa astepte chiar si 2 3 autobuze pentru a reusi sa urce. Eu personal am patit sa pierd trenul de 2 ori desi eram in statie cu o ora mai devreme si sa dureze o ora sa ajung de la gara in Copou datorita acestei probleme. Ar trebui suplimentat numai de cat nr autobuzelor pe acest traseu pentru ca desi sunt mereu pline, circula foarte foarte greu!",acoperire_rute,0
123,"aspect: curatenie. text: Servicii bune, tarife bune, bine gandit sistemul insa exista o mare problema ce ar merita mai multa atentie.
Autobuzul nr. 36, unul dintre cele mai aglomerate si utilizate din Iasi circula foarte greu! De fiecare data autobuzul este plin, mai ales atunci cand coboara Copoul si cand pleaca de la gara iar oamenii sunt nevoiti sa astepte chiar si 2 3 autobuze pentru a reusi sa urce. Eu personal am patit sa pierd trenul de 2 ori desi eram in statie cu o ora mai devreme si sa dureze o ora sa ajung de la gara in Copou datorita acestei probleme. Ar trebui suplimentat numai de cat nr autobuzelor pe acest traseu pentru ca desi sunt mereu pline, circula foarte foarte greu!",curatenie,0
123,"aspect: stare_vehicule. text: Servicii bune, tarife bune, bine gandit sistemul insa exista o mare problema ce ar merita mai multa atentie.
Autobuzul nr. 36, unul dintre cele mai aglomerate si utilizate din Iasi circula foarte greu! De fiecare data autobuzul este plin, mai ales atunci cand coboara Copoul si cand pleaca de la gara iar oamenii sunt nevoiti sa astepte chiar si 2 3 autobuze pentru a reusi sa urce. Eu personal am patit sa pierd trenul de 2 ori desi eram in statie cu o ora mai devreme si sa dureze o ora sa ajung de la gara in Copou datorita acestei probleme. Ar trebui suplimentat numai de cat nr autobuzelor pe acest traseu pentru ca desi sunt mereu pline, circula foarte foarte greu!",stare_vehicule,0
123,"aspect: infrastructura_statii. text: Servicii bune, tarife bune, bine gandit sistemul insa exista o mare problema ce ar merita mai multa atentie.
Autobuzul nr. 36, unul dintre cele mai aglomerate si utilizate din Iasi circula foarte greu! De fiecare data autobuzul este plin, mai ales atunci cand coboara Copoul si cand pleaca de la gara iar oamenii sunt nevoiti sa astepte chiar si 2 3 autobuze pentru a reusi sa urce. Eu personal am patit sa pierd trenul de 2 ori desi eram in statie cu o ora mai devreme si sa dureze o ora sa ajung de la gara in Copou datorita acestei probleme. Ar trebui suplimentat numai de cat nr autobuzelor pe acest traseu pentru ca desi sunt mereu pline, circula foarte foarte greu!",infrastructura_statii,0
123,"aspect: organizare. text: Servicii bune, tarife bune, bine gandit sistemul insa exista o mare problema ce ar merita mai multa atentie.
Autobuzul nr. 36, unul dintre cele mai aglomerate si utilizate din Iasi circula foarte greu! De fiecare data autobuzul este plin, mai ales atunci cand coboara Copoul si cand pleaca de la gara iar oamenii sunt nevoiti sa astepte chiar si 2 3 autobuze pentru a reusi sa urce. Eu personal am patit sa pierd trenul de 2 ori desi eram in statie cu o ora mai devreme si sa dureze o ora sa ajung de la gara in Copou datorita acestei probleme. Ar trebui suplimentat numai de cat nr autobuzelor pe acest traseu pentru ca desi sunt mereu pline, circula foarte foarte greu!",organizare,0
123,"aspect: controlori. text: Servicii bune, tarife bune, bine gandit sistemul insa exista o mare problema ce ar merita mai multa atentie.
Autobuzul nr. 36, unul dintre cele mai aglomerate si utilizate din Iasi circula foarte greu! De fiecare data autobuzul este plin, mai ales atunci cand coboara Copoul si cand pleaca de la gara iar oamenii sunt nevoiti sa astepte chiar si 2 3 autobuze pentru a reusi sa urce. Eu personal am patit sa pierd trenul de 2 ori desi eram in statie cu o ora mai devreme si sa dureze o ora sa ajung de la gara in Copou datorita acestei probleme. Ar trebui suplimentat numai de cat nr autobuzelor pe acest traseu pentru ca desi sunt mereu pline, circula foarte foarte greu!",controlori,0
123,"aspect: siguranta. text: Servicii bune, tarife bune, bine gandit sistemul insa exista o mare problema ce ar merita mai multa atentie.
Autobuzul nr. 36, unul dintre cele mai aglomerate si utilizate din Iasi circula foarte greu! De fiecare data autobuzul este plin, mai ales atunci cand coboara Copoul si cand pleaca de la gara iar oamenii sunt nevoiti sa astepte chiar si 2 3 autobuze pentru a reusi sa urce. Eu personal am patit sa pierd trenul de 2 ori desi eram in statie cu o ora mai devreme si sa dureze o ora sa ajung de la gara in Copou datorita acestei probleme. Ar trebui suplimentat numai de cat nr autobuzelor pe acest traseu pentru ca desi sunt mereu pline, circula foarte foarte greu!",siguranta,0
123,"aspect: confort_termic. text: Servicii bune, tarife bune, bine gandit sistemul insa exista o mare problema ce ar merita mai multa atentie.
Autobuzul nr. 36, unul dintre cele mai aglomerate si utilizate din Iasi circula foarte greu! De fiecare data autobuzul este plin, mai ales atunci cand coboara Copoul si cand pleaca de la gara iar oamenii sunt nevoiti sa astepte chiar si 2 3 autobuze pentru a reusi sa urce. Eu personal am patit sa pierd trenul de 2 ori desi eram in statie cu o ora mai devreme si sa dureze o ora sa ajung de la gara in Copou datorita acestei probleme. Ar trebui suplimentat numai de cat nr autobuzelor pe acest traseu pentru ca desi sunt mereu pline, circula foarte foarte greu!",confort_termic,0
301,"aspect: controlori. text: M-as bucura ca amenzile sa se dea la toti oamenii vizati fara bilet sau abonament valid in mijlocul de transport, nu doar selectiv, respectiv la cei cu gura mare si la concetatenii tarii noastre de culoare mai inchisa sa se treaca in mod nesimtit cu vederea. Ori suntem corecti si dam la toti ori nu mai dam deloc amenzi. Dar vorbesc despre Romania, unde oamenii civilizati sunt luati de prosti iar oamenii primitivi sunt ridicati si privilegiati.",controlori,1
301,"aspect: validare_bilete. text: M-as bucura ca amenzile sa se dea la toti oamenii vizati fara bilet sau abonament valid in mijlocul de transport, nu doar selectiv, respectiv la cei cu gura mare si la concetatenii tarii noastre de culoare mai inchisa sa se treaca in mod nesimtit cu vederea. Ori suntem corecti si dam la toti ori nu mai dam deloc amenzi. Dar vorbesc despre Romania, unde oamenii civilizati sunt luati de prosti iar oamenii primitivi sunt ridicati si privilegiati.",validare_bilete,0
301,"aspect: punctualitate. text: M-as bucura ca amenzile sa se dea la toti oamenii vizati fara bilet sau abonament valid in mijlocul de transport, nu doar selectiv, respectiv la cei cu gura mare si la concetatenii tarii noastre de culoare mai inchisa sa se treaca in mod nesimtit cu vederea. Ori suntem corecti si dam la toti ori nu mai dam deloc amenzi. Dar vorbesc despre Romania, unde oamenii civilizati sunt luati de prosti iar oamenii primitivi sunt ridicati si privilegiati.",punctualitate,0
301,"aspect: siguranta. text: M-as bucura ca amenzile sa se dea la toti oamenii vizati fara bilet sau abonament valid in mijlocul de transport, nu doar selectiv, respectiv la cei cu gura mare si la concetatenii tarii noastre de culoare mai inchisa sa se treaca in mod nesimtit cu vederea. Ori suntem corecti si dam la toti ori nu mai dam deloc amenzi. Dar vorbesc despre Romania, unde oamenii civilizati sunt luati de prosti iar oamenii primitivi sunt ridicati si privilegiati.",siguranta,0
SIM_024,"aspect: controlori. text: Controloarea a urcat în autobuz și s-a dus direct la câțiva pasageri, ignorându-i complet pe alții. Selectivă și cu atitudine. Când i-am spus că nu a verificat pe toți mi-a răspuns că nu e treaba mea.",controlori,1
SIM_024,"aspect: informare_calatori. text: Controloarea a urcat în autobuz și s-a dus direct la câțiva pasageri, ignorându-i complet pe alții. Selectivă și cu atitudine. Când i-am spus că nu a verificat pe toți mi-a răspuns că nu e treaba mea.",informare_calatori,0
SIM_024,"aspect: curatenie. text: Controloarea a urcat în autobuz și s-a dus direct la câțiva pasageri, ignorându-i complet pe alții. Selectivă și cu atitudine. Când i-am spus că nu a verificat pe toți mi-a răspuns că nu e treaba mea.",curatenie,0
SIM_024,"aspect: relatii_clienti. text: Controloarea a urcat în autobuz și s-a dus direct la câțiva pasageri, ignorându-i complet pe alții. Selectivă și cu atitudine. Când i-am spus că nu a verificat pe toți mi-a răspuns că nu e treaba mea.",relatii_clienti,0
169,"aspect: aglomeratie. text: De 25 minute asteptam un autobuz 41, la Tehnopolis, intr-o zi in care intervalul de urmărire e de 10 minute, teoretic. In precedentul 41 nu am avut loc sa urcam, de plin ce era. Si pe acela l-am așteptat vreo 15 minute. Rușine sa va fie mincinosilor!",aglomeratie,1
169,"aspect: frecventa. text: De 25 minute asteptam un autobuz 41, la Tehnopolis, intr-o zi in care intervalul de urmărire e de 10 minute, teoretic. In precedentul 41 nu am avut loc sa urcam, de plin ce era. Si pe acela l-am așteptat vreo 15 minute. Rușine sa va fie mincinosilor!",frecventa,1
169,"aspect: pret. text: De 25 minute asteptam un autobuz 41, la Tehnopolis, intr-o zi in care intervalul de urmărire e de 10 minute, teoretic. In precedentul 41 nu am avut loc sa urcam, de plin ce era. Si pe acela l-am așteptat vreo 15 minute. Rușine sa va fie mincinosilor!",pret,0
169,"aspect: organizare. text: De 25 minute asteptam un autobuz 41, la Tehnopolis, intr-o zi in care intervalul de urmărire e de 10 minute, teoretic. In precedentul 41 nu am avut loc sa urcam, de plin ce era. Si pe acela l-am așteptat vreo 15 minute. Rușine sa va fie mincinosilor!",organizare,0
169,"aspect: siguranta. text: De 25 minute asteptam un autobuz 41, la Tehnopolis, intr-o zi in care intervalul de urmărire e de 10 minute, teoretic. In precedentul 41 nu am avut loc sa urcam, de plin ce era. Si pe acela l-am așteptat vreo 15 minute. Rușine sa va fie mincinosilor!",siguranta,0
169,"aspect: validare_bilete. text: De 25 minute asteptam un autobuz 41, la Tehnopolis, intr-o zi in care intervalul de urmărire e de 10 minute, teoretic. In precedentul 41 nu am avut loc sa urcam, de plin ce era. Si pe acela l-am așteptat vreo 15 minute. Rușine sa va fie mincinosilor!",validare_bilete,0
169,"aspect: controlori. text: De 25 minute asteptam un autobuz 41, la Tehnopolis, intr-o zi in care intervalul de urmărire e de 10 minute, teoretic. In precedentul 41 nu am avut loc sa urcam, de plin ce era. Si pe acela l-am așteptat vreo 15 minute. Rușine sa va fie mincinosilor!",controlori,0
169,"aspect: informare_calatori. text: De 25 minute asteptam un autobuz 41, la Tehnopolis, intr-o zi in care intervalul de urmărire e de 10 minute, teoretic. In precedentul 41 nu am avut loc sa urcam, de plin ce era. Si pe acela l-am așteptat vreo 15 minute. Rușine sa va fie mincinosilor!",informare_calatori,0
121,aspect: frecventa. text: Stau de 30 de min in statia  podul de piatră  și nu a trecut nici un 5. Unde stati nebunilor. Intre  timp trece numai autobuzul 19 de 4 ori pana acum .,frecventa,1
121,aspect: confort_termic. text: Stau de 30 de min in statia  podul de piatră  și nu a trecut nici un 5. Unde stati nebunilor. Intre  timp trece numai autobuzul 19 de 4 ori pana acum .,confort_termic,0
121,aspect: controlori. text: Stau de 30 de min in statia  podul de piatră  și nu a trecut nici un 5. Unde stati nebunilor. Intre  timp trece numai autobuzul 19 de 4 ori pana acum .,controlori,0
121,aspect: siguranta. text: Stau de 30 de min in statia  podul de piatră  și nu a trecut nici un 5. Unde stati nebunilor. Intre  timp trece numai autobuzul 19 de 4 ori pana acum .,siguranta,0
SENT_SIM_022,aspect: infrastructura_statii. text: Stația este modernizată și are suficient spațiu pentru călători.,infrastructura_statii,1
SENT_SIM_022,aspect: pret. text: Stația este modernizată și are suficient spațiu pentru călători.,pret,0
SENT_SIM_022,aspect: validare_bilete. text: Stația este modernizată și are suficient spațiu pentru călători.,validare_bilete,0
SENT_SIM_022,aspect: curatenie. text: Stația este modernizată și are suficient spațiu pentru călători.,curatenie,0
50,"aspect: aglomeratie. text: Bătaie de joc, autobuze arhipline și timp de așteptare mult prea mare.",aglomeratie,1
50,"aspect: frecventa. text: Bătaie de joc, autobuze arhipline și timp de așteptare mult prea mare.",frecventa,1
50,"aspect: soferi_vatmani. text: Bătaie de joc, autobuze arhipline și timp de așteptare mult prea mare.",soferi_vatmani,0
50,"aspect: relatii_clienti. text: Bătaie de joc, autobuze arhipline și timp de așteptare mult prea mare.",relatii_clienti,0
50,"aspect: organizare. text: Bătaie de joc, autobuze arhipline și timp de așteptare mult prea mare.",organizare,0
50,"aspect: stare_vehicule. text: Bătaie de joc, autobuze arhipline și timp de așteptare mult prea mare.",stare_vehicule,0
50,"aspect: validare_bilete. text: Bătaie de joc, autobuze arhipline și timp de așteptare mult prea mare.",validare_bilete,0
50,"aspect: infrastructura_statii. text: Bătaie de joc, autobuze arhipline și timp de așteptare mult prea mare.",infrastructura_statii,0
SIM_008,"aspect: relatii_clienti. text: Am sunat la relații clienți să întreb despre abonamentul metropolitan. Mi-a răspuns cineva destul de repede, mi-a dat informațiile de care aveam nevoie, fără să fiu prea tare ajutat dar nici lăsat în ceață. Decent.",relatii_clienti,1
SIM_008,"aspect: controlori. text: Am sunat la relații clienți să întreb despre abonamentul metropolitan. Mi-a răspuns cineva destul de repede, mi-a dat informațiile de care aveam nevoie, fără să fiu prea tare ajutat dar nici lăsat în ceață. Decent.",controlori,0
SIM_008,"aspect: confort_termic. text: Am sunat la relații clienți să întreb despre abonamentul metropolitan. Mi-a răspuns cineva destul de repede, mi-a dat informațiile de care aveam nevoie, fără să fiu prea tare ajutat dar nici lăsat în ceață. Decent.",confort_termic,0
SIM_008,"aspect: organizare. text: Am sunat la relații clienți să întreb despre abonamentul metropolitan. Mi-a răspuns cineva destul de repede, mi-a dat informațiile de care aveam nevoie, fără să fiu prea tare ajutat dar nici lăsat în ceață. Decent.",organizare,0
SIM_060,aspect: punctualitate. text: Autobuzul a ajuns exact la ora afișată și am ajuns la facultate fără întârziere.,punctualitate,1
SIM_060,aspect: infrastructura_statii. text: Autobuzul a ajuns exact la ora afișată și am ajuns la facultate fără întârziere.,infrastructura_statii,0
SIM_060,aspect: aglomeratie. text: Autobuzul a ajuns exact la ora afișată și am ajuns la facultate fără întârziere.,aglomeratie,0
SIM_060,aspect: soferi_vatmani. text: Autobuzul a ajuns exact la ora afișată și am ajuns la facultate fără întârziere.,soferi_vatmani,0
316,"aspect: relatii_clienti. text: Management și șoferi extraordinar de incompetenți, șoferii blochează intersecții și cauzează accidente iar managementul postează clipurile pe internet în apărarea șoferilor",relatii_clienti,1
316,"aspect: siguranta. text: Management și șoferi extraordinar de incompetenți, șoferii blochează intersecții și cauzează accidente iar managementul postează clipurile pe internet în apărarea șoferilor",siguranta,1
316,"aspect: soferi_vatmani. text: Management și șoferi extraordinar de incompetenți, șoferii blochează intersecții și cauzează accidente iar managementul postează clipurile pe internet în apărarea șoferilor",soferi_vatmani,1
316,"aspect: acoperire_rute. text: Management și șoferi extraordinar de incompetenți, șoferii blochează intersecții și cauzează accidente iar managementul postează clipurile pe internet în apărarea șoferilor",acoperire_rute,0
316,"aspect: aglomeratie. text: Management și șoferi extraordinar de incompetenți, șoferii blochează intersecții și cauzează accidente iar managementul postează clipurile pe internet în apărarea șoferilor",aglomeratie,0
316,"aspect: confort_termic. text: Management și șoferi extraordinar de incompetenți, șoferii blochează intersecții și cauzează accidente iar managementul postează clipurile pe internet în apărarea șoferilor",confort_termic,0
316,"aspect: punctualitate. text: Management și șoferi extraordinar de incompetenți, șoferii blochează intersecții și cauzează accidente iar managementul postează clipurile pe internet în apărarea șoferilor",punctualitate,0
316,"aspect: informare_calatori. text: Management și șoferi extraordinar de incompetenți, șoferii blochează intersecții și cauzează accidente iar managementul postează clipurile pe internet în apărarea șoferilor",informare_calatori,0
316,"aspect: stare_vehicule. text: Management și șoferi extraordinar de incompetenți, șoferii blochează intersecții și cauzează accidente iar managementul postează clipurile pe internet în apărarea șoferilor",stare_vehicule,0
316,"aspect: controlori. text: Management și șoferi extraordinar de incompetenți, șoferii blochează intersecții și cauzează accidente iar managementul postează clipurile pe internet în apărarea șoferilor",controlori,0
316,"aspect: organizare. text: Management și șoferi extraordinar de incompetenți, șoferii blochează intersecții și cauzează accidente iar managementul postează clipurile pe internet în apărarea șoferilor",organizare,0
316,"aspect: curatenie. text: Management și șoferi extraordinar de incompetenți, șoferii blochează intersecții și cauzează accidente iar managementul postează clipurile pe internet în apărarea șoferilor",curatenie,0
325,"aspect: frecventa. text: Servicii la limita execrabilului. Cu exagerările de rigoare, duminica trec vreo 3-4 tramvaie în 12 ore.",frecventa,1
325,"aspect: organizare. text: Servicii la limita execrabilului. Cu exagerările de rigoare, duminica trec vreo 3-4 tramvaie în 12 ore.",organizare,0
325,"aspect: pret. text: Servicii la limita execrabilului. Cu exagerările de rigoare, duminica trec vreo 3-4 tramvaie în 12 ore.",pret,0
325,"aspect: curatenie. text: Servicii la limita execrabilului. Cu exagerările de rigoare, duminica trec vreo 3-4 tramvaie în 12 ore.",curatenie,0
75,"aspect: acoperire_rute. text: Vrei sa ajungi la munca? Teapa, a batut putin vantu si au cazut liniile de tramvai.
Vrei sa mergi la facultate? Teapa, linia unica e facuta mai mult pentru taxiuri pe Nicolina. Stai 30m pentru o ragalie de autobuz de abia urca pasarela la cat de plin e.

In plina pandemie imparti jumatate de metru patrat cu inca 5 oameni, nu poti cobora pentru ca in alea 30 sec de sta șoferul grăbit in statie trebuie sa treci de 30 de oameni.

Șoferii nu mai spun, am dat de prea mulți marlani care se cred zmei. Șicanează, pun niște frâne ca mna, și ele tre testate ocazional, se uita în ochii tai cand fugi dupa ragalia lor de vine intr o luna albastra.

In loc sa dai banii pe un abonament faci un credit la o bicicleta, iti lipești un 9 sau 41 in frunte si i dai pe unica, ca și asa e libera. 

Este o bătaie de joc. Sunt oameni care depind de transportul în comun ca sa ajungă la serviciu, scoala, spital, etc. De cand a fost mereu CTP a fost o bătaie de joc. De la mașini mizere la angajați grabiti sa prindă cafeluta de la rond.

Recomand o pereche bună de adidasi, sau bocanci ca atunci când ploua e și mai grav, și sa ii dai la pas ca ajungi mai repede.",acoperire_rute,1
75,"aspect: aglomeratie. text: Vrei sa ajungi la munca? Teapa, a batut putin vantu si au cazut liniile de tramvai.
Vrei sa mergi la facultate? Teapa, linia unica e facuta mai mult pentru taxiuri pe Nicolina. Stai 30m pentru o ragalie de autobuz de abia urca pasarela la cat de plin e.

In plina pandemie imparti jumatate de metru patrat cu inca 5 oameni, nu poti cobora pentru ca in alea 30 sec de sta șoferul grăbit in statie trebuie sa treci de 30 de oameni.

Șoferii nu mai spun, am dat de prea mulți marlani care se cred zmei. Șicanează, pun niște frâne ca mna, și ele tre testate ocazional, se uita în ochii tai cand fugi dupa ragalia lor de vine intr o luna albastra.

In loc sa dai banii pe un abonament faci un credit la o bicicleta, iti lipești un 9 sau 41 in frunte si i dai pe unica, ca și asa e libera. 

Este o bătaie de joc. Sunt oameni care depind de transportul în comun ca sa ajungă la serviciu, scoala, spital, etc. De cand a fost mereu CTP a fost o bătaie de joc. De la mașini mizere la angajați grabiti sa prindă cafeluta de la rond.

Recomand o pereche bună de adidasi, sau bocanci ca atunci când ploua e și mai grav, și sa ii dai la pas ca ajungi mai repede.",aglomeratie,1
75,"aspect: soferi_vatmani. text: Vrei sa ajungi la munca? Teapa, a batut putin vantu si au cazut liniile de tramvai.
Vrei sa mergi la facultate? Teapa, linia unica e facuta mai mult pentru taxiuri pe Nicolina. Stai 30m pentru o ragalie de autobuz de abia urca pasarela la cat de plin e.

In plina pandemie imparti jumatate de metru patrat cu inca 5 oameni, nu poti cobora pentru ca in alea 30 sec de sta șoferul grăbit in statie trebuie sa treci de 30 de oameni.

Șoferii nu mai spun, am dat de prea mulți marlani care se cred zmei. Șicanează, pun niște frâne ca mna, și ele tre testate ocazional, se uita în ochii tai cand fugi dupa ragalia lor de vine intr o luna albastra.

In loc sa dai banii pe un abonament faci un credit la o bicicleta, iti lipești un 9 sau 41 in frunte si i dai pe unica, ca și asa e libera. 

Este o bătaie de joc. Sunt oameni care depind de transportul în comun ca sa ajungă la serviciu, scoala, spital, etc. De cand a fost mereu CTP a fost o bătaie de joc. De la mașini mizere la angajați grabiti sa prindă cafeluta de la rond.

Recomand o pereche bună de adidasi, sau bocanci ca atunci când ploua e și mai grav, și sa ii dai la pas ca ajungi mai repede.",soferi_vatmani,1
75,"aspect: stare_vehicule. text: Vrei sa ajungi la munca? Teapa, a batut putin vantu si au cazut liniile de tramvai.
Vrei sa mergi la facultate? Teapa, linia unica e facuta mai mult pentru taxiuri pe Nicolina. Stai 30m pentru o ragalie de autobuz de abia urca pasarela la cat de plin e.

In plina pandemie imparti jumatate de metru patrat cu inca 5 oameni, nu poti cobora pentru ca in alea 30 sec de sta șoferul grăbit in statie trebuie sa treci de 30 de oameni.

Șoferii nu mai spun, am dat de prea mulți marlani care se cred zmei. Șicanează, pun niște frâne ca mna, și ele tre testate ocazional, se uita în ochii tai cand fugi dupa ragalia lor de vine intr o luna albastra.

In loc sa dai banii pe un abonament faci un credit la o bicicleta, iti lipești un 9 sau 41 in frunte si i dai pe unica, ca și asa e libera. 

Este o bătaie de joc. Sunt oameni care depind de transportul în comun ca sa ajungă la serviciu, scoala, spital, etc. De cand a fost mereu CTP a fost o bătaie de joc. De la mașini mizere la angajați grabiti sa prindă cafeluta de la rond.

Recomand o pereche bună de adidasi, sau bocanci ca atunci când ploua e și mai grav, și sa ii dai la pas ca ajungi mai repede.",stare_vehicule,1
75,"aspect: punctualitate. text: Vrei sa ajungi la munca? Teapa, a batut putin vantu si au cazut liniile de tramvai.
Vrei sa mergi la facultate? Teapa, linia unica e facuta mai mult pentru taxiuri pe Nicolina. Stai 30m pentru o ragalie de autobuz de abia urca pasarela la cat de plin e.

In plina pandemie imparti jumatate de metru patrat cu inca 5 oameni, nu poti cobora pentru ca in alea 30 sec de sta șoferul grăbit in statie trebuie sa treci de 30 de oameni.

Șoferii nu mai spun, am dat de prea mulți marlani care se cred zmei. Șicanează, pun niște frâne ca mna, și ele tre testate ocazional, se uita în ochii tai cand fugi dupa ragalia lor de vine intr o luna albastra.

In loc sa dai banii pe un abonament faci un credit la o bicicleta, iti lipești un 9 sau 41 in frunte si i dai pe unica, ca și asa e libera. 

Este o bătaie de joc. Sunt oameni care depind de transportul în comun ca sa ajungă la serviciu, scoala, spital, etc. De cand a fost mereu CTP a fost o bătaie de joc. De la mașini mizere la angajați grabiti sa prindă cafeluta de la rond.

Recomand o pereche bună de adidasi, sau bocanci ca atunci când ploua e și mai grav, și sa ii dai la pas ca ajungi mai repede.",punctualitate,0
75,"aspect: confort_termic. text: Vrei sa ajungi la munca? Teapa, a batut putin vantu si au cazut liniile de tramvai.
Vrei sa mergi la facultate? Teapa, linia unica e facuta mai mult pentru taxiuri pe Nicolina. Stai 30m pentru o ragalie de autobuz de abia urca pasarela la cat de plin e.

In plina pandemie imparti jumatate de metru patrat cu inca 5 oameni, nu poti cobora pentru ca in alea 30 sec de sta șoferul grăbit in statie trebuie sa treci de 30 de oameni.

Șoferii nu mai spun, am dat de prea mulți marlani care se cred zmei. Șicanează, pun niște frâne ca mna, și ele tre testate ocazional, se uita în ochii tai cand fugi dupa ragalia lor de vine intr o luna albastra.

In loc sa dai banii pe un abonament faci un credit la o bicicleta, iti lipești un 9 sau 41 in frunte si i dai pe unica, ca și asa e libera. 

Este o bătaie de joc. Sunt oameni care depind de transportul în comun ca sa ajungă la serviciu, scoala, spital, etc. De cand a fost mereu CTP a fost o bătaie de joc. De la mașini mizere la angajați grabiti sa prindă cafeluta de la rond.

Recomand o pereche bună de adidasi, sau bocanci ca atunci când ploua e și mai grav, și sa ii dai la pas ca ajungi mai repede.",confort_termic,0
75,"aspect: controlori. text: Vrei sa ajungi la munca? Teapa, a batut putin vantu si au cazut liniile de tramvai.
Vrei sa mergi la facultate? Teapa, linia unica e facuta mai mult pentru taxiuri pe Nicolina. Stai 30m pentru o ragalie de autobuz de abia urca pasarela la cat de plin e.

In plina pandemie imparti jumatate de metru patrat cu inca 5 oameni, nu poti cobora pentru ca in alea 30 sec de sta șoferul grăbit in statie trebuie sa treci de 30 de oameni.

Șoferii nu mai spun, am dat de prea mulți marlani care se cred zmei. Șicanează, pun niște frâne ca mna, și ele tre testate ocazional, se uita în ochii tai cand fugi dupa ragalia lor de vine intr o luna albastra.

In loc sa dai banii pe un abonament faci un credit la o bicicleta, iti lipești un 9 sau 41 in frunte si i dai pe unica, ca și asa e libera. 

Este o bătaie de joc. Sunt oameni care depind de transportul în comun ca sa ajungă la serviciu, scoala, spital, etc. De cand a fost mereu CTP a fost o bătaie de joc. De la mașini mizere la angajați grabiti sa prindă cafeluta de la rond.

Recomand o pereche bună de adidasi, sau bocanci ca atunci când ploua e și mai grav, și sa ii dai la pas ca ajungi mai repede.",controlori,0
75,"aspect: validare_bilete. text: Vrei sa ajungi la munca? Teapa, a batut putin vantu si au cazut liniile de tramvai.
Vrei sa mergi la facultate? Teapa, linia unica e facuta mai mult pentru taxiuri pe Nicolina. Stai 30m pentru o ragalie de autobuz de abia urca pasarela la cat de plin e.

In plina pandemie imparti jumatate de metru patrat cu inca 5 oameni, nu poti cobora pentru ca in alea 30 sec de sta șoferul grăbit in statie trebuie sa treci de 30 de oameni.

Șoferii nu mai spun, am dat de prea mulți marlani care se cred zmei. Șicanează, pun niște frâne ca mna, și ele tre testate ocazional, se uita în ochii tai cand fugi dupa ragalia lor de vine intr o luna albastra.

In loc sa dai banii pe un abonament faci un credit la o bicicleta, iti lipești un 9 sau 41 in frunte si i dai pe unica, ca și asa e libera. 

Este o bătaie de joc. Sunt oameni care depind de transportul în comun ca sa ajungă la serviciu, scoala, spital, etc. De cand a fost mereu CTP a fost o bătaie de joc. De la mașini mizere la angajați grabiti sa prindă cafeluta de la rond.

Recomand o pereche bună de adidasi, sau bocanci ca atunci când ploua e și mai grav, și sa ii dai la pas ca ajungi mai repede.",validare_bilete,0
75,"aspect: informare_calatori. text: Vrei sa ajungi la munca? Teapa, a batut putin vantu si au cazut liniile de tramvai.
Vrei sa mergi la facultate? Teapa, linia unica e facuta mai mult pentru taxiuri pe Nicolina. Stai 30m pentru o ragalie de autobuz de abia urca pasarela la cat de plin e.

In plina pandemie imparti jumatate de metru patrat cu inca 5 oameni, nu poti cobora pentru ca in alea 30 sec de sta șoferul grăbit in statie trebuie sa treci de 30 de oameni.

Șoferii nu mai spun, am dat de prea mulți marlani care se cred zmei. Șicanează, pun niște frâne ca mna, și ele tre testate ocazional, se uita în ochii tai cand fugi dupa ragalia lor de vine intr o luna albastra.

In loc sa dai banii pe un abonament faci un credit la o bicicleta, iti lipești un 9 sau 41 in frunte si i dai pe unica, ca și asa e libera. 

Este o bătaie de joc. Sunt oameni care depind de transportul în comun ca sa ajungă la serviciu, scoala, spital, etc. De cand a fost mereu CTP a fost o bătaie de joc. De la mașini mizere la angajați grabiti sa prindă cafeluta de la rond.

Recomand o pereche bună de adidasi, sau bocanci ca atunci când ploua e și mai grav, și sa ii dai la pas ca ajungi mai repede.",informare_calatori,0
75,"aspect: organizare. text: Vrei sa ajungi la munca? Teapa, a batut putin vantu si au cazut liniile de tramvai.
Vrei sa mergi la facultate? Teapa, linia unica e facuta mai mult pentru taxiuri pe Nicolina. Stai 30m pentru o ragalie de autobuz de abia urca pasarela la cat de plin e.

In plina pandemie imparti jumatate de metru patrat cu inca 5 oameni, nu poti cobora pentru ca in alea 30 sec de sta șoferul grăbit in statie trebuie sa treci de 30 de oameni.

Șoferii nu mai spun, am dat de prea mulți marlani care se cred zmei. Șicanează, pun niște frâne ca mna, și ele tre testate ocazional, se uita în ochii tai cand fugi dupa ragalia lor de vine intr o luna albastra.

In loc sa dai banii pe un abonament faci un credit la o bicicleta, iti lipești un 9 sau 41 in frunte si i dai pe unica, ca și asa e libera. 

Este o bătaie de joc. Sunt oameni care depind de transportul în comun ca sa ajungă la serviciu, scoala, spital, etc. De cand a fost mereu CTP a fost o bătaie de joc. De la mașini mizere la angajați grabiti sa prindă cafeluta de la rond.

Recomand o pereche bună de adidasi, sau bocanci ca atunci când ploua e și mai grav, și sa ii dai la pas ca ajungi mai repede.",organizare,0
75,"aspect: infrastructura_statii. text: Vrei sa ajungi la munca? Teapa, a batut putin vantu si au cazut liniile de tramvai.
Vrei sa mergi la facultate? Teapa, linia unica e facuta mai mult pentru taxiuri pe Nicolina. Stai 30m pentru o ragalie de autobuz de abia urca pasarela la cat de plin e.

In plina pandemie imparti jumatate de metru patrat cu inca 5 oameni, nu poti cobora pentru ca in alea 30 sec de sta șoferul grăbit in statie trebuie sa treci de 30 de oameni.

Șoferii nu mai spun, am dat de prea mulți marlani care se cred zmei. Șicanează, pun niște frâne ca mna, și ele tre testate ocazional, se uita în ochii tai cand fugi dupa ragalia lor de vine intr o luna albastra.

In loc sa dai banii pe un abonament faci un credit la o bicicleta, iti lipești un 9 sau 41 in frunte si i dai pe unica, ca și asa e libera. 

Este o bătaie de joc. Sunt oameni care depind de transportul în comun ca sa ajungă la serviciu, scoala, spital, etc. De cand a fost mereu CTP a fost o bătaie de joc. De la mașini mizere la angajați grabiti sa prindă cafeluta de la rond.

Recomand o pereche bună de adidasi, sau bocanci ca atunci când ploua e și mai grav, și sa ii dai la pas ca ajungi mai repede.",infrastructura_statii,0
75,"aspect: curatenie. text: Vrei sa ajungi la munca? Teapa, a batut putin vantu si au cazut liniile de tramvai.
Vrei sa mergi la facultate? Teapa, linia unica e facuta mai mult pentru taxiuri pe Nicolina. Stai 30m pentru o ragalie de autobuz de abia urca pasarela la cat de plin e.

In plina pandemie imparti jumatate de metru patrat cu inca 5 oameni, nu poti cobora pentru ca in alea 30 sec de sta șoferul grăbit in statie trebuie sa treci de 30 de oameni.

Șoferii nu mai spun, am dat de prea mulți marlani care se cred zmei. Șicanează, pun niște frâne ca mna, și ele tre testate ocazional, se uita în ochii tai cand fugi dupa ragalia lor de vine intr o luna albastra.

In loc sa dai banii pe un abonament faci un credit la o bicicleta, iti lipești un 9 sau 41 in frunte si i dai pe unica, ca și asa e libera. 

Este o bătaie de joc. Sunt oameni care depind de transportul în comun ca sa ajungă la serviciu, scoala, spital, etc. De cand a fost mereu CTP a fost o bătaie de joc. De la mașini mizere la angajați grabiti sa prindă cafeluta de la rond.

Recomand o pereche bună de adidasi, sau bocanci ca atunci când ploua e și mai grav, și sa ii dai la pas ca ajungi mai repede.",curatenie,0
75,"aspect: siguranta. text: Vrei sa ajungi la munca? Teapa, a batut putin vantu si au cazut liniile de tramvai.
Vrei sa mergi la facultate? Teapa, linia unica e facuta mai mult pentru taxiuri pe Nicolina. Stai 30m pentru o ragalie de autobuz de abia urca pasarela la cat de plin e.

In plina pandemie imparti jumatate de metru patrat cu inca 5 oameni, nu poti cobora pentru ca in alea 30 sec de sta șoferul grăbit in statie trebuie sa treci de 30 de oameni.

Șoferii nu mai spun, am dat de prea mulți marlani care se cred zmei. Șicanează, pun niște frâne ca mna, și ele tre testate ocazional, se uita în ochii tai cand fugi dupa ragalia lor de vine intr o luna albastra.

In loc sa dai banii pe un abonament faci un credit la o bicicleta, iti lipești un 9 sau 41 in frunte si i dai pe unica, ca și asa e libera. 

Este o bătaie de joc. Sunt oameni care depind de transportul în comun ca sa ajungă la serviciu, scoala, spital, etc. De cand a fost mereu CTP a fost o bătaie de joc. De la mașini mizere la angajați grabiti sa prindă cafeluta de la rond.

Recomand o pereche bună de adidasi, sau bocanci ca atunci când ploua e și mai grav, și sa ii dai la pas ca ajungi mai repede.",siguranta,0
75,"aspect: relatii_clienti. text: Vrei sa ajungi la munca? Teapa, a batut putin vantu si au cazut liniile de tramvai.
Vrei sa mergi la facultate? Teapa, linia unica e facuta mai mult pentru taxiuri pe Nicolina. Stai 30m pentru o ragalie de autobuz de abia urca pasarela la cat de plin e.

In plina pandemie imparti jumatate de metru patrat cu inca 5 oameni, nu poti cobora pentru ca in alea 30 sec de sta șoferul grăbit in statie trebuie sa treci de 30 de oameni.

Șoferii nu mai spun, am dat de prea mulți marlani care se cred zmei. Șicanează, pun niște frâne ca mna, și ele tre testate ocazional, se uita în ochii tai cand fugi dupa ragalia lor de vine intr o luna albastra.

In loc sa dai banii pe un abonament faci un credit la o bicicleta, iti lipești un 9 sau 41 in frunte si i dai pe unica, ca și asa e libera. 

Este o bătaie de joc. Sunt oameni care depind de transportul în comun ca sa ajungă la serviciu, scoala, spital, etc. De cand a fost mereu CTP a fost o bătaie de joc. De la mașini mizere la angajați grabiti sa prindă cafeluta de la rond.

Recomand o pereche bună de adidasi, sau bocanci ca atunci când ploua e și mai grav, și sa ii dai la pas ca ajungi mai repede.",relatii_clienti,0
75,"aspect: pret. text: Vrei sa ajungi la munca? Teapa, a batut putin vantu si au cazut liniile de tramvai.
Vrei sa mergi la facultate? Teapa, linia unica e facuta mai mult pentru taxiuri pe Nicolina. Stai 30m pentru o ragalie de autobuz de abia urca pasarela la cat de plin e.

In plina pandemie imparti jumatate de metru patrat cu inca 5 oameni, nu poti cobora pentru ca in alea 30 sec de sta șoferul grăbit in statie trebuie sa treci de 30 de oameni.

Șoferii nu mai spun, am dat de prea mulți marlani care se cred zmei. Șicanează, pun niște frâne ca mna, și ele tre testate ocazional, se uita în ochii tai cand fugi dupa ragalia lor de vine intr o luna albastra.

In loc sa dai banii pe un abonament faci un credit la o bicicleta, iti lipești un 9 sau 41 in frunte si i dai pe unica, ca și asa e libera. 

Este o bătaie de joc. Sunt oameni care depind de transportul în comun ca sa ajungă la serviciu, scoala, spital, etc. De cand a fost mereu CTP a fost o bătaie de joc. De la mașini mizere la angajați grabiti sa prindă cafeluta de la rond.

Recomand o pereche bună de adidasi, sau bocanci ca atunci când ploua e și mai grav, și sa ii dai la pas ca ajungi mai repede.",pret,0
75,"aspect: frecventa. text: Vrei sa ajungi la munca? Teapa, a batut putin vantu si au cazut liniile de tramvai.
Vrei sa mergi la facultate? Teapa, linia unica e facuta mai mult pentru taxiuri pe Nicolina. Stai 30m pentru o ragalie de autobuz de abia urca pasarela la cat de plin e.

In plina pandemie imparti jumatate de metru patrat cu inca 5 oameni, nu poti cobora pentru ca in alea 30 sec de sta șoferul grăbit in statie trebuie sa treci de 30 de oameni.

Șoferii nu mai spun, am dat de prea mulți marlani care se cred zmei. Șicanează, pun niște frâne ca mna, și ele tre testate ocazional, se uita în ochii tai cand fugi dupa ragalia lor de vine intr o luna albastra.

In loc sa dai banii pe un abonament faci un credit la o bicicleta, iti lipești un 9 sau 41 in frunte si i dai pe unica, ca și asa e libera. 

Este o bătaie de joc. Sunt oameni care depind de transportul în comun ca sa ajungă la serviciu, scoala, spital, etc. De cand a fost mereu CTP a fost o bătaie de joc. De la mașini mizere la angajați grabiti sa prindă cafeluta de la rond.

Recomand o pereche bună de adidasi, sau bocanci ca atunci când ploua e și mai grav, și sa ii dai la pas ca ajungi mai repede.",frecventa,0
199,"aspect: organizare. text: Vad schimbari in bine. Le apreciez si cred ca trebuie incurajate. Multumesc CTP, succes la si mai bine!",organizare,1
199,"aspect: infrastructura_statii. text: Vad schimbari in bine. Le apreciez si cred ca trebuie incurajate. Multumesc CTP, succes la si mai bine!",infrastructura_statii,0
199,"aspect: acoperire_rute. text: Vad schimbari in bine. Le apreciez si cred ca trebuie incurajate. Multumesc CTP, succes la si mai bine!",acoperire_rute,0
199,"aspect: siguranta. text: Vad schimbari in bine. Le apreciez si cred ca trebuie incurajate. Multumesc CTP, succes la si mai bine!",siguranta,0
SIM_001,aspect: frecventa. text: Merg cu CTP de ani de zile pe traseul 28. Frecvența e ok dimineața la orele de vârf dar seara mai rărește. Nu mă plâng în mod special dar nici nu pot spune că e perfect.,frecventa,1
SIM_001,aspect: validare_bilete. text: Merg cu CTP de ani de zile pe traseul 28. Frecvența e ok dimineața la orele de vârf dar seara mai rărește. Nu mă plâng în mod special dar nici nu pot spune că e perfect.,validare_bilete,0
SIM_001,aspect: siguranta. text: Merg cu CTP de ani de zile pe traseul 28. Frecvența e ok dimineața la orele de vârf dar seara mai rărește. Nu mă plâng în mod special dar nici nu pot spune că e perfect.,siguranta,0
SIM_001,aspect: curatenie. text: Merg cu CTP de ani de zile pe traseul 28. Frecvența e ok dimineața la orele de vârf dar seara mai rărește. Nu mă plâng în mod special dar nici nu pot spune că e perfect.,curatenie,0
115,"aspect: stare_vehicule. text: Nu pot sa recomand din cauza situației din zona CUG, este singura zona în care circula aproape numai  autobuze vechi(pe toate rutele), este de neînțeles, în restul zonelor vad autobuze noi, în mare parte, dar in zona Cug numai vechituri. Nu pot sa înțeleg căre i motivul...",stare_vehicule,1
115,"aspect: organizare. text: Nu pot sa recomand din cauza situației din zona CUG, este singura zona în care circula aproape numai  autobuze vechi(pe toate rutele), este de neînțeles, în restul zonelor vad autobuze noi, în mare parte, dar in zona Cug numai vechituri. Nu pot sa înțeleg căre i motivul...",organizare,0
115,"aspect: siguranta. text: Nu pot sa recomand din cauza situației din zona CUG, este singura zona în care circula aproape numai  autobuze vechi(pe toate rutele), este de neînțeles, în restul zonelor vad autobuze noi, în mare parte, dar in zona Cug numai vechituri. Nu pot sa înțeleg căre i motivul...",siguranta,0
115,"aspect: confort_termic. text: Nu pot sa recomand din cauza situației din zona CUG, este singura zona în care circula aproape numai  autobuze vechi(pe toate rutele), este de neînțeles, în restul zonelor vad autobuze noi, în mare parte, dar in zona Cug numai vechituri. Nu pot sa înțeleg căre i motivul...",confort_termic,0
155,"aspect: stare_vehicule. text: 1. Nu recomand epavele de tramvaie!
(Bani ingropati aiurea in linie de proasta calitate...si hodorogeala de zici ca esti cu o caruta de 100 de ani)
2. Recomand autobuzele, care dpdv al meu sunt net superioare.
3. Decat sa ingropam bani in linii de tramvai mai bine introducem troleibuze... (macar nu mai avem ce sa ingropam)...",stare_vehicule,1
155,"aspect: organizare. text: 1. Nu recomand epavele de tramvaie!
(Bani ingropati aiurea in linie de proasta calitate...si hodorogeala de zici ca esti cu o caruta de 100 de ani)
2. Recomand autobuzele, care dpdv al meu sunt net superioare.
3. Decat sa ingropam bani in linii de tramvai mai bine introducem troleibuze... (macar nu mai avem ce sa ingropam)...",organizare,0
155,"aspect: aglomeratie. text: 1. Nu recomand epavele de tramvaie!
(Bani ingropati aiurea in linie de proasta calitate...si hodorogeala de zici ca esti cu o caruta de 100 de ani)
2. Recomand autobuzele, care dpdv al meu sunt net superioare.
3. Decat sa ingropam bani in linii de tramvai mai bine introducem troleibuze... (macar nu mai avem ce sa ingropam)...",aglomeratie,0
155,"aspect: punctualitate. text: 1. Nu recomand epavele de tramvaie!
(Bani ingropati aiurea in linie de proasta calitate...si hodorogeala de zici ca esti cu o caruta de 100 de ani)
2. Recomand autobuzele, care dpdv al meu sunt net superioare.
3. Decat sa ingropam bani in linii de tramvai mai bine introducem troleibuze... (macar nu mai avem ce sa ingropam)...",punctualitate,0
SENT_SIM_014,aspect: soferi_vatmani. text: Vatmanul a fost politicos cu pasagerii.,soferi_vatmani,1
SENT_SIM_014,aspect: curatenie. text: Vatmanul a fost politicos cu pasagerii.,curatenie,0
SENT_SIM_014,aspect: stare_vehicule. text: Vatmanul a fost politicos cu pasagerii.,stare_vehicule,0
SENT_SIM_014,aspect: punctualitate. text: Vatmanul a fost politicos cu pasagerii.,punctualitate,0
SIM_084,aspect: controlori. text: Controlorii au fost civilizați și au verificat biletele fără comentarii inutile.,controlori,1
SIM_084,aspect: pret. text: Controlorii au fost civilizați și au verificat biletele fără comentarii inutile.,pret,0
SIM_084,aspect: punctualitate. text: Controlorii au fost civilizați și au verificat biletele fără comentarii inutile.,punctualitate,0
SIM_084,aspect: curatenie. text: Controlorii au fost civilizați și au verificat biletele fără comentarii inutile.,curatenie,0
294,"aspect: soferi_vatmani. text: Atitudinea şoferilor lasă de dorit.
De când nu este permisă urcarea pasagerilor pe uşa din față? Şi dacă e aşa, şoferul trebuie sa țipe la noi, spunându-ne asta?!
Valabil pentru şoferul care era pe linia 28 astăzi, la ora 15:29, în Pod Roş.",soferi_vatmani,1
294,"aspect: confort_termic. text: Atitudinea şoferilor lasă de dorit.
De când nu este permisă urcarea pasagerilor pe uşa din față? Şi dacă e aşa, şoferul trebuie sa țipe la noi, spunându-ne asta?!
Valabil pentru şoferul care era pe linia 28 astăzi, la ora 15:29, în Pod Roş.",confort_termic,0
294,"aspect: frecventa. text: Atitudinea şoferilor lasă de dorit.
De când nu este permisă urcarea pasagerilor pe uşa din față? Şi dacă e aşa, şoferul trebuie sa țipe la noi, spunându-ne asta?!
Valabil pentru şoferul care era pe linia 28 astăzi, la ora 15:29, în Pod Roş.",frecventa,0
294,"aspect: siguranta. text: Atitudinea şoferilor lasă de dorit.
De când nu este permisă urcarea pasagerilor pe uşa din față? Şi dacă e aşa, şoferul trebuie sa țipe la noi, spunându-ne asta?!
Valabil pentru şoferul care era pe linia 28 astăzi, la ora 15:29, în Pod Roş.",siguranta,0
231,"aspect: frecventa. text: Le: la o zi distanță, aceeași problemă. Timpi mari de așteptare în stație....sunteți sub orice critică,  bine că vă acordați singuri premii. Sunteți absolut penibili

Scoateți naibii mai multe mijloace de transport în comun la stradă. Se stă în stație câte 40 de minute pentru un amărât de tramvai? Nu aveți pic de bun simț",frecventa,1
231,"aspect: confort_termic. text: Le: la o zi distanță, aceeași problemă. Timpi mari de așteptare în stație....sunteți sub orice critică,  bine că vă acordați singuri premii. Sunteți absolut penibili

Scoateți naibii mai multe mijloace de transport în comun la stradă. Se stă în stație câte 40 de minute pentru un amărât de tramvai? Nu aveți pic de bun simț",confort_termic,0
231,"aspect: pret. text: Le: la o zi distanță, aceeași problemă. Timpi mari de așteptare în stație....sunteți sub orice critică,  bine că vă acordați singuri premii. Sunteți absolut penibili

Scoateți naibii mai multe mijloace de transport în comun la stradă. Se stă în stație câte 40 de minute pentru un amărât de tramvai? Nu aveți pic de bun simț",pret,0
231,"aspect: soferi_vatmani. text: Le: la o zi distanță, aceeași problemă. Timpi mari de așteptare în stație....sunteți sub orice critică,  bine că vă acordați singuri premii. Sunteți absolut penibili

Scoateți naibii mai multe mijloace de transport în comun la stradă. Se stă în stație câte 40 de minute pentru un amărât de tramvai? Nu aveți pic de bun simț",soferi_vatmani,0
SIM_026,"aspect: controlori. text: Aplicația 24pay s-a blocat fix când să cumpăr biletul și a apărut controlorul. I-am arătat că aplicația nu răspunde, mi-a zis că nu e problema lui și mi-a dat amendă. 150 de lei pentru o aplicație proastă.",controlori,1
SIM_026,"aspect: validare_bilete. text: Aplicația 24pay s-a blocat fix când să cumpăr biletul și a apărut controlorul. I-am arătat că aplicația nu răspunde, mi-a zis că nu e problema lui și mi-a dat amendă. 150 de lei pentru o aplicație proastă.",validare_bilete,1
SIM_026,"aspect: pret. text: Aplicația 24pay s-a blocat fix când să cumpăr biletul și a apărut controlorul. I-am arătat că aplicația nu răspunde, mi-a zis că nu e problema lui și mi-a dat amendă. 150 de lei pentru o aplicație proastă.",pret,0
SIM_026,"aspect: acoperire_rute. text: Aplicația 24pay s-a blocat fix când să cumpăr biletul și a apărut controlorul. I-am arătat că aplicația nu răspunde, mi-a zis că nu e problema lui și mi-a dat amendă. 150 de lei pentru o aplicație proastă.",acoperire_rute,0
SIM_026,"aspect: punctualitate. text: Aplicația 24pay s-a blocat fix când să cumpăr biletul și a apărut controlorul. I-am arătat că aplicația nu răspunde, mi-a zis că nu e problema lui și mi-a dat amendă. 150 de lei pentru o aplicație proastă.",punctualitate,0
SIM_026,"aspect: informare_calatori. text: Aplicația 24pay s-a blocat fix când să cumpăr biletul și a apărut controlorul. I-am arătat că aplicația nu răspunde, mi-a zis că nu e problema lui și mi-a dat amendă. 150 de lei pentru o aplicație proastă.",informare_calatori,0
SIM_026,"aspect: organizare. text: Aplicația 24pay s-a blocat fix când să cumpăr biletul și a apărut controlorul. I-am arătat că aplicația nu răspunde, mi-a zis că nu e problema lui și mi-a dat amendă. 150 de lei pentru o aplicație proastă.",organizare,0
SIM_026,"aspect: soferi_vatmani. text: Aplicația 24pay s-a blocat fix când să cumpăr biletul și a apărut controlorul. I-am arătat că aplicația nu răspunde, mi-a zis că nu e problema lui și mi-a dat amendă. 150 de lei pentru o aplicație proastă.",soferi_vatmani,0
28,"aspect: confort_termic. text: Beneficiez de serviciile dvs de 4 ani, ""ireproșabil"" bine din prima zi și pana astăzi. O experienta "" plăcută "" de stat în frig, ploaie sau caniculă pana vine un tramvai sau autobuz (defect deseori). Mai aveți și pretenții la bani și dați amenzi la cei care nu au bilet din varii motive (deseori din cauza dvs ca nu aveți mentenanță pe vehicule). Semnat un beneficiar "" mulțumit "" de mijlocul de transport în comun",confort_termic,1
28,"aspect: controlori. text: Beneficiez de serviciile dvs de 4 ani, ""ireproșabil"" bine din prima zi și pana astăzi. O experienta "" plăcută "" de stat în frig, ploaie sau caniculă pana vine un tramvai sau autobuz (defect deseori). Mai aveți și pretenții la bani și dați amenzi la cei care nu au bilet din varii motive (deseori din cauza dvs ca nu aveți mentenanță pe vehicule). Semnat un beneficiar "" mulțumit "" de mijlocul de transport în comun",controlori,1
28,"aspect: pret. text: Beneficiez de serviciile dvs de 4 ani, ""ireproșabil"" bine din prima zi și pana astăzi. O experienta "" plăcută "" de stat în frig, ploaie sau caniculă pana vine un tramvai sau autobuz (defect deseori). Mai aveți și pretenții la bani și dați amenzi la cei care nu au bilet din varii motive (deseori din cauza dvs ca nu aveți mentenanță pe vehicule). Semnat un beneficiar "" mulțumit "" de mijlocul de transport în comun",pret,1
28,"aspect: stare_vehicule. text: Beneficiez de serviciile dvs de 4 ani, ""ireproșabil"" bine din prima zi și pana astăzi. O experienta "" plăcută "" de stat în frig, ploaie sau caniculă pana vine un tramvai sau autobuz (defect deseori). Mai aveți și pretenții la bani și dați amenzi la cei care nu au bilet din varii motive (deseori din cauza dvs ca nu aveți mentenanță pe vehicule). Semnat un beneficiar "" mulțumit "" de mijlocul de transport în comun",stare_vehicule,1
28,"aspect: aglomeratie. text: Beneficiez de serviciile dvs de 4 ani, ""ireproșabil"" bine din prima zi și pana astăzi. O experienta "" plăcută "" de stat în frig, ploaie sau caniculă pana vine un tramvai sau autobuz (defect deseori). Mai aveți și pretenții la bani și dați amenzi la cei care nu au bilet din varii motive (deseori din cauza dvs ca nu aveți mentenanță pe vehicule). Semnat un beneficiar "" mulțumit "" de mijlocul de transport în comun",aglomeratie,0
28,"aspect: infrastructura_statii. text: Beneficiez de serviciile dvs de 4 ani, ""ireproșabil"" bine din prima zi și pana astăzi. O experienta "" plăcută "" de stat în frig, ploaie sau caniculă pana vine un tramvai sau autobuz (defect deseori). Mai aveți și pretenții la bani și dați amenzi la cei care nu au bilet din varii motive (deseori din cauza dvs ca nu aveți mentenanță pe vehicule). Semnat un beneficiar "" mulțumit "" de mijlocul de transport în comun",infrastructura_statii,0
28,"aspect: informare_calatori. text: Beneficiez de serviciile dvs de 4 ani, ""ireproșabil"" bine din prima zi și pana astăzi. O experienta "" plăcută "" de stat în frig, ploaie sau caniculă pana vine un tramvai sau autobuz (defect deseori). Mai aveți și pretenții la bani și dați amenzi la cei care nu au bilet din varii motive (deseori din cauza dvs ca nu aveți mentenanță pe vehicule). Semnat un beneficiar "" mulțumit "" de mijlocul de transport în comun",informare_calatori,0
28,"aspect: frecventa. text: Beneficiez de serviciile dvs de 4 ani, ""ireproșabil"" bine din prima zi și pana astăzi. O experienta "" plăcută "" de stat în frig, ploaie sau caniculă pana vine un tramvai sau autobuz (defect deseori). Mai aveți și pretenții la bani și dați amenzi la cei care nu au bilet din varii motive (deseori din cauza dvs ca nu aveți mentenanță pe vehicule). Semnat un beneficiar "" mulțumit "" de mijlocul de transport în comun",frecventa,0
28,"aspect: acoperire_rute. text: Beneficiez de serviciile dvs de 4 ani, ""ireproșabil"" bine din prima zi și pana astăzi. O experienta "" plăcută "" de stat în frig, ploaie sau caniculă pana vine un tramvai sau autobuz (defect deseori). Mai aveți și pretenții la bani și dați amenzi la cei care nu au bilet din varii motive (deseori din cauza dvs ca nu aveți mentenanță pe vehicule). Semnat un beneficiar "" mulțumit "" de mijlocul de transport în comun",acoperire_rute,0
28,"aspect: validare_bilete. text: Beneficiez de serviciile dvs de 4 ani, ""ireproșabil"" bine din prima zi și pana astăzi. O experienta "" plăcută "" de stat în frig, ploaie sau caniculă pana vine un tramvai sau autobuz (defect deseori). Mai aveți și pretenții la bani și dați amenzi la cei care nu au bilet din varii motive (deseori din cauza dvs ca nu aveți mentenanță pe vehicule). Semnat un beneficiar "" mulțumit "" de mijlocul de transport în comun",validare_bilete,0
28,"aspect: siguranta. text: Beneficiez de serviciile dvs de 4 ani, ""ireproșabil"" bine din prima zi și pana astăzi. O experienta "" plăcută "" de stat în frig, ploaie sau caniculă pana vine un tramvai sau autobuz (defect deseori). Mai aveți și pretenții la bani și dați amenzi la cei care nu au bilet din varii motive (deseori din cauza dvs ca nu aveți mentenanță pe vehicule). Semnat un beneficiar "" mulțumit "" de mijlocul de transport în comun",siguranta,0
28,"aspect: punctualitate. text: Beneficiez de serviciile dvs de 4 ani, ""ireproșabil"" bine din prima zi și pana astăzi. O experienta "" plăcută "" de stat în frig, ploaie sau caniculă pana vine un tramvai sau autobuz (defect deseori). Mai aveți și pretenții la bani și dați amenzi la cei care nu au bilet din varii motive (deseori din cauza dvs ca nu aveți mentenanță pe vehicule). Semnat un beneficiar "" mulțumit "" de mijlocul de transport în comun",punctualitate,0
28,"aspect: soferi_vatmani. text: Beneficiez de serviciile dvs de 4 ani, ""ireproșabil"" bine din prima zi și pana astăzi. O experienta "" plăcută "" de stat în frig, ploaie sau caniculă pana vine un tramvai sau autobuz (defect deseori). Mai aveți și pretenții la bani și dați amenzi la cei care nu au bilet din varii motive (deseori din cauza dvs ca nu aveți mentenanță pe vehicule). Semnat un beneficiar "" mulțumit "" de mijlocul de transport în comun",soferi_vatmani,0
28,"aspect: curatenie. text: Beneficiez de serviciile dvs de 4 ani, ""ireproșabil"" bine din prima zi și pana astăzi. O experienta "" plăcută "" de stat în frig, ploaie sau caniculă pana vine un tramvai sau autobuz (defect deseori). Mai aveți și pretenții la bani și dați amenzi la cei care nu au bilet din varii motive (deseori din cauza dvs ca nu aveți mentenanță pe vehicule). Semnat un beneficiar "" mulțumit "" de mijlocul de transport în comun",curatenie,0
28,"aspect: organizare. text: Beneficiez de serviciile dvs de 4 ani, ""ireproșabil"" bine din prima zi și pana astăzi. O experienta "" plăcută "" de stat în frig, ploaie sau caniculă pana vine un tramvai sau autobuz (defect deseori). Mai aveți și pretenții la bani și dați amenzi la cei care nu au bilet din varii motive (deseori din cauza dvs ca nu aveți mentenanță pe vehicule). Semnat un beneficiar "" mulțumit "" de mijlocul de transport în comun",organizare,0
28,"aspect: relatii_clienti. text: Beneficiez de serviciile dvs de 4 ani, ""ireproșabil"" bine din prima zi și pana astăzi. O experienta "" plăcută "" de stat în frig, ploaie sau caniculă pana vine un tramvai sau autobuz (defect deseori). Mai aveți și pretenții la bani și dați amenzi la cei care nu au bilet din varii motive (deseori din cauza dvs ca nu aveți mentenanță pe vehicule). Semnat un beneficiar "" mulțumit "" de mijlocul de transport în comun",relatii_clienti,0
239,aspect: soferi_vatmani. text: Șofer otobuzul 30 pe numele  marian  are un comportament  vulgar  in fața  alți  șoferi .,soferi_vatmani,1
239,aspect: siguranta. text: Șofer otobuzul 30 pe numele  marian  are un comportament  vulgar  in fața  alți  șoferi .,siguranta,0
239,aspect: organizare. text: Șofer otobuzul 30 pe numele  marian  are un comportament  vulgar  in fața  alți  șoferi .,organizare,0
239,aspect: validare_bilete. text: Șofer otobuzul 30 pe numele  marian  are un comportament  vulgar  in fața  alți  șoferi .,validare_bilete,0
170,"aspect: controlori. text: Acum trei zile, intr-un tramvai cu numarul 7 (nu am retinut exact numarul deoarece nu doream sa semnalez dar m-am razgandit intre timp) : plata cu cardul s-a efectuat la unul din tonomate insa bonul valabil pentru bilet nu s-a eliberat.De asemenea, biletele de la tonomate, cele cu alb si banda aurie , sunt dintr-o hartie putin mai groasa si nu merg mereu compostate.Pe tigani ii lasati in pace si ii coborati frumos din tramvai fara vreo consecinta,chiar si fara bilet, insa un cetatean normal intr-o astfel de situatie, care are bilet si nu poate composta oricat incearca, pana se indoaie biletul, nu l-ati intelege.Abia asteapta controlorul sa prinda astfel de cazuri.Acestia ar putea spune :''Biletul va rog. '' Dar asa ceva nu se intampla, urca in mijlocul de transport si isi scot legitimatia la vedere in doua secunde.S-a intamplat sa ma uit pe geam si dintr-o data sa vad cu coada ochiului un volum masiv, intorc capul si aproape am retezat burta domnului care,aparent, sub nicio forma nu putea sa ma atentioneze de prezenta sa prin simpla vorba:''Biletul va rog.''",controlori,1
170,"aspect: validare_bilete. text: Acum trei zile, intr-un tramvai cu numarul 7 (nu am retinut exact numarul deoarece nu doream sa semnalez dar m-am razgandit intre timp) : plata cu cardul s-a efectuat la unul din tonomate insa bonul valabil pentru bilet nu s-a eliberat.De asemenea, biletele de la tonomate, cele cu alb si banda aurie , sunt dintr-o hartie putin mai groasa si nu merg mereu compostate.Pe tigani ii lasati in pace si ii coborati frumos din tramvai fara vreo consecinta,chiar si fara bilet, insa un cetatean normal intr-o astfel de situatie, care are bilet si nu poate composta oricat incearca, pana se indoaie biletul, nu l-ati intelege.Abia asteapta controlorul sa prinda astfel de cazuri.Acestia ar putea spune :''Biletul va rog. '' Dar asa ceva nu se intampla, urca in mijlocul de transport si isi scot legitimatia la vedere in doua secunde.S-a intamplat sa ma uit pe geam si dintr-o data sa vad cu coada ochiului un volum masiv, intorc capul si aproape am retezat burta domnului care,aparent, sub nicio forma nu putea sa ma atentioneze de prezenta sa prin simpla vorba:''Biletul va rog.''",validare_bilete,1
170,"aspect: confort_termic. text: Acum trei zile, intr-un tramvai cu numarul 7 (nu am retinut exact numarul deoarece nu doream sa semnalez dar m-am razgandit intre timp) : plata cu cardul s-a efectuat la unul din tonomate insa bonul valabil pentru bilet nu s-a eliberat.De asemenea, biletele de la tonomate, cele cu alb si banda aurie , sunt dintr-o hartie putin mai groasa si nu merg mereu compostate.Pe tigani ii lasati in pace si ii coborati frumos din tramvai fara vreo consecinta,chiar si fara bilet, insa un cetatean normal intr-o astfel de situatie, care are bilet si nu poate composta oricat incearca, pana se indoaie biletul, nu l-ati intelege.Abia asteapta controlorul sa prinda astfel de cazuri.Acestia ar putea spune :''Biletul va rog. '' Dar asa ceva nu se intampla, urca in mijlocul de transport si isi scot legitimatia la vedere in doua secunde.S-a intamplat sa ma uit pe geam si dintr-o data sa vad cu coada ochiului un volum masiv, intorc capul si aproape am retezat burta domnului care,aparent, sub nicio forma nu putea sa ma atentioneze de prezenta sa prin simpla vorba:''Biletul va rog.''",confort_termic,0
170,"aspect: stare_vehicule. text: Acum trei zile, intr-un tramvai cu numarul 7 (nu am retinut exact numarul deoarece nu doream sa semnalez dar m-am razgandit intre timp) : plata cu cardul s-a efectuat la unul din tonomate insa bonul valabil pentru bilet nu s-a eliberat.De asemenea, biletele de la tonomate, cele cu alb si banda aurie , sunt dintr-o hartie putin mai groasa si nu merg mereu compostate.Pe tigani ii lasati in pace si ii coborati frumos din tramvai fara vreo consecinta,chiar si fara bilet, insa un cetatean normal intr-o astfel de situatie, care are bilet si nu poate composta oricat incearca, pana se indoaie biletul, nu l-ati intelege.Abia asteapta controlorul sa prinda astfel de cazuri.Acestia ar putea spune :''Biletul va rog. '' Dar asa ceva nu se intampla, urca in mijlocul de transport si isi scot legitimatia la vedere in doua secunde.S-a intamplat sa ma uit pe geam si dintr-o data sa vad cu coada ochiului un volum masiv, intorc capul si aproape am retezat burta domnului care,aparent, sub nicio forma nu putea sa ma atentioneze de prezenta sa prin simpla vorba:''Biletul va rog.''",stare_vehicule,0
170,"aspect: relatii_clienti. text: Acum trei zile, intr-un tramvai cu numarul 7 (nu am retinut exact numarul deoarece nu doream sa semnalez dar m-am razgandit intre timp) : plata cu cardul s-a efectuat la unul din tonomate insa bonul valabil pentru bilet nu s-a eliberat.De asemenea, biletele de la tonomate, cele cu alb si banda aurie , sunt dintr-o hartie putin mai groasa si nu merg mereu compostate.Pe tigani ii lasati in pace si ii coborati frumos din tramvai fara vreo consecinta,chiar si fara bilet, insa un cetatean normal intr-o astfel de situatie, care are bilet si nu poate composta oricat incearca, pana se indoaie biletul, nu l-ati intelege.Abia asteapta controlorul sa prinda astfel de cazuri.Acestia ar putea spune :''Biletul va rog. '' Dar asa ceva nu se intampla, urca in mijlocul de transport si isi scot legitimatia la vedere in doua secunde.S-a intamplat sa ma uit pe geam si dintr-o data sa vad cu coada ochiului un volum masiv, intorc capul si aproape am retezat burta domnului care,aparent, sub nicio forma nu putea sa ma atentioneze de prezenta sa prin simpla vorba:''Biletul va rog.''",relatii_clienti,0
170,"aspect: organizare. text: Acum trei zile, intr-un tramvai cu numarul 7 (nu am retinut exact numarul deoarece nu doream sa semnalez dar m-am razgandit intre timp) : plata cu cardul s-a efectuat la unul din tonomate insa bonul valabil pentru bilet nu s-a eliberat.De asemenea, biletele de la tonomate, cele cu alb si banda aurie , sunt dintr-o hartie putin mai groasa si nu merg mereu compostate.Pe tigani ii lasati in pace si ii coborati frumos din tramvai fara vreo consecinta,chiar si fara bilet, insa un cetatean normal intr-o astfel de situatie, care are bilet si nu poate composta oricat incearca, pana se indoaie biletul, nu l-ati intelege.Abia asteapta controlorul sa prinda astfel de cazuri.Acestia ar putea spune :''Biletul va rog. '' Dar asa ceva nu se intampla, urca in mijlocul de transport si isi scot legitimatia la vedere in doua secunde.S-a intamplat sa ma uit pe geam si dintr-o data sa vad cu coada ochiului un volum masiv, intorc capul si aproape am retezat burta domnului care,aparent, sub nicio forma nu putea sa ma atentioneze de prezenta sa prin simpla vorba:''Biletul va rog.''",organizare,0
170,"aspect: pret. text: Acum trei zile, intr-un tramvai cu numarul 7 (nu am retinut exact numarul deoarece nu doream sa semnalez dar m-am razgandit intre timp) : plata cu cardul s-a efectuat la unul din tonomate insa bonul valabil pentru bilet nu s-a eliberat.De asemenea, biletele de la tonomate, cele cu alb si banda aurie , sunt dintr-o hartie putin mai groasa si nu merg mereu compostate.Pe tigani ii lasati in pace si ii coborati frumos din tramvai fara vreo consecinta,chiar si fara bilet, insa un cetatean normal intr-o astfel de situatie, care are bilet si nu poate composta oricat incearca, pana se indoaie biletul, nu l-ati intelege.Abia asteapta controlorul sa prinda astfel de cazuri.Acestia ar putea spune :''Biletul va rog. '' Dar asa ceva nu se intampla, urca in mijlocul de transport si isi scot legitimatia la vedere in doua secunde.S-a intamplat sa ma uit pe geam si dintr-o data sa vad cu coada ochiului un volum masiv, intorc capul si aproape am retezat burta domnului care,aparent, sub nicio forma nu putea sa ma atentioneze de prezenta sa prin simpla vorba:''Biletul va rog.''",pret,0
170,"aspect: soferi_vatmani. text: Acum trei zile, intr-un tramvai cu numarul 7 (nu am retinut exact numarul deoarece nu doream sa semnalez dar m-am razgandit intre timp) : plata cu cardul s-a efectuat la unul din tonomate insa bonul valabil pentru bilet nu s-a eliberat.De asemenea, biletele de la tonomate, cele cu alb si banda aurie , sunt dintr-o hartie putin mai groasa si nu merg mereu compostate.Pe tigani ii lasati in pace si ii coborati frumos din tramvai fara vreo consecinta,chiar si fara bilet, insa un cetatean normal intr-o astfel de situatie, care are bilet si nu poate composta oricat incearca, pana se indoaie biletul, nu l-ati intelege.Abia asteapta controlorul sa prinda astfel de cazuri.Acestia ar putea spune :''Biletul va rog. '' Dar asa ceva nu se intampla, urca in mijlocul de transport si isi scot legitimatia la vedere in doua secunde.S-a intamplat sa ma uit pe geam si dintr-o data sa vad cu coada ochiului un volum masiv, intorc capul si aproape am retezat burta domnului care,aparent, sub nicio forma nu putea sa ma atentioneze de prezenta sa prin simpla vorba:''Biletul va rog.''",soferi_vatmani,0
SIM_086,aspect: controlori. text: Echipa de control a fost respectuoasă cu toți călătorii.,controlori,1
SIM_086,aspect: frecventa. text: Echipa de control a fost respectuoasă cu toți călătorii.,frecventa,0
SIM_086,aspect: pret. text: Echipa de control a fost respectuoasă cu toți călătorii.,pret,0
SIM_086,aspect: punctualitate. text: Echipa de control a fost respectuoasă cu toți călătorii.,punctualitate,0
205,"aspect: aglomeratie. text: Cea mai neserioasă companie de transport. Aștepți o oră să vină un autobuz  când ar trebui să vină din 15 in 15 minute .Și când vine e full autobuzul. Pe lângă asta dacă esti cu copil mic nu ai unde să ții copilul pe scaun, sau spațiul unde se ține căruciorul nu se poate pune pt ca e foarte plim. Pe lângă ca nu vine la timp nici nu exista un orar sau niște intervale de unde te poți orienta . Stai în frig sau ploaie câte  o oră , întârzii la serviciu  din cauza unor incompetenți  și neserioși.",aglomeratie,1
205,"aspect: frecventa. text: Cea mai neserioasă companie de transport. Aștepți o oră să vină un autobuz  când ar trebui să vină din 15 in 15 minute .Și când vine e full autobuzul. Pe lângă asta dacă esti cu copil mic nu ai unde să ții copilul pe scaun, sau spațiul unde se ține căruciorul nu se poate pune pt ca e foarte plim. Pe lângă ca nu vine la timp nici nu exista un orar sau niște intervale de unde te poți orienta . Stai în frig sau ploaie câte  o oră , întârzii la serviciu  din cauza unor incompetenți  și neserioși.",frecventa,1
205,"aspect: informare_calatori. text: Cea mai neserioasă companie de transport. Aștepți o oră să vină un autobuz  când ar trebui să vină din 15 in 15 minute .Și când vine e full autobuzul. Pe lângă asta dacă esti cu copil mic nu ai unde să ții copilul pe scaun, sau spațiul unde se ține căruciorul nu se poate pune pt ca e foarte plim. Pe lângă ca nu vine la timp nici nu exista un orar sau niște intervale de unde te poți orienta . Stai în frig sau ploaie câte  o oră , întârzii la serviciu  din cauza unor incompetenți  și neserioși.",informare_calatori,1
205,"aspect: pret. text: Cea mai neserioasă companie de transport. Aștepți o oră să vină un autobuz  când ar trebui să vină din 15 in 15 minute .Și când vine e full autobuzul. Pe lângă asta dacă esti cu copil mic nu ai unde să ții copilul pe scaun, sau spațiul unde se ține căruciorul nu se poate pune pt ca e foarte plim. Pe lângă ca nu vine la timp nici nu exista un orar sau niște intervale de unde te poți orienta . Stai în frig sau ploaie câte  o oră , întârzii la serviciu  din cauza unor incompetenți  și neserioși.",pret,0
205,"aspect: curatenie. text: Cea mai neserioasă companie de transport. Aștepți o oră să vină un autobuz  când ar trebui să vină din 15 in 15 minute .Și când vine e full autobuzul. Pe lângă asta dacă esti cu copil mic nu ai unde să ții copilul pe scaun, sau spațiul unde se ține căruciorul nu se poate pune pt ca e foarte plim. Pe lângă ca nu vine la timp nici nu exista un orar sau niște intervale de unde te poți orienta . Stai în frig sau ploaie câte  o oră , întârzii la serviciu  din cauza unor incompetenți  și neserioși.",curatenie,0
205,"aspect: relatii_clienti. text: Cea mai neserioasă companie de transport. Aștepți o oră să vină un autobuz  când ar trebui să vină din 15 in 15 minute .Și când vine e full autobuzul. Pe lângă asta dacă esti cu copil mic nu ai unde să ții copilul pe scaun, sau spațiul unde se ține căruciorul nu se poate pune pt ca e foarte plim. Pe lângă ca nu vine la timp nici nu exista un orar sau niște intervale de unde te poți orienta . Stai în frig sau ploaie câte  o oră , întârzii la serviciu  din cauza unor incompetenți  și neserioși.",relatii_clienti,0
205,"aspect: stare_vehicule. text: Cea mai neserioasă companie de transport. Aștepți o oră să vină un autobuz  când ar trebui să vină din 15 in 15 minute .Și când vine e full autobuzul. Pe lângă asta dacă esti cu copil mic nu ai unde să ții copilul pe scaun, sau spațiul unde se ține căruciorul nu se poate pune pt ca e foarte plim. Pe lângă ca nu vine la timp nici nu exista un orar sau niște intervale de unde te poți orienta . Stai în frig sau ploaie câte  o oră , întârzii la serviciu  din cauza unor incompetenți  și neserioși.",stare_vehicule,0
205,"aspect: infrastructura_statii. text: Cea mai neserioasă companie de transport. Aștepți o oră să vină un autobuz  când ar trebui să vină din 15 in 15 minute .Și când vine e full autobuzul. Pe lângă asta dacă esti cu copil mic nu ai unde să ții copilul pe scaun, sau spațiul unde se ține căruciorul nu se poate pune pt ca e foarte plim. Pe lângă ca nu vine la timp nici nu exista un orar sau niște intervale de unde te poți orienta . Stai în frig sau ploaie câte  o oră , întârzii la serviciu  din cauza unor incompetenți  și neserioși.",infrastructura_statii,0
205,"aspect: validare_bilete. text: Cea mai neserioasă companie de transport. Aștepți o oră să vină un autobuz  când ar trebui să vină din 15 in 15 minute .Și când vine e full autobuzul. Pe lângă asta dacă esti cu copil mic nu ai unde să ții copilul pe scaun, sau spațiul unde se ține căruciorul nu se poate pune pt ca e foarte plim. Pe lângă ca nu vine la timp nici nu exista un orar sau niște intervale de unde te poți orienta . Stai în frig sau ploaie câte  o oră , întârzii la serviciu  din cauza unor incompetenți  și neserioși.",validare_bilete,0
205,"aspect: organizare. text: Cea mai neserioasă companie de transport. Aștepți o oră să vină un autobuz  când ar trebui să vină din 15 in 15 minute .Și când vine e full autobuzul. Pe lângă asta dacă esti cu copil mic nu ai unde să ții copilul pe scaun, sau spațiul unde se ține căruciorul nu se poate pune pt ca e foarte plim. Pe lângă ca nu vine la timp nici nu exista un orar sau niște intervale de unde te poți orienta . Stai în frig sau ploaie câte  o oră , întârzii la serviciu  din cauza unor incompetenți  și neserioși.",organizare,0
205,"aspect: punctualitate. text: Cea mai neserioasă companie de transport. Aștepți o oră să vină un autobuz  când ar trebui să vină din 15 in 15 minute .Și când vine e full autobuzul. Pe lângă asta dacă esti cu copil mic nu ai unde să ții copilul pe scaun, sau spațiul unde se ține căruciorul nu se poate pune pt ca e foarte plim. Pe lângă ca nu vine la timp nici nu exista un orar sau niște intervale de unde te poți orienta . Stai în frig sau ploaie câte  o oră , întârzii la serviciu  din cauza unor incompetenți  și neserioși.",punctualitate,0
205,"aspect: controlori. text: Cea mai neserioasă companie de transport. Aștepți o oră să vină un autobuz  când ar trebui să vină din 15 in 15 minute .Și când vine e full autobuzul. Pe lângă asta dacă esti cu copil mic nu ai unde să ții copilul pe scaun, sau spațiul unde se ține căruciorul nu se poate pune pt ca e foarte plim. Pe lângă ca nu vine la timp nici nu exista un orar sau niște intervale de unde te poți orienta . Stai în frig sau ploaie câte  o oră , întârzii la serviciu  din cauza unor incompetenți  și neserioși.",controlori,0
175,aspect: organizare. text: Cea mai proasta organizare posibila! In amestec cu nepăsare și indolenta! Tipic!,organizare,1
175,aspect: infrastructura_statii. text: Cea mai proasta organizare posibila! In amestec cu nepăsare și indolenta! Tipic!,infrastructura_statii,0
175,aspect: pret. text: Cea mai proasta organizare posibila! In amestec cu nepăsare și indolenta! Tipic!,pret,0
175,aspect: validare_bilete. text: Cea mai proasta organizare posibila! In amestec cu nepăsare și indolenta! Tipic!,validare_bilete,0
83,"aspect: aglomeratie. text: Cum este posibil ca un tramvai 9 sa vina la 10 minute, pe ceas?? In condițiile in care deja venea full, în stație full si la urmatoarea aceeași poveste.
De asemenea, se presupune ca este pandemie și trebuie sa păstrăm distanta, iar noi stam ca sardinele in tramvai.
Pentru experienta de azi dimineata,0 stele!
Bataie de joc!",aglomeratie,1
83,"aspect: frecventa. text: Cum este posibil ca un tramvai 9 sa vina la 10 minute, pe ceas?? In condițiile in care deja venea full, în stație full si la urmatoarea aceeași poveste.
De asemenea, se presupune ca este pandemie și trebuie sa păstrăm distanta, iar noi stam ca sardinele in tramvai.
Pentru experienta de azi dimineata,0 stele!
Bataie de joc!",frecventa,1
83,"aspect: confort_termic. text: Cum este posibil ca un tramvai 9 sa vina la 10 minute, pe ceas?? In condițiile in care deja venea full, în stație full si la urmatoarea aceeași poveste.
De asemenea, se presupune ca este pandemie și trebuie sa păstrăm distanta, iar noi stam ca sardinele in tramvai.
Pentru experienta de azi dimineata,0 stele!
Bataie de joc!",confort_termic,0
83,"aspect: curatenie. text: Cum este posibil ca un tramvai 9 sa vina la 10 minute, pe ceas?? In condițiile in care deja venea full, în stație full si la urmatoarea aceeași poveste.
De asemenea, se presupune ca este pandemie și trebuie sa păstrăm distanta, iar noi stam ca sardinele in tramvai.
Pentru experienta de azi dimineata,0 stele!
Bataie de joc!",curatenie,0
83,"aspect: stare_vehicule. text: Cum este posibil ca un tramvai 9 sa vina la 10 minute, pe ceas?? In condițiile in care deja venea full, în stație full si la urmatoarea aceeași poveste.
De asemenea, se presupune ca este pandemie și trebuie sa păstrăm distanta, iar noi stam ca sardinele in tramvai.
Pentru experienta de azi dimineata,0 stele!
Bataie de joc!",stare_vehicule,0
83,"aspect: validare_bilete. text: Cum este posibil ca un tramvai 9 sa vina la 10 minute, pe ceas?? In condițiile in care deja venea full, în stație full si la urmatoarea aceeași poveste.
De asemenea, se presupune ca este pandemie și trebuie sa păstrăm distanta, iar noi stam ca sardinele in tramvai.
Pentru experienta de azi dimineata,0 stele!
Bataie de joc!",validare_bilete,0
83,"aspect: infrastructura_statii. text: Cum este posibil ca un tramvai 9 sa vina la 10 minute, pe ceas?? In condițiile in care deja venea full, în stație full si la urmatoarea aceeași poveste.
De asemenea, se presupune ca este pandemie și trebuie sa păstrăm distanta, iar noi stam ca sardinele in tramvai.
Pentru experienta de azi dimineata,0 stele!
Bataie de joc!",infrastructura_statii,0
83,"aspect: acoperire_rute. text: Cum este posibil ca un tramvai 9 sa vina la 10 minute, pe ceas?? In condițiile in care deja venea full, în stație full si la urmatoarea aceeași poveste.
De asemenea, se presupune ca este pandemie și trebuie sa păstrăm distanta, iar noi stam ca sardinele in tramvai.
Pentru experienta de azi dimineata,0 stele!
Bataie de joc!",acoperire_rute,0
60,"aspect: controlori. text: Am pățit de doua ori să mi se composteze   alte  ore față de cele care erau . Am urcat la gara într.un 36. în jurul orei 19 .5 și  am coborât în  Piața Unirii, imediat am urcat într-un tramvai spre Tătărași  au urcat doua doamne controlor  și când am arătat  biletul (cu încredere că este corectă ora) am avut marea surpriza să să văd că era compostat cu ora 17.5.. Am luat amendă...😠😤.
A doua zi urc într.un 20 ,cred..din Tătărași către Independenței și îmi compostează cu jumătate de oră în urmă. Nu e normal așa  ceva. 
Trimit  un mesaj firmei și mi se răspunde  ca nu se poate verifica și doamnele de la control au procedat  corect.😒🙄🙄🤯",controlori,1
60,"aspect: relatii_clienti. text: Am pățit de doua ori să mi se composteze   alte  ore față de cele care erau . Am urcat la gara într.un 36. în jurul orei 19 .5 și  am coborât în  Piața Unirii, imediat am urcat într-un tramvai spre Tătărași  au urcat doua doamne controlor  și când am arătat  biletul (cu încredere că este corectă ora) am avut marea surpriza să să văd că era compostat cu ora 17.5.. Am luat amendă...😠😤.
A doua zi urc într.un 20 ,cred..din Tătărași către Independenței și îmi compostează cu jumătate de oră în urmă. Nu e normal așa  ceva. 
Trimit  un mesaj firmei și mi se răspunde  ca nu se poate verifica și doamnele de la control au procedat  corect.😒🙄🙄🤯",relatii_clienti,1
60,"aspect: validare_bilete. text: Am pățit de doua ori să mi se composteze   alte  ore față de cele care erau . Am urcat la gara într.un 36. în jurul orei 19 .5 și  am coborât în  Piața Unirii, imediat am urcat într-un tramvai spre Tătărași  au urcat doua doamne controlor  și când am arătat  biletul (cu încredere că este corectă ora) am avut marea surpriza să să văd că era compostat cu ora 17.5.. Am luat amendă...😠😤.
A doua zi urc într.un 20 ,cred..din Tătărași către Independenței și îmi compostează cu jumătate de oră în urmă. Nu e normal așa  ceva. 
Trimit  un mesaj firmei și mi se răspunde  ca nu se poate verifica și doamnele de la control au procedat  corect.😒🙄🙄🤯",validare_bilete,1
60,"aspect: punctualitate. text: Am pățit de doua ori să mi se composteze   alte  ore față de cele care erau . Am urcat la gara într.un 36. în jurul orei 19 .5 și  am coborât în  Piața Unirii, imediat am urcat într-un tramvai spre Tătărași  au urcat doua doamne controlor  și când am arătat  biletul (cu încredere că este corectă ora) am avut marea surpriza să să văd că era compostat cu ora 17.5.. Am luat amendă...😠😤.
A doua zi urc într.un 20 ,cred..din Tătărași către Independenței și îmi compostează cu jumătate de oră în urmă. Nu e normal așa  ceva. 
Trimit  un mesaj firmei și mi se răspunde  ca nu se poate verifica și doamnele de la control au procedat  corect.😒🙄🙄🤯",punctualitate,0
60,"aspect: pret. text: Am pățit de doua ori să mi se composteze   alte  ore față de cele care erau . Am urcat la gara într.un 36. în jurul orei 19 .5 și  am coborât în  Piața Unirii, imediat am urcat într-un tramvai spre Tătărași  au urcat doua doamne controlor  și când am arătat  biletul (cu încredere că este corectă ora) am avut marea surpriza să să văd că era compostat cu ora 17.5.. Am luat amendă...😠😤.
A doua zi urc într.un 20 ,cred..din Tătărași către Independenței și îmi compostează cu jumătate de oră în urmă. Nu e normal așa  ceva. 
Trimit  un mesaj firmei și mi se răspunde  ca nu se poate verifica și doamnele de la control au procedat  corect.😒🙄🙄🤯",pret,0
60,"aspect: curatenie. text: Am pățit de doua ori să mi se composteze   alte  ore față de cele care erau . Am urcat la gara într.un 36. în jurul orei 19 .5 și  am coborât în  Piața Unirii, imediat am urcat într-un tramvai spre Tătărași  au urcat doua doamne controlor  și când am arătat  biletul (cu încredere că este corectă ora) am avut marea surpriza să să văd că era compostat cu ora 17.5.. Am luat amendă...😠😤.
A doua zi urc într.un 20 ,cred..din Tătărași către Independenței și îmi compostează cu jumătate de oră în urmă. Nu e normal așa  ceva. 
Trimit  un mesaj firmei și mi se răspunde  ca nu se poate verifica și doamnele de la control au procedat  corect.😒🙄🙄🤯",curatenie,0
60,"aspect: stare_vehicule. text: Am pățit de doua ori să mi se composteze   alte  ore față de cele care erau . Am urcat la gara într.un 36. în jurul orei 19 .5 și  am coborât în  Piața Unirii, imediat am urcat într-un tramvai spre Tătărași  au urcat doua doamne controlor  și când am arătat  biletul (cu încredere că este corectă ora) am avut marea surpriza să să văd că era compostat cu ora 17.5.. Am luat amendă...😠😤.
A doua zi urc într.un 20 ,cred..din Tătărași către Independenței și îmi compostează cu jumătate de oră în urmă. Nu e normal așa  ceva. 
Trimit  un mesaj firmei și mi se răspunde  ca nu se poate verifica și doamnele de la control au procedat  corect.😒🙄🙄🤯",stare_vehicule,0
60,"aspect: siguranta. text: Am pățit de doua ori să mi se composteze   alte  ore față de cele care erau . Am urcat la gara într.un 36. în jurul orei 19 .5 și  am coborât în  Piața Unirii, imediat am urcat într-un tramvai spre Tătărași  au urcat doua doamne controlor  și când am arătat  biletul (cu încredere că este corectă ora) am avut marea surpriza să să văd că era compostat cu ora 17.5.. Am luat amendă...😠😤.
A doua zi urc într.un 20 ,cred..din Tătărași către Independenței și îmi compostează cu jumătate de oră în urmă. Nu e normal așa  ceva. 
Trimit  un mesaj firmei și mi se răspunde  ca nu se poate verifica și doamnele de la control au procedat  corect.😒🙄🙄🤯",siguranta,0
60,"aspect: acoperire_rute. text: Am pățit de doua ori să mi se composteze   alte  ore față de cele care erau . Am urcat la gara într.un 36. în jurul orei 19 .5 și  am coborât în  Piața Unirii, imediat am urcat într-un tramvai spre Tătărași  au urcat doua doamne controlor  și când am arătat  biletul (cu încredere că este corectă ora) am avut marea surpriza să să văd că era compostat cu ora 17.5.. Am luat amendă...😠😤.
A doua zi urc într.un 20 ,cred..din Tătărași către Independenței și îmi compostează cu jumătate de oră în urmă. Nu e normal așa  ceva. 
Trimit  un mesaj firmei și mi se răspunde  ca nu se poate verifica și doamnele de la control au procedat  corect.😒🙄🙄🤯",acoperire_rute,0
60,"aspect: organizare. text: Am pățit de doua ori să mi se composteze   alte  ore față de cele care erau . Am urcat la gara într.un 36. în jurul orei 19 .5 și  am coborât în  Piața Unirii, imediat am urcat într-un tramvai spre Tătărași  au urcat doua doamne controlor  și când am arătat  biletul (cu încredere că este corectă ora) am avut marea surpriza să să văd că era compostat cu ora 17.5.. Am luat amendă...😠😤.
A doua zi urc într.un 20 ,cred..din Tătărași către Independenței și îmi compostează cu jumătate de oră în urmă. Nu e normal așa  ceva. 
Trimit  un mesaj firmei și mi se răspunde  ca nu se poate verifica și doamnele de la control au procedat  corect.😒🙄🙄🤯",organizare,0
60,"aspect: informare_calatori. text: Am pățit de doua ori să mi se composteze   alte  ore față de cele care erau . Am urcat la gara într.un 36. în jurul orei 19 .5 și  am coborât în  Piața Unirii, imediat am urcat într-un tramvai spre Tătărași  au urcat doua doamne controlor  și când am arătat  biletul (cu încredere că este corectă ora) am avut marea surpriza să să văd că era compostat cu ora 17.5.. Am luat amendă...😠😤.
A doua zi urc într.un 20 ,cred..din Tătărași către Independenței și îmi compostează cu jumătate de oră în urmă. Nu e normal așa  ceva. 
Trimit  un mesaj firmei și mi se răspunde  ca nu se poate verifica și doamnele de la control au procedat  corect.😒🙄🙄🤯",informare_calatori,0
60,"aspect: infrastructura_statii. text: Am pățit de doua ori să mi se composteze   alte  ore față de cele care erau . Am urcat la gara într.un 36. în jurul orei 19 .5 și  am coborât în  Piața Unirii, imediat am urcat într-un tramvai spre Tătărași  au urcat doua doamne controlor  și când am arătat  biletul (cu încredere că este corectă ora) am avut marea surpriza să să văd că era compostat cu ora 17.5.. Am luat amendă...😠😤.
A doua zi urc într.un 20 ,cred..din Tătărași către Independenței și îmi compostează cu jumătate de oră în urmă. Nu e normal așa  ceva. 
Trimit  un mesaj firmei și mi se răspunde  ca nu se poate verifica și doamnele de la control au procedat  corect.😒🙄🙄🤯",infrastructura_statii,0
125,aspect: acoperire_rute. text: poti sa mergi oriunde vrei si nu astepti mult in stati am si eu o intrebare poate la anul o sa avem si noi autobuze pe ruta Iasi-Rediu cum au cei din Miroslava,acoperire_rute,1
125,aspect: frecventa. text: poti sa mergi oriunde vrei si nu astepti mult in stati am si eu o intrebare poate la anul o sa avem si noi autobuze pe ruta Iasi-Rediu cum au cei din Miroslava,frecventa,1
125,aspect: curatenie. text: poti sa mergi oriunde vrei si nu astepti mult in stati am si eu o intrebare poate la anul o sa avem si noi autobuze pe ruta Iasi-Rediu cum au cei din Miroslava,curatenie,0
125,aspect: confort_termic. text: poti sa mergi oriunde vrei si nu astepti mult in stati am si eu o intrebare poate la anul o sa avem si noi autobuze pe ruta Iasi-Rediu cum au cei din Miroslava,confort_termic,0
125,aspect: aglomeratie. text: poti sa mergi oriunde vrei si nu astepti mult in stati am si eu o intrebare poate la anul o sa avem si noi autobuze pe ruta Iasi-Rediu cum au cei din Miroslava,aglomeratie,0
125,aspect: infrastructura_statii. text: poti sa mergi oriunde vrei si nu astepti mult in stati am si eu o intrebare poate la anul o sa avem si noi autobuze pe ruta Iasi-Rediu cum au cei din Miroslava,infrastructura_statii,0
125,aspect: stare_vehicule. text: poti sa mergi oriunde vrei si nu astepti mult in stati am si eu o intrebare poate la anul o sa avem si noi autobuze pe ruta Iasi-Rediu cum au cei din Miroslava,stare_vehicule,0
125,aspect: punctualitate. text: poti sa mergi oriunde vrei si nu astepti mult in stati am si eu o intrebare poate la anul o sa avem si noi autobuze pe ruta Iasi-Rediu cum au cei din Miroslava,punctualitate,0
206,"aspect: controlori. text: Astăzi am fost părtașă la abuzuri direct în autobuzul 29.  Credeți că e normal controlori sa abuzeze in felul ăsta și să fie protejați de companie? Pai a doua zi la rand când controlori ating fetele chair și sub 18 ani , și invocă că nu este bun biletul chiar daca acesta este. Astăzi un bărbat în vârstă cu burta că altfel nu l pot descrie tine oameni în autobuz. Politia spune că are voie sa te țină obligat în autobuz până te legitimezi. Dar controlorul nu se legitimează . Dar până și poliția ia partea controlorilor. Vai de steaua voastră.",controlori,1
206,"aspect: relatii_clienti. text: Astăzi am fost părtașă la abuzuri direct în autobuzul 29.  Credeți că e normal controlori sa abuzeze in felul ăsta și să fie protejați de companie? Pai a doua zi la rand când controlori ating fetele chair și sub 18 ani , și invocă că nu este bun biletul chiar daca acesta este. Astăzi un bărbat în vârstă cu burta că altfel nu l pot descrie tine oameni în autobuz. Politia spune că are voie sa te țină obligat în autobuz până te legitimezi. Dar controlorul nu se legitimează . Dar până și poliția ia partea controlorilor. Vai de steaua voastră.",relatii_clienti,1
206,"aspect: siguranta. text: Astăzi am fost părtașă la abuzuri direct în autobuzul 29.  Credeți că e normal controlori sa abuzeze in felul ăsta și să fie protejați de companie? Pai a doua zi la rand când controlori ating fetele chair și sub 18 ani , și invocă că nu este bun biletul chiar daca acesta este. Astăzi un bărbat în vârstă cu burta că altfel nu l pot descrie tine oameni în autobuz. Politia spune că are voie sa te țină obligat în autobuz până te legitimezi. Dar controlorul nu se legitimează . Dar până și poliția ia partea controlorilor. Vai de steaua voastră.",siguranta,1
206,"aspect: curatenie. text: Astăzi am fost părtașă la abuzuri direct în autobuzul 29.  Credeți că e normal controlori sa abuzeze in felul ăsta și să fie protejați de companie? Pai a doua zi la rand când controlori ating fetele chair și sub 18 ani , și invocă că nu este bun biletul chiar daca acesta este. Astăzi un bărbat în vârstă cu burta că altfel nu l pot descrie tine oameni în autobuz. Politia spune că are voie sa te țină obligat în autobuz până te legitimezi. Dar controlorul nu se legitimează . Dar până și poliția ia partea controlorilor. Vai de steaua voastră.",curatenie,0
206,"aspect: frecventa. text: Astăzi am fost părtașă la abuzuri direct în autobuzul 29.  Credeți că e normal controlori sa abuzeze in felul ăsta și să fie protejați de companie? Pai a doua zi la rand când controlori ating fetele chair și sub 18 ani , și invocă că nu este bun biletul chiar daca acesta este. Astăzi un bărbat în vârstă cu burta că altfel nu l pot descrie tine oameni în autobuz. Politia spune că are voie sa te țină obligat în autobuz până te legitimezi. Dar controlorul nu se legitimează . Dar până și poliția ia partea controlorilor. Vai de steaua voastră.",frecventa,0
206,"aspect: soferi_vatmani. text: Astăzi am fost părtașă la abuzuri direct în autobuzul 29.  Credeți că e normal controlori sa abuzeze in felul ăsta și să fie protejați de companie? Pai a doua zi la rand când controlori ating fetele chair și sub 18 ani , și invocă că nu este bun biletul chiar daca acesta este. Astăzi un bărbat în vârstă cu burta că altfel nu l pot descrie tine oameni în autobuz. Politia spune că are voie sa te țină obligat în autobuz până te legitimezi. Dar controlorul nu se legitimează . Dar până și poliția ia partea controlorilor. Vai de steaua voastră.",soferi_vatmani,0
206,"aspect: organizare. text: Astăzi am fost părtașă la abuzuri direct în autobuzul 29.  Credeți că e normal controlori sa abuzeze in felul ăsta și să fie protejați de companie? Pai a doua zi la rand când controlori ating fetele chair și sub 18 ani , și invocă că nu este bun biletul chiar daca acesta este. Astăzi un bărbat în vârstă cu burta că altfel nu l pot descrie tine oameni în autobuz. Politia spune că are voie sa te țină obligat în autobuz până te legitimezi. Dar controlorul nu se legitimează . Dar până și poliția ia partea controlorilor. Vai de steaua voastră.",organizare,0
206,"aspect: validare_bilete. text: Astăzi am fost părtașă la abuzuri direct în autobuzul 29.  Credeți că e normal controlori sa abuzeze in felul ăsta și să fie protejați de companie? Pai a doua zi la rand când controlori ating fetele chair și sub 18 ani , și invocă că nu este bun biletul chiar daca acesta este. Astăzi un bărbat în vârstă cu burta că altfel nu l pot descrie tine oameni în autobuz. Politia spune că are voie sa te țină obligat în autobuz până te legitimezi. Dar controlorul nu se legitimează . Dar până și poliția ia partea controlorilor. Vai de steaua voastră.",validare_bilete,0
206,"aspect: confort_termic. text: Astăzi am fost părtașă la abuzuri direct în autobuzul 29.  Credeți că e normal controlori sa abuzeze in felul ăsta și să fie protejați de companie? Pai a doua zi la rand când controlori ating fetele chair și sub 18 ani , și invocă că nu este bun biletul chiar daca acesta este. Astăzi un bărbat în vârstă cu burta că altfel nu l pot descrie tine oameni în autobuz. Politia spune că are voie sa te țină obligat în autobuz până te legitimezi. Dar controlorul nu se legitimează . Dar până și poliția ia partea controlorilor. Vai de steaua voastră.",confort_termic,0
206,"aspect: informare_calatori. text: Astăzi am fost părtașă la abuzuri direct în autobuzul 29.  Credeți că e normal controlori sa abuzeze in felul ăsta și să fie protejați de companie? Pai a doua zi la rand când controlori ating fetele chair și sub 18 ani , și invocă că nu este bun biletul chiar daca acesta este. Astăzi un bărbat în vârstă cu burta că altfel nu l pot descrie tine oameni în autobuz. Politia spune că are voie sa te țină obligat în autobuz până te legitimezi. Dar controlorul nu se legitimează . Dar până și poliția ia partea controlorilor. Vai de steaua voastră.",informare_calatori,0
206,"aspect: stare_vehicule. text: Astăzi am fost părtașă la abuzuri direct în autobuzul 29.  Credeți că e normal controlori sa abuzeze in felul ăsta și să fie protejați de companie? Pai a doua zi la rand când controlori ating fetele chair și sub 18 ani , și invocă că nu este bun biletul chiar daca acesta este. Astăzi un bărbat în vârstă cu burta că altfel nu l pot descrie tine oameni în autobuz. Politia spune că are voie sa te țină obligat în autobuz până te legitimezi. Dar controlorul nu se legitimează . Dar până și poliția ia partea controlorilor. Vai de steaua voastră.",stare_vehicule,0
206,"aspect: infrastructura_statii. text: Astăzi am fost părtașă la abuzuri direct în autobuzul 29.  Credeți că e normal controlori sa abuzeze in felul ăsta și să fie protejați de companie? Pai a doua zi la rand când controlori ating fetele chair și sub 18 ani , și invocă că nu este bun biletul chiar daca acesta este. Astăzi un bărbat în vârstă cu burta că altfel nu l pot descrie tine oameni în autobuz. Politia spune că are voie sa te țină obligat în autobuz până te legitimezi. Dar controlorul nu se legitimează . Dar până și poliția ia partea controlorilor. Vai de steaua voastră.",infrastructura_statii,0
SENT_SIM_019,aspect: informare_calatori. text: Panoul electronic a afișat corect timpul de sosire.,informare_calatori,1
SENT_SIM_019,aspect: organizare. text: Panoul electronic a afișat corect timpul de sosire.,organizare,0
SENT_SIM_019,aspect: controlori. text: Panoul electronic a afișat corect timpul de sosire.,controlori,0
SENT_SIM_019,aspect: soferi_vatmani. text: Panoul electronic a afișat corect timpul de sosire.,soferi_vatmani,0
SENT_SIM_007,aspect: aglomeratie. text: Autobuzul nu era aglomerat și am găsit loc pe scaun.,aglomeratie,1
SENT_SIM_007,aspect: organizare. text: Autobuzul nu era aglomerat și am găsit loc pe scaun.,organizare,0
SENT_SIM_007,aspect: soferi_vatmani. text: Autobuzul nu era aglomerat și am găsit loc pe scaun.,soferi_vatmani,0
SENT_SIM_007,aspect: infrastructura_statii. text: Autobuzul nu era aglomerat și am găsit loc pe scaun.,infrastructura_statii,0
SENT_SIM_018,aspect: curatenie. text: Autobuzul era acceptabil ca nivel de curățenie.,curatenie,1
SENT_SIM_018,aspect: controlori. text: Autobuzul era acceptabil ca nivel de curățenie.,controlori,0
SENT_SIM_018,aspect: aglomeratie. text: Autobuzul era acceptabil ca nivel de curățenie.,aglomeratie,0
SENT_SIM_018,aspect: stare_vehicule. text: Autobuzul era acceptabil ca nivel de curățenie.,stare_vehicule,0
SIM_134,aspect: stare_vehicule. text: Autobuzul era nou bine întreținut și foarte silențios.,stare_vehicule,1
SIM_134,aspect: punctualitate. text: Autobuzul era nou bine întreținut și foarte silențios.,punctualitate,0
SIM_134,aspect: informare_calatori. text: Autobuzul era nou bine întreținut și foarte silențios.,informare_calatori,0
SIM_134,aspect: frecventa. text: Autobuzul era nou bine întreținut și foarte silențios.,frecventa,0
SIM_111,aspect: acoperire_rute. text: Există traseu pentru zona mea dar nu acoperă toate străzile laterale.,acoperire_rute,1
SIM_111,aspect: infrastructura_statii. text: Există traseu pentru zona mea dar nu acoperă toate străzile laterale.,infrastructura_statii,0
SIM_111,aspect: validare_bilete. text: Există traseu pentru zona mea dar nu acoperă toate străzile laterale.,validare_bilete,0
SIM_111,aspect: organizare. text: Există traseu pentru zona mea dar nu acoperă toate străzile laterale.,organizare,0
74,"aspect: controlori. text: ->Urc in autobuz. 
->Zic ca platesc cu cardul dar il blocheaza cineva, nu-i nimic caut biletul. 
->Nici nu pleaca bine autobuzl, tipul care blocheaza zona de platit cu cardul e controlul si cum ma vede ca tot caut bilet ma ia direct la intrebari.
->Gasesc biletul dar zice ca e prea tarziu.
-> Imi da amenda si imi mai ia si biletul. 
->De ce am mai luat bilet nici nu stiu
->Sa ma ia dracu daca va mai folosesc servicile",controlori,1
74,"aspect: stare_vehicule. text: ->Urc in autobuz. 
->Zic ca platesc cu cardul dar il blocheaza cineva, nu-i nimic caut biletul. 
->Nici nu pleaca bine autobuzl, tipul care blocheaza zona de platit cu cardul e controlul si cum ma vede ca tot caut bilet ma ia direct la intrebari.
->Gasesc biletul dar zice ca e prea tarziu.
-> Imi da amenda si imi mai ia si biletul. 
->De ce am mai luat bilet nici nu stiu
->Sa ma ia dracu daca va mai folosesc servicile",stare_vehicule,0
74,"aspect: siguranta. text: ->Urc in autobuz. 
->Zic ca platesc cu cardul dar il blocheaza cineva, nu-i nimic caut biletul. 
->Nici nu pleaca bine autobuzl, tipul care blocheaza zona de platit cu cardul e controlul si cum ma vede ca tot caut bilet ma ia direct la intrebari.
->Gasesc biletul dar zice ca e prea tarziu.
-> Imi da amenda si imi mai ia si biletul. 
->De ce am mai luat bilet nici nu stiu
->Sa ma ia dracu daca va mai folosesc servicile",siguranta,0
74,"aspect: acoperire_rute. text: ->Urc in autobuz. 
->Zic ca platesc cu cardul dar il blocheaza cineva, nu-i nimic caut biletul. 
->Nici nu pleaca bine autobuzl, tipul care blocheaza zona de platit cu cardul e controlul si cum ma vede ca tot caut bilet ma ia direct la intrebari.
->Gasesc biletul dar zice ca e prea tarziu.
-> Imi da amenda si imi mai ia si biletul. 
->De ce am mai luat bilet nici nu stiu
->Sa ma ia dracu daca va mai folosesc servicile",acoperire_rute,0
192,"aspect: frecventa. text: De ce nu schimbati  regula cu prima usa care se deschide  doar pt coborare, regula carre se respecta cand vrea soferul??? In dimineata asta, 14 ian 2019 ,stimabilul sofer al autobuzului 19 ,Is 11 VWH ,n a binevoit a deschide usa in conditiile in care statiile erau pline de oameni asteptan si autobuzul plin la mijloc si in spate,iar in fata gol.platim bilete zilnic,conditiile sunt jalnice,autob vine la jum de ora la orele cand multa lume circula cu mijlacele de tranaport public...si mai este ai regula asta stupida .Instruiti angajatii sa fie mai umani si sa fie corecti si sa ia atitudine cand chiar este nwvoie.",frecventa,1
192,"aspect: soferi_vatmani. text: De ce nu schimbati  regula cu prima usa care se deschide  doar pt coborare, regula carre se respecta cand vrea soferul??? In dimineata asta, 14 ian 2019 ,stimabilul sofer al autobuzului 19 ,Is 11 VWH ,n a binevoit a deschide usa in conditiile in care statiile erau pline de oameni asteptan si autobuzul plin la mijloc si in spate,iar in fata gol.platim bilete zilnic,conditiile sunt jalnice,autob vine la jum de ora la orele cand multa lume circula cu mijlacele de tranaport public...si mai este ai regula asta stupida .Instruiti angajatii sa fie mai umani si sa fie corecti si sa ia atitudine cand chiar este nwvoie.",soferi_vatmani,1
192,"aspect: relatii_clienti. text: De ce nu schimbati  regula cu prima usa care se deschide  doar pt coborare, regula carre se respecta cand vrea soferul??? In dimineata asta, 14 ian 2019 ,stimabilul sofer al autobuzului 19 ,Is 11 VWH ,n a binevoit a deschide usa in conditiile in care statiile erau pline de oameni asteptan si autobuzul plin la mijloc si in spate,iar in fata gol.platim bilete zilnic,conditiile sunt jalnice,autob vine la jum de ora la orele cand multa lume circula cu mijlacele de tranaport public...si mai este ai regula asta stupida .Instruiti angajatii sa fie mai umani si sa fie corecti si sa ia atitudine cand chiar este nwvoie.",relatii_clienti,0
192,"aspect: validare_bilete. text: De ce nu schimbati  regula cu prima usa care se deschide  doar pt coborare, regula carre se respecta cand vrea soferul??? In dimineata asta, 14 ian 2019 ,stimabilul sofer al autobuzului 19 ,Is 11 VWH ,n a binevoit a deschide usa in conditiile in care statiile erau pline de oameni asteptan si autobuzul plin la mijloc si in spate,iar in fata gol.platim bilete zilnic,conditiile sunt jalnice,autob vine la jum de ora la orele cand multa lume circula cu mijlacele de tranaport public...si mai este ai regula asta stupida .Instruiti angajatii sa fie mai umani si sa fie corecti si sa ia atitudine cand chiar este nwvoie.",validare_bilete,0
192,"aspect: stare_vehicule. text: De ce nu schimbati  regula cu prima usa care se deschide  doar pt coborare, regula carre se respecta cand vrea soferul??? In dimineata asta, 14 ian 2019 ,stimabilul sofer al autobuzului 19 ,Is 11 VWH ,n a binevoit a deschide usa in conditiile in care statiile erau pline de oameni asteptan si autobuzul plin la mijloc si in spate,iar in fata gol.platim bilete zilnic,conditiile sunt jalnice,autob vine la jum de ora la orele cand multa lume circula cu mijlacele de tranaport public...si mai este ai regula asta stupida .Instruiti angajatii sa fie mai umani si sa fie corecti si sa ia atitudine cand chiar este nwvoie.",stare_vehicule,0
192,"aspect: aglomeratie. text: De ce nu schimbati  regula cu prima usa care se deschide  doar pt coborare, regula carre se respecta cand vrea soferul??? In dimineata asta, 14 ian 2019 ,stimabilul sofer al autobuzului 19 ,Is 11 VWH ,n a binevoit a deschide usa in conditiile in care statiile erau pline de oameni asteptan si autobuzul plin la mijloc si in spate,iar in fata gol.platim bilete zilnic,conditiile sunt jalnice,autob vine la jum de ora la orele cand multa lume circula cu mijlacele de tranaport public...si mai este ai regula asta stupida .Instruiti angajatii sa fie mai umani si sa fie corecti si sa ia atitudine cand chiar este nwvoie.",aglomeratie,0
192,"aspect: acoperire_rute. text: De ce nu schimbati  regula cu prima usa care se deschide  doar pt coborare, regula carre se respecta cand vrea soferul??? In dimineata asta, 14 ian 2019 ,stimabilul sofer al autobuzului 19 ,Is 11 VWH ,n a binevoit a deschide usa in conditiile in care statiile erau pline de oameni asteptan si autobuzul plin la mijloc si in spate,iar in fata gol.platim bilete zilnic,conditiile sunt jalnice,autob vine la jum de ora la orele cand multa lume circula cu mijlacele de tranaport public...si mai este ai regula asta stupida .Instruiti angajatii sa fie mai umani si sa fie corecti si sa ia atitudine cand chiar este nwvoie.",acoperire_rute,0
192,"aspect: infrastructura_statii. text: De ce nu schimbati  regula cu prima usa care se deschide  doar pt coborare, regula carre se respecta cand vrea soferul??? In dimineata asta, 14 ian 2019 ,stimabilul sofer al autobuzului 19 ,Is 11 VWH ,n a binevoit a deschide usa in conditiile in care statiile erau pline de oameni asteptan si autobuzul plin la mijloc si in spate,iar in fata gol.platim bilete zilnic,conditiile sunt jalnice,autob vine la jum de ora la orele cand multa lume circula cu mijlacele de tranaport public...si mai este ai regula asta stupida .Instruiti angajatii sa fie mai umani si sa fie corecti si sa ia atitudine cand chiar este nwvoie.",infrastructura_statii,0
101,"aspect: aglomeratie. text: Va rog sa suplimentați autobuzele dacă tot aveți aceasta regula de urca doar 10 oameni. Nu mi se pare firesc sa stau jumătate de ora in stație și sa fiu nevoită in final sa iau in taxi pentru a ajunge la munca la timp. Am sa vin sa îmi decontati abonamentul, pentru ca ce sa vedeți.... nu am ocazia sa îl folosesc... merg cu taxi sau pe jos. 

Căutați o modalitate de a soluționa probelma asta pentru ca este un disconfort foarte mare pentru locuitorii orașului și un motiv in plus de stres și nervi dimineața.",aglomeratie,1
101,"aspect: frecventa. text: Va rog sa suplimentați autobuzele dacă tot aveți aceasta regula de urca doar 10 oameni. Nu mi se pare firesc sa stau jumătate de ora in stație și sa fiu nevoită in final sa iau in taxi pentru a ajunge la munca la timp. Am sa vin sa îmi decontati abonamentul, pentru ca ce sa vedeți.... nu am ocazia sa îl folosesc... merg cu taxi sau pe jos. 

Căutați o modalitate de a soluționa probelma asta pentru ca este un disconfort foarte mare pentru locuitorii orașului și un motiv in plus de stres și nervi dimineața.",frecventa,1
101,"aspect: soferi_vatmani. text: Va rog sa suplimentați autobuzele dacă tot aveți aceasta regula de urca doar 10 oameni. Nu mi se pare firesc sa stau jumătate de ora in stație și sa fiu nevoită in final sa iau in taxi pentru a ajunge la munca la timp. Am sa vin sa îmi decontati abonamentul, pentru ca ce sa vedeți.... nu am ocazia sa îl folosesc... merg cu taxi sau pe jos. 

Căutați o modalitate de a soluționa probelma asta pentru ca este un disconfort foarte mare pentru locuitorii orașului și un motiv in plus de stres și nervi dimineața.",soferi_vatmani,0
101,"aspect: infrastructura_statii. text: Va rog sa suplimentați autobuzele dacă tot aveți aceasta regula de urca doar 10 oameni. Nu mi se pare firesc sa stau jumătate de ora in stație și sa fiu nevoită in final sa iau in taxi pentru a ajunge la munca la timp. Am sa vin sa îmi decontati abonamentul, pentru ca ce sa vedeți.... nu am ocazia sa îl folosesc... merg cu taxi sau pe jos. 

Căutați o modalitate de a soluționa probelma asta pentru ca este un disconfort foarte mare pentru locuitorii orașului și un motiv in plus de stres și nervi dimineața.",infrastructura_statii,0
101,"aspect: confort_termic. text: Va rog sa suplimentați autobuzele dacă tot aveți aceasta regula de urca doar 10 oameni. Nu mi se pare firesc sa stau jumătate de ora in stație și sa fiu nevoită in final sa iau in taxi pentru a ajunge la munca la timp. Am sa vin sa îmi decontati abonamentul, pentru ca ce sa vedeți.... nu am ocazia sa îl folosesc... merg cu taxi sau pe jos. 

Căutați o modalitate de a soluționa probelma asta pentru ca este un disconfort foarte mare pentru locuitorii orașului și un motiv in plus de stres și nervi dimineața.",confort_termic,0
101,"aspect: curatenie. text: Va rog sa suplimentați autobuzele dacă tot aveți aceasta regula de urca doar 10 oameni. Nu mi se pare firesc sa stau jumătate de ora in stație și sa fiu nevoită in final sa iau in taxi pentru a ajunge la munca la timp. Am sa vin sa îmi decontati abonamentul, pentru ca ce sa vedeți.... nu am ocazia sa îl folosesc... merg cu taxi sau pe jos. 

Căutați o modalitate de a soluționa probelma asta pentru ca este un disconfort foarte mare pentru locuitorii orașului și un motiv in plus de stres și nervi dimineața.",curatenie,0
101,"aspect: siguranta. text: Va rog sa suplimentați autobuzele dacă tot aveți aceasta regula de urca doar 10 oameni. Nu mi se pare firesc sa stau jumătate de ora in stație și sa fiu nevoită in final sa iau in taxi pentru a ajunge la munca la timp. Am sa vin sa îmi decontati abonamentul, pentru ca ce sa vedeți.... nu am ocazia sa îl folosesc... merg cu taxi sau pe jos. 

Căutați o modalitate de a soluționa probelma asta pentru ca este un disconfort foarte mare pentru locuitorii orașului și un motiv in plus de stres și nervi dimineața.",siguranta,0
101,"aspect: relatii_clienti. text: Va rog sa suplimentați autobuzele dacă tot aveți aceasta regula de urca doar 10 oameni. Nu mi se pare firesc sa stau jumătate de ora in stație și sa fiu nevoită in final sa iau in taxi pentru a ajunge la munca la timp. Am sa vin sa îmi decontati abonamentul, pentru ca ce sa vedeți.... nu am ocazia sa îl folosesc... merg cu taxi sau pe jos. 

Căutați o modalitate de a soluționa probelma asta pentru ca este un disconfort foarte mare pentru locuitorii orașului și un motiv in plus de stres și nervi dimineața.",relatii_clienti,0
SIM_105,aspect: curatenie. text: Nu era perfect curat dar nici murdar deranjant.,curatenie,1
SIM_105,aspect: pret. text: Nu era perfect curat dar nici murdar deranjant.,pret,0
SIM_105,aspect: organizare. text: Nu era perfect curat dar nici murdar deranjant.,organizare,0
SIM_105,aspect: confort_termic. text: Nu era perfect curat dar nici murdar deranjant.,confort_termic,0
SIM_055,"aspect: validare_bilete. text: Validarea cu abonamentul pe card merge fără probleme de câteva luni. Înainte mai dădea erori dar acum pare mai stabil sistemul. Nu e ceva remarcabil, e cum ar trebui să fie.",validare_bilete,1
SIM_055,"aspect: informare_calatori. text: Validarea cu abonamentul pe card merge fără probleme de câteva luni. Înainte mai dădea erori dar acum pare mai stabil sistemul. Nu e ceva remarcabil, e cum ar trebui să fie.",informare_calatori,0
SIM_055,"aspect: confort_termic. text: Validarea cu abonamentul pe card merge fără probleme de câteva luni. Înainte mai dădea erori dar acum pare mai stabil sistemul. Nu e ceva remarcabil, e cum ar trebui să fie.",confort_termic,0
SIM_055,"aspect: curatenie. text: Validarea cu abonamentul pe card merge fără probleme de câteva luni. Înainte mai dădea erori dar acum pare mai stabil sistemul. Nu e ceva remarcabil, e cum ar trebui să fie.",curatenie,0
177,aspect: frecventa. text: Autobuzul 44 mai exista? sau vine de la Vaslui de am ajuns sa stăm și câte 30-40 de minute in așteptare? mereu se așteaptă o veșnicie până vine.,frecventa,1
177,aspect: organizare. text: Autobuzul 44 mai exista? sau vine de la Vaslui de am ajuns sa stăm și câte 30-40 de minute in așteptare? mereu se așteaptă o veșnicie până vine.,organizare,0
177,aspect: controlori. text: Autobuzul 44 mai exista? sau vine de la Vaslui de am ajuns sa stăm și câte 30-40 de minute in așteptare? mereu se așteaptă o veșnicie până vine.,controlori,0
177,aspect: aglomeratie. text: Autobuzul 44 mai exista? sau vine de la Vaslui de am ajuns sa stăm și câte 30-40 de minute in așteptare? mereu se așteaptă o veșnicie până vine.,aglomeratie,0
SIM_083,aspect: aglomeratie. text: Autobuzul era aproape plin dar nu incomod.,aglomeratie,1
SIM_083,aspect: organizare. text: Autobuzul era aproape plin dar nu incomod.,organizare,0
SIM_083,aspect: soferi_vatmani. text: Autobuzul era aproape plin dar nu incomod.,soferi_vatmani,0
SIM_083,aspect: pret. text: Autobuzul era aproape plin dar nu incomod.,pret,0
138,"aspect: organizare. text: Dacă vrei sa întârzii la munca și nu ai o scuza pentru sefu', ia tramvaiul! Dacă vrei să începi munca mai târziu decât de obicei, ia tramvaiul! Dacă te-ai saturat de stat în mașină în cozi infernale, ia tramvaiul și stai în el la aceleași cozi! Din păcate nu prea vad nici o soluție care s-ar putea aplica pentru fluidizarea circulației mijloacelor de transport în comun... Vrem aer curat!? De unde sa îl scoatem daca transportul în comun e ""la pământ""?! Mașini, tată ! Sa plouă cu mașini! Nu e vina oamenilor ca iau mașina, ca trebuie sa ajungă si ei cu ceva la munca, iar atâta timp cât nu au un transport în comun cu care sa ajungă la timp la munca... Atunci iau mașinile, normal! Numai bine!",organizare,1
138,"aspect: punctualitate. text: Dacă vrei sa întârzii la munca și nu ai o scuza pentru sefu', ia tramvaiul! Dacă vrei să începi munca mai târziu decât de obicei, ia tramvaiul! Dacă te-ai saturat de stat în mașină în cozi infernale, ia tramvaiul și stai în el la aceleași cozi! Din păcate nu prea vad nici o soluție care s-ar putea aplica pentru fluidizarea circulației mijloacelor de transport în comun... Vrem aer curat!? De unde sa îl scoatem daca transportul în comun e ""la pământ""?! Mașini, tată ! Sa plouă cu mașini! Nu e vina oamenilor ca iau mașina, ca trebuie sa ajungă si ei cu ceva la munca, iar atâta timp cât nu au un transport în comun cu care sa ajungă la timp la munca... Atunci iau mașinile, normal! Numai bine!",punctualitate,1
138,"aspect: aglomeratie. text: Dacă vrei sa întârzii la munca și nu ai o scuza pentru sefu', ia tramvaiul! Dacă vrei să începi munca mai târziu decât de obicei, ia tramvaiul! Dacă te-ai saturat de stat în mașină în cozi infernale, ia tramvaiul și stai în el la aceleași cozi! Din păcate nu prea vad nici o soluție care s-ar putea aplica pentru fluidizarea circulației mijloacelor de transport în comun... Vrem aer curat!? De unde sa îl scoatem daca transportul în comun e ""la pământ""?! Mașini, tată ! Sa plouă cu mașini! Nu e vina oamenilor ca iau mașina, ca trebuie sa ajungă si ei cu ceva la munca, iar atâta timp cât nu au un transport în comun cu care sa ajungă la timp la munca... Atunci iau mașinile, normal! Numai bine!",aglomeratie,0
138,"aspect: acoperire_rute. text: Dacă vrei sa întârzii la munca și nu ai o scuza pentru sefu', ia tramvaiul! Dacă vrei să începi munca mai târziu decât de obicei, ia tramvaiul! Dacă te-ai saturat de stat în mașină în cozi infernale, ia tramvaiul și stai în el la aceleași cozi! Din păcate nu prea vad nici o soluție care s-ar putea aplica pentru fluidizarea circulației mijloacelor de transport în comun... Vrem aer curat!? De unde sa îl scoatem daca transportul în comun e ""la pământ""?! Mașini, tată ! Sa plouă cu mașini! Nu e vina oamenilor ca iau mașina, ca trebuie sa ajungă si ei cu ceva la munca, iar atâta timp cât nu au un transport în comun cu care sa ajungă la timp la munca... Atunci iau mașinile, normal! Numai bine!",acoperire_rute,0
138,"aspect: siguranta. text: Dacă vrei sa întârzii la munca și nu ai o scuza pentru sefu', ia tramvaiul! Dacă vrei să începi munca mai târziu decât de obicei, ia tramvaiul! Dacă te-ai saturat de stat în mașină în cozi infernale, ia tramvaiul și stai în el la aceleași cozi! Din păcate nu prea vad nici o soluție care s-ar putea aplica pentru fluidizarea circulației mijloacelor de transport în comun... Vrem aer curat!? De unde sa îl scoatem daca transportul în comun e ""la pământ""?! Mașini, tată ! Sa plouă cu mașini! Nu e vina oamenilor ca iau mașina, ca trebuie sa ajungă si ei cu ceva la munca, iar atâta timp cât nu au un transport în comun cu care sa ajungă la timp la munca... Atunci iau mașinile, normal! Numai bine!",siguranta,0
138,"aspect: pret. text: Dacă vrei sa întârzii la munca și nu ai o scuza pentru sefu', ia tramvaiul! Dacă vrei să începi munca mai târziu decât de obicei, ia tramvaiul! Dacă te-ai saturat de stat în mașină în cozi infernale, ia tramvaiul și stai în el la aceleași cozi! Din păcate nu prea vad nici o soluție care s-ar putea aplica pentru fluidizarea circulației mijloacelor de transport în comun... Vrem aer curat!? De unde sa îl scoatem daca transportul în comun e ""la pământ""?! Mașini, tată ! Sa plouă cu mașini! Nu e vina oamenilor ca iau mașina, ca trebuie sa ajungă si ei cu ceva la munca, iar atâta timp cât nu au un transport în comun cu care sa ajungă la timp la munca... Atunci iau mașinile, normal! Numai bine!",pret,0
138,"aspect: stare_vehicule. text: Dacă vrei sa întârzii la munca și nu ai o scuza pentru sefu', ia tramvaiul! Dacă vrei să începi munca mai târziu decât de obicei, ia tramvaiul! Dacă te-ai saturat de stat în mașină în cozi infernale, ia tramvaiul și stai în el la aceleași cozi! Din păcate nu prea vad nici o soluție care s-ar putea aplica pentru fluidizarea circulației mijloacelor de transport în comun... Vrem aer curat!? De unde sa îl scoatem daca transportul în comun e ""la pământ""?! Mașini, tată ! Sa plouă cu mașini! Nu e vina oamenilor ca iau mașina, ca trebuie sa ajungă si ei cu ceva la munca, iar atâta timp cât nu au un transport în comun cu care sa ajungă la timp la munca... Atunci iau mașinile, normal! Numai bine!",stare_vehicule,0
138,"aspect: validare_bilete. text: Dacă vrei sa întârzii la munca și nu ai o scuza pentru sefu', ia tramvaiul! Dacă vrei să începi munca mai târziu decât de obicei, ia tramvaiul! Dacă te-ai saturat de stat în mașină în cozi infernale, ia tramvaiul și stai în el la aceleași cozi! Din păcate nu prea vad nici o soluție care s-ar putea aplica pentru fluidizarea circulației mijloacelor de transport în comun... Vrem aer curat!? De unde sa îl scoatem daca transportul în comun e ""la pământ""?! Mașini, tată ! Sa plouă cu mașini! Nu e vina oamenilor ca iau mașina, ca trebuie sa ajungă si ei cu ceva la munca, iar atâta timp cât nu au un transport în comun cu care sa ajungă la timp la munca... Atunci iau mașinile, normal! Numai bine!",validare_bilete,0
200,"aspect: controlori. text: Domnii mei (sau doamne), faceți ceva în legătură cu așa-zișii colindători (indiferent de etnie) din tramvaie care fac călătoria un coșmar! Dacă nu vi se pare că poluează vizual, olfactiv și mai ales fonic (ceea ce fac, fără tăgadă), gândiți-vă măcar că circulă într-o veselie fără bilet!",controlori,1
200,"aspect: siguranta. text: Domnii mei (sau doamne), faceți ceva în legătură cu așa-zișii colindători (indiferent de etnie) din tramvaie care fac călătoria un coșmar! Dacă nu vi se pare că poluează vizual, olfactiv și mai ales fonic (ceea ce fac, fără tăgadă), gândiți-vă măcar că circulă într-o veselie fără bilet!",siguranta,1
200,"aspect: stare_vehicule. text: Domnii mei (sau doamne), faceți ceva în legătură cu așa-zișii colindători (indiferent de etnie) din tramvaie care fac călătoria un coșmar! Dacă nu vi se pare că poluează vizual, olfactiv și mai ales fonic (ceea ce fac, fără tăgadă), gândiți-vă măcar că circulă într-o veselie fără bilet!",stare_vehicule,0
200,"aspect: curatenie. text: Domnii mei (sau doamne), faceți ceva în legătură cu așa-zișii colindători (indiferent de etnie) din tramvaie care fac călătoria un coșmar! Dacă nu vi se pare că poluează vizual, olfactiv și mai ales fonic (ceea ce fac, fără tăgadă), gândiți-vă măcar că circulă într-o veselie fără bilet!",curatenie,0
200,"aspect: confort_termic. text: Domnii mei (sau doamne), faceți ceva în legătură cu așa-zișii colindători (indiferent de etnie) din tramvaie care fac călătoria un coșmar! Dacă nu vi se pare că poluează vizual, olfactiv și mai ales fonic (ceea ce fac, fără tăgadă), gândiți-vă măcar că circulă într-o veselie fără bilet!",confort_termic,0
200,"aspect: infrastructura_statii. text: Domnii mei (sau doamne), faceți ceva în legătură cu așa-zișii colindători (indiferent de etnie) din tramvaie care fac călătoria un coșmar! Dacă nu vi se pare că poluează vizual, olfactiv și mai ales fonic (ceea ce fac, fără tăgadă), gândiți-vă măcar că circulă într-o veselie fără bilet!",infrastructura_statii,0
200,"aspect: organizare. text: Domnii mei (sau doamne), faceți ceva în legătură cu așa-zișii colindători (indiferent de etnie) din tramvaie care fac călătoria un coșmar! Dacă nu vi se pare că poluează vizual, olfactiv și mai ales fonic (ceea ce fac, fără tăgadă), gândiți-vă măcar că circulă într-o veselie fără bilet!",organizare,0
200,"aspect: punctualitate. text: Domnii mei (sau doamne), faceți ceva în legătură cu așa-zișii colindători (indiferent de etnie) din tramvaie care fac călătoria un coșmar! Dacă nu vi se pare că poluează vizual, olfactiv și mai ales fonic (ceea ce fac, fără tăgadă), gândiți-vă măcar că circulă într-o veselie fără bilet!",punctualitate,0
SIM_109,aspect: acoperire_rute. text: Linia introdusă recent ajută mult locuitorii din cartier.,acoperire_rute,1
SIM_109,aspect: curatenie. text: Linia introdusă recent ajută mult locuitorii din cartier.,curatenie,0
SIM_109,aspect: stare_vehicule. text: Linia introdusă recent ajută mult locuitorii din cartier.,stare_vehicule,0
SIM_109,aspect: infrastructura_statii. text: Linia introdusă recent ajută mult locuitorii din cartier.,infrastructura_statii,0
SIM_012,"aspect: aglomeratie. text: Prețul abonamentului a crescut din nou și nu înțeleg pentru ce. Serviciile sunt la același nivel jalnic, dacă nu mai rău. Plătești mai mult ca să stai înghesuit și să aștepți.",aglomeratie,1
SIM_012,"aspect: pret. text: Prețul abonamentului a crescut din nou și nu înțeleg pentru ce. Serviciile sunt la același nivel jalnic, dacă nu mai rău. Plătești mai mult ca să stai înghesuit și să aștepți.",pret,1
SIM_012,"aspect: acoperire_rute. text: Prețul abonamentului a crescut din nou și nu înțeleg pentru ce. Serviciile sunt la același nivel jalnic, dacă nu mai rău. Plătești mai mult ca să stai înghesuit și să aștepți.",acoperire_rute,0
SIM_012,"aspect: controlori. text: Prețul abonamentului a crescut din nou și nu înțeleg pentru ce. Serviciile sunt la același nivel jalnic, dacă nu mai rău. Plătești mai mult ca să stai înghesuit și să aștepți.",controlori,0
SIM_012,"aspect: infrastructura_statii. text: Prețul abonamentului a crescut din nou și nu înțeleg pentru ce. Serviciile sunt la același nivel jalnic, dacă nu mai rău. Plătești mai mult ca să stai înghesuit și să aștepți.",infrastructura_statii,0
SIM_012,"aspect: validare_bilete. text: Prețul abonamentului a crescut din nou și nu înțeleg pentru ce. Serviciile sunt la același nivel jalnic, dacă nu mai rău. Plătești mai mult ca să stai înghesuit și să aștepți.",validare_bilete,0
SIM_012,"aspect: soferi_vatmani. text: Prețul abonamentului a crescut din nou și nu înțeleg pentru ce. Serviciile sunt la același nivel jalnic, dacă nu mai rău. Plătești mai mult ca să stai înghesuit și să aștepți.",soferi_vatmani,0
SIM_012,"aspect: frecventa. text: Prețul abonamentului a crescut din nou și nu înțeleg pentru ce. Serviciile sunt la același nivel jalnic, dacă nu mai rău. Plătești mai mult ca să stai înghesuit și să aștepți.",frecventa,0
289,aspect: frecventa. text: Sa stai 25 minute in Bucium sa sa astepti un amarat de autobuz sa te duca la serviciu....jenant pt CTP....RUSINE!!!,frecventa,1
289,aspect: validare_bilete. text: Sa stai 25 minute in Bucium sa sa astepti un amarat de autobuz sa te duca la serviciu....jenant pt CTP....RUSINE!!!,validare_bilete,0
289,aspect: soferi_vatmani. text: Sa stai 25 minute in Bucium sa sa astepti un amarat de autobuz sa te duca la serviciu....jenant pt CTP....RUSINE!!!,soferi_vatmani,0
289,aspect: stare_vehicule. text: Sa stai 25 minute in Bucium sa sa astepti un amarat de autobuz sa te duca la serviciu....jenant pt CTP....RUSINE!!!,stare_vehicule,0
271,aspect: frecventa. text: Autobuzul 20 merge din 30 in 30 de minute,frecventa,1
271,aspect: organizare. text: Autobuzul 20 merge din 30 in 30 de minute,organizare,0
271,aspect: curatenie. text: Autobuzul 20 merge din 30 in 30 de minute,curatenie,0
271,aspect: infrastructura_statii. text: Autobuzul 20 merge din 30 in 30 de minute,infrastructura_statii,0
8,"aspect: aglomeratie. text: Tranvaie in anii revolutiei, fara ac, aglomerate si vatmani nesimtiti",aglomeratie,1
8,"aspect: confort_termic. text: Tranvaie in anii revolutiei, fara ac, aglomerate si vatmani nesimtiti",confort_termic,1
8,"aspect: soferi_vatmani. text: Tranvaie in anii revolutiei, fara ac, aglomerate si vatmani nesimtiti",soferi_vatmani,1
8,"aspect: stare_vehicule. text: Tranvaie in anii revolutiei, fara ac, aglomerate si vatmani nesimtiti",stare_vehicule,1
8,"aspect: validare_bilete. text: Tranvaie in anii revolutiei, fara ac, aglomerate si vatmani nesimtiti",validare_bilete,0
8,"aspect: punctualitate. text: Tranvaie in anii revolutiei, fara ac, aglomerate si vatmani nesimtiti",punctualitate,0
8,"aspect: pret. text: Tranvaie in anii revolutiei, fara ac, aglomerate si vatmani nesimtiti",pret,0
8,"aspect: curatenie. text: Tranvaie in anii revolutiei, fara ac, aglomerate si vatmani nesimtiti",curatenie,0
8,"aspect: frecventa. text: Tranvaie in anii revolutiei, fara ac, aglomerate si vatmani nesimtiti",frecventa,0
8,"aspect: siguranta. text: Tranvaie in anii revolutiei, fara ac, aglomerate si vatmani nesimtiti",siguranta,0
8,"aspect: controlori. text: Tranvaie in anii revolutiei, fara ac, aglomerate si vatmani nesimtiti",controlori,0
8,"aspect: acoperire_rute. text: Tranvaie in anii revolutiei, fara ac, aglomerate si vatmani nesimtiti",acoperire_rute,0
8,"aspect: informare_calatori. text: Tranvaie in anii revolutiei, fara ac, aglomerate si vatmani nesimtiti",informare_calatori,0
8,"aspect: organizare. text: Tranvaie in anii revolutiei, fara ac, aglomerate si vatmani nesimtiti",organizare,0
8,"aspect: infrastructura_statii. text: Tranvaie in anii revolutiei, fara ac, aglomerate si vatmani nesimtiti",infrastructura_statii,0
8,"aspect: relatii_clienti. text: Tranvaie in anii revolutiei, fara ac, aglomerate si vatmani nesimtiti",relatii_clienti,0
230,"aspect: aglomeratie. text: Foarte slab, CTP Iași.

Am stat să aștept 30 de minunte în stație, iar când a venit un vehicul CTP (Autobuz cu nr. de indentificare E14, pe ruta 42) era foarte plin.

Nu o să îmi schimb recenzia, ca să vă treziți o dată să vedeți realitate.

Edit: Și  mai lăsați o dată decoratul tramvaielor și mai degrabă reparați o dată tramvaiele și autobuzele la tot ce au probleme, că unele zici că sunt tramvai/autobuze fantomă sau că îți este frică ca nu cumva scaunul din tramvai care vrei să te așezi să fie stricat și să te duci pe jos.",aglomeratie,1
230,"aspect: frecventa. text: Foarte slab, CTP Iași.

Am stat să aștept 30 de minunte în stație, iar când a venit un vehicul CTP (Autobuz cu nr. de indentificare E14, pe ruta 42) era foarte plin.

Nu o să îmi schimb recenzia, ca să vă treziți o dată să vedeți realitate.

Edit: Și  mai lăsați o dată decoratul tramvaielor și mai degrabă reparați o dată tramvaiele și autobuzele la tot ce au probleme, că unele zici că sunt tramvai/autobuze fantomă sau că îți este frică ca nu cumva scaunul din tramvai care vrei să te așezi să fie stricat și să te duci pe jos.",frecventa,1
230,"aspect: stare_vehicule. text: Foarte slab, CTP Iași.

Am stat să aștept 30 de minunte în stație, iar când a venit un vehicul CTP (Autobuz cu nr. de indentificare E14, pe ruta 42) era foarte plin.

Nu o să îmi schimb recenzia, ca să vă treziți o dată să vedeți realitate.

Edit: Și  mai lăsați o dată decoratul tramvaielor și mai degrabă reparați o dată tramvaiele și autobuzele la tot ce au probleme, că unele zici că sunt tramvai/autobuze fantomă sau că îți este frică ca nu cumva scaunul din tramvai care vrei să te așezi să fie stricat și să te duci pe jos.",stare_vehicule,1
230,"aspect: acoperire_rute. text: Foarte slab, CTP Iași.

Am stat să aștept 30 de minunte în stație, iar când a venit un vehicul CTP (Autobuz cu nr. de indentificare E14, pe ruta 42) era foarte plin.

Nu o să îmi schimb recenzia, ca să vă treziți o dată să vedeți realitate.

Edit: Și  mai lăsați o dată decoratul tramvaielor și mai degrabă reparați o dată tramvaiele și autobuzele la tot ce au probleme, că unele zici că sunt tramvai/autobuze fantomă sau că îți este frică ca nu cumva scaunul din tramvai care vrei să te așezi să fie stricat și să te duci pe jos.",acoperire_rute,0
230,"aspect: relatii_clienti. text: Foarte slab, CTP Iași.

Am stat să aștept 30 de minunte în stație, iar când a venit un vehicul CTP (Autobuz cu nr. de indentificare E14, pe ruta 42) era foarte plin.

Nu o să îmi schimb recenzia, ca să vă treziți o dată să vedeți realitate.

Edit: Și  mai lăsați o dată decoratul tramvaielor și mai degrabă reparați o dată tramvaiele și autobuzele la tot ce au probleme, că unele zici că sunt tramvai/autobuze fantomă sau că îți este frică ca nu cumva scaunul din tramvai care vrei să te așezi să fie stricat și să te duci pe jos.",relatii_clienti,0
230,"aspect: pret. text: Foarte slab, CTP Iași.

Am stat să aștept 30 de minunte în stație, iar când a venit un vehicul CTP (Autobuz cu nr. de indentificare E14, pe ruta 42) era foarte plin.

Nu o să îmi schimb recenzia, ca să vă treziți o dată să vedeți realitate.

Edit: Și  mai lăsați o dată decoratul tramvaielor și mai degrabă reparați o dată tramvaiele și autobuzele la tot ce au probleme, că unele zici că sunt tramvai/autobuze fantomă sau că îți este frică ca nu cumva scaunul din tramvai care vrei să te așezi să fie stricat și să te duci pe jos.",pret,0
230,"aspect: punctualitate. text: Foarte slab, CTP Iași.

Am stat să aștept 30 de minunte în stație, iar când a venit un vehicul CTP (Autobuz cu nr. de indentificare E14, pe ruta 42) era foarte plin.

Nu o să îmi schimb recenzia, ca să vă treziți o dată să vedeți realitate.

Edit: Și  mai lăsați o dată decoratul tramvaielor și mai degrabă reparați o dată tramvaiele și autobuzele la tot ce au probleme, că unele zici că sunt tramvai/autobuze fantomă sau că îți este frică ca nu cumva scaunul din tramvai care vrei să te așezi să fie stricat și să te duci pe jos.",punctualitate,0
230,"aspect: soferi_vatmani. text: Foarte slab, CTP Iași.

Am stat să aștept 30 de minunte în stație, iar când a venit un vehicul CTP (Autobuz cu nr. de indentificare E14, pe ruta 42) era foarte plin.

Nu o să îmi schimb recenzia, ca să vă treziți o dată să vedeți realitate.

Edit: Și  mai lăsați o dată decoratul tramvaielor și mai degrabă reparați o dată tramvaiele și autobuzele la tot ce au probleme, că unele zici că sunt tramvai/autobuze fantomă sau că îți este frică ca nu cumva scaunul din tramvai care vrei să te așezi să fie stricat și să te duci pe jos.",soferi_vatmani,0
230,"aspect: controlori. text: Foarte slab, CTP Iași.

Am stat să aștept 30 de minunte în stație, iar când a venit un vehicul CTP (Autobuz cu nr. de indentificare E14, pe ruta 42) era foarte plin.

Nu o să îmi schimb recenzia, ca să vă treziți o dată să vedeți realitate.

Edit: Și  mai lăsați o dată decoratul tramvaielor și mai degrabă reparați o dată tramvaiele și autobuzele la tot ce au probleme, că unele zici că sunt tramvai/autobuze fantomă sau că îți este frică ca nu cumva scaunul din tramvai care vrei să te așezi să fie stricat și să te duci pe jos.",controlori,0
230,"aspect: validare_bilete. text: Foarte slab, CTP Iași.

Am stat să aștept 30 de minunte în stație, iar când a venit un vehicul CTP (Autobuz cu nr. de indentificare E14, pe ruta 42) era foarte plin.

Nu o să îmi schimb recenzia, ca să vă treziți o dată să vedeți realitate.

Edit: Și  mai lăsați o dată decoratul tramvaielor și mai degrabă reparați o dată tramvaiele și autobuzele la tot ce au probleme, că unele zici că sunt tramvai/autobuze fantomă sau că îți este frică ca nu cumva scaunul din tramvai care vrei să te așezi să fie stricat și să te duci pe jos.",validare_bilete,0
230,"aspect: informare_calatori. text: Foarte slab, CTP Iași.

Am stat să aștept 30 de minunte în stație, iar când a venit un vehicul CTP (Autobuz cu nr. de indentificare E14, pe ruta 42) era foarte plin.

Nu o să îmi schimb recenzia, ca să vă treziți o dată să vedeți realitate.

Edit: Și  mai lăsați o dată decoratul tramvaielor și mai degrabă reparați o dată tramvaiele și autobuzele la tot ce au probleme, că unele zici că sunt tramvai/autobuze fantomă sau că îți este frică ca nu cumva scaunul din tramvai care vrei să te așezi să fie stricat și să te duci pe jos.",informare_calatori,0
230,"aspect: organizare. text: Foarte slab, CTP Iași.

Am stat să aștept 30 de minunte în stație, iar când a venit un vehicul CTP (Autobuz cu nr. de indentificare E14, pe ruta 42) era foarte plin.

Nu o să îmi schimb recenzia, ca să vă treziți o dată să vedeți realitate.

Edit: Și  mai lăsați o dată decoratul tramvaielor și mai degrabă reparați o dată tramvaiele și autobuzele la tot ce au probleme, că unele zici că sunt tramvai/autobuze fantomă sau că îți este frică ca nu cumva scaunul din tramvai care vrei să te așezi să fie stricat și să te duci pe jos.",organizare,0
190,"aspect: frecventa. text: Buna ziua domnilor. De ce nu se folosesc monitoarele din autobuze, acelea unde ar trebui sa se afiseze statia curenta si statiile urmatoare? In 9 autobuze din 10 nu se afiseaza nimic pe acel monitor sau cand se afiseaza, e gresit, cu statii in urma. La fel cu mesajele audio - ""statia x ... urmeaza statia y"". Daca tot exista, de ce nu se folosesc? Deranjeaza cumva soferii din auditia muzicii populare in ""cabina"", pentru ca asta e prezenta pe tot traseul? Ca sa nu mai zic de frecventa rarisima a anumitor autobuze, doua exemple rapide - 5 si 19?",frecventa,1
190,"aspect: informare_calatori. text: Buna ziua domnilor. De ce nu se folosesc monitoarele din autobuze, acelea unde ar trebui sa se afiseze statia curenta si statiile urmatoare? In 9 autobuze din 10 nu se afiseaza nimic pe acel monitor sau cand se afiseaza, e gresit, cu statii in urma. La fel cu mesajele audio - ""statia x ... urmeaza statia y"". Daca tot exista, de ce nu se folosesc? Deranjeaza cumva soferii din auditia muzicii populare in ""cabina"", pentru ca asta e prezenta pe tot traseul? Ca sa nu mai zic de frecventa rarisima a anumitor autobuze, doua exemple rapide - 5 si 19?",informare_calatori,1
190,"aspect: soferi_vatmani. text: Buna ziua domnilor. De ce nu se folosesc monitoarele din autobuze, acelea unde ar trebui sa se afiseze statia curenta si statiile urmatoare? In 9 autobuze din 10 nu se afiseaza nimic pe acel monitor sau cand se afiseaza, e gresit, cu statii in urma. La fel cu mesajele audio - ""statia x ... urmeaza statia y"". Daca tot exista, de ce nu se folosesc? Deranjeaza cumva soferii din auditia muzicii populare in ""cabina"", pentru ca asta e prezenta pe tot traseul? Ca sa nu mai zic de frecventa rarisima a anumitor autobuze, doua exemple rapide - 5 si 19?",soferi_vatmani,1
190,"aspect: confort_termic. text: Buna ziua domnilor. De ce nu se folosesc monitoarele din autobuze, acelea unde ar trebui sa se afiseze statia curenta si statiile urmatoare? In 9 autobuze din 10 nu se afiseaza nimic pe acel monitor sau cand se afiseaza, e gresit, cu statii in urma. La fel cu mesajele audio - ""statia x ... urmeaza statia y"". Daca tot exista, de ce nu se folosesc? Deranjeaza cumva soferii din auditia muzicii populare in ""cabina"", pentru ca asta e prezenta pe tot traseul? Ca sa nu mai zic de frecventa rarisima a anumitor autobuze, doua exemple rapide - 5 si 19?",confort_termic,0
190,"aspect: aglomeratie. text: Buna ziua domnilor. De ce nu se folosesc monitoarele din autobuze, acelea unde ar trebui sa se afiseze statia curenta si statiile urmatoare? In 9 autobuze din 10 nu se afiseaza nimic pe acel monitor sau cand se afiseaza, e gresit, cu statii in urma. La fel cu mesajele audio - ""statia x ... urmeaza statia y"". Daca tot exista, de ce nu se folosesc? Deranjeaza cumva soferii din auditia muzicii populare in ""cabina"", pentru ca asta e prezenta pe tot traseul? Ca sa nu mai zic de frecventa rarisima a anumitor autobuze, doua exemple rapide - 5 si 19?",aglomeratie,0
190,"aspect: relatii_clienti. text: Buna ziua domnilor. De ce nu se folosesc monitoarele din autobuze, acelea unde ar trebui sa se afiseze statia curenta si statiile urmatoare? In 9 autobuze din 10 nu se afiseaza nimic pe acel monitor sau cand se afiseaza, e gresit, cu statii in urma. La fel cu mesajele audio - ""statia x ... urmeaza statia y"". Daca tot exista, de ce nu se folosesc? Deranjeaza cumva soferii din auditia muzicii populare in ""cabina"", pentru ca asta e prezenta pe tot traseul? Ca sa nu mai zic de frecventa rarisima a anumitor autobuze, doua exemple rapide - 5 si 19?",relatii_clienti,0
190,"aspect: stare_vehicule. text: Buna ziua domnilor. De ce nu se folosesc monitoarele din autobuze, acelea unde ar trebui sa se afiseze statia curenta si statiile urmatoare? In 9 autobuze din 10 nu se afiseaza nimic pe acel monitor sau cand se afiseaza, e gresit, cu statii in urma. La fel cu mesajele audio - ""statia x ... urmeaza statia y"". Daca tot exista, de ce nu se folosesc? Deranjeaza cumva soferii din auditia muzicii populare in ""cabina"", pentru ca asta e prezenta pe tot traseul? Ca sa nu mai zic de frecventa rarisima a anumitor autobuze, doua exemple rapide - 5 si 19?",stare_vehicule,0
190,"aspect: controlori. text: Buna ziua domnilor. De ce nu se folosesc monitoarele din autobuze, acelea unde ar trebui sa se afiseze statia curenta si statiile urmatoare? In 9 autobuze din 10 nu se afiseaza nimic pe acel monitor sau cand se afiseaza, e gresit, cu statii in urma. La fel cu mesajele audio - ""statia x ... urmeaza statia y"". Daca tot exista, de ce nu se folosesc? Deranjeaza cumva soferii din auditia muzicii populare in ""cabina"", pentru ca asta e prezenta pe tot traseul? Ca sa nu mai zic de frecventa rarisima a anumitor autobuze, doua exemple rapide - 5 si 19?",controlori,0
190,"aspect: organizare. text: Buna ziua domnilor. De ce nu se folosesc monitoarele din autobuze, acelea unde ar trebui sa se afiseze statia curenta si statiile urmatoare? In 9 autobuze din 10 nu se afiseaza nimic pe acel monitor sau cand se afiseaza, e gresit, cu statii in urma. La fel cu mesajele audio - ""statia x ... urmeaza statia y"". Daca tot exista, de ce nu se folosesc? Deranjeaza cumva soferii din auditia muzicii populare in ""cabina"", pentru ca asta e prezenta pe tot traseul? Ca sa nu mai zic de frecventa rarisima a anumitor autobuze, doua exemple rapide - 5 si 19?",organizare,0
190,"aspect: acoperire_rute. text: Buna ziua domnilor. De ce nu se folosesc monitoarele din autobuze, acelea unde ar trebui sa se afiseze statia curenta si statiile urmatoare? In 9 autobuze din 10 nu se afiseaza nimic pe acel monitor sau cand se afiseaza, e gresit, cu statii in urma. La fel cu mesajele audio - ""statia x ... urmeaza statia y"". Daca tot exista, de ce nu se folosesc? Deranjeaza cumva soferii din auditia muzicii populare in ""cabina"", pentru ca asta e prezenta pe tot traseul? Ca sa nu mai zic de frecventa rarisima a anumitor autobuze, doua exemple rapide - 5 si 19?",acoperire_rute,0
190,"aspect: curatenie. text: Buna ziua domnilor. De ce nu se folosesc monitoarele din autobuze, acelea unde ar trebui sa se afiseze statia curenta si statiile urmatoare? In 9 autobuze din 10 nu se afiseaza nimic pe acel monitor sau cand se afiseaza, e gresit, cu statii in urma. La fel cu mesajele audio - ""statia x ... urmeaza statia y"". Daca tot exista, de ce nu se folosesc? Deranjeaza cumva soferii din auditia muzicii populare in ""cabina"", pentru ca asta e prezenta pe tot traseul? Ca sa nu mai zic de frecventa rarisima a anumitor autobuze, doua exemple rapide - 5 si 19?",curatenie,0
190,"aspect: siguranta. text: Buna ziua domnilor. De ce nu se folosesc monitoarele din autobuze, acelea unde ar trebui sa se afiseze statia curenta si statiile urmatoare? In 9 autobuze din 10 nu se afiseaza nimic pe acel monitor sau cand se afiseaza, e gresit, cu statii in urma. La fel cu mesajele audio - ""statia x ... urmeaza statia y"". Daca tot exista, de ce nu se folosesc? Deranjeaza cumva soferii din auditia muzicii populare in ""cabina"", pentru ca asta e prezenta pe tot traseul? Ca sa nu mai zic de frecventa rarisima a anumitor autobuze, doua exemple rapide - 5 si 19?",siguranta,0
SIM_072,aspect: validare_bilete. text: Compostorul a validat biletul corect și ora era afișată bine.,validare_bilete,1
SIM_072,aspect: pret. text: Compostorul a validat biletul corect și ora era afișată bine.,pret,0
SIM_072,aspect: stare_vehicule. text: Compostorul a validat biletul corect și ora era afișată bine.,stare_vehicule,0
SIM_072,aspect: acoperire_rute. text: Compostorul a validat biletul corect și ora era afișată bine.,acoperire_rute,0
61,aspect: frecventa. text: Încă 2 minute și aștept tramvaiul 7 în Baza 3 de 40 minute. Felicitări!!!!,frecventa,1
61,aspect: punctualitate. text: Încă 2 minute și aștept tramvaiul 7 în Baza 3 de 40 minute. Felicitări!!!!,punctualitate,0
61,aspect: aglomeratie. text: Încă 2 minute și aștept tramvaiul 7 în Baza 3 de 40 minute. Felicitări!!!!,aglomeratie,0
61,aspect: infrastructura_statii. text: Încă 2 minute și aștept tramvaiul 7 în Baza 3 de 40 minute. Felicitări!!!!,infrastructura_statii,0
64,aspect: validare_bilete. text: de ce naiba nu au grijă șoferii să schimbe ora la compostorul de bilete? am compostat azi la 10:35 și pe bilet era 7:35,validare_bilete,1
64,aspect: punctualitate. text: de ce naiba nu au grijă șoferii să schimbe ora la compostorul de bilete? am compostat azi la 10:35 și pe bilet era 7:35,punctualitate,0
64,aspect: pret. text: de ce naiba nu au grijă șoferii să schimbe ora la compostorul de bilete? am compostat azi la 10:35 și pe bilet era 7:35,pret,0
64,aspect: soferi_vatmani. text: de ce naiba nu au grijă șoferii să schimbe ora la compostorul de bilete? am compostat azi la 10:35 și pe bilet era 7:35,soferi_vatmani,0
257,"aspect: aglomeratie. text: Autobuzele sunt insuficiente si foarte vechi. E foarte enervant sa astepti 30 de minute dupa un autobuz, iar cand in sfarsit ajunge sa fie atat de plin incat sa nu poti arunca nici macar un ac, asta inseamna ca trebuie sa suplimentati cu autobuze. Aplicatia merge acceptabil acum, dar anul trecut era ghena. Singura solutie pentru traficul rutier aglomerat ar fi modernizarea transportului in public, dar romanul nu are viziune de viitor, din pacate se gandeste doar la buzunarul lui si atat. De personalul ctp nu are sens sa mai zic nimic doar faptul ca cetatenii de etnie rroma nici macar nu sunt amendati daca nu au bilet, iar controlorii nu au niciun drept sa iti retina buletinul. Au dreptul sa te legitimeze daca nu ai bilet doar atat!!! Nu mai acceptati abuzurile!",aglomeratie,1
257,"aspect: controlori. text: Autobuzele sunt insuficiente si foarte vechi. E foarte enervant sa astepti 30 de minute dupa un autobuz, iar cand in sfarsit ajunge sa fie atat de plin incat sa nu poti arunca nici macar un ac, asta inseamna ca trebuie sa suplimentati cu autobuze. Aplicatia merge acceptabil acum, dar anul trecut era ghena. Singura solutie pentru traficul rutier aglomerat ar fi modernizarea transportului in public, dar romanul nu are viziune de viitor, din pacate se gandeste doar la buzunarul lui si atat. De personalul ctp nu are sens sa mai zic nimic doar faptul ca cetatenii de etnie rroma nici macar nu sunt amendati daca nu au bilet, iar controlorii nu au niciun drept sa iti retina buletinul. Au dreptul sa te legitimeze daca nu ai bilet doar atat!!! Nu mai acceptati abuzurile!",controlori,1
257,"aspect: frecventa. text: Autobuzele sunt insuficiente si foarte vechi. E foarte enervant sa astepti 30 de minute dupa un autobuz, iar cand in sfarsit ajunge sa fie atat de plin incat sa nu poti arunca nici macar un ac, asta inseamna ca trebuie sa suplimentati cu autobuze. Aplicatia merge acceptabil acum, dar anul trecut era ghena. Singura solutie pentru traficul rutier aglomerat ar fi modernizarea transportului in public, dar romanul nu are viziune de viitor, din pacate se gandeste doar la buzunarul lui si atat. De personalul ctp nu are sens sa mai zic nimic doar faptul ca cetatenii de etnie rroma nici macar nu sunt amendati daca nu au bilet, iar controlorii nu au niciun drept sa iti retina buletinul. Au dreptul sa te legitimeze daca nu ai bilet doar atat!!! Nu mai acceptati abuzurile!",frecventa,1
257,"aspect: stare_vehicule. text: Autobuzele sunt insuficiente si foarte vechi. E foarte enervant sa astepti 30 de minute dupa un autobuz, iar cand in sfarsit ajunge sa fie atat de plin incat sa nu poti arunca nici macar un ac, asta inseamna ca trebuie sa suplimentati cu autobuze. Aplicatia merge acceptabil acum, dar anul trecut era ghena. Singura solutie pentru traficul rutier aglomerat ar fi modernizarea transportului in public, dar romanul nu are viziune de viitor, din pacate se gandeste doar la buzunarul lui si atat. De personalul ctp nu are sens sa mai zic nimic doar faptul ca cetatenii de etnie rroma nici macar nu sunt amendati daca nu au bilet, iar controlorii nu au niciun drept sa iti retina buletinul. Au dreptul sa te legitimeze daca nu ai bilet doar atat!!! Nu mai acceptati abuzurile!",stare_vehicule,1
257,"aspect: relatii_clienti. text: Autobuzele sunt insuficiente si foarte vechi. E foarte enervant sa astepti 30 de minute dupa un autobuz, iar cand in sfarsit ajunge sa fie atat de plin incat sa nu poti arunca nici macar un ac, asta inseamna ca trebuie sa suplimentati cu autobuze. Aplicatia merge acceptabil acum, dar anul trecut era ghena. Singura solutie pentru traficul rutier aglomerat ar fi modernizarea transportului in public, dar romanul nu are viziune de viitor, din pacate se gandeste doar la buzunarul lui si atat. De personalul ctp nu are sens sa mai zic nimic doar faptul ca cetatenii de etnie rroma nici macar nu sunt amendati daca nu au bilet, iar controlorii nu au niciun drept sa iti retina buletinul. Au dreptul sa te legitimeze daca nu ai bilet doar atat!!! Nu mai acceptati abuzurile!",relatii_clienti,0
257,"aspect: organizare. text: Autobuzele sunt insuficiente si foarte vechi. E foarte enervant sa astepti 30 de minute dupa un autobuz, iar cand in sfarsit ajunge sa fie atat de plin incat sa nu poti arunca nici macar un ac, asta inseamna ca trebuie sa suplimentati cu autobuze. Aplicatia merge acceptabil acum, dar anul trecut era ghena. Singura solutie pentru traficul rutier aglomerat ar fi modernizarea transportului in public, dar romanul nu are viziune de viitor, din pacate se gandeste doar la buzunarul lui si atat. De personalul ctp nu are sens sa mai zic nimic doar faptul ca cetatenii de etnie rroma nici macar nu sunt amendati daca nu au bilet, iar controlorii nu au niciun drept sa iti retina buletinul. Au dreptul sa te legitimeze daca nu ai bilet doar atat!!! Nu mai acceptati abuzurile!",organizare,0
257,"aspect: infrastructura_statii. text: Autobuzele sunt insuficiente si foarte vechi. E foarte enervant sa astepti 30 de minute dupa un autobuz, iar cand in sfarsit ajunge sa fie atat de plin incat sa nu poti arunca nici macar un ac, asta inseamna ca trebuie sa suplimentati cu autobuze. Aplicatia merge acceptabil acum, dar anul trecut era ghena. Singura solutie pentru traficul rutier aglomerat ar fi modernizarea transportului in public, dar romanul nu are viziune de viitor, din pacate se gandeste doar la buzunarul lui si atat. De personalul ctp nu are sens sa mai zic nimic doar faptul ca cetatenii de etnie rroma nici macar nu sunt amendati daca nu au bilet, iar controlorii nu au niciun drept sa iti retina buletinul. Au dreptul sa te legitimeze daca nu ai bilet doar atat!!! Nu mai acceptati abuzurile!",infrastructura_statii,0
257,"aspect: informare_calatori. text: Autobuzele sunt insuficiente si foarte vechi. E foarte enervant sa astepti 30 de minute dupa un autobuz, iar cand in sfarsit ajunge sa fie atat de plin incat sa nu poti arunca nici macar un ac, asta inseamna ca trebuie sa suplimentati cu autobuze. Aplicatia merge acceptabil acum, dar anul trecut era ghena. Singura solutie pentru traficul rutier aglomerat ar fi modernizarea transportului in public, dar romanul nu are viziune de viitor, din pacate se gandeste doar la buzunarul lui si atat. De personalul ctp nu are sens sa mai zic nimic doar faptul ca cetatenii de etnie rroma nici macar nu sunt amendati daca nu au bilet, iar controlorii nu au niciun drept sa iti retina buletinul. Au dreptul sa te legitimeze daca nu ai bilet doar atat!!! Nu mai acceptati abuzurile!",informare_calatori,0
257,"aspect: soferi_vatmani. text: Autobuzele sunt insuficiente si foarte vechi. E foarte enervant sa astepti 30 de minute dupa un autobuz, iar cand in sfarsit ajunge sa fie atat de plin incat sa nu poti arunca nici macar un ac, asta inseamna ca trebuie sa suplimentati cu autobuze. Aplicatia merge acceptabil acum, dar anul trecut era ghena. Singura solutie pentru traficul rutier aglomerat ar fi modernizarea transportului in public, dar romanul nu are viziune de viitor, din pacate se gandeste doar la buzunarul lui si atat. De personalul ctp nu are sens sa mai zic nimic doar faptul ca cetatenii de etnie rroma nici macar nu sunt amendati daca nu au bilet, iar controlorii nu au niciun drept sa iti retina buletinul. Au dreptul sa te legitimeze daca nu ai bilet doar atat!!! Nu mai acceptati abuzurile!",soferi_vatmani,0
257,"aspect: confort_termic. text: Autobuzele sunt insuficiente si foarte vechi. E foarte enervant sa astepti 30 de minute dupa un autobuz, iar cand in sfarsit ajunge sa fie atat de plin incat sa nu poti arunca nici macar un ac, asta inseamna ca trebuie sa suplimentati cu autobuze. Aplicatia merge acceptabil acum, dar anul trecut era ghena. Singura solutie pentru traficul rutier aglomerat ar fi modernizarea transportului in public, dar romanul nu are viziune de viitor, din pacate se gandeste doar la buzunarul lui si atat. De personalul ctp nu are sens sa mai zic nimic doar faptul ca cetatenii de etnie rroma nici macar nu sunt amendati daca nu au bilet, iar controlorii nu au niciun drept sa iti retina buletinul. Au dreptul sa te legitimeze daca nu ai bilet doar atat!!! Nu mai acceptati abuzurile!",confort_termic,0
257,"aspect: curatenie. text: Autobuzele sunt insuficiente si foarte vechi. E foarte enervant sa astepti 30 de minute dupa un autobuz, iar cand in sfarsit ajunge sa fie atat de plin incat sa nu poti arunca nici macar un ac, asta inseamna ca trebuie sa suplimentati cu autobuze. Aplicatia merge acceptabil acum, dar anul trecut era ghena. Singura solutie pentru traficul rutier aglomerat ar fi modernizarea transportului in public, dar romanul nu are viziune de viitor, din pacate se gandeste doar la buzunarul lui si atat. De personalul ctp nu are sens sa mai zic nimic doar faptul ca cetatenii de etnie rroma nici macar nu sunt amendati daca nu au bilet, iar controlorii nu au niciun drept sa iti retina buletinul. Au dreptul sa te legitimeze daca nu ai bilet doar atat!!! Nu mai acceptati abuzurile!",curatenie,0
257,"aspect: validare_bilete. text: Autobuzele sunt insuficiente si foarte vechi. E foarte enervant sa astepti 30 de minute dupa un autobuz, iar cand in sfarsit ajunge sa fie atat de plin incat sa nu poti arunca nici macar un ac, asta inseamna ca trebuie sa suplimentati cu autobuze. Aplicatia merge acceptabil acum, dar anul trecut era ghena. Singura solutie pentru traficul rutier aglomerat ar fi modernizarea transportului in public, dar romanul nu are viziune de viitor, din pacate se gandeste doar la buzunarul lui si atat. De personalul ctp nu are sens sa mai zic nimic doar faptul ca cetatenii de etnie rroma nici macar nu sunt amendati daca nu au bilet, iar controlorii nu au niciun drept sa iti retina buletinul. Au dreptul sa te legitimeze daca nu ai bilet doar atat!!! Nu mai acceptati abuzurile!",validare_bilete,0
257,"aspect: pret. text: Autobuzele sunt insuficiente si foarte vechi. E foarte enervant sa astepti 30 de minute dupa un autobuz, iar cand in sfarsit ajunge sa fie atat de plin incat sa nu poti arunca nici macar un ac, asta inseamna ca trebuie sa suplimentati cu autobuze. Aplicatia merge acceptabil acum, dar anul trecut era ghena. Singura solutie pentru traficul rutier aglomerat ar fi modernizarea transportului in public, dar romanul nu are viziune de viitor, din pacate se gandeste doar la buzunarul lui si atat. De personalul ctp nu are sens sa mai zic nimic doar faptul ca cetatenii de etnie rroma nici macar nu sunt amendati daca nu au bilet, iar controlorii nu au niciun drept sa iti retina buletinul. Au dreptul sa te legitimeze daca nu ai bilet doar atat!!! Nu mai acceptati abuzurile!",pret,0
257,"aspect: punctualitate. text: Autobuzele sunt insuficiente si foarte vechi. E foarte enervant sa astepti 30 de minute dupa un autobuz, iar cand in sfarsit ajunge sa fie atat de plin incat sa nu poti arunca nici macar un ac, asta inseamna ca trebuie sa suplimentati cu autobuze. Aplicatia merge acceptabil acum, dar anul trecut era ghena. Singura solutie pentru traficul rutier aglomerat ar fi modernizarea transportului in public, dar romanul nu are viziune de viitor, din pacate se gandeste doar la buzunarul lui si atat. De personalul ctp nu are sens sa mai zic nimic doar faptul ca cetatenii de etnie rroma nici macar nu sunt amendati daca nu au bilet, iar controlorii nu au niciun drept sa iti retina buletinul. Au dreptul sa te legitimeze daca nu ai bilet doar atat!!! Nu mai acceptati abuzurile!",punctualitate,0
257,"aspect: siguranta. text: Autobuzele sunt insuficiente si foarte vechi. E foarte enervant sa astepti 30 de minute dupa un autobuz, iar cand in sfarsit ajunge sa fie atat de plin incat sa nu poti arunca nici macar un ac, asta inseamna ca trebuie sa suplimentati cu autobuze. Aplicatia merge acceptabil acum, dar anul trecut era ghena. Singura solutie pentru traficul rutier aglomerat ar fi modernizarea transportului in public, dar romanul nu are viziune de viitor, din pacate se gandeste doar la buzunarul lui si atat. De personalul ctp nu are sens sa mai zic nimic doar faptul ca cetatenii de etnie rroma nici macar nu sunt amendati daca nu au bilet, iar controlorii nu au niciun drept sa iti retina buletinul. Au dreptul sa te legitimeze daca nu ai bilet doar atat!!! Nu mai acceptati abuzurile!",siguranta,0
257,"aspect: acoperire_rute. text: Autobuzele sunt insuficiente si foarte vechi. E foarte enervant sa astepti 30 de minute dupa un autobuz, iar cand in sfarsit ajunge sa fie atat de plin incat sa nu poti arunca nici macar un ac, asta inseamna ca trebuie sa suplimentati cu autobuze. Aplicatia merge acceptabil acum, dar anul trecut era ghena. Singura solutie pentru traficul rutier aglomerat ar fi modernizarea transportului in public, dar romanul nu are viziune de viitor, din pacate se gandeste doar la buzunarul lui si atat. De personalul ctp nu are sens sa mai zic nimic doar faptul ca cetatenii de etnie rroma nici macar nu sunt amendati daca nu au bilet, iar controlorii nu au niciun drept sa iti retina buletinul. Au dreptul sa te legitimeze daca nu ai bilet doar atat!!! Nu mai acceptati abuzurile!",acoperire_rute,0
SIM_018,aspect: controlori. text: Controlorul m-a amendat deși arătasem biletul clar. A zis că nu e valid dar nu mi-a explicat de ce. L-am rugat să îmi arate regulamentul și a început să ridice vocea. Jenant.,controlori,1
SIM_018,aspect: informare_calatori. text: Controlorul m-a amendat deși arătasem biletul clar. A zis că nu e valid dar nu mi-a explicat de ce. L-am rugat să îmi arate regulamentul și a început să ridice vocea. Jenant.,informare_calatori,0
SIM_018,aspect: soferi_vatmani. text: Controlorul m-a amendat deși arătasem biletul clar. A zis că nu e valid dar nu mi-a explicat de ce. L-am rugat să îmi arate regulamentul și a început să ridice vocea. Jenant.,soferi_vatmani,0
SIM_018,aspect: aglomeratie. text: Controlorul m-a amendat deși arătasem biletul clar. A zis că nu e valid dar nu mi-a explicat de ce. L-am rugat să îmi arate regulamentul și a început să ridice vocea. Jenant.,aglomeratie,0
SIM_032,"aspect: controlori. text: Controlorul a urcat și s-a așezat lângă ușă ca să prindă lume fără bilet. Bine, asta e treaba lui. Dar când i-am cerut bonul pentru amendă pe care mi-a dat-o pe nedrept a zis că nu are imprimanta cu el. Serios?",controlori,1
SIM_032,"aspect: acoperire_rute. text: Controlorul a urcat și s-a așezat lângă ușă ca să prindă lume fără bilet. Bine, asta e treaba lui. Dar când i-am cerut bonul pentru amendă pe care mi-a dat-o pe nedrept a zis că nu are imprimanta cu el. Serios?",acoperire_rute,0
SIM_032,"aspect: organizare. text: Controlorul a urcat și s-a așezat lângă ușă ca să prindă lume fără bilet. Bine, asta e treaba lui. Dar când i-am cerut bonul pentru amendă pe care mi-a dat-o pe nedrept a zis că nu are imprimanta cu el. Serios?",organizare,0
SIM_032,"aspect: punctualitate. text: Controlorul a urcat și s-a așezat lângă ușă ca să prindă lume fără bilet. Bine, asta e treaba lui. Dar când i-am cerut bonul pentru amendă pe care mi-a dat-o pe nedrept a zis că nu are imprimanta cu el. Serios?",punctualitate,0
SIM_004,"aspect: aglomeratie. text: Organizarea pe trasee în zona centrală funcționează ok. Nu e nimic spectaculos dar nici nu mă lasă cu adevărat jos. Aglomerația la orele de vârf e normală pentru orice oraș, nu știu la ce să mă aștept altfel.",aglomeratie,1
SIM_004,"aspect: organizare. text: Organizarea pe trasee în zona centrală funcționează ok. Nu e nimic spectaculos dar nici nu mă lasă cu adevărat jos. Aglomerația la orele de vârf e normală pentru orice oraș, nu știu la ce să mă aștept altfel.",organizare,1
SIM_004,"aspect: relatii_clienti. text: Organizarea pe trasee în zona centrală funcționează ok. Nu e nimic spectaculos dar nici nu mă lasă cu adevărat jos. Aglomerația la orele de vârf e normală pentru orice oraș, nu știu la ce să mă aștept altfel.",relatii_clienti,0
SIM_004,"aspect: confort_termic. text: Organizarea pe trasee în zona centrală funcționează ok. Nu e nimic spectaculos dar nici nu mă lasă cu adevărat jos. Aglomerația la orele de vârf e normală pentru orice oraș, nu știu la ce să mă aștept altfel.",confort_termic,0
SIM_004,"aspect: stare_vehicule. text: Organizarea pe trasee în zona centrală funcționează ok. Nu e nimic spectaculos dar nici nu mă lasă cu adevărat jos. Aglomerația la orele de vârf e normală pentru orice oraș, nu știu la ce să mă aștept altfel.",stare_vehicule,0
SIM_004,"aspect: punctualitate. text: Organizarea pe trasee în zona centrală funcționează ok. Nu e nimic spectaculos dar nici nu mă lasă cu adevărat jos. Aglomerația la orele de vârf e normală pentru orice oraș, nu știu la ce să mă aștept altfel.",punctualitate,0
SIM_004,"aspect: curatenie. text: Organizarea pe trasee în zona centrală funcționează ok. Nu e nimic spectaculos dar nici nu mă lasă cu adevărat jos. Aglomerația la orele de vârf e normală pentru orice oraș, nu știu la ce să mă aștept altfel.",curatenie,0
SIM_004,"aspect: siguranta. text: Organizarea pe trasee în zona centrală funcționează ok. Nu e nimic spectaculos dar nici nu mă lasă cu adevărat jos. Aglomerația la orele de vârf e normală pentru orice oraș, nu știu la ce să mă aștept altfel.",siguranta,0
278,aspect: punctualitate. text: Pana si o testoasa se misca mai repede decat autobuzele CTP. 😁😎🤝,punctualitate,1
278,aspect: curatenie. text: Pana si o testoasa se misca mai repede decat autobuzele CTP. 😁😎🤝,curatenie,0
278,aspect: confort_termic. text: Pana si o testoasa se misca mai repede decat autobuzele CTP. 😁😎🤝,confort_termic,0
278,aspect: frecventa. text: Pana si o testoasa se misca mai repede decat autobuzele CTP. 😁😎🤝,frecventa,0
151,"aspect: acoperire_rute. text: Toate gunoaiele de autobuze fara aer conditionat sunt pe zona 2 a Iasului, suntem transportati ca niste animale...",acoperire_rute,1
151,"aspect: confort_termic. text: Toate gunoaiele de autobuze fara aer conditionat sunt pe zona 2 a Iasului, suntem transportati ca niste animale...",confort_termic,1
151,"aspect: controlori. text: Toate gunoaiele de autobuze fara aer conditionat sunt pe zona 2 a Iasului, suntem transportati ca niste animale...",controlori,0
151,"aspect: frecventa. text: Toate gunoaiele de autobuze fara aer conditionat sunt pe zona 2 a Iasului, suntem transportati ca niste animale...",frecventa,0
151,"aspect: infrastructura_statii. text: Toate gunoaiele de autobuze fara aer conditionat sunt pe zona 2 a Iasului, suntem transportati ca niste animale...",infrastructura_statii,0
151,"aspect: informare_calatori. text: Toate gunoaiele de autobuze fara aer conditionat sunt pe zona 2 a Iasului, suntem transportati ca niste animale...",informare_calatori,0
151,"aspect: curatenie. text: Toate gunoaiele de autobuze fara aer conditionat sunt pe zona 2 a Iasului, suntem transportati ca niste animale...",curatenie,0
151,"aspect: pret. text: Toate gunoaiele de autobuze fara aer conditionat sunt pe zona 2 a Iasului, suntem transportati ca niste animale...",pret,0
189,aspect: controlori. text: În primul rand. Sa nu mai angajeze toți gunoierii ca și controlori!,controlori,1
189,aspect: stare_vehicule. text: În primul rand. Sa nu mai angajeze toți gunoierii ca și controlori!,stare_vehicule,0
189,aspect: pret. text: În primul rand. Sa nu mai angajeze toți gunoierii ca și controlori!,pret,0
189,aspect: siguranta. text: În primul rand. Sa nu mai angajeze toți gunoierii ca și controlori!,siguranta,0
SIM_088,aspect: controlori. text: Doamna controlor a vorbit politicos și a oferit informații clare.,controlori,1
SIM_088,aspect: frecventa. text: Doamna controlor a vorbit politicos și a oferit informații clare.,frecventa,0
SIM_088,aspect: punctualitate. text: Doamna controlor a vorbit politicos și a oferit informații clare.,punctualitate,0
SIM_088,aspect: soferi_vatmani. text: Doamna controlor a vorbit politicos și a oferit informații clare.,soferi_vatmani,0
SIM_054,"aspect: soferi_vatmani. text: Vatmanul de azi de pe tramvaiul 1 a condus normal, a oprit în toate stațiile, a așteptat să coboare lumea înainte să plece. Nimic special de remarcat, pur și simplu și-a făcut treaba cum trebuie.",soferi_vatmani,1
SIM_054,"aspect: punctualitate. text: Vatmanul de azi de pe tramvaiul 1 a condus normal, a oprit în toate stațiile, a așteptat să coboare lumea înainte să plece. Nimic special de remarcat, pur și simplu și-a făcut treaba cum trebuie.",punctualitate,0
SIM_054,"aspect: organizare. text: Vatmanul de azi de pe tramvaiul 1 a condus normal, a oprit în toate stațiile, a așteptat să coboare lumea înainte să plece. Nimic special de remarcat, pur și simplu și-a făcut treaba cum trebuie.",organizare,0
SIM_054,"aspect: acoperire_rute. text: Vatmanul de azi de pe tramvaiul 1 a condus normal, a oprit în toate stațiile, a așteptat să coboare lumea înainte să plece. Nimic special de remarcat, pur și simplu și-a făcut treaba cum trebuie.",acoperire_rute,0
270,"aspect: soferi_vatmani. text: Regula de a nu opri in statie atunci când nu mai sunt scaune libere, este pentru toți șoferii sau doar pentru unii(care e mai smecher)? Întreb pentru a sti pe viitor, ca sa nu ma mai enervez cand stau in statie pregătită să urc(fara a fi cu nasul in telefon sau alta preocupatie) si șoferul sa nu aibe bunul simt macar sa opreasca(din mers nu se vede mare scofală, dara să mai bată si soarele in geam)",soferi_vatmani,1
270,"aspect: punctualitate. text: Regula de a nu opri in statie atunci când nu mai sunt scaune libere, este pentru toți șoferii sau doar pentru unii(care e mai smecher)? Întreb pentru a sti pe viitor, ca sa nu ma mai enervez cand stau in statie pregătită să urc(fara a fi cu nasul in telefon sau alta preocupatie) si șoferul sa nu aibe bunul simt macar sa opreasca(din mers nu se vede mare scofală, dara să mai bată si soarele in geam)",punctualitate,0
270,"aspect: stare_vehicule. text: Regula de a nu opri in statie atunci când nu mai sunt scaune libere, este pentru toți șoferii sau doar pentru unii(care e mai smecher)? Întreb pentru a sti pe viitor, ca sa nu ma mai enervez cand stau in statie pregătită să urc(fara a fi cu nasul in telefon sau alta preocupatie) si șoferul sa nu aibe bunul simt macar sa opreasca(din mers nu se vede mare scofală, dara să mai bată si soarele in geam)",stare_vehicule,0
270,"aspect: organizare. text: Regula de a nu opri in statie atunci când nu mai sunt scaune libere, este pentru toți șoferii sau doar pentru unii(care e mai smecher)? Întreb pentru a sti pe viitor, ca sa nu ma mai enervez cand stau in statie pregătită să urc(fara a fi cu nasul in telefon sau alta preocupatie) si șoferul sa nu aibe bunul simt macar sa opreasca(din mers nu se vede mare scofală, dara să mai bată si soarele in geam)",organizare,0
296,"aspect: organizare. text: O companie care ar functiona foarte bine daca nu ar avea probleme financiare
In toate tarile dezvoltate transportul public local este subventionat neconditionat , dar la noi ca la nimeni cand este vorba de alegeri sau alte probleme politice intram in datorii...Interesant nu credeti ?",organizare,1
296,"aspect: curatenie. text: O companie care ar functiona foarte bine daca nu ar avea probleme financiare
In toate tarile dezvoltate transportul public local este subventionat neconditionat , dar la noi ca la nimeni cand este vorba de alegeri sau alte probleme politice intram in datorii...Interesant nu credeti ?",curatenie,0
296,"aspect: relatii_clienti. text: O companie care ar functiona foarte bine daca nu ar avea probleme financiare
In toate tarile dezvoltate transportul public local este subventionat neconditionat , dar la noi ca la nimeni cand este vorba de alegeri sau alte probleme politice intram in datorii...Interesant nu credeti ?",relatii_clienti,0
296,"aspect: aglomeratie. text: O companie care ar functiona foarte bine daca nu ar avea probleme financiare
In toate tarile dezvoltate transportul public local este subventionat neconditionat , dar la noi ca la nimeni cand este vorba de alegeri sau alte probleme politice intram in datorii...Interesant nu credeti ?",aglomeratie,0
209,"aspect: controlori. text: We appreciate the fact that there are some new buses and trams, but the old ones are horrible, they should get rid of them. Plus, people who check the tickerts/cards are pretty subjective to say the least ... they sometimes pick on high school students but simply pass by members of a certain .... portion of the population, I will say no more, who NEVER validate any ticket or card, and are never asked, checked or let alone fined! I think this is unfair.",controlori,1
209,"aspect: stare_vehicule. text: We appreciate the fact that there are some new buses and trams, but the old ones are horrible, they should get rid of them. Plus, people who check the tickerts/cards are pretty subjective to say the least ... they sometimes pick on high school students but simply pass by members of a certain .... portion of the population, I will say no more, who NEVER validate any ticket or card, and are never asked, checked or let alone fined! I think this is unfair.",stare_vehicule,1
209,"aspect: confort_termic. text: We appreciate the fact that there are some new buses and trams, but the old ones are horrible, they should get rid of them. Plus, people who check the tickerts/cards are pretty subjective to say the least ... they sometimes pick on high school students but simply pass by members of a certain .... portion of the population, I will say no more, who NEVER validate any ticket or card, and are never asked, checked or let alone fined! I think this is unfair.",confort_termic,0
209,"aspect: frecventa. text: We appreciate the fact that there are some new buses and trams, but the old ones are horrible, they should get rid of them. Plus, people who check the tickerts/cards are pretty subjective to say the least ... they sometimes pick on high school students but simply pass by members of a certain .... portion of the population, I will say no more, who NEVER validate any ticket or card, and are never asked, checked or let alone fined! I think this is unfair.",frecventa,0
209,"aspect: aglomeratie. text: We appreciate the fact that there are some new buses and trams, but the old ones are horrible, they should get rid of them. Plus, people who check the tickerts/cards are pretty subjective to say the least ... they sometimes pick on high school students but simply pass by members of a certain .... portion of the population, I will say no more, who NEVER validate any ticket or card, and are never asked, checked or let alone fined! I think this is unfair.",aglomeratie,0
209,"aspect: siguranta. text: We appreciate the fact that there are some new buses and trams, but the old ones are horrible, they should get rid of them. Plus, people who check the tickerts/cards are pretty subjective to say the least ... they sometimes pick on high school students but simply pass by members of a certain .... portion of the population, I will say no more, who NEVER validate any ticket or card, and are never asked, checked or let alone fined! I think this is unfair.",siguranta,0
209,"aspect: pret. text: We appreciate the fact that there are some new buses and trams, but the old ones are horrible, they should get rid of them. Plus, people who check the tickerts/cards are pretty subjective to say the least ... they sometimes pick on high school students but simply pass by members of a certain .... portion of the population, I will say no more, who NEVER validate any ticket or card, and are never asked, checked or let alone fined! I think this is unfair.",pret,0
209,"aspect: validare_bilete. text: We appreciate the fact that there are some new buses and trams, but the old ones are horrible, they should get rid of them. Plus, people who check the tickerts/cards are pretty subjective to say the least ... they sometimes pick on high school students but simply pass by members of a certain .... portion of the population, I will say no more, who NEVER validate any ticket or card, and are never asked, checked or let alone fined! I think this is unfair.",validare_bilete,0
SIM_135,aspect: stare_vehicule. text: Tramvaiul arăta modern și toate echipamentele păreau funcționale.,stare_vehicule,1
SIM_135,aspect: curatenie. text: Tramvaiul arăta modern și toate echipamentele păreau funcționale.,curatenie,0
SIM_135,aspect: validare_bilete. text: Tramvaiul arăta modern și toate echipamentele păreau funcționale.,validare_bilete,0
SIM_135,aspect: pret. text: Tramvaiul arăta modern și toate echipamentele păreau funcționale.,pret,0
SIM_066,aspect: punctualitate. text: Autobuzul a avut o mică întârziere dar am ajuns totuși la timp.,punctualitate,1
SIM_066,aspect: controlori. text: Autobuzul a avut o mică întârziere dar am ajuns totuși la timp.,controlori,0
SIM_066,aspect: siguranta. text: Autobuzul a avut o mică întârziere dar am ajuns totuși la timp.,siguranta,0
SIM_066,aspect: frecventa. text: Autobuzul a avut o mică întârziere dar am ajuns totuși la timp.,frecventa,0
117,"aspect: controlori. text: Sa nu fie indiferenta la calatorii care au gratuitati sau care circula fraudulos deoarece acestia sunt primii care deterioreaza scaunele si agreseaza calatorii,le sustrag obiecte...",controlori,1
117,"aspect: siguranta. text: Sa nu fie indiferenta la calatorii care au gratuitati sau care circula fraudulos deoarece acestia sunt primii care deterioreaza scaunele si agreseaza calatorii,le sustrag obiecte...",siguranta,1
117,"aspect: curatenie. text: Sa nu fie indiferenta la calatorii care au gratuitati sau care circula fraudulos deoarece acestia sunt primii care deterioreaza scaunele si agreseaza calatorii,le sustrag obiecte...",curatenie,0
117,"aspect: relatii_clienti. text: Sa nu fie indiferenta la calatorii care au gratuitati sau care circula fraudulos deoarece acestia sunt primii care deterioreaza scaunele si agreseaza calatorii,le sustrag obiecte...",relatii_clienti,0
117,"aspect: stare_vehicule. text: Sa nu fie indiferenta la calatorii care au gratuitati sau care circula fraudulos deoarece acestia sunt primii care deterioreaza scaunele si agreseaza calatorii,le sustrag obiecte...",stare_vehicule,0
117,"aspect: frecventa. text: Sa nu fie indiferenta la calatorii care au gratuitati sau care circula fraudulos deoarece acestia sunt primii care deterioreaza scaunele si agreseaza calatorii,le sustrag obiecte...",frecventa,0
117,"aspect: pret. text: Sa nu fie indiferenta la calatorii care au gratuitati sau care circula fraudulos deoarece acestia sunt primii care deterioreaza scaunele si agreseaza calatorii,le sustrag obiecte...",pret,0
117,"aspect: organizare. text: Sa nu fie indiferenta la calatorii care au gratuitati sau care circula fraudulos deoarece acestia sunt primii care deterioreaza scaunele si agreseaza calatorii,le sustrag obiecte...",organizare,0
281,"aspect: soferi_vatmani. text: Servicii de toata jena. Soferii nu respecta orele de plecare. Nu poti să-ți faci un program.
Schimbati sistemul de abonamente, e din anii '90",soferi_vatmani,1
281,"aspect: validare_bilete. text: Servicii de toata jena. Soferii nu respecta orele de plecare. Nu poti să-ți faci un program.
Schimbati sistemul de abonamente, e din anii '90",validare_bilete,1
281,"aspect: curatenie. text: Servicii de toata jena. Soferii nu respecta orele de plecare. Nu poti să-ți faci un program.
Schimbati sistemul de abonamente, e din anii '90",curatenie,0
281,"aspect: acoperire_rute. text: Servicii de toata jena. Soferii nu respecta orele de plecare. Nu poti să-ți faci un program.
Schimbati sistemul de abonamente, e din anii '90",acoperire_rute,0
281,"aspect: aglomeratie. text: Servicii de toata jena. Soferii nu respecta orele de plecare. Nu poti să-ți faci un program.
Schimbati sistemul de abonamente, e din anii '90",aglomeratie,0
281,"aspect: punctualitate. text: Servicii de toata jena. Soferii nu respecta orele de plecare. Nu poti să-ți faci un program.
Schimbati sistemul de abonamente, e din anii '90",punctualitate,0
281,"aspect: informare_calatori. text: Servicii de toata jena. Soferii nu respecta orele de plecare. Nu poti să-ți faci un program.
Schimbati sistemul de abonamente, e din anii '90",informare_calatori,0
281,"aspect: stare_vehicule. text: Servicii de toata jena. Soferii nu respecta orele de plecare. Nu poti să-ți faci un program.
Schimbati sistemul de abonamente, e din anii '90",stare_vehicule,0
100,"aspect: siguranta. text: Buna seara. Astazi, 15.08.2020, in jurul orei 23.00, am ajuns la Capat Dancu, in statia de tramvai, mergând cu cursa speciala ce merge înspre Dancu.. Eram impreuna cu sora mea si cu logodnica mea, ajungem in statie, moment in care le las pe ele doua sa coboare, iar in clipa in care dau si eu sa cobor, mi se inchide usa in fata, imi retrag repede piciorul incat sa nu-mi fie prins intre cele doua usi, iar autobuzul incepe usor a merge, pleca.. In acel moment am tot încercat sa apăs pe fiece buton încât sa mi se poata deschide usa si sa cobor... Usa nu s-a deschis iar autobuzul a pornit.. Incep sa-l strig pe soferul in cauza, sa-l rog sa-mi deschida usa, moment in care el mi-a raspuns cu nonșalanță, initial, sa ma îndrept spre ieșirea din mijloc, eu fiind in partea din spate a masini.. Ma îndrept repede spre ieșirea din mijloc iar acesta tot nu-mi deschide usa.. Incerc iarasi sa insist, ca mai apoi, speriat fiind si totodata indignat, nervos, pe situația in cauza, am ridicat vocea incat sa ma auda soferul si l-am rugat din nou sa oprească mijlocul de transport... Acesta imi raspunde cu "" nu se coboară aici! "" , fapt ce m-a deranjat si mai tare si i-am spus acestuia ca am vrut, dat, sa cobor in Dancu, dar ca acesta mi-a închis usa in nas, si am insistat din nou, mai tare, ca acesta sa-mi deschisă usa... Intr-un final ma lasa la o oarecare distanta si imi transmite sa "" cobor d******i mai repede.. 
Nu mi se pare normal sa se întâmple astfel de situații in cadrul unei firme de transport public ce ar trebui, teoretic, sa ofere călătorilor ideea de siguranta, cat si călătoria intr-un mediu decent, si totodata nu este deloc ok faptul ca am ajuns sa fiu jignit, fara moriv, de acest individ, mai ales avand in vedere cati bani investeste fiece persoana in aceasta firma, lunar, incat sa poata calatori... 
Aceasta nu este prima situatie de genul peste care am dat in cadrul Ctp-ului, dar garantat o sa fie ultima. 
Din pacate o sa fiu nevoit sa fac o plângere, reclamatie, in urma acestor intamplari pentru ca nu este deloc ok ce s-a intamplat.... Si daca nu se întâmplă nimic, in caz contrar, sunt dispus sa merg mai departe.",siguranta,1
100,"aspect: soferi_vatmani. text: Buna seara. Astazi, 15.08.2020, in jurul orei 23.00, am ajuns la Capat Dancu, in statia de tramvai, mergând cu cursa speciala ce merge înspre Dancu.. Eram impreuna cu sora mea si cu logodnica mea, ajungem in statie, moment in care le las pe ele doua sa coboare, iar in clipa in care dau si eu sa cobor, mi se inchide usa in fata, imi retrag repede piciorul incat sa nu-mi fie prins intre cele doua usi, iar autobuzul incepe usor a merge, pleca.. In acel moment am tot încercat sa apăs pe fiece buton încât sa mi se poata deschide usa si sa cobor... Usa nu s-a deschis iar autobuzul a pornit.. Incep sa-l strig pe soferul in cauza, sa-l rog sa-mi deschida usa, moment in care el mi-a raspuns cu nonșalanță, initial, sa ma îndrept spre ieșirea din mijloc, eu fiind in partea din spate a masini.. Ma îndrept repede spre ieșirea din mijloc iar acesta tot nu-mi deschide usa.. Incerc iarasi sa insist, ca mai apoi, speriat fiind si totodata indignat, nervos, pe situația in cauza, am ridicat vocea incat sa ma auda soferul si l-am rugat din nou sa oprească mijlocul de transport... Acesta imi raspunde cu "" nu se coboară aici! "" , fapt ce m-a deranjat si mai tare si i-am spus acestuia ca am vrut, dat, sa cobor in Dancu, dar ca acesta mi-a închis usa in nas, si am insistat din nou, mai tare, ca acesta sa-mi deschisă usa... Intr-un final ma lasa la o oarecare distanta si imi transmite sa "" cobor d******i mai repede.. 
Nu mi se pare normal sa se întâmple astfel de situații in cadrul unei firme de transport public ce ar trebui, teoretic, sa ofere călătorilor ideea de siguranta, cat si călătoria intr-un mediu decent, si totodata nu este deloc ok faptul ca am ajuns sa fiu jignit, fara moriv, de acest individ, mai ales avand in vedere cati bani investeste fiece persoana in aceasta firma, lunar, incat sa poata calatori... 
Aceasta nu este prima situatie de genul peste care am dat in cadrul Ctp-ului, dar garantat o sa fie ultima. 
Din pacate o sa fiu nevoit sa fac o plângere, reclamatie, in urma acestor intamplari pentru ca nu este deloc ok ce s-a intamplat.... Si daca nu se întâmplă nimic, in caz contrar, sunt dispus sa merg mai departe.",soferi_vatmani,1
100,"aspect: acoperire_rute. text: Buna seara. Astazi, 15.08.2020, in jurul orei 23.00, am ajuns la Capat Dancu, in statia de tramvai, mergând cu cursa speciala ce merge înspre Dancu.. Eram impreuna cu sora mea si cu logodnica mea, ajungem in statie, moment in care le las pe ele doua sa coboare, iar in clipa in care dau si eu sa cobor, mi se inchide usa in fata, imi retrag repede piciorul incat sa nu-mi fie prins intre cele doua usi, iar autobuzul incepe usor a merge, pleca.. In acel moment am tot încercat sa apăs pe fiece buton încât sa mi se poata deschide usa si sa cobor... Usa nu s-a deschis iar autobuzul a pornit.. Incep sa-l strig pe soferul in cauza, sa-l rog sa-mi deschida usa, moment in care el mi-a raspuns cu nonșalanță, initial, sa ma îndrept spre ieșirea din mijloc, eu fiind in partea din spate a masini.. Ma îndrept repede spre ieșirea din mijloc iar acesta tot nu-mi deschide usa.. Incerc iarasi sa insist, ca mai apoi, speriat fiind si totodata indignat, nervos, pe situația in cauza, am ridicat vocea incat sa ma auda soferul si l-am rugat din nou sa oprească mijlocul de transport... Acesta imi raspunde cu "" nu se coboară aici! "" , fapt ce m-a deranjat si mai tare si i-am spus acestuia ca am vrut, dat, sa cobor in Dancu, dar ca acesta mi-a închis usa in nas, si am insistat din nou, mai tare, ca acesta sa-mi deschisă usa... Intr-un final ma lasa la o oarecare distanta si imi transmite sa "" cobor d******i mai repede.. 
Nu mi se pare normal sa se întâmple astfel de situații in cadrul unei firme de transport public ce ar trebui, teoretic, sa ofere călătorilor ideea de siguranta, cat si călătoria intr-un mediu decent, si totodata nu este deloc ok faptul ca am ajuns sa fiu jignit, fara moriv, de acest individ, mai ales avand in vedere cati bani investeste fiece persoana in aceasta firma, lunar, incat sa poata calatori... 
Aceasta nu este prima situatie de genul peste care am dat in cadrul Ctp-ului, dar garantat o sa fie ultima. 
Din pacate o sa fiu nevoit sa fac o plângere, reclamatie, in urma acestor intamplari pentru ca nu este deloc ok ce s-a intamplat.... Si daca nu se întâmplă nimic, in caz contrar, sunt dispus sa merg mai departe.",acoperire_rute,0
100,"aspect: validare_bilete. text: Buna seara. Astazi, 15.08.2020, in jurul orei 23.00, am ajuns la Capat Dancu, in statia de tramvai, mergând cu cursa speciala ce merge înspre Dancu.. Eram impreuna cu sora mea si cu logodnica mea, ajungem in statie, moment in care le las pe ele doua sa coboare, iar in clipa in care dau si eu sa cobor, mi se inchide usa in fata, imi retrag repede piciorul incat sa nu-mi fie prins intre cele doua usi, iar autobuzul incepe usor a merge, pleca.. In acel moment am tot încercat sa apăs pe fiece buton încât sa mi se poata deschide usa si sa cobor... Usa nu s-a deschis iar autobuzul a pornit.. Incep sa-l strig pe soferul in cauza, sa-l rog sa-mi deschida usa, moment in care el mi-a raspuns cu nonșalanță, initial, sa ma îndrept spre ieșirea din mijloc, eu fiind in partea din spate a masini.. Ma îndrept repede spre ieșirea din mijloc iar acesta tot nu-mi deschide usa.. Incerc iarasi sa insist, ca mai apoi, speriat fiind si totodata indignat, nervos, pe situația in cauza, am ridicat vocea incat sa ma auda soferul si l-am rugat din nou sa oprească mijlocul de transport... Acesta imi raspunde cu "" nu se coboară aici! "" , fapt ce m-a deranjat si mai tare si i-am spus acestuia ca am vrut, dat, sa cobor in Dancu, dar ca acesta mi-a închis usa in nas, si am insistat din nou, mai tare, ca acesta sa-mi deschisă usa... Intr-un final ma lasa la o oarecare distanta si imi transmite sa "" cobor d******i mai repede.. 
Nu mi se pare normal sa se întâmple astfel de situații in cadrul unei firme de transport public ce ar trebui, teoretic, sa ofere călătorilor ideea de siguranta, cat si călătoria intr-un mediu decent, si totodata nu este deloc ok faptul ca am ajuns sa fiu jignit, fara moriv, de acest individ, mai ales avand in vedere cati bani investeste fiece persoana in aceasta firma, lunar, incat sa poata calatori... 
Aceasta nu este prima situatie de genul peste care am dat in cadrul Ctp-ului, dar garantat o sa fie ultima. 
Din pacate o sa fiu nevoit sa fac o plângere, reclamatie, in urma acestor intamplari pentru ca nu este deloc ok ce s-a intamplat.... Si daca nu se întâmplă nimic, in caz contrar, sunt dispus sa merg mai departe.",validare_bilete,0
100,"aspect: frecventa. text: Buna seara. Astazi, 15.08.2020, in jurul orei 23.00, am ajuns la Capat Dancu, in statia de tramvai, mergând cu cursa speciala ce merge înspre Dancu.. Eram impreuna cu sora mea si cu logodnica mea, ajungem in statie, moment in care le las pe ele doua sa coboare, iar in clipa in care dau si eu sa cobor, mi se inchide usa in fata, imi retrag repede piciorul incat sa nu-mi fie prins intre cele doua usi, iar autobuzul incepe usor a merge, pleca.. In acel moment am tot încercat sa apăs pe fiece buton încât sa mi se poata deschide usa si sa cobor... Usa nu s-a deschis iar autobuzul a pornit.. Incep sa-l strig pe soferul in cauza, sa-l rog sa-mi deschida usa, moment in care el mi-a raspuns cu nonșalanță, initial, sa ma îndrept spre ieșirea din mijloc, eu fiind in partea din spate a masini.. Ma îndrept repede spre ieșirea din mijloc iar acesta tot nu-mi deschide usa.. Incerc iarasi sa insist, ca mai apoi, speriat fiind si totodata indignat, nervos, pe situația in cauza, am ridicat vocea incat sa ma auda soferul si l-am rugat din nou sa oprească mijlocul de transport... Acesta imi raspunde cu "" nu se coboară aici! "" , fapt ce m-a deranjat si mai tare si i-am spus acestuia ca am vrut, dat, sa cobor in Dancu, dar ca acesta mi-a închis usa in nas, si am insistat din nou, mai tare, ca acesta sa-mi deschisă usa... Intr-un final ma lasa la o oarecare distanta si imi transmite sa "" cobor d******i mai repede.. 
Nu mi se pare normal sa se întâmple astfel de situații in cadrul unei firme de transport public ce ar trebui, teoretic, sa ofere călătorilor ideea de siguranta, cat si călătoria intr-un mediu decent, si totodata nu este deloc ok faptul ca am ajuns sa fiu jignit, fara moriv, de acest individ, mai ales avand in vedere cati bani investeste fiece persoana in aceasta firma, lunar, incat sa poata calatori... 
Aceasta nu este prima situatie de genul peste care am dat in cadrul Ctp-ului, dar garantat o sa fie ultima. 
Din pacate o sa fiu nevoit sa fac o plângere, reclamatie, in urma acestor intamplari pentru ca nu este deloc ok ce s-a intamplat.... Si daca nu se întâmplă nimic, in caz contrar, sunt dispus sa merg mai departe.",frecventa,0
100,"aspect: confort_termic. text: Buna seara. Astazi, 15.08.2020, in jurul orei 23.00, am ajuns la Capat Dancu, in statia de tramvai, mergând cu cursa speciala ce merge înspre Dancu.. Eram impreuna cu sora mea si cu logodnica mea, ajungem in statie, moment in care le las pe ele doua sa coboare, iar in clipa in care dau si eu sa cobor, mi se inchide usa in fata, imi retrag repede piciorul incat sa nu-mi fie prins intre cele doua usi, iar autobuzul incepe usor a merge, pleca.. In acel moment am tot încercat sa apăs pe fiece buton încât sa mi se poata deschide usa si sa cobor... Usa nu s-a deschis iar autobuzul a pornit.. Incep sa-l strig pe soferul in cauza, sa-l rog sa-mi deschida usa, moment in care el mi-a raspuns cu nonșalanță, initial, sa ma îndrept spre ieșirea din mijloc, eu fiind in partea din spate a masini.. Ma îndrept repede spre ieșirea din mijloc iar acesta tot nu-mi deschide usa.. Incerc iarasi sa insist, ca mai apoi, speriat fiind si totodata indignat, nervos, pe situația in cauza, am ridicat vocea incat sa ma auda soferul si l-am rugat din nou sa oprească mijlocul de transport... Acesta imi raspunde cu "" nu se coboară aici! "" , fapt ce m-a deranjat si mai tare si i-am spus acestuia ca am vrut, dat, sa cobor in Dancu, dar ca acesta mi-a închis usa in nas, si am insistat din nou, mai tare, ca acesta sa-mi deschisă usa... Intr-un final ma lasa la o oarecare distanta si imi transmite sa "" cobor d******i mai repede.. 
Nu mi se pare normal sa se întâmple astfel de situații in cadrul unei firme de transport public ce ar trebui, teoretic, sa ofere călătorilor ideea de siguranta, cat si călătoria intr-un mediu decent, si totodata nu este deloc ok faptul ca am ajuns sa fiu jignit, fara moriv, de acest individ, mai ales avand in vedere cati bani investeste fiece persoana in aceasta firma, lunar, incat sa poata calatori... 
Aceasta nu este prima situatie de genul peste care am dat in cadrul Ctp-ului, dar garantat o sa fie ultima. 
Din pacate o sa fiu nevoit sa fac o plângere, reclamatie, in urma acestor intamplari pentru ca nu este deloc ok ce s-a intamplat.... Si daca nu se întâmplă nimic, in caz contrar, sunt dispus sa merg mai departe.",confort_termic,0
100,"aspect: curatenie. text: Buna seara. Astazi, 15.08.2020, in jurul orei 23.00, am ajuns la Capat Dancu, in statia de tramvai, mergând cu cursa speciala ce merge înspre Dancu.. Eram impreuna cu sora mea si cu logodnica mea, ajungem in statie, moment in care le las pe ele doua sa coboare, iar in clipa in care dau si eu sa cobor, mi se inchide usa in fata, imi retrag repede piciorul incat sa nu-mi fie prins intre cele doua usi, iar autobuzul incepe usor a merge, pleca.. In acel moment am tot încercat sa apăs pe fiece buton încât sa mi se poata deschide usa si sa cobor... Usa nu s-a deschis iar autobuzul a pornit.. Incep sa-l strig pe soferul in cauza, sa-l rog sa-mi deschida usa, moment in care el mi-a raspuns cu nonșalanță, initial, sa ma îndrept spre ieșirea din mijloc, eu fiind in partea din spate a masini.. Ma îndrept repede spre ieșirea din mijloc iar acesta tot nu-mi deschide usa.. Incerc iarasi sa insist, ca mai apoi, speriat fiind si totodata indignat, nervos, pe situația in cauza, am ridicat vocea incat sa ma auda soferul si l-am rugat din nou sa oprească mijlocul de transport... Acesta imi raspunde cu "" nu se coboară aici! "" , fapt ce m-a deranjat si mai tare si i-am spus acestuia ca am vrut, dat, sa cobor in Dancu, dar ca acesta mi-a închis usa in nas, si am insistat din nou, mai tare, ca acesta sa-mi deschisă usa... Intr-un final ma lasa la o oarecare distanta si imi transmite sa "" cobor d******i mai repede.. 
Nu mi se pare normal sa se întâmple astfel de situații in cadrul unei firme de transport public ce ar trebui, teoretic, sa ofere călătorilor ideea de siguranta, cat si călătoria intr-un mediu decent, si totodata nu este deloc ok faptul ca am ajuns sa fiu jignit, fara moriv, de acest individ, mai ales avand in vedere cati bani investeste fiece persoana in aceasta firma, lunar, incat sa poata calatori... 
Aceasta nu este prima situatie de genul peste care am dat in cadrul Ctp-ului, dar garantat o sa fie ultima. 
Din pacate o sa fiu nevoit sa fac o plângere, reclamatie, in urma acestor intamplari pentru ca nu este deloc ok ce s-a intamplat.... Si daca nu se întâmplă nimic, in caz contrar, sunt dispus sa merg mai departe.",curatenie,0
100,"aspect: punctualitate. text: Buna seara. Astazi, 15.08.2020, in jurul orei 23.00, am ajuns la Capat Dancu, in statia de tramvai, mergând cu cursa speciala ce merge înspre Dancu.. Eram impreuna cu sora mea si cu logodnica mea, ajungem in statie, moment in care le las pe ele doua sa coboare, iar in clipa in care dau si eu sa cobor, mi se inchide usa in fata, imi retrag repede piciorul incat sa nu-mi fie prins intre cele doua usi, iar autobuzul incepe usor a merge, pleca.. In acel moment am tot încercat sa apăs pe fiece buton încât sa mi se poata deschide usa si sa cobor... Usa nu s-a deschis iar autobuzul a pornit.. Incep sa-l strig pe soferul in cauza, sa-l rog sa-mi deschida usa, moment in care el mi-a raspuns cu nonșalanță, initial, sa ma îndrept spre ieșirea din mijloc, eu fiind in partea din spate a masini.. Ma îndrept repede spre ieșirea din mijloc iar acesta tot nu-mi deschide usa.. Incerc iarasi sa insist, ca mai apoi, speriat fiind si totodata indignat, nervos, pe situația in cauza, am ridicat vocea incat sa ma auda soferul si l-am rugat din nou sa oprească mijlocul de transport... Acesta imi raspunde cu "" nu se coboară aici! "" , fapt ce m-a deranjat si mai tare si i-am spus acestuia ca am vrut, dat, sa cobor in Dancu, dar ca acesta mi-a închis usa in nas, si am insistat din nou, mai tare, ca acesta sa-mi deschisă usa... Intr-un final ma lasa la o oarecare distanta si imi transmite sa "" cobor d******i mai repede.. 
Nu mi se pare normal sa se întâmple astfel de situații in cadrul unei firme de transport public ce ar trebui, teoretic, sa ofere călătorilor ideea de siguranta, cat si călătoria intr-un mediu decent, si totodata nu este deloc ok faptul ca am ajuns sa fiu jignit, fara moriv, de acest individ, mai ales avand in vedere cati bani investeste fiece persoana in aceasta firma, lunar, incat sa poata calatori... 
Aceasta nu este prima situatie de genul peste care am dat in cadrul Ctp-ului, dar garantat o sa fie ultima. 
Din pacate o sa fiu nevoit sa fac o plângere, reclamatie, in urma acestor intamplari pentru ca nu este deloc ok ce s-a intamplat.... Si daca nu se întâmplă nimic, in caz contrar, sunt dispus sa merg mai departe.",punctualitate,0
SIM_015,aspect: confort_termic. text: Nu există aer condiționat în jumătate din autobuze. La 37 de grade afară e inuman. Am ajuns la serviciu transpirat complet după 20 de minute de mers.,confort_termic,1
SIM_015,aspect: siguranta. text: Nu există aer condiționat în jumătate din autobuze. La 37 de grade afară e inuman. Am ajuns la serviciu transpirat complet după 20 de minute de mers.,siguranta,0
SIM_015,aspect: organizare. text: Nu există aer condiționat în jumătate din autobuze. La 37 de grade afară e inuman. Am ajuns la serviciu transpirat complet după 20 de minute de mers.,organizare,0
SIM_015,aspect: pret. text: Nu există aer condiționat în jumătate din autobuze. La 37 de grade afară e inuman. Am ajuns la serviciu transpirat complet după 20 de minute de mers.,pret,0
68,"aspect: aglomeratie. text: Sunteți mizerabili,sunteți o rușine pentru orașul Iași, cum e posibil sa stai în stație(stație Flora), 25 minute, la ora 7 dimineața, la - 15 grade sa vina un amarat de tramvai care și ala plin de oameni! Sunteți încă o data MIZERABILI!",aglomeratie,1
68,"aspect: confort_termic. text: Sunteți mizerabili,sunteți o rușine pentru orașul Iași, cum e posibil sa stai în stație(stație Flora), 25 minute, la ora 7 dimineața, la - 15 grade sa vina un amarat de tramvai care și ala plin de oameni! Sunteți încă o data MIZERABILI!",confort_termic,1
68,"aspect: frecventa. text: Sunteți mizerabili,sunteți o rușine pentru orașul Iași, cum e posibil sa stai în stație(stație Flora), 25 minute, la ora 7 dimineața, la - 15 grade sa vina un amarat de tramvai care și ala plin de oameni! Sunteți încă o data MIZERABILI!",frecventa,1
68,"aspect: stare_vehicule. text: Sunteți mizerabili,sunteți o rușine pentru orașul Iași, cum e posibil sa stai în stație(stație Flora), 25 minute, la ora 7 dimineața, la - 15 grade sa vina un amarat de tramvai care și ala plin de oameni! Sunteți încă o data MIZERABILI!",stare_vehicule,0
68,"aspect: pret. text: Sunteți mizerabili,sunteți o rușine pentru orașul Iași, cum e posibil sa stai în stație(stație Flora), 25 minute, la ora 7 dimineața, la - 15 grade sa vina un amarat de tramvai care și ala plin de oameni! Sunteți încă o data MIZERABILI!",pret,0
68,"aspect: relatii_clienti. text: Sunteți mizerabili,sunteți o rușine pentru orașul Iași, cum e posibil sa stai în stație(stație Flora), 25 minute, la ora 7 dimineața, la - 15 grade sa vina un amarat de tramvai care și ala plin de oameni! Sunteți încă o data MIZERABILI!",relatii_clienti,0
68,"aspect: acoperire_rute. text: Sunteți mizerabili,sunteți o rușine pentru orașul Iași, cum e posibil sa stai în stație(stație Flora), 25 minute, la ora 7 dimineața, la - 15 grade sa vina un amarat de tramvai care și ala plin de oameni! Sunteți încă o data MIZERABILI!",acoperire_rute,0
68,"aspect: controlori. text: Sunteți mizerabili,sunteți o rușine pentru orașul Iași, cum e posibil sa stai în stație(stație Flora), 25 minute, la ora 7 dimineața, la - 15 grade sa vina un amarat de tramvai care și ala plin de oameni! Sunteți încă o data MIZERABILI!",controlori,0
68,"aspect: soferi_vatmani. text: Sunteți mizerabili,sunteți o rușine pentru orașul Iași, cum e posibil sa stai în stație(stație Flora), 25 minute, la ora 7 dimineața, la - 15 grade sa vina un amarat de tramvai care și ala plin de oameni! Sunteți încă o data MIZERABILI!",soferi_vatmani,0
68,"aspect: organizare. text: Sunteți mizerabili,sunteți o rușine pentru orașul Iași, cum e posibil sa stai în stație(stație Flora), 25 minute, la ora 7 dimineața, la - 15 grade sa vina un amarat de tramvai care și ala plin de oameni! Sunteți încă o data MIZERABILI!",organizare,0
68,"aspect: punctualitate. text: Sunteți mizerabili,sunteți o rușine pentru orașul Iași, cum e posibil sa stai în stație(stație Flora), 25 minute, la ora 7 dimineața, la - 15 grade sa vina un amarat de tramvai care și ala plin de oameni! Sunteți încă o data MIZERABILI!",punctualitate,0
68,"aspect: infrastructura_statii. text: Sunteți mizerabili,sunteți o rușine pentru orașul Iași, cum e posibil sa stai în stație(stație Flora), 25 minute, la ora 7 dimineața, la - 15 grade sa vina un amarat de tramvai care și ala plin de oameni! Sunteți încă o data MIZERABILI!",infrastructura_statii,0
57,"aspect: controlori. text: Angajați ca controlori oameni care nu știu sa vorbească. 
Se comporta cu copii foarte urat,cu amenințări. 
Poate mai sunt și persoane ce vor sa se angajeze cu 12 clase promovate",controlori,1
57,"aspect: acoperire_rute. text: Angajați ca controlori oameni care nu știu sa vorbească. 
Se comporta cu copii foarte urat,cu amenințări. 
Poate mai sunt și persoane ce vor sa se angajeze cu 12 clase promovate",acoperire_rute,0
57,"aspect: stare_vehicule. text: Angajați ca controlori oameni care nu știu sa vorbească. 
Se comporta cu copii foarte urat,cu amenințări. 
Poate mai sunt și persoane ce vor sa se angajeze cu 12 clase promovate",stare_vehicule,0
57,"aspect: informare_calatori. text: Angajați ca controlori oameni care nu știu sa vorbească. 
Se comporta cu copii foarte urat,cu amenințări. 
Poate mai sunt și persoane ce vor sa se angajeze cu 12 clase promovate",informare_calatori,0
134,"aspect: frecventa. text: putine autobuze pe trasee aglomerate, respectiv siferii ce nu doresc sa deschida usa din fata",frecventa,1
134,"aspect: soferi_vatmani. text: putine autobuze pe trasee aglomerate, respectiv siferii ce nu doresc sa deschida usa din fata",soferi_vatmani,1
134,"aspect: punctualitate. text: putine autobuze pe trasee aglomerate, respectiv siferii ce nu doresc sa deschida usa din fata",punctualitate,0
134,"aspect: pret. text: putine autobuze pe trasee aglomerate, respectiv siferii ce nu doresc sa deschida usa din fata",pret,0
134,"aspect: confort_termic. text: putine autobuze pe trasee aglomerate, respectiv siferii ce nu doresc sa deschida usa din fata",confort_termic,0
134,"aspect: infrastructura_statii. text: putine autobuze pe trasee aglomerate, respectiv siferii ce nu doresc sa deschida usa din fata",infrastructura_statii,0
134,"aspect: siguranta. text: putine autobuze pe trasee aglomerate, respectiv siferii ce nu doresc sa deschida usa din fata",siguranta,0
134,"aspect: acoperire_rute. text: putine autobuze pe trasee aglomerate, respectiv siferii ce nu doresc sa deschida usa din fata",acoperire_rute,0
229,"aspect: controlori. text: Dezamăgitoare atitudinea celor care controlează biletele. Având în vedere ca eram cu un copil în brațe au început să urle la mine ca am luat bilet greșit pentru ca nu mă aflam în zona care era pe bilet. Eu îmi asum greșelile dar nu accept atitudine sălbatică față de mine și copilul meu. Eu cred ca se poate vorbi civilizat, dar nu este cazul unora. Poate ar fi bine să sancționăm și noi, nu doar să fim sancționați.
Mai mult respect!!!",controlori,1
229,"aspect: frecventa. text: Dezamăgitoare atitudinea celor care controlează biletele. Având în vedere ca eram cu un copil în brațe au început să urle la mine ca am luat bilet greșit pentru ca nu mă aflam în zona care era pe bilet. Eu îmi asum greșelile dar nu accept atitudine sălbatică față de mine și copilul meu. Eu cred ca se poate vorbi civilizat, dar nu este cazul unora. Poate ar fi bine să sancționăm și noi, nu doar să fim sancționați.
Mai mult respect!!!",frecventa,0
229,"aspect: informare_calatori. text: Dezamăgitoare atitudinea celor care controlează biletele. Având în vedere ca eram cu un copil în brațe au început să urle la mine ca am luat bilet greșit pentru ca nu mă aflam în zona care era pe bilet. Eu îmi asum greșelile dar nu accept atitudine sălbatică față de mine și copilul meu. Eu cred ca se poate vorbi civilizat, dar nu este cazul unora. Poate ar fi bine să sancționăm și noi, nu doar să fim sancționați.
Mai mult respect!!!",informare_calatori,0
229,"aspect: soferi_vatmani. text: Dezamăgitoare atitudinea celor care controlează biletele. Având în vedere ca eram cu un copil în brațe au început să urle la mine ca am luat bilet greșit pentru ca nu mă aflam în zona care era pe bilet. Eu îmi asum greșelile dar nu accept atitudine sălbatică față de mine și copilul meu. Eu cred ca se poate vorbi civilizat, dar nu este cazul unora. Poate ar fi bine să sancționăm și noi, nu doar să fim sancționați.
Mai mult respect!!!",soferi_vatmani,0
SIM_002,"aspect: controlori. text: Ca să fiu sincer, controlorii pe care i-am întâlnit eu și-au făcut treaba fără să deranjeze pe nimeni. Nici prea agresivi, nici prea relaxați. Normal.",controlori,1
SIM_002,"aspect: stare_vehicule. text: Ca să fiu sincer, controlorii pe care i-am întâlnit eu și-au făcut treaba fără să deranjeze pe nimeni. Nici prea agresivi, nici prea relaxați. Normal.",stare_vehicule,0
SIM_002,"aspect: acoperire_rute. text: Ca să fiu sincer, controlorii pe care i-am întâlnit eu și-au făcut treaba fără să deranjeze pe nimeni. Nici prea agresivi, nici prea relaxați. Normal.",acoperire_rute,0
SIM_002,"aspect: informare_calatori. text: Ca să fiu sincer, controlorii pe care i-am întâlnit eu și-au făcut treaba fără să deranjeze pe nimeni. Nici prea agresivi, nici prea relaxați. Normal.",informare_calatori,0
47,aspect: organizare. text: De 2 zile blocaje in zona industriala....dimineata cand mergem la scoala si la servici.....tramvaie care strica.... bagati toate vechiturle...nu va pasa de noi....,organizare,1
47,aspect: stare_vehicule. text: De 2 zile blocaje in zona industriala....dimineata cand mergem la scoala si la servici.....tramvaie care strica.... bagati toate vechiturle...nu va pasa de noi....,stare_vehicule,1
47,aspect: controlori. text: De 2 zile blocaje in zona industriala....dimineata cand mergem la scoala si la servici.....tramvaie care strica.... bagati toate vechiturle...nu va pasa de noi....,controlori,0
47,aspect: relatii_clienti. text: De 2 zile blocaje in zona industriala....dimineata cand mergem la scoala si la servici.....tramvaie care strica.... bagati toate vechiturle...nu va pasa de noi....,relatii_clienti,0
47,aspect: validare_bilete. text: De 2 zile blocaje in zona industriala....dimineata cand mergem la scoala si la servici.....tramvaie care strica.... bagati toate vechiturle...nu va pasa de noi....,validare_bilete,0
47,aspect: soferi_vatmani. text: De 2 zile blocaje in zona industriala....dimineata cand mergem la scoala si la servici.....tramvaie care strica.... bagati toate vechiturle...nu va pasa de noi....,soferi_vatmani,0
47,aspect: aglomeratie. text: De 2 zile blocaje in zona industriala....dimineata cand mergem la scoala si la servici.....tramvaie care strica.... bagati toate vechiturle...nu va pasa de noi....,aglomeratie,0
47,aspect: frecventa. text: De 2 zile blocaje in zona industriala....dimineata cand mergem la scoala si la servici.....tramvaie care strica.... bagati toate vechiturle...nu va pasa de noi....,frecventa,0
SIM_009,"aspect: pret. text: Folosesc abonamentul lunar de vreo 3 ani. Prețul a crescut în timp, e adevărat, dar raportat la cât călătoresc tot iese mai ieftin decât mașina. Nu sunt nici mulțumit nici nemulțumit, e ce e.",pret,1
SIM_009,"aspect: soferi_vatmani. text: Folosesc abonamentul lunar de vreo 3 ani. Prețul a crescut în timp, e adevărat, dar raportat la cât călătoresc tot iese mai ieftin decât mașina. Nu sunt nici mulțumit nici nemulțumit, e ce e.",soferi_vatmani,0
SIM_009,"aspect: organizare. text: Folosesc abonamentul lunar de vreo 3 ani. Prețul a crescut în timp, e adevărat, dar raportat la cât călătoresc tot iese mai ieftin decât mașina. Nu sunt nici mulțumit nici nemulțumit, e ce e.",organizare,0
SIM_009,"aspect: informare_calatori. text: Folosesc abonamentul lunar de vreo 3 ani. Prețul a crescut în timp, e adevărat, dar raportat la cât călătoresc tot iese mai ieftin decât mașina. Nu sunt nici mulțumit nici nemulțumit, e ce e.",informare_calatori,0
152,"aspect: frecventa. text: Seara dupa 22:30 sa nu cumva sa crezi ca mai prinzi vreun autobuz pe rutele 19 sau 30 de la gara spre Podu Ros. Trec toate pe langa tine “curse speciale”, se grabesc sa se duca la garaj. Chiar nu pot lua pasageri, nu? Doar e in drum. Din an in pasti mai e cate un sofer care e ok si face exceptie (in general pe ruta 30b), dar restul, nu se poate, dom’le.",frecventa,1
152,"aspect: soferi_vatmani. text: Seara dupa 22:30 sa nu cumva sa crezi ca mai prinzi vreun autobuz pe rutele 19 sau 30 de la gara spre Podu Ros. Trec toate pe langa tine “curse speciale”, se grabesc sa se duca la garaj. Chiar nu pot lua pasageri, nu? Doar e in drum. Din an in pasti mai e cate un sofer care e ok si face exceptie (in general pe ruta 30b), dar restul, nu se poate, dom’le.",soferi_vatmani,1
152,"aspect: punctualitate. text: Seara dupa 22:30 sa nu cumva sa crezi ca mai prinzi vreun autobuz pe rutele 19 sau 30 de la gara spre Podu Ros. Trec toate pe langa tine “curse speciale”, se grabesc sa se duca la garaj. Chiar nu pot lua pasageri, nu? Doar e in drum. Din an in pasti mai e cate un sofer care e ok si face exceptie (in general pe ruta 30b), dar restul, nu se poate, dom’le.",punctualitate,0
152,"aspect: siguranta. text: Seara dupa 22:30 sa nu cumva sa crezi ca mai prinzi vreun autobuz pe rutele 19 sau 30 de la gara spre Podu Ros. Trec toate pe langa tine “curse speciale”, se grabesc sa se duca la garaj. Chiar nu pot lua pasageri, nu? Doar e in drum. Din an in pasti mai e cate un sofer care e ok si face exceptie (in general pe ruta 30b), dar restul, nu se poate, dom’le.",siguranta,0
152,"aspect: confort_termic. text: Seara dupa 22:30 sa nu cumva sa crezi ca mai prinzi vreun autobuz pe rutele 19 sau 30 de la gara spre Podu Ros. Trec toate pe langa tine “curse speciale”, se grabesc sa se duca la garaj. Chiar nu pot lua pasageri, nu? Doar e in drum. Din an in pasti mai e cate un sofer care e ok si face exceptie (in general pe ruta 30b), dar restul, nu se poate, dom’le.",confort_termic,0
152,"aspect: controlori. text: Seara dupa 22:30 sa nu cumva sa crezi ca mai prinzi vreun autobuz pe rutele 19 sau 30 de la gara spre Podu Ros. Trec toate pe langa tine “curse speciale”, se grabesc sa se duca la garaj. Chiar nu pot lua pasageri, nu? Doar e in drum. Din an in pasti mai e cate un sofer care e ok si face exceptie (in general pe ruta 30b), dar restul, nu se poate, dom’le.",controlori,0
152,"aspect: stare_vehicule. text: Seara dupa 22:30 sa nu cumva sa crezi ca mai prinzi vreun autobuz pe rutele 19 sau 30 de la gara spre Podu Ros. Trec toate pe langa tine “curse speciale”, se grabesc sa se duca la garaj. Chiar nu pot lua pasageri, nu? Doar e in drum. Din an in pasti mai e cate un sofer care e ok si face exceptie (in general pe ruta 30b), dar restul, nu se poate, dom’le.",stare_vehicule,0
152,"aspect: validare_bilete. text: Seara dupa 22:30 sa nu cumva sa crezi ca mai prinzi vreun autobuz pe rutele 19 sau 30 de la gara spre Podu Ros. Trec toate pe langa tine “curse speciale”, se grabesc sa se duca la garaj. Chiar nu pot lua pasageri, nu? Doar e in drum. Din an in pasti mai e cate un sofer care e ok si face exceptie (in general pe ruta 30b), dar restul, nu se poate, dom’le.",validare_bilete,0
106,"aspect: aglomeratie. text: In fiecare zi aștept in stație 30-45 minute ca să vina un tramvai în care sa nu am loc sa urc. Aloo!!!! Treziți-vă la realitate... Ce modernizare?! Fiecare face ce vrea în tramvai sau autobuz.. Nu se respecta regulile distantare și nici măcar cele de bun simt. Oamenii urca fără mănuși, iar masca a devenit un accesoriu pentru gușă. Ca sa existe distantare între oameni de ce nu suplimentati numărul de mijloace de transport? Dacă stam deja piele lângă piele cu omul care urca fără mănuși și cu masca sub nas este ceva normal? Normal este sa vina tramvaiul mai des ca să poată exista posibilitatea de a mai sta încă 10 minute în stație, dar sa știi ca nu trebuie sa suporți condițiile actuale de transport (zero aer condiționat, zero siguranță în condițiile actuale). În fiecare dimineață la ora 6:30-7:30 toti își arunca injurii pentru ca nu au loc în tramvai. Deci cand o sa avem mijloc transport civilizat și cu condiții de un oraș ce se crede a fi unul important?",aglomeratie,1
106,"aspect: confort_termic. text: In fiecare zi aștept in stație 30-45 minute ca să vina un tramvai în care sa nu am loc sa urc. Aloo!!!! Treziți-vă la realitate... Ce modernizare?! Fiecare face ce vrea în tramvai sau autobuz.. Nu se respecta regulile distantare și nici măcar cele de bun simt. Oamenii urca fără mănuși, iar masca a devenit un accesoriu pentru gușă. Ca sa existe distantare între oameni de ce nu suplimentati numărul de mijloace de transport? Dacă stam deja piele lângă piele cu omul care urca fără mănuși și cu masca sub nas este ceva normal? Normal este sa vina tramvaiul mai des ca să poată exista posibilitatea de a mai sta încă 10 minute în stație, dar sa știi ca nu trebuie sa suporți condițiile actuale de transport (zero aer condiționat, zero siguranță în condițiile actuale). În fiecare dimineață la ora 6:30-7:30 toti își arunca injurii pentru ca nu au loc în tramvai. Deci cand o sa avem mijloc transport civilizat și cu condiții de un oraș ce se crede a fi unul important?",confort_termic,1
106,"aspect: frecventa. text: In fiecare zi aștept in stație 30-45 minute ca să vina un tramvai în care sa nu am loc sa urc. Aloo!!!! Treziți-vă la realitate... Ce modernizare?! Fiecare face ce vrea în tramvai sau autobuz.. Nu se respecta regulile distantare și nici măcar cele de bun simt. Oamenii urca fără mănuși, iar masca a devenit un accesoriu pentru gușă. Ca sa existe distantare între oameni de ce nu suplimentati numărul de mijloace de transport? Dacă stam deja piele lângă piele cu omul care urca fără mănuși și cu masca sub nas este ceva normal? Normal este sa vina tramvaiul mai des ca să poată exista posibilitatea de a mai sta încă 10 minute în stație, dar sa știi ca nu trebuie sa suporți condițiile actuale de transport (zero aer condiționat, zero siguranță în condițiile actuale). În fiecare dimineață la ora 6:30-7:30 toti își arunca injurii pentru ca nu au loc în tramvai. Deci cand o sa avem mijloc transport civilizat și cu condiții de un oraș ce se crede a fi unul important?",frecventa,1
106,"aspect: pret. text: In fiecare zi aștept in stație 30-45 minute ca să vina un tramvai în care sa nu am loc sa urc. Aloo!!!! Treziți-vă la realitate... Ce modernizare?! Fiecare face ce vrea în tramvai sau autobuz.. Nu se respecta regulile distantare și nici măcar cele de bun simt. Oamenii urca fără mănuși, iar masca a devenit un accesoriu pentru gușă. Ca sa existe distantare între oameni de ce nu suplimentati numărul de mijloace de transport? Dacă stam deja piele lângă piele cu omul care urca fără mănuși și cu masca sub nas este ceva normal? Normal este sa vina tramvaiul mai des ca să poată exista posibilitatea de a mai sta încă 10 minute în stație, dar sa știi ca nu trebuie sa suporți condițiile actuale de transport (zero aer condiționat, zero siguranță în condițiile actuale). În fiecare dimineață la ora 6:30-7:30 toti își arunca injurii pentru ca nu au loc în tramvai. Deci cand o sa avem mijloc transport civilizat și cu condiții de un oraș ce se crede a fi unul important?",pret,0
106,"aspect: acoperire_rute. text: In fiecare zi aștept in stație 30-45 minute ca să vina un tramvai în care sa nu am loc sa urc. Aloo!!!! Treziți-vă la realitate... Ce modernizare?! Fiecare face ce vrea în tramvai sau autobuz.. Nu se respecta regulile distantare și nici măcar cele de bun simt. Oamenii urca fără mănuși, iar masca a devenit un accesoriu pentru gușă. Ca sa existe distantare între oameni de ce nu suplimentati numărul de mijloace de transport? Dacă stam deja piele lângă piele cu omul care urca fără mănuși și cu masca sub nas este ceva normal? Normal este sa vina tramvaiul mai des ca să poată exista posibilitatea de a mai sta încă 10 minute în stație, dar sa știi ca nu trebuie sa suporți condițiile actuale de transport (zero aer condiționat, zero siguranță în condițiile actuale). În fiecare dimineață la ora 6:30-7:30 toti își arunca injurii pentru ca nu au loc în tramvai. Deci cand o sa avem mijloc transport civilizat și cu condiții de un oraș ce se crede a fi unul important?",acoperire_rute,0
106,"aspect: curatenie. text: In fiecare zi aștept in stație 30-45 minute ca să vina un tramvai în care sa nu am loc sa urc. Aloo!!!! Treziți-vă la realitate... Ce modernizare?! Fiecare face ce vrea în tramvai sau autobuz.. Nu se respecta regulile distantare și nici măcar cele de bun simt. Oamenii urca fără mănuși, iar masca a devenit un accesoriu pentru gușă. Ca sa existe distantare între oameni de ce nu suplimentati numărul de mijloace de transport? Dacă stam deja piele lângă piele cu omul care urca fără mănuși și cu masca sub nas este ceva normal? Normal este sa vina tramvaiul mai des ca să poată exista posibilitatea de a mai sta încă 10 minute în stație, dar sa știi ca nu trebuie sa suporți condițiile actuale de transport (zero aer condiționat, zero siguranță în condițiile actuale). În fiecare dimineață la ora 6:30-7:30 toti își arunca injurii pentru ca nu au loc în tramvai. Deci cand o sa avem mijloc transport civilizat și cu condiții de un oraș ce se crede a fi unul important?",curatenie,0
106,"aspect: organizare. text: In fiecare zi aștept in stație 30-45 minute ca să vina un tramvai în care sa nu am loc sa urc. Aloo!!!! Treziți-vă la realitate... Ce modernizare?! Fiecare face ce vrea în tramvai sau autobuz.. Nu se respecta regulile distantare și nici măcar cele de bun simt. Oamenii urca fără mănuși, iar masca a devenit un accesoriu pentru gușă. Ca sa existe distantare între oameni de ce nu suplimentati numărul de mijloace de transport? Dacă stam deja piele lângă piele cu omul care urca fără mănuși și cu masca sub nas este ceva normal? Normal este sa vina tramvaiul mai des ca să poată exista posibilitatea de a mai sta încă 10 minute în stație, dar sa știi ca nu trebuie sa suporți condițiile actuale de transport (zero aer condiționat, zero siguranță în condițiile actuale). În fiecare dimineață la ora 6:30-7:30 toti își arunca injurii pentru ca nu au loc în tramvai. Deci cand o sa avem mijloc transport civilizat și cu condiții de un oraș ce se crede a fi unul important?",organizare,0
106,"aspect: validare_bilete. text: In fiecare zi aștept in stație 30-45 minute ca să vina un tramvai în care sa nu am loc sa urc. Aloo!!!! Treziți-vă la realitate... Ce modernizare?! Fiecare face ce vrea în tramvai sau autobuz.. Nu se respecta regulile distantare și nici măcar cele de bun simt. Oamenii urca fără mănuși, iar masca a devenit un accesoriu pentru gușă. Ca sa existe distantare între oameni de ce nu suplimentati numărul de mijloace de transport? Dacă stam deja piele lângă piele cu omul care urca fără mănuși și cu masca sub nas este ceva normal? Normal este sa vina tramvaiul mai des ca să poată exista posibilitatea de a mai sta încă 10 minute în stație, dar sa știi ca nu trebuie sa suporți condițiile actuale de transport (zero aer condiționat, zero siguranță în condițiile actuale). În fiecare dimineață la ora 6:30-7:30 toti își arunca injurii pentru ca nu au loc în tramvai. Deci cand o sa avem mijloc transport civilizat și cu condiții de un oraș ce se crede a fi unul important?",validare_bilete,0
106,"aspect: informare_calatori. text: In fiecare zi aștept in stație 30-45 minute ca să vina un tramvai în care sa nu am loc sa urc. Aloo!!!! Treziți-vă la realitate... Ce modernizare?! Fiecare face ce vrea în tramvai sau autobuz.. Nu se respecta regulile distantare și nici măcar cele de bun simt. Oamenii urca fără mănuși, iar masca a devenit un accesoriu pentru gușă. Ca sa existe distantare între oameni de ce nu suplimentati numărul de mijloace de transport? Dacă stam deja piele lângă piele cu omul care urca fără mănuși și cu masca sub nas este ceva normal? Normal este sa vina tramvaiul mai des ca să poată exista posibilitatea de a mai sta încă 10 minute în stație, dar sa știi ca nu trebuie sa suporți condițiile actuale de transport (zero aer condiționat, zero siguranță în condițiile actuale). În fiecare dimineață la ora 6:30-7:30 toti își arunca injurii pentru ca nu au loc în tramvai. Deci cand o sa avem mijloc transport civilizat și cu condiții de un oraș ce se crede a fi unul important?",informare_calatori,0
106,"aspect: soferi_vatmani. text: In fiecare zi aștept in stație 30-45 minute ca să vina un tramvai în care sa nu am loc sa urc. Aloo!!!! Treziți-vă la realitate... Ce modernizare?! Fiecare face ce vrea în tramvai sau autobuz.. Nu se respecta regulile distantare și nici măcar cele de bun simt. Oamenii urca fără mănuși, iar masca a devenit un accesoriu pentru gușă. Ca sa existe distantare între oameni de ce nu suplimentati numărul de mijloace de transport? Dacă stam deja piele lângă piele cu omul care urca fără mănuși și cu masca sub nas este ceva normal? Normal este sa vina tramvaiul mai des ca să poată exista posibilitatea de a mai sta încă 10 minute în stație, dar sa știi ca nu trebuie sa suporți condițiile actuale de transport (zero aer condiționat, zero siguranță în condițiile actuale). În fiecare dimineață la ora 6:30-7:30 toti își arunca injurii pentru ca nu au loc în tramvai. Deci cand o sa avem mijloc transport civilizat și cu condiții de un oraș ce se crede a fi unul important?",soferi_vatmani,0
106,"aspect: controlori. text: In fiecare zi aștept in stație 30-45 minute ca să vina un tramvai în care sa nu am loc sa urc. Aloo!!!! Treziți-vă la realitate... Ce modernizare?! Fiecare face ce vrea în tramvai sau autobuz.. Nu se respecta regulile distantare și nici măcar cele de bun simt. Oamenii urca fără mănuși, iar masca a devenit un accesoriu pentru gușă. Ca sa existe distantare între oameni de ce nu suplimentati numărul de mijloace de transport? Dacă stam deja piele lângă piele cu omul care urca fără mănuși și cu masca sub nas este ceva normal? Normal este sa vina tramvaiul mai des ca să poată exista posibilitatea de a mai sta încă 10 minute în stație, dar sa știi ca nu trebuie sa suporți condițiile actuale de transport (zero aer condiționat, zero siguranță în condițiile actuale). În fiecare dimineață la ora 6:30-7:30 toti își arunca injurii pentru ca nu au loc în tramvai. Deci cand o sa avem mijloc transport civilizat și cu condiții de un oraș ce se crede a fi unul important?",controlori,0
106,"aspect: stare_vehicule. text: In fiecare zi aștept in stație 30-45 minute ca să vina un tramvai în care sa nu am loc sa urc. Aloo!!!! Treziți-vă la realitate... Ce modernizare?! Fiecare face ce vrea în tramvai sau autobuz.. Nu se respecta regulile distantare și nici măcar cele de bun simt. Oamenii urca fără mănuși, iar masca a devenit un accesoriu pentru gușă. Ca sa existe distantare între oameni de ce nu suplimentati numărul de mijloace de transport? Dacă stam deja piele lângă piele cu omul care urca fără mănuși și cu masca sub nas este ceva normal? Normal este sa vina tramvaiul mai des ca să poată exista posibilitatea de a mai sta încă 10 minute în stație, dar sa știi ca nu trebuie sa suporți condițiile actuale de transport (zero aer condiționat, zero siguranță în condițiile actuale). În fiecare dimineață la ora 6:30-7:30 toti își arunca injurii pentru ca nu au loc în tramvai. Deci cand o sa avem mijloc transport civilizat și cu condiții de un oraș ce se crede a fi unul important?",stare_vehicule,0
SIM_074,aspect: validare_bilete. text: Am reușit să cumpăr bilet de la automat după o scurtă așteptare.,validare_bilete,1
SIM_074,aspect: informare_calatori. text: Am reușit să cumpăr bilet de la automat după o scurtă așteptare.,informare_calatori,0
SIM_074,aspect: soferi_vatmani. text: Am reușit să cumpăr bilet de la automat după o scurtă așteptare.,soferi_vatmani,0
SIM_074,aspect: acoperire_rute. text: Am reușit să cumpăr bilet de la automat după o scurtă așteptare.,acoperire_rute,0
266,aspect: aglomeratie. text: Autobuze la fel de aglomerate chiar si in pandemie.Nicio masura de protectie sau distantare.,aglomeratie,1
266,aspect: stare_vehicule. text: Autobuze la fel de aglomerate chiar si in pandemie.Nicio masura de protectie sau distantare.,stare_vehicule,0
266,aspect: organizare. text: Autobuze la fel de aglomerate chiar si in pandemie.Nicio masura de protectie sau distantare.,organizare,0
266,aspect: curatenie. text: Autobuze la fel de aglomerate chiar si in pandemie.Nicio masura de protectie sau distantare.,curatenie,0
7,"aspect: frecventa. text: Ce se întâmplă domnilor cu traseele 42 și 43.De la un timp de așteptare cât de cât decent acum două săptămâni (15-20 minute între autobuze ) s-a ajuns la 30-…doamne ajută.Așa încurajați cetățenii să renunțe mașină?Eu ,de exemplu,revin la mașină.Oricum nu interesează pe cineva din această companie,am risipit 5 minute din viața mea.",frecventa,1
7,"aspect: organizare. text: Ce se întâmplă domnilor cu traseele 42 și 43.De la un timp de așteptare cât de cât decent acum două săptămâni (15-20 minute între autobuze ) s-a ajuns la 30-…doamne ajută.Așa încurajați cetățenii să renunțe mașină?Eu ,de exemplu,revin la mașină.Oricum nu interesează pe cineva din această companie,am risipit 5 minute din viața mea.",organizare,1
7,"aspect: controlori. text: Ce se întâmplă domnilor cu traseele 42 și 43.De la un timp de așteptare cât de cât decent acum două săptămâni (15-20 minute între autobuze ) s-a ajuns la 30-…doamne ajută.Așa încurajați cetățenii să renunțe mașină?Eu ,de exemplu,revin la mașină.Oricum nu interesează pe cineva din această companie,am risipit 5 minute din viața mea.",controlori,0
7,"aspect: pret. text: Ce se întâmplă domnilor cu traseele 42 și 43.De la un timp de așteptare cât de cât decent acum două săptămâni (15-20 minute între autobuze ) s-a ajuns la 30-…doamne ajută.Așa încurajați cetățenii să renunțe mașină?Eu ,de exemplu,revin la mașină.Oricum nu interesează pe cineva din această companie,am risipit 5 minute din viața mea.",pret,0
7,"aspect: informare_calatori. text: Ce se întâmplă domnilor cu traseele 42 și 43.De la un timp de așteptare cât de cât decent acum două săptămâni (15-20 minute între autobuze ) s-a ajuns la 30-…doamne ajută.Așa încurajați cetățenii să renunțe mașină?Eu ,de exemplu,revin la mașină.Oricum nu interesează pe cineva din această companie,am risipit 5 minute din viața mea.",informare_calatori,0
7,"aspect: curatenie. text: Ce se întâmplă domnilor cu traseele 42 și 43.De la un timp de așteptare cât de cât decent acum două săptămâni (15-20 minute între autobuze ) s-a ajuns la 30-…doamne ajută.Așa încurajați cetățenii să renunțe mașină?Eu ,de exemplu,revin la mașină.Oricum nu interesează pe cineva din această companie,am risipit 5 minute din viața mea.",curatenie,0
7,"aspect: validare_bilete. text: Ce se întâmplă domnilor cu traseele 42 și 43.De la un timp de așteptare cât de cât decent acum două săptămâni (15-20 minute între autobuze ) s-a ajuns la 30-…doamne ajută.Așa încurajați cetățenii să renunțe mașină?Eu ,de exemplu,revin la mașină.Oricum nu interesează pe cineva din această companie,am risipit 5 minute din viața mea.",validare_bilete,0
7,"aspect: relatii_clienti. text: Ce se întâmplă domnilor cu traseele 42 și 43.De la un timp de așteptare cât de cât decent acum două săptămâni (15-20 minute între autobuze ) s-a ajuns la 30-…doamne ajută.Așa încurajați cetățenii să renunțe mașină?Eu ,de exemplu,revin la mașină.Oricum nu interesează pe cineva din această companie,am risipit 5 minute din viața mea.",relatii_clienti,0
36,aspect: infrastructura_statii. text: sunteți niște nesimțiți de la cel care spala podeaua până la burduhosul din biroul ctp.dupa mine v-as trage in țeapă pe toți.sa aveți un an frumos așa cum stam noi prin stații iarna.,infrastructura_statii,1
36,aspect: relatii_clienti. text: sunteți niște nesimțiți de la cel care spala podeaua până la burduhosul din biroul ctp.dupa mine v-as trage in țeapă pe toți.sa aveți un an frumos așa cum stam noi prin stații iarna.,relatii_clienti,1
36,aspect: acoperire_rute. text: sunteți niște nesimțiți de la cel care spala podeaua până la burduhosul din biroul ctp.dupa mine v-as trage in țeapă pe toți.sa aveți un an frumos așa cum stam noi prin stații iarna.,acoperire_rute,0
36,aspect: siguranta. text: sunteți niște nesimțiți de la cel care spala podeaua până la burduhosul din biroul ctp.dupa mine v-as trage in țeapă pe toți.sa aveți un an frumos așa cum stam noi prin stații iarna.,siguranta,0
36,aspect: controlori. text: sunteți niște nesimțiți de la cel care spala podeaua până la burduhosul din biroul ctp.dupa mine v-as trage in țeapă pe toți.sa aveți un an frumos așa cum stam noi prin stații iarna.,controlori,0
36,aspect: informare_calatori. text: sunteți niște nesimțiți de la cel care spala podeaua până la burduhosul din biroul ctp.dupa mine v-as trage in țeapă pe toți.sa aveți un an frumos așa cum stam noi prin stații iarna.,informare_calatori,0
36,aspect: frecventa. text: sunteți niște nesimțiți de la cel care spala podeaua până la burduhosul din biroul ctp.dupa mine v-as trage in țeapă pe toți.sa aveți un an frumos așa cum stam noi prin stații iarna.,frecventa,0
36,aspect: curatenie. text: sunteți niște nesimțiți de la cel care spala podeaua până la burduhosul din biroul ctp.dupa mine v-as trage in țeapă pe toți.sa aveți un an frumos așa cum stam noi prin stații iarna.,curatenie,0
224,aspect: punctualitate. text: Minutul ctp durează și jumătate de ora. Niște incompetenți!,punctualitate,1
224,aspect: stare_vehicule. text: Minutul ctp durează și jumătate de ora. Niște incompetenți!,stare_vehicule,0
224,aspect: aglomeratie. text: Minutul ctp durează și jumătate de ora. Niște incompetenți!,aglomeratie,0
224,aspect: soferi_vatmani. text: Minutul ctp durează și jumătate de ora. Niște incompetenți!,soferi_vatmani,0
210,"aspect: controlori. text: Cea mai jalnica companie de transport în comun! Timpi de așteptare de peste 30-40 de minute, personal lipsit de orice urma de bun simt (mai ales controlorii care au o atitudine de recuperator). As fi dat 0 stele daca s- a r fi putut.",controlori,1
210,"aspect: frecventa. text: Cea mai jalnica companie de transport în comun! Timpi de așteptare de peste 30-40 de minute, personal lipsit de orice urma de bun simt (mai ales controlorii care au o atitudine de recuperator). As fi dat 0 stele daca s- a r fi putut.",frecventa,1
210,"aspect: informare_calatori. text: Cea mai jalnica companie de transport în comun! Timpi de așteptare de peste 30-40 de minute, personal lipsit de orice urma de bun simt (mai ales controlorii care au o atitudine de recuperator). As fi dat 0 stele daca s- a r fi putut.",informare_calatori,0
210,"aspect: infrastructura_statii. text: Cea mai jalnica companie de transport în comun! Timpi de așteptare de peste 30-40 de minute, personal lipsit de orice urma de bun simt (mai ales controlorii care au o atitudine de recuperator). As fi dat 0 stele daca s- a r fi putut.",infrastructura_statii,0
210,"aspect: siguranta. text: Cea mai jalnica companie de transport în comun! Timpi de așteptare de peste 30-40 de minute, personal lipsit de orice urma de bun simt (mai ales controlorii care au o atitudine de recuperator). As fi dat 0 stele daca s- a r fi putut.",siguranta,0
210,"aspect: punctualitate. text: Cea mai jalnica companie de transport în comun! Timpi de așteptare de peste 30-40 de minute, personal lipsit de orice urma de bun simt (mai ales controlorii care au o atitudine de recuperator). As fi dat 0 stele daca s- a r fi putut.",punctualitate,0
210,"aspect: organizare. text: Cea mai jalnica companie de transport în comun! Timpi de așteptare de peste 30-40 de minute, personal lipsit de orice urma de bun simt (mai ales controlorii care au o atitudine de recuperator). As fi dat 0 stele daca s- a r fi putut.",organizare,0
210,"aspect: soferi_vatmani. text: Cea mai jalnica companie de transport în comun! Timpi de așteptare de peste 30-40 de minute, personal lipsit de orice urma de bun simt (mai ales controlorii care au o atitudine de recuperator). As fi dat 0 stele daca s- a r fi putut.",soferi_vatmani,0
SIM_136,aspect: stare_vehicule. text: Vehiculul era mai vechi dar a circulat fără probleme.,stare_vehicule,1
SIM_136,aspect: frecventa. text: Vehiculul era mai vechi dar a circulat fără probleme.,frecventa,0
SIM_136,aspect: acoperire_rute. text: Vehiculul era mai vechi dar a circulat fără probleme.,acoperire_rute,0
SIM_136,aspect: aglomeratie. text: Vehiculul era mai vechi dar a circulat fără probleme.,aglomeratie,0
SIM_082,aspect: aglomeratie. text: La ora prânzului tramvaiul era ocupat moderat dar se putea circula.,aglomeratie,1
SIM_082,aspect: validare_bilete. text: La ora prânzului tramvaiul era ocupat moderat dar se putea circula.,validare_bilete,0
SIM_082,aspect: frecventa. text: La ora prânzului tramvaiul era ocupat moderat dar se putea circula.,frecventa,0
SIM_082,aspect: controlori. text: La ora prânzului tramvaiul era ocupat moderat dar se putea circula.,controlori,0
103,aspect: aglomeratie. text: Proasta organizare! Se face concurs de prins locuri pe scaune...Incredibil! Suplimentati numarul de autobuze pe traseele aglomerate!!!,aglomeratie,1
103,aspect: punctualitate. text: Proasta organizare! Se face concurs de prins locuri pe scaune...Incredibil! Suplimentati numarul de autobuze pe traseele aglomerate!!!,punctualitate,0
103,aspect: frecventa. text: Proasta organizare! Se face concurs de prins locuri pe scaune...Incredibil! Suplimentati numarul de autobuze pe traseele aglomerate!!!,frecventa,0
103,aspect: acoperire_rute. text: Proasta organizare! Se face concurs de prins locuri pe scaune...Incredibil! Suplimentati numarul de autobuze pe traseele aglomerate!!!,acoperire_rute,0
168,"aspect: acoperire_rute. text: Bă! Cum morții mei!!??? Stau jumătăți de ore, 40 de minute, ca să văd cum trec pe lângă mine vreo 4 de 20, 4 de 28, 3 de 42, 4 de 43.. Iar 46, nimic!! Plătesc abonament ca să vă stau eu în picioare pișa-m-as pe compania voastră! Lăsați babele care merg până-n Dacia și băgați dracului autobuze pe Bucium!!",acoperire_rute,1
168,"aspect: frecventa. text: Bă! Cum morții mei!!??? Stau jumătăți de ore, 40 de minute, ca să văd cum trec pe lângă mine vreo 4 de 20, 4 de 28, 3 de 42, 4 de 43.. Iar 46, nimic!! Plătesc abonament ca să vă stau eu în picioare pișa-m-as pe compania voastră! Lăsați babele care merg până-n Dacia și băgați dracului autobuze pe Bucium!!",frecventa,1
168,"aspect: confort_termic. text: Bă! Cum morții mei!!??? Stau jumătăți de ore, 40 de minute, ca să văd cum trec pe lângă mine vreo 4 de 20, 4 de 28, 3 de 42, 4 de 43.. Iar 46, nimic!! Plătesc abonament ca să vă stau eu în picioare pișa-m-as pe compania voastră! Lăsați babele care merg până-n Dacia și băgați dracului autobuze pe Bucium!!",confort_termic,0
168,"aspect: relatii_clienti. text: Bă! Cum morții mei!!??? Stau jumătăți de ore, 40 de minute, ca să văd cum trec pe lângă mine vreo 4 de 20, 4 de 28, 3 de 42, 4 de 43.. Iar 46, nimic!! Plătesc abonament ca să vă stau eu în picioare pișa-m-as pe compania voastră! Lăsați babele care merg până-n Dacia și băgați dracului autobuze pe Bucium!!",relatii_clienti,0
168,"aspect: organizare. text: Bă! Cum morții mei!!??? Stau jumătăți de ore, 40 de minute, ca să văd cum trec pe lângă mine vreo 4 de 20, 4 de 28, 3 de 42, 4 de 43.. Iar 46, nimic!! Plătesc abonament ca să vă stau eu în picioare pișa-m-as pe compania voastră! Lăsați babele care merg până-n Dacia și băgați dracului autobuze pe Bucium!!",organizare,0
168,"aspect: infrastructura_statii. text: Bă! Cum morții mei!!??? Stau jumătăți de ore, 40 de minute, ca să văd cum trec pe lângă mine vreo 4 de 20, 4 de 28, 3 de 42, 4 de 43.. Iar 46, nimic!! Plătesc abonament ca să vă stau eu în picioare pișa-m-as pe compania voastră! Lăsați babele care merg până-n Dacia și băgați dracului autobuze pe Bucium!!",infrastructura_statii,0
168,"aspect: siguranta. text: Bă! Cum morții mei!!??? Stau jumătăți de ore, 40 de minute, ca să văd cum trec pe lângă mine vreo 4 de 20, 4 de 28, 3 de 42, 4 de 43.. Iar 46, nimic!! Plătesc abonament ca să vă stau eu în picioare pișa-m-as pe compania voastră! Lăsați babele care merg până-n Dacia și băgați dracului autobuze pe Bucium!!",siguranta,0
168,"aspect: soferi_vatmani. text: Bă! Cum morții mei!!??? Stau jumătăți de ore, 40 de minute, ca să văd cum trec pe lângă mine vreo 4 de 20, 4 de 28, 3 de 42, 4 de 43.. Iar 46, nimic!! Plătesc abonament ca să vă stau eu în picioare pișa-m-as pe compania voastră! Lăsați babele care merg până-n Dacia și băgați dracului autobuze pe Bucium!!",soferi_vatmani,0
214,"aspect: punctualitate. text: Neseriozitate totală
La CTP un minut e egal cu 30 de minute
În Japonia dacă întârzie o secundă transportul public compania își cere scuze 3 săptămâni
Aici dacă întârzie 3 ore e tot vina ta cumva",punctualitate,1
214,"aspect: pret. text: Neseriozitate totală
La CTP un minut e egal cu 30 de minute
În Japonia dacă întârzie o secundă transportul public compania își cere scuze 3 săptămâni
Aici dacă întârzie 3 ore e tot vina ta cumva",pret,0
214,"aspect: organizare. text: Neseriozitate totală
La CTP un minut e egal cu 30 de minute
În Japonia dacă întârzie o secundă transportul public compania își cere scuze 3 săptămâni
Aici dacă întârzie 3 ore e tot vina ta cumva",organizare,0
214,"aspect: aglomeratie. text: Neseriozitate totală
La CTP un minut e egal cu 30 de minute
În Japonia dacă întârzie o secundă transportul public compania își cere scuze 3 săptămâni
Aici dacă întârzie 3 ore e tot vina ta cumva",aglomeratie,0
159,"aspect: siguranta. text: Am avut astăzi, 13 iulie 2019, parte de o experiență cel puțin nefastă cu această companie. În jurul orei 17:45 am vrut să cobor din tramvaiul 3 în stația de la Filarmonică, și fiind foarte ocupate ușile de pe mijloc, m-am îndreptat spre ușa din față. Deși am apăsat de nenumărate ori pe buton pentru a le deschide și am apelat și la ajutorului vatmanului, ușile au rămas închise, fiind nevoită să cobor la următoarea stație, ba mai mult am fost si jignită de vatman. Voi atașa fotografii cu tramvaiul cu pricina și cu 'vatmanul' pentru a lua măsuri în acest caz. Nu este normal ca o persoană care plătește bilet pentru un serviciu să fie umilită de un personal de etnie care nici nu știe să articuleze bine câteva vorbe în română. Am rămas profund dezamăgită si dacă nu se vor lua măsuri, voi apela cu încredere la autoritățile care se ocupă cu astfel de spețe. nu este normal ca un astfel de personaj să își bată joc de cei ce îi pun pâinea pe masă.",siguranta,1
159,"aspect: soferi_vatmani. text: Am avut astăzi, 13 iulie 2019, parte de o experiență cel puțin nefastă cu această companie. În jurul orei 17:45 am vrut să cobor din tramvaiul 3 în stația de la Filarmonică, și fiind foarte ocupate ușile de pe mijloc, m-am îndreptat spre ușa din față. Deși am apăsat de nenumărate ori pe buton pentru a le deschide și am apelat și la ajutorului vatmanului, ușile au rămas închise, fiind nevoită să cobor la următoarea stație, ba mai mult am fost si jignită de vatman. Voi atașa fotografii cu tramvaiul cu pricina și cu 'vatmanul' pentru a lua măsuri în acest caz. Nu este normal ca o persoană care plătește bilet pentru un serviciu să fie umilită de un personal de etnie care nici nu știe să articuleze bine câteva vorbe în română. Am rămas profund dezamăgită si dacă nu se vor lua măsuri, voi apela cu încredere la autoritățile care se ocupă cu astfel de spețe. nu este normal ca un astfel de personaj să își bată joc de cei ce îi pun pâinea pe masă.",soferi_vatmani,1
159,"aspect: informare_calatori. text: Am avut astăzi, 13 iulie 2019, parte de o experiență cel puțin nefastă cu această companie. În jurul orei 17:45 am vrut să cobor din tramvaiul 3 în stația de la Filarmonică, și fiind foarte ocupate ușile de pe mijloc, m-am îndreptat spre ușa din față. Deși am apăsat de nenumărate ori pe buton pentru a le deschide și am apelat și la ajutorului vatmanului, ușile au rămas închise, fiind nevoită să cobor la următoarea stație, ba mai mult am fost si jignită de vatman. Voi atașa fotografii cu tramvaiul cu pricina și cu 'vatmanul' pentru a lua măsuri în acest caz. Nu este normal ca o persoană care plătește bilet pentru un serviciu să fie umilită de un personal de etnie care nici nu știe să articuleze bine câteva vorbe în română. Am rămas profund dezamăgită si dacă nu se vor lua măsuri, voi apela cu încredere la autoritățile care se ocupă cu astfel de spețe. nu este normal ca un astfel de personaj să își bată joc de cei ce îi pun pâinea pe masă.",informare_calatori,0
159,"aspect: pret. text: Am avut astăzi, 13 iulie 2019, parte de o experiență cel puțin nefastă cu această companie. În jurul orei 17:45 am vrut să cobor din tramvaiul 3 în stația de la Filarmonică, și fiind foarte ocupate ușile de pe mijloc, m-am îndreptat spre ușa din față. Deși am apăsat de nenumărate ori pe buton pentru a le deschide și am apelat și la ajutorului vatmanului, ușile au rămas închise, fiind nevoită să cobor la următoarea stație, ba mai mult am fost si jignită de vatman. Voi atașa fotografii cu tramvaiul cu pricina și cu 'vatmanul' pentru a lua măsuri în acest caz. Nu este normal ca o persoană care plătește bilet pentru un serviciu să fie umilită de un personal de etnie care nici nu știe să articuleze bine câteva vorbe în română. Am rămas profund dezamăgită si dacă nu se vor lua măsuri, voi apela cu încredere la autoritățile care se ocupă cu astfel de spețe. nu este normal ca un astfel de personaj să își bată joc de cei ce îi pun pâinea pe masă.",pret,0
159,"aspect: controlori. text: Am avut astăzi, 13 iulie 2019, parte de o experiență cel puțin nefastă cu această companie. În jurul orei 17:45 am vrut să cobor din tramvaiul 3 în stația de la Filarmonică, și fiind foarte ocupate ușile de pe mijloc, m-am îndreptat spre ușa din față. Deși am apăsat de nenumărate ori pe buton pentru a le deschide și am apelat și la ajutorului vatmanului, ușile au rămas închise, fiind nevoită să cobor la următoarea stație, ba mai mult am fost si jignită de vatman. Voi atașa fotografii cu tramvaiul cu pricina și cu 'vatmanul' pentru a lua măsuri în acest caz. Nu este normal ca o persoană care plătește bilet pentru un serviciu să fie umilită de un personal de etnie care nici nu știe să articuleze bine câteva vorbe în română. Am rămas profund dezamăgită si dacă nu se vor lua măsuri, voi apela cu încredere la autoritățile care se ocupă cu astfel de spețe. nu este normal ca un astfel de personaj să își bată joc de cei ce îi pun pâinea pe masă.",controlori,0
159,"aspect: curatenie. text: Am avut astăzi, 13 iulie 2019, parte de o experiență cel puțin nefastă cu această companie. În jurul orei 17:45 am vrut să cobor din tramvaiul 3 în stația de la Filarmonică, și fiind foarte ocupate ușile de pe mijloc, m-am îndreptat spre ușa din față. Deși am apăsat de nenumărate ori pe buton pentru a le deschide și am apelat și la ajutorului vatmanului, ușile au rămas închise, fiind nevoită să cobor la următoarea stație, ba mai mult am fost si jignită de vatman. Voi atașa fotografii cu tramvaiul cu pricina și cu 'vatmanul' pentru a lua măsuri în acest caz. Nu este normal ca o persoană care plătește bilet pentru un serviciu să fie umilită de un personal de etnie care nici nu știe să articuleze bine câteva vorbe în română. Am rămas profund dezamăgită si dacă nu se vor lua măsuri, voi apela cu încredere la autoritățile care se ocupă cu astfel de spețe. nu este normal ca un astfel de personaj să își bată joc de cei ce îi pun pâinea pe masă.",curatenie,0
159,"aspect: acoperire_rute. text: Am avut astăzi, 13 iulie 2019, parte de o experiență cel puțin nefastă cu această companie. În jurul orei 17:45 am vrut să cobor din tramvaiul 3 în stația de la Filarmonică, și fiind foarte ocupate ușile de pe mijloc, m-am îndreptat spre ușa din față. Deși am apăsat de nenumărate ori pe buton pentru a le deschide și am apelat și la ajutorului vatmanului, ușile au rămas închise, fiind nevoită să cobor la următoarea stație, ba mai mult am fost si jignită de vatman. Voi atașa fotografii cu tramvaiul cu pricina și cu 'vatmanul' pentru a lua măsuri în acest caz. Nu este normal ca o persoană care plătește bilet pentru un serviciu să fie umilită de un personal de etnie care nici nu știe să articuleze bine câteva vorbe în română. Am rămas profund dezamăgită si dacă nu se vor lua măsuri, voi apela cu încredere la autoritățile care se ocupă cu astfel de spețe. nu este normal ca un astfel de personaj să își bată joc de cei ce îi pun pâinea pe masă.",acoperire_rute,0
159,"aspect: validare_bilete. text: Am avut astăzi, 13 iulie 2019, parte de o experiență cel puțin nefastă cu această companie. În jurul orei 17:45 am vrut să cobor din tramvaiul 3 în stația de la Filarmonică, și fiind foarte ocupate ușile de pe mijloc, m-am îndreptat spre ușa din față. Deși am apăsat de nenumărate ori pe buton pentru a le deschide și am apelat și la ajutorului vatmanului, ușile au rămas închise, fiind nevoită să cobor la următoarea stație, ba mai mult am fost si jignită de vatman. Voi atașa fotografii cu tramvaiul cu pricina și cu 'vatmanul' pentru a lua măsuri în acest caz. Nu este normal ca o persoană care plătește bilet pentru un serviciu să fie umilită de un personal de etnie care nici nu știe să articuleze bine câteva vorbe în română. Am rămas profund dezamăgită si dacă nu se vor lua măsuri, voi apela cu încredere la autoritățile care se ocupă cu astfel de spețe. nu este normal ca un astfel de personaj să își bată joc de cei ce îi pun pâinea pe masă.",validare_bilete,0
261,aspect: punctualitate. text: always late and incompetent,punctualitate,1
261,aspect: acoperire_rute. text: always late and incompetent,acoperire_rute,0
261,aspect: organizare. text: always late and incompetent,organizare,0
261,aspect: soferi_vatmani. text: always late and incompetent,soferi_vatmani,0
176,"aspect: frecventa. text: Degeaba avem sisteme inteligente de plată a călătoriilor, pentru ca nu avem unde sa le folosim. Se așteaptă după un autobuz 30 dimineața, timp de 25 de minute când toată lumea merge la serviciu.",frecventa,1
176,"aspect: validare_bilete. text: Degeaba avem sisteme inteligente de plată a călătoriilor, pentru ca nu avem unde sa le folosim. Se așteaptă după un autobuz 30 dimineața, timp de 25 de minute când toată lumea merge la serviciu.",validare_bilete,1
176,"aspect: pret. text: Degeaba avem sisteme inteligente de plată a călătoriilor, pentru ca nu avem unde sa le folosim. Se așteaptă după un autobuz 30 dimineața, timp de 25 de minute când toată lumea merge la serviciu.",pret,0
176,"aspect: relatii_clienti. text: Degeaba avem sisteme inteligente de plată a călătoriilor, pentru ca nu avem unde sa le folosim. Se așteaptă după un autobuz 30 dimineața, timp de 25 de minute când toată lumea merge la serviciu.",relatii_clienti,0
176,"aspect: siguranta. text: Degeaba avem sisteme inteligente de plată a călătoriilor, pentru ca nu avem unde sa le folosim. Se așteaptă după un autobuz 30 dimineața, timp de 25 de minute când toată lumea merge la serviciu.",siguranta,0
176,"aspect: soferi_vatmani. text: Degeaba avem sisteme inteligente de plată a călătoriilor, pentru ca nu avem unde sa le folosim. Se așteaptă după un autobuz 30 dimineața, timp de 25 de minute când toată lumea merge la serviciu.",soferi_vatmani,0
176,"aspect: controlori. text: Degeaba avem sisteme inteligente de plată a călătoriilor, pentru ca nu avem unde sa le folosim. Se așteaptă după un autobuz 30 dimineața, timp de 25 de minute când toată lumea merge la serviciu.",controlori,0
176,"aspect: informare_calatori. text: Degeaba avem sisteme inteligente de plată a călătoriilor, pentru ca nu avem unde sa le folosim. Se așteaptă după un autobuz 30 dimineața, timp de 25 de minute când toată lumea merge la serviciu.",informare_calatori,0
SIM_062,aspect: punctualitate. text: Cursa de dimineață a venit la timp și nu am întârziat la serviciu.,punctualitate,1
SIM_062,aspect: informare_calatori. text: Cursa de dimineață a venit la timp și nu am întârziat la serviciu.,informare_calatori,0
SIM_062,aspect: aglomeratie. text: Cursa de dimineață a venit la timp și nu am întârziat la serviciu.,aglomeratie,0
SIM_062,aspect: relatii_clienti. text: Cursa de dimineață a venit la timp și nu am întârziat la serviciu.,relatii_clienti,0
SIM_049,aspect: relatii_clienti. text: Am sunat de două ori la relații clienți în ultima lună. Prima dată mi-a răspuns cineva destul de prompt și mi-a dat informația de care aveam nevoie. A doua oară am așteptat mult și am închis. Experiențe diferite.,relatii_clienti,1
SIM_049,aspect: validare_bilete. text: Am sunat de două ori la relații clienți în ultima lună. Prima dată mi-a răspuns cineva destul de prompt și mi-a dat informația de care aveam nevoie. A doua oară am așteptat mult și am închis. Experiențe diferite.,validare_bilete,0
SIM_049,aspect: frecventa. text: Am sunat de două ori la relații clienți în ultima lună. Prima dată mi-a răspuns cineva destul de prompt și mi-a dat informația de care aveam nevoie. A doua oară am așteptat mult și am închis. Experiențe diferite.,frecventa,0
SIM_049,aspect: pret. text: Am sunat de două ori la relații clienți în ultima lună. Prima dată mi-a răspuns cineva destul de prompt și mi-a dat informația de care aveam nevoie. A doua oară am așteptat mult și am închis. Experiențe diferite.,pret,0
263,aspect: frecventa. text: Am stat 2 zile la rand mai mult de 30 de minute la Metro pana a venit un autobuz 20. Dupa ora 17:00,frecventa,1
263,aspect: informare_calatori. text: Am stat 2 zile la rand mai mult de 30 de minute la Metro pana a venit un autobuz 20. Dupa ora 17:00,informare_calatori,0
263,aspect: relatii_clienti. text: Am stat 2 zile la rand mai mult de 30 de minute la Metro pana a venit un autobuz 20. Dupa ora 17:00,relatii_clienti,0
263,aspect: aglomeratie. text: Am stat 2 zile la rand mai mult de 30 de minute la Metro pana a venit un autobuz 20. Dupa ora 17:00,aglomeratie,0
108,"aspect: confort_termic. text: multumesc domnului vatman care la ora asta tarzie din noapte (22:10) nu s-a sinchisit sa opreasca cateva secunde in statia dr. Savini. era mult prea grabit sa ajunga la depou. degeaba ai masca, degeaba ai manusi, degeaba ai cardul pregatit si degeaba esti inghetat de frig dupa vreo 20 de minute de asteptat. nu-i bai, in restul minutelor cat mai am de asteptat o sa ma sterg de praful care mi s-a pus pe haine, dupa ce a ridicat mare colb, la ce viteza avea. pe timp de criza sunteti mare leguma (varza).",confort_termic,1
108,"aspect: frecventa. text: multumesc domnului vatman care la ora asta tarzie din noapte (22:10) nu s-a sinchisit sa opreasca cateva secunde in statia dr. Savini. era mult prea grabit sa ajunga la depou. degeaba ai masca, degeaba ai manusi, degeaba ai cardul pregatit si degeaba esti inghetat de frig dupa vreo 20 de minute de asteptat. nu-i bai, in restul minutelor cat mai am de asteptat o sa ma sterg de praful care mi s-a pus pe haine, dupa ce a ridicat mare colb, la ce viteza avea. pe timp de criza sunteti mare leguma (varza).",frecventa,1
108,"aspect: soferi_vatmani. text: multumesc domnului vatman care la ora asta tarzie din noapte (22:10) nu s-a sinchisit sa opreasca cateva secunde in statia dr. Savini. era mult prea grabit sa ajunga la depou. degeaba ai masca, degeaba ai manusi, degeaba ai cardul pregatit si degeaba esti inghetat de frig dupa vreo 20 de minute de asteptat. nu-i bai, in restul minutelor cat mai am de asteptat o sa ma sterg de praful care mi s-a pus pe haine, dupa ce a ridicat mare colb, la ce viteza avea. pe timp de criza sunteti mare leguma (varza).",soferi_vatmani,1
108,"aspect: stare_vehicule. text: multumesc domnului vatman care la ora asta tarzie din noapte (22:10) nu s-a sinchisit sa opreasca cateva secunde in statia dr. Savini. era mult prea grabit sa ajunga la depou. degeaba ai masca, degeaba ai manusi, degeaba ai cardul pregatit si degeaba esti inghetat de frig dupa vreo 20 de minute de asteptat. nu-i bai, in restul minutelor cat mai am de asteptat o sa ma sterg de praful care mi s-a pus pe haine, dupa ce a ridicat mare colb, la ce viteza avea. pe timp de criza sunteti mare leguma (varza).",stare_vehicule,0
108,"aspect: informare_calatori. text: multumesc domnului vatman care la ora asta tarzie din noapte (22:10) nu s-a sinchisit sa opreasca cateva secunde in statia dr. Savini. era mult prea grabit sa ajunga la depou. degeaba ai masca, degeaba ai manusi, degeaba ai cardul pregatit si degeaba esti inghetat de frig dupa vreo 20 de minute de asteptat. nu-i bai, in restul minutelor cat mai am de asteptat o sa ma sterg de praful care mi s-a pus pe haine, dupa ce a ridicat mare colb, la ce viteza avea. pe timp de criza sunteti mare leguma (varza).",informare_calatori,0
108,"aspect: punctualitate. text: multumesc domnului vatman care la ora asta tarzie din noapte (22:10) nu s-a sinchisit sa opreasca cateva secunde in statia dr. Savini. era mult prea grabit sa ajunga la depou. degeaba ai masca, degeaba ai manusi, degeaba ai cardul pregatit si degeaba esti inghetat de frig dupa vreo 20 de minute de asteptat. nu-i bai, in restul minutelor cat mai am de asteptat o sa ma sterg de praful care mi s-a pus pe haine, dupa ce a ridicat mare colb, la ce viteza avea. pe timp de criza sunteti mare leguma (varza).",punctualitate,0
108,"aspect: validare_bilete. text: multumesc domnului vatman care la ora asta tarzie din noapte (22:10) nu s-a sinchisit sa opreasca cateva secunde in statia dr. Savini. era mult prea grabit sa ajunga la depou. degeaba ai masca, degeaba ai manusi, degeaba ai cardul pregatit si degeaba esti inghetat de frig dupa vreo 20 de minute de asteptat. nu-i bai, in restul minutelor cat mai am de asteptat o sa ma sterg de praful care mi s-a pus pe haine, dupa ce a ridicat mare colb, la ce viteza avea. pe timp de criza sunteti mare leguma (varza).",validare_bilete,0
108,"aspect: organizare. text: multumesc domnului vatman care la ora asta tarzie din noapte (22:10) nu s-a sinchisit sa opreasca cateva secunde in statia dr. Savini. era mult prea grabit sa ajunga la depou. degeaba ai masca, degeaba ai manusi, degeaba ai cardul pregatit si degeaba esti inghetat de frig dupa vreo 20 de minute de asteptat. nu-i bai, in restul minutelor cat mai am de asteptat o sa ma sterg de praful care mi s-a pus pe haine, dupa ce a ridicat mare colb, la ce viteza avea. pe timp de criza sunteti mare leguma (varza).",organizare,0
108,"aspect: infrastructura_statii. text: multumesc domnului vatman care la ora asta tarzie din noapte (22:10) nu s-a sinchisit sa opreasca cateva secunde in statia dr. Savini. era mult prea grabit sa ajunga la depou. degeaba ai masca, degeaba ai manusi, degeaba ai cardul pregatit si degeaba esti inghetat de frig dupa vreo 20 de minute de asteptat. nu-i bai, in restul minutelor cat mai am de asteptat o sa ma sterg de praful care mi s-a pus pe haine, dupa ce a ridicat mare colb, la ce viteza avea. pe timp de criza sunteti mare leguma (varza).",infrastructura_statii,0
108,"aspect: curatenie. text: multumesc domnului vatman care la ora asta tarzie din noapte (22:10) nu s-a sinchisit sa opreasca cateva secunde in statia dr. Savini. era mult prea grabit sa ajunga la depou. degeaba ai masca, degeaba ai manusi, degeaba ai cardul pregatit si degeaba esti inghetat de frig dupa vreo 20 de minute de asteptat. nu-i bai, in restul minutelor cat mai am de asteptat o sa ma sterg de praful care mi s-a pus pe haine, dupa ce a ridicat mare colb, la ce viteza avea. pe timp de criza sunteti mare leguma (varza).",curatenie,0
108,"aspect: pret. text: multumesc domnului vatman care la ora asta tarzie din noapte (22:10) nu s-a sinchisit sa opreasca cateva secunde in statia dr. Savini. era mult prea grabit sa ajunga la depou. degeaba ai masca, degeaba ai manusi, degeaba ai cardul pregatit si degeaba esti inghetat de frig dupa vreo 20 de minute de asteptat. nu-i bai, in restul minutelor cat mai am de asteptat o sa ma sterg de praful care mi s-a pus pe haine, dupa ce a ridicat mare colb, la ce viteza avea. pe timp de criza sunteti mare leguma (varza).",pret,0
108,"aspect: controlori. text: multumesc domnului vatman care la ora asta tarzie din noapte (22:10) nu s-a sinchisit sa opreasca cateva secunde in statia dr. Savini. era mult prea grabit sa ajunga la depou. degeaba ai masca, degeaba ai manusi, degeaba ai cardul pregatit si degeaba esti inghetat de frig dupa vreo 20 de minute de asteptat. nu-i bai, in restul minutelor cat mai am de asteptat o sa ma sterg de praful care mi s-a pus pe haine, dupa ce a ridicat mare colb, la ce viteza avea. pe timp de criza sunteti mare leguma (varza).",controlori,0
91,"aspect: frecventa. text: 50-60 de minute, timpul de așteptare pentru un 27. Oră în care nu trece nici 41, nici 44, deci o oră moartã pe traseul respectiv. Când suni să faci reclamație ți se răspunde sec: domnul primar a dispus să circule autobuzele  din jumătate în jumătate de oră doar după ora 9. Mna. Oricui a fost ideea, felicitări. Ești ""omul "" zilei!",frecventa,1
91,"aspect: relatii_clienti. text: 50-60 de minute, timpul de așteptare pentru un 27. Oră în care nu trece nici 41, nici 44, deci o oră moartã pe traseul respectiv. Când suni să faci reclamație ți se răspunde sec: domnul primar a dispus să circule autobuzele  din jumătate în jumătate de oră doar după ora 9. Mna. Oricui a fost ideea, felicitări. Ești ""omul "" zilei!",relatii_clienti,1
91,"aspect: pret. text: 50-60 de minute, timpul de așteptare pentru un 27. Oră în care nu trece nici 41, nici 44, deci o oră moartã pe traseul respectiv. Când suni să faci reclamație ți se răspunde sec: domnul primar a dispus să circule autobuzele  din jumătate în jumătate de oră doar după ora 9. Mna. Oricui a fost ideea, felicitări. Ești ""omul "" zilei!",pret,0
91,"aspect: confort_termic. text: 50-60 de minute, timpul de așteptare pentru un 27. Oră în care nu trece nici 41, nici 44, deci o oră moartã pe traseul respectiv. Când suni să faci reclamație ți se răspunde sec: domnul primar a dispus să circule autobuzele  din jumătate în jumătate de oră doar după ora 9. Mna. Oricui a fost ideea, felicitări. Ești ""omul "" zilei!",confort_termic,0
91,"aspect: controlori. text: 50-60 de minute, timpul de așteptare pentru un 27. Oră în care nu trece nici 41, nici 44, deci o oră moartã pe traseul respectiv. Când suni să faci reclamație ți se răspunde sec: domnul primar a dispus să circule autobuzele  din jumătate în jumătate de oră doar după ora 9. Mna. Oricui a fost ideea, felicitări. Ești ""omul "" zilei!",controlori,0
91,"aspect: infrastructura_statii. text: 50-60 de minute, timpul de așteptare pentru un 27. Oră în care nu trece nici 41, nici 44, deci o oră moartã pe traseul respectiv. Când suni să faci reclamație ți se răspunde sec: domnul primar a dispus să circule autobuzele  din jumătate în jumătate de oră doar după ora 9. Mna. Oricui a fost ideea, felicitări. Ești ""omul "" zilei!",infrastructura_statii,0
91,"aspect: siguranta. text: 50-60 de minute, timpul de așteptare pentru un 27. Oră în care nu trece nici 41, nici 44, deci o oră moartã pe traseul respectiv. Când suni să faci reclamație ți se răspunde sec: domnul primar a dispus să circule autobuzele  din jumătate în jumătate de oră doar după ora 9. Mna. Oricui a fost ideea, felicitări. Ești ""omul "" zilei!",siguranta,0
91,"aspect: stare_vehicule. text: 50-60 de minute, timpul de așteptare pentru un 27. Oră în care nu trece nici 41, nici 44, deci o oră moartã pe traseul respectiv. Când suni să faci reclamație ți se răspunde sec: domnul primar a dispus să circule autobuzele  din jumătate în jumătate de oră doar după ora 9. Mna. Oricui a fost ideea, felicitări. Ești ""omul "" zilei!",stare_vehicule,0
SENT_SIM_002,aspect: validare_bilete. text: Am cumpărat bilet prin 24pay fără probleme.,validare_bilete,1
SENT_SIM_002,aspect: pret. text: Am cumpărat bilet prin 24pay fără probleme.,pret,0
SENT_SIM_002,aspect: stare_vehicule. text: Am cumpărat bilet prin 24pay fără probleme.,stare_vehicule,0
SENT_SIM_002,aspect: curatenie. text: Am cumpărat bilet prin 24pay fără probleme.,curatenie,0
137,aspect: relatii_clienti. text: Change the mentality of its  workers. They are not living in a communist country anymore,relatii_clienti,1
137,aspect: informare_calatori. text: Change the mentality of its  workers. They are not living in a communist country anymore,informare_calatori,0
137,aspect: organizare. text: Change the mentality of its  workers. They are not living in a communist country anymore,organizare,0
137,aspect: acoperire_rute. text: Change the mentality of its  workers. They are not living in a communist country anymore,acoperire_rute,0
58,"aspect: frecventa. text: Se dorește sa se lase masina personala acasă și sa se circule mai mult cu mijlocul de transport în comun dar stai în stație 35 de minute
Nici în stație nu mai ai loc",frecventa,1
58,"aspect: infrastructura_statii. text: Se dorește sa se lase masina personala acasă și sa se circule mai mult cu mijlocul de transport în comun dar stai în stație 35 de minute
Nici în stație nu mai ai loc",infrastructura_statii,1
58,"aspect: curatenie. text: Se dorește sa se lase masina personala acasă și sa se circule mai mult cu mijlocul de transport în comun dar stai în stație 35 de minute
Nici în stație nu mai ai loc",curatenie,0
58,"aspect: validare_bilete. text: Se dorește sa se lase masina personala acasă și sa se circule mai mult cu mijlocul de transport în comun dar stai în stație 35 de minute
Nici în stație nu mai ai loc",validare_bilete,0
58,"aspect: controlori. text: Se dorește sa se lase masina personala acasă și sa se circule mai mult cu mijlocul de transport în comun dar stai în stație 35 de minute
Nici în stație nu mai ai loc",controlori,0
58,"aspect: organizare. text: Se dorește sa se lase masina personala acasă și sa se circule mai mult cu mijlocul de transport în comun dar stai în stație 35 de minute
Nici în stație nu mai ai loc",organizare,0
58,"aspect: relatii_clienti. text: Se dorește sa se lase masina personala acasă și sa se circule mai mult cu mijlocul de transport în comun dar stai în stație 35 de minute
Nici în stație nu mai ai loc",relatii_clienti,0
58,"aspect: informare_calatori. text: Se dorește sa se lase masina personala acasă și sa se circule mai mult cu mijlocul de transport în comun dar stai în stație 35 de minute
Nici în stație nu mai ai loc",informare_calatori,0
SIM_115,aspect: siguranta. text: Autobuzul a oprit corect în stație și coborârea s-a făcut în siguranță.,siguranta,1
SIM_115,aspect: infrastructura_statii. text: Autobuzul a oprit corect în stație și coborârea s-a făcut în siguranță.,infrastructura_statii,0
SIM_115,aspect: validare_bilete. text: Autobuzul a oprit corect în stație și coborârea s-a făcut în siguranță.,validare_bilete,0
SIM_115,aspect: stare_vehicule. text: Autobuzul a oprit corect în stație și coborârea s-a făcut în siguranță.,stare_vehicule,0
90,"aspect: aglomeratie. text: Cum sa se stea in fiecare zi câte jumătate de oră sa aștepți un autobuz, pe orice traseu și sa nu se ia masuri? Înțelegem, ore de vârf, aglomerația din anumite zone... Dar a devenit o obișnuință să treacă extrem de rar câte un autobuz...si acela plin, bineînțeles. Groaznice servicii oferiți în ultima vreme!",aglomeratie,1
90,"aspect: frecventa. text: Cum sa se stea in fiecare zi câte jumătate de oră sa aștepți un autobuz, pe orice traseu și sa nu se ia masuri? Înțelegem, ore de vârf, aglomerația din anumite zone... Dar a devenit o obișnuință să treacă extrem de rar câte un autobuz...si acela plin, bineînțeles. Groaznice servicii oferiți în ultima vreme!",frecventa,1
90,"aspect: siguranta. text: Cum sa se stea in fiecare zi câte jumătate de oră sa aștepți un autobuz, pe orice traseu și sa nu se ia masuri? Înțelegem, ore de vârf, aglomerația din anumite zone... Dar a devenit o obișnuință să treacă extrem de rar câte un autobuz...si acela plin, bineînțeles. Groaznice servicii oferiți în ultima vreme!",siguranta,0
90,"aspect: curatenie. text: Cum sa se stea in fiecare zi câte jumătate de oră sa aștepți un autobuz, pe orice traseu și sa nu se ia masuri? Înțelegem, ore de vârf, aglomerația din anumite zone... Dar a devenit o obișnuință să treacă extrem de rar câte un autobuz...si acela plin, bineînțeles. Groaznice servicii oferiți în ultima vreme!",curatenie,0
90,"aspect: punctualitate. text: Cum sa se stea in fiecare zi câte jumătate de oră sa aștepți un autobuz, pe orice traseu și sa nu se ia masuri? Înțelegem, ore de vârf, aglomerația din anumite zone... Dar a devenit o obișnuință să treacă extrem de rar câte un autobuz...si acela plin, bineînțeles. Groaznice servicii oferiți în ultima vreme!",punctualitate,0
90,"aspect: pret. text: Cum sa se stea in fiecare zi câte jumătate de oră sa aștepți un autobuz, pe orice traseu și sa nu se ia masuri? Înțelegem, ore de vârf, aglomerația din anumite zone... Dar a devenit o obișnuință să treacă extrem de rar câte un autobuz...si acela plin, bineînțeles. Groaznice servicii oferiți în ultima vreme!",pret,0
90,"aspect: controlori. text: Cum sa se stea in fiecare zi câte jumătate de oră sa aștepți un autobuz, pe orice traseu și sa nu se ia masuri? Înțelegem, ore de vârf, aglomerația din anumite zone... Dar a devenit o obișnuință să treacă extrem de rar câte un autobuz...si acela plin, bineînțeles. Groaznice servicii oferiți în ultima vreme!",controlori,0
90,"aspect: confort_termic. text: Cum sa se stea in fiecare zi câte jumătate de oră sa aștepți un autobuz, pe orice traseu și sa nu se ia masuri? Înțelegem, ore de vârf, aglomerația din anumite zone... Dar a devenit o obișnuință să treacă extrem de rar câte un autobuz...si acela plin, bineînțeles. Groaznice servicii oferiți în ultima vreme!",confort_termic,0
272,"aspect: acoperire_rute. text: Sunt persoane care încep programul de lucru  la ora 09.00, ar trebui ca transportul sa fie prelungit măcar cu o jumătate de ora.",acoperire_rute,1
272,"aspect: frecventa. text: Sunt persoane care încep programul de lucru  la ora 09.00, ar trebui ca transportul sa fie prelungit măcar cu o jumătate de ora.",frecventa,0
272,"aspect: pret. text: Sunt persoane care încep programul de lucru  la ora 09.00, ar trebui ca transportul sa fie prelungit măcar cu o jumătate de ora.",pret,0
272,"aspect: relatii_clienti. text: Sunt persoane care încep programul de lucru  la ora 09.00, ar trebui ca transportul sa fie prelungit măcar cu o jumătate de ora.",relatii_clienti,0
140,"aspect: frecventa. text: 02/10/19. Ora 07/40. Primul autobuz 20, a ajuns in statie la 1 Decembrie, după mai bine de 40 de minute. Șoferul nici nu a mai deschis ușile, ca era prea plin. Între timp, in sens opus, au trecut 3 autobuze...",frecventa,1
140,"aspect: soferi_vatmani. text: 02/10/19. Ora 07/40. Primul autobuz 20, a ajuns in statie la 1 Decembrie, după mai bine de 40 de minute. Șoferul nici nu a mai deschis ușile, ca era prea plin. Între timp, in sens opus, au trecut 3 autobuze...",soferi_vatmani,1
140,"aspect: relatii_clienti. text: 02/10/19. Ora 07/40. Primul autobuz 20, a ajuns in statie la 1 Decembrie, după mai bine de 40 de minute. Șoferul nici nu a mai deschis ușile, ca era prea plin. Între timp, in sens opus, au trecut 3 autobuze...",relatii_clienti,0
140,"aspect: punctualitate. text: 02/10/19. Ora 07/40. Primul autobuz 20, a ajuns in statie la 1 Decembrie, după mai bine de 40 de minute. Șoferul nici nu a mai deschis ușile, ca era prea plin. Între timp, in sens opus, au trecut 3 autobuze...",punctualitate,0
140,"aspect: informare_calatori. text: 02/10/19. Ora 07/40. Primul autobuz 20, a ajuns in statie la 1 Decembrie, după mai bine de 40 de minute. Șoferul nici nu a mai deschis ușile, ca era prea plin. Între timp, in sens opus, au trecut 3 autobuze...",informare_calatori,0
140,"aspect: aglomeratie. text: 02/10/19. Ora 07/40. Primul autobuz 20, a ajuns in statie la 1 Decembrie, după mai bine de 40 de minute. Șoferul nici nu a mai deschis ușile, ca era prea plin. Între timp, in sens opus, au trecut 3 autobuze...",aglomeratie,0
140,"aspect: controlori. text: 02/10/19. Ora 07/40. Primul autobuz 20, a ajuns in statie la 1 Decembrie, după mai bine de 40 de minute. Șoferul nici nu a mai deschis ușile, ca era prea plin. Între timp, in sens opus, au trecut 3 autobuze...",controlori,0
140,"aspect: curatenie. text: 02/10/19. Ora 07/40. Primul autobuz 20, a ajuns in statie la 1 Decembrie, după mai bine de 40 de minute. Șoferul nici nu a mai deschis ușile, ca era prea plin. Între timp, in sens opus, au trecut 3 autobuze...",curatenie,0
SENT_SIM_024,"aspect: infrastructura_statii. text: Stația are adăpost, dar spațiul este limitat.",infrastructura_statii,1
SENT_SIM_024,"aspect: controlori. text: Stația are adăpost, dar spațiul este limitat.",controlori,0
SENT_SIM_024,"aspect: soferi_vatmani. text: Stația are adăpost, dar spațiul este limitat.",soferi_vatmani,0
SENT_SIM_024,"aspect: validare_bilete. text: Stația are adăpost, dar spațiul este limitat.",validare_bilete,0
45,"aspect: frecventa. text: Jalnic... am 40 de minute de când stau in statie sa aștept un autobuz 44 ( din baza nautica ) trec foarte rar, pe aplicația lor de urmărire nu se potrivesc numerele autobuzelor . De exemplu mie îmi arată că vine un 27 și defapt era un 41.😡",frecventa,1
45,"aspect: informare_calatori. text: Jalnic... am 40 de minute de când stau in statie sa aștept un autobuz 44 ( din baza nautica ) trec foarte rar, pe aplicația lor de urmărire nu se potrivesc numerele autobuzelor . De exemplu mie îmi arată că vine un 27 și defapt era un 41.😡",informare_calatori,1
45,"aspect: confort_termic. text: Jalnic... am 40 de minute de când stau in statie sa aștept un autobuz 44 ( din baza nautica ) trec foarte rar, pe aplicația lor de urmărire nu se potrivesc numerele autobuzelor . De exemplu mie îmi arată că vine un 27 și defapt era un 41.😡",confort_termic,0
45,"aspect: acoperire_rute. text: Jalnic... am 40 de minute de când stau in statie sa aștept un autobuz 44 ( din baza nautica ) trec foarte rar, pe aplicația lor de urmărire nu se potrivesc numerele autobuzelor . De exemplu mie îmi arată că vine un 27 și defapt era un 41.😡",acoperire_rute,0
45,"aspect: stare_vehicule. text: Jalnic... am 40 de minute de când stau in statie sa aștept un autobuz 44 ( din baza nautica ) trec foarte rar, pe aplicația lor de urmărire nu se potrivesc numerele autobuzelor . De exemplu mie îmi arată că vine un 27 și defapt era un 41.😡",stare_vehicule,0
45,"aspect: controlori. text: Jalnic... am 40 de minute de când stau in statie sa aștept un autobuz 44 ( din baza nautica ) trec foarte rar, pe aplicația lor de urmărire nu se potrivesc numerele autobuzelor . De exemplu mie îmi arată că vine un 27 și defapt era un 41.😡",controlori,0
45,"aspect: pret. text: Jalnic... am 40 de minute de când stau in statie sa aștept un autobuz 44 ( din baza nautica ) trec foarte rar, pe aplicația lor de urmărire nu se potrivesc numerele autobuzelor . De exemplu mie îmi arată că vine un 27 și defapt era un 41.😡",pret,0
45,"aspect: aglomeratie. text: Jalnic... am 40 de minute de când stau in statie sa aștept un autobuz 44 ( din baza nautica ) trec foarte rar, pe aplicația lor de urmărire nu se potrivesc numerele autobuzelor . De exemplu mie îmi arată că vine un 27 și defapt era un 41.😡",aglomeratie,0
44,aspect: stare_vehicule. text: Ce cu tramvaiele alea. La oleacă de pojghita deraiază toate?,stare_vehicule,1
44,aspect: infrastructura_statii. text: Ce cu tramvaiele alea. La oleacă de pojghita deraiază toate?,infrastructura_statii,0
44,aspect: informare_calatori. text: Ce cu tramvaiele alea. La oleacă de pojghita deraiază toate?,informare_calatori,0
44,aspect: punctualitate. text: Ce cu tramvaiele alea. La oleacă de pojghita deraiază toate?,punctualitate,0
167,aspect: confort_termic. text: nu exista aer condiționat în tramvaie ... ne sufocam de căldură ...,confort_termic,1
167,aspect: punctualitate. text: nu exista aer condiționat în tramvaie ... ne sufocam de căldură ...,punctualitate,0
167,aspect: curatenie. text: nu exista aer condiționat în tramvaie ... ne sufocam de căldură ...,curatenie,0
167,aspect: siguranta. text: nu exista aer condiționat în tramvaie ... ne sufocam de căldură ...,siguranta,0
SIM_106,aspect: acoperire_rute. text: Există legături bune între cartiere și centrul orașului.,acoperire_rute,1
SIM_106,aspect: siguranta. text: Există legături bune între cartiere și centrul orașului.,siguranta,0
SIM_106,aspect: infrastructura_statii. text: Există legături bune între cartiere și centrul orașului.,infrastructura_statii,0
SIM_106,aspect: organizare. text: Există legături bune între cartiere și centrul orașului.,organizare,0
222,"aspect: siguranta. text: O locație care nu are finanțare cât să își permită pază, așa că lasă câinii să atace oameni care trec prin fața curții.",siguranta,1
222,"aspect: informare_calatori. text: O locație care nu are finanțare cât să își permită pază, așa că lasă câinii să atace oameni care trec prin fața curții.",informare_calatori,0
222,"aspect: controlori. text: O locație care nu are finanțare cât să își permită pază, așa că lasă câinii să atace oameni care trec prin fața curții.",controlori,0
222,"aspect: confort_termic. text: O locație care nu are finanțare cât să își permită pază, așa că lasă câinii să atace oameni care trec prin fața curții.",confort_termic,0
297,aspect: acoperire_rute. text: Mulțumesc întregii companii și celor care au pus în aplicare proiectul ca în noaptea de Paști ortodox să circule pe anumite trasee câte un autobuz și/sau tramvai.,acoperire_rute,1
297,aspect: relatii_clienti. text: Mulțumesc întregii companii și celor care au pus în aplicare proiectul ca în noaptea de Paști ortodox să circule pe anumite trasee câte un autobuz și/sau tramvai.,relatii_clienti,0
297,aspect: siguranta. text: Mulțumesc întregii companii și celor care au pus în aplicare proiectul ca în noaptea de Paști ortodox să circule pe anumite trasee câte un autobuz și/sau tramvai.,siguranta,0
297,aspect: aglomeratie. text: Mulțumesc întregii companii și celor care au pus în aplicare proiectul ca în noaptea de Paști ortodox să circule pe anumite trasee câte un autobuz și/sau tramvai.,aglomeratie,0
40,aspect: acoperire_rute. text: dar am o nelămurire  cu pensionar din Iași nu mai pot circula cu autobuz 29 pina la blocuri Tomesti?,acoperire_rute,1
40,aspect: validare_bilete. text: dar am o nelămurire  cu pensionar din Iași nu mai pot circula cu autobuz 29 pina la blocuri Tomesti?,validare_bilete,0
40,aspect: soferi_vatmani. text: dar am o nelămurire  cu pensionar din Iași nu mai pot circula cu autobuz 29 pina la blocuri Tomesti?,soferi_vatmani,0
40,aspect: stare_vehicule. text: dar am o nelămurire  cu pensionar din Iași nu mai pot circula cu autobuz 29 pina la blocuri Tomesti?,stare_vehicule,0
SIM_087,aspect: controlori. text: Controlorii au verificat biletele rapid și fără să creeze tensiune.,controlori,1
SIM_087,aspect: validare_bilete. text: Controlorii au verificat biletele rapid și fără să creeze tensiune.,validare_bilete,0
SIM_087,aspect: aglomeratie. text: Controlorii au verificat biletele rapid și fără să creeze tensiune.,aglomeratie,0
SIM_087,aspect: soferi_vatmani. text: Controlorii au verificat biletele rapid și fără să creeze tensiune.,soferi_vatmani,0
225,"aspect: aglomeratie. text: Mulțumim, CTP, pentru sentimentul de coeziune socială pe care îl simt în mijloacele de transport supra-aglomerate și unde compostoarele de bilete se află în capetele vehiculului. Într-adevăr, există riscul de a nu se mai întoarce biletul sau să nu fie compostat conform cerințelor unor controlori, dar ce ar fi viața fără riscuri?!",aglomeratie,1
225,"aspect: validare_bilete. text: Mulțumim, CTP, pentru sentimentul de coeziune socială pe care îl simt în mijloacele de transport supra-aglomerate și unde compostoarele de bilete se află în capetele vehiculului. Într-adevăr, există riscul de a nu se mai întoarce biletul sau să nu fie compostat conform cerințelor unor controlori, dar ce ar fi viața fără riscuri?!",validare_bilete,1
225,"aspect: infrastructura_statii. text: Mulțumim, CTP, pentru sentimentul de coeziune socială pe care îl simt în mijloacele de transport supra-aglomerate și unde compostoarele de bilete se află în capetele vehiculului. Într-adevăr, există riscul de a nu se mai întoarce biletul sau să nu fie compostat conform cerințelor unor controlori, dar ce ar fi viața fără riscuri?!",infrastructura_statii,0
225,"aspect: curatenie. text: Mulțumim, CTP, pentru sentimentul de coeziune socială pe care îl simt în mijloacele de transport supra-aglomerate și unde compostoarele de bilete se află în capetele vehiculului. Într-adevăr, există riscul de a nu se mai întoarce biletul sau să nu fie compostat conform cerințelor unor controlori, dar ce ar fi viața fără riscuri?!",curatenie,0
225,"aspect: controlori. text: Mulțumim, CTP, pentru sentimentul de coeziune socială pe care îl simt în mijloacele de transport supra-aglomerate și unde compostoarele de bilete se află în capetele vehiculului. Într-adevăr, există riscul de a nu se mai întoarce biletul sau să nu fie compostat conform cerințelor unor controlori, dar ce ar fi viața fără riscuri?!",controlori,0
225,"aspect: pret. text: Mulțumim, CTP, pentru sentimentul de coeziune socială pe care îl simt în mijloacele de transport supra-aglomerate și unde compostoarele de bilete se află în capetele vehiculului. Într-adevăr, există riscul de a nu se mai întoarce biletul sau să nu fie compostat conform cerințelor unor controlori, dar ce ar fi viața fără riscuri?!",pret,0
225,"aspect: organizare. text: Mulțumim, CTP, pentru sentimentul de coeziune socială pe care îl simt în mijloacele de transport supra-aglomerate și unde compostoarele de bilete se află în capetele vehiculului. Într-adevăr, există riscul de a nu se mai întoarce biletul sau să nu fie compostat conform cerințelor unor controlori, dar ce ar fi viața fără riscuri?!",organizare,0
225,"aspect: acoperire_rute. text: Mulțumim, CTP, pentru sentimentul de coeziune socială pe care îl simt în mijloacele de transport supra-aglomerate și unde compostoarele de bilete se află în capetele vehiculului. Într-adevăr, există riscul de a nu se mai întoarce biletul sau să nu fie compostat conform cerințelor unor controlori, dar ce ar fi viața fără riscuri?!",acoperire_rute,0
196,aspect: frecventa. text: Tramvaiul 7 vine foarte greu (șoseaua Moara de Foc ) . Din ora in ora . Este inadmisibil așa ceva !,frecventa,1
196,aspect: pret. text: Tramvaiul 7 vine foarte greu (șoseaua Moara de Foc ) . Din ora in ora . Este inadmisibil așa ceva !,pret,0
196,aspect: controlori. text: Tramvaiul 7 vine foarte greu (șoseaua Moara de Foc ) . Din ora in ora . Este inadmisibil așa ceva !,controlori,0
196,aspect: aglomeratie. text: Tramvaiul 7 vine foarte greu (șoseaua Moara de Foc ) . Din ora in ora . Este inadmisibil așa ceva !,aglomeratie,0
56,"aspect: controlori. text: De ce nu sunt deschise casele de bilete in weekend? Aaaa…pentru ca se pot cumpara bilete din mijlocul de transport. Asta dacă funcționează aparatele alea. 
După ce ca aștepți o groaza in stație, te mai trezești si ca nu poți cumpara bilet. Dar amenda se da, ca doar cui ii pasa?",controlori,1
56,"aspect: frecventa. text: De ce nu sunt deschise casele de bilete in weekend? Aaaa…pentru ca se pot cumpara bilete din mijlocul de transport. Asta dacă funcționează aparatele alea. 
După ce ca aștepți o groaza in stație, te mai trezești si ca nu poți cumpara bilet. Dar amenda se da, ca doar cui ii pasa?",frecventa,1
56,"aspect: validare_bilete. text: De ce nu sunt deschise casele de bilete in weekend? Aaaa…pentru ca se pot cumpara bilete din mijlocul de transport. Asta dacă funcționează aparatele alea. 
După ce ca aștepți o groaza in stație, te mai trezești si ca nu poți cumpara bilet. Dar amenda se da, ca doar cui ii pasa?",validare_bilete,1
56,"aspect: pret. text: De ce nu sunt deschise casele de bilete in weekend? Aaaa…pentru ca se pot cumpara bilete din mijlocul de transport. Asta dacă funcționează aparatele alea. 
După ce ca aștepți o groaza in stație, te mai trezești si ca nu poți cumpara bilet. Dar amenda se da, ca doar cui ii pasa?",pret,0
56,"aspect: confort_termic. text: De ce nu sunt deschise casele de bilete in weekend? Aaaa…pentru ca se pot cumpara bilete din mijlocul de transport. Asta dacă funcționează aparatele alea. 
După ce ca aștepți o groaza in stație, te mai trezești si ca nu poți cumpara bilet. Dar amenda se da, ca doar cui ii pasa?",confort_termic,0
56,"aspect: stare_vehicule. text: De ce nu sunt deschise casele de bilete in weekend? Aaaa…pentru ca se pot cumpara bilete din mijlocul de transport. Asta dacă funcționează aparatele alea. 
După ce ca aștepți o groaza in stație, te mai trezești si ca nu poți cumpara bilet. Dar amenda se da, ca doar cui ii pasa?",stare_vehicule,0
56,"aspect: punctualitate. text: De ce nu sunt deschise casele de bilete in weekend? Aaaa…pentru ca se pot cumpara bilete din mijlocul de transport. Asta dacă funcționează aparatele alea. 
După ce ca aștepți o groaza in stație, te mai trezești si ca nu poți cumpara bilet. Dar amenda se da, ca doar cui ii pasa?",punctualitate,0
56,"aspect: relatii_clienti. text: De ce nu sunt deschise casele de bilete in weekend? Aaaa…pentru ca se pot cumpara bilete din mijlocul de transport. Asta dacă funcționează aparatele alea. 
După ce ca aștepți o groaza in stație, te mai trezești si ca nu poți cumpara bilet. Dar amenda se da, ca doar cui ii pasa?",relatii_clienti,0
56,"aspect: infrastructura_statii. text: De ce nu sunt deschise casele de bilete in weekend? Aaaa…pentru ca se pot cumpara bilete din mijlocul de transport. Asta dacă funcționează aparatele alea. 
După ce ca aștepți o groaza in stație, te mai trezești si ca nu poți cumpara bilet. Dar amenda se da, ca doar cui ii pasa?",infrastructura_statii,0
56,"aspect: organizare. text: De ce nu sunt deschise casele de bilete in weekend? Aaaa…pentru ca se pot cumpara bilete din mijlocul de transport. Asta dacă funcționează aparatele alea. 
După ce ca aștepți o groaza in stație, te mai trezești si ca nu poți cumpara bilet. Dar amenda se da, ca doar cui ii pasa?",organizare,0
56,"aspect: curatenie. text: De ce nu sunt deschise casele de bilete in weekend? Aaaa…pentru ca se pot cumpara bilete din mijlocul de transport. Asta dacă funcționează aparatele alea. 
După ce ca aștepți o groaza in stație, te mai trezești si ca nu poți cumpara bilet. Dar amenda se da, ca doar cui ii pasa?",curatenie,0
56,"aspect: informare_calatori. text: De ce nu sunt deschise casele de bilete in weekend? Aaaa…pentru ca se pot cumpara bilete din mijlocul de transport. Asta dacă funcționează aparatele alea. 
După ce ca aștepți o groaza in stație, te mai trezești si ca nu poți cumpara bilet. Dar amenda se da, ca doar cui ii pasa?",informare_calatori,0
88,"aspect: soferi_vatmani. text: Niște șoferi de-al dreptu nesimțiți.Alerg să prind tramvaiul la capăt de linie,apăs de 10 ori pe buton,mai stau vreo 10 secunde și pleacă.Nesimtire mare.",soferi_vatmani,1
88,"aspect: stare_vehicule. text: Niște șoferi de-al dreptu nesimțiți.Alerg să prind tramvaiul la capăt de linie,apăs de 10 ori pe buton,mai stau vreo 10 secunde și pleacă.Nesimtire mare.",stare_vehicule,0
88,"aspect: relatii_clienti. text: Niște șoferi de-al dreptu nesimțiți.Alerg să prind tramvaiul la capăt de linie,apăs de 10 ori pe buton,mai stau vreo 10 secunde și pleacă.Nesimtire mare.",relatii_clienti,0
88,"aspect: organizare. text: Niște șoferi de-al dreptu nesimțiți.Alerg să prind tramvaiul la capăt de linie,apăs de 10 ori pe buton,mai stau vreo 10 secunde și pleacă.Nesimtire mare.",organizare,0
256,"aspect: frecventa. text: Un dezastru ca intotdeauna. Stai si astepti in statie de iti vine a plânge. Iar cand in sfârsit a venit tramvaiul , dl. vatman parcă e mai degrabă cioban. A dat cu mine jos din scaun la un viraj. 2213 e numarul de inregistrare a tramvaiului.",frecventa,1
256,"aspect: siguranta. text: Un dezastru ca intotdeauna. Stai si astepti in statie de iti vine a plânge. Iar cand in sfârsit a venit tramvaiul , dl. vatman parcă e mai degrabă cioban. A dat cu mine jos din scaun la un viraj. 2213 e numarul de inregistrare a tramvaiului.",siguranta,1
256,"aspect: soferi_vatmani. text: Un dezastru ca intotdeauna. Stai si astepti in statie de iti vine a plânge. Iar cand in sfârsit a venit tramvaiul , dl. vatman parcă e mai degrabă cioban. A dat cu mine jos din scaun la un viraj. 2213 e numarul de inregistrare a tramvaiului.",soferi_vatmani,1
256,"aspect: infrastructura_statii. text: Un dezastru ca intotdeauna. Stai si astepti in statie de iti vine a plânge. Iar cand in sfârsit a venit tramvaiul , dl. vatman parcă e mai degrabă cioban. A dat cu mine jos din scaun la un viraj. 2213 e numarul de inregistrare a tramvaiului.",infrastructura_statii,0
256,"aspect: pret. text: Un dezastru ca intotdeauna. Stai si astepti in statie de iti vine a plânge. Iar cand in sfârsit a venit tramvaiul , dl. vatman parcă e mai degrabă cioban. A dat cu mine jos din scaun la un viraj. 2213 e numarul de inregistrare a tramvaiului.",pret,0
256,"aspect: organizare. text: Un dezastru ca intotdeauna. Stai si astepti in statie de iti vine a plânge. Iar cand in sfârsit a venit tramvaiul , dl. vatman parcă e mai degrabă cioban. A dat cu mine jos din scaun la un viraj. 2213 e numarul de inregistrare a tramvaiului.",organizare,0
256,"aspect: confort_termic. text: Un dezastru ca intotdeauna. Stai si astepti in statie de iti vine a plânge. Iar cand in sfârsit a venit tramvaiul , dl. vatman parcă e mai degrabă cioban. A dat cu mine jos din scaun la un viraj. 2213 e numarul de inregistrare a tramvaiului.",confort_termic,0
256,"aspect: relatii_clienti. text: Un dezastru ca intotdeauna. Stai si astepti in statie de iti vine a plânge. Iar cand in sfârsit a venit tramvaiul , dl. vatman parcă e mai degrabă cioban. A dat cu mine jos din scaun la un viraj. 2213 e numarul de inregistrare a tramvaiului.",relatii_clienti,0
256,"aspect: stare_vehicule. text: Un dezastru ca intotdeauna. Stai si astepti in statie de iti vine a plânge. Iar cand in sfârsit a venit tramvaiul , dl. vatman parcă e mai degrabă cioban. A dat cu mine jos din scaun la un viraj. 2213 e numarul de inregistrare a tramvaiului.",stare_vehicule,0
256,"aspect: punctualitate. text: Un dezastru ca intotdeauna. Stai si astepti in statie de iti vine a plânge. Iar cand in sfârsit a venit tramvaiul , dl. vatman parcă e mai degrabă cioban. A dat cu mine jos din scaun la un viraj. 2213 e numarul de inregistrare a tramvaiului.",punctualitate,0
256,"aspect: aglomeratie. text: Un dezastru ca intotdeauna. Stai si astepti in statie de iti vine a plânge. Iar cand in sfârsit a venit tramvaiul , dl. vatman parcă e mai degrabă cioban. A dat cu mine jos din scaun la un viraj. 2213 e numarul de inregistrare a tramvaiului.",aglomeratie,0
256,"aspect: validare_bilete. text: Un dezastru ca intotdeauna. Stai si astepti in statie de iti vine a plânge. Iar cand in sfârsit a venit tramvaiul , dl. vatman parcă e mai degrabă cioban. A dat cu mine jos din scaun la un viraj. 2213 e numarul de inregistrare a tramvaiului.",validare_bilete,0
232,"aspect: controlori. text: Ar trebui si compania amendata de cate ori  intarzie autobuzele/tranvaiele , si pentru porcariile de aparate pentru bilete care iti iau bani dar nu dau bilet. Ar trebui  macar la 15' sa vina un autobuz nu sa stai o ora in statie si sa mai fie si cu tupeu controlori. Pentru fiecare minut intarziat ar trebui sa se circule gratuit si asa furati des la aparatele de bilete ca luati bani da nu primesti bilet, pluc functionarea proasta a celor din mijlocul de transport care au ora eronata sau nu au fct.",controlori,1
232,"aspect: frecventa. text: Ar trebui si compania amendata de cate ori  intarzie autobuzele/tranvaiele , si pentru porcariile de aparate pentru bilete care iti iau bani dar nu dau bilet. Ar trebui  macar la 15' sa vina un autobuz nu sa stai o ora in statie si sa mai fie si cu tupeu controlori. Pentru fiecare minut intarziat ar trebui sa se circule gratuit si asa furati des la aparatele de bilete ca luati bani da nu primesti bilet, pluc functionarea proasta a celor din mijlocul de transport care au ora eronata sau nu au fct.",frecventa,1
232,"aspect: punctualitate. text: Ar trebui si compania amendata de cate ori  intarzie autobuzele/tranvaiele , si pentru porcariile de aparate pentru bilete care iti iau bani dar nu dau bilet. Ar trebui  macar la 15' sa vina un autobuz nu sa stai o ora in statie si sa mai fie si cu tupeu controlori. Pentru fiecare minut intarziat ar trebui sa se circule gratuit si asa furati des la aparatele de bilete ca luati bani da nu primesti bilet, pluc functionarea proasta a celor din mijlocul de transport care au ora eronata sau nu au fct.",punctualitate,1
232,"aspect: validare_bilete. text: Ar trebui si compania amendata de cate ori  intarzie autobuzele/tranvaiele , si pentru porcariile de aparate pentru bilete care iti iau bani dar nu dau bilet. Ar trebui  macar la 15' sa vina un autobuz nu sa stai o ora in statie si sa mai fie si cu tupeu controlori. Pentru fiecare minut intarziat ar trebui sa se circule gratuit si asa furati des la aparatele de bilete ca luati bani da nu primesti bilet, pluc functionarea proasta a celor din mijlocul de transport care au ora eronata sau nu au fct.",validare_bilete,1
232,"aspect: relatii_clienti. text: Ar trebui si compania amendata de cate ori  intarzie autobuzele/tranvaiele , si pentru porcariile de aparate pentru bilete care iti iau bani dar nu dau bilet. Ar trebui  macar la 15' sa vina un autobuz nu sa stai o ora in statie si sa mai fie si cu tupeu controlori. Pentru fiecare minut intarziat ar trebui sa se circule gratuit si asa furati des la aparatele de bilete ca luati bani da nu primesti bilet, pluc functionarea proasta a celor din mijlocul de transport care au ora eronata sau nu au fct.",relatii_clienti,0
232,"aspect: pret. text: Ar trebui si compania amendata de cate ori  intarzie autobuzele/tranvaiele , si pentru porcariile de aparate pentru bilete care iti iau bani dar nu dau bilet. Ar trebui  macar la 15' sa vina un autobuz nu sa stai o ora in statie si sa mai fie si cu tupeu controlori. Pentru fiecare minut intarziat ar trebui sa se circule gratuit si asa furati des la aparatele de bilete ca luati bani da nu primesti bilet, pluc functionarea proasta a celor din mijlocul de transport care au ora eronata sau nu au fct.",pret,0
232,"aspect: curatenie. text: Ar trebui si compania amendata de cate ori  intarzie autobuzele/tranvaiele , si pentru porcariile de aparate pentru bilete care iti iau bani dar nu dau bilet. Ar trebui  macar la 15' sa vina un autobuz nu sa stai o ora in statie si sa mai fie si cu tupeu controlori. Pentru fiecare minut intarziat ar trebui sa se circule gratuit si asa furati des la aparatele de bilete ca luati bani da nu primesti bilet, pluc functionarea proasta a celor din mijlocul de transport care au ora eronata sau nu au fct.",curatenie,0
232,"aspect: informare_calatori. text: Ar trebui si compania amendata de cate ori  intarzie autobuzele/tranvaiele , si pentru porcariile de aparate pentru bilete care iti iau bani dar nu dau bilet. Ar trebui  macar la 15' sa vina un autobuz nu sa stai o ora in statie si sa mai fie si cu tupeu controlori. Pentru fiecare minut intarziat ar trebui sa se circule gratuit si asa furati des la aparatele de bilete ca luati bani da nu primesti bilet, pluc functionarea proasta a celor din mijlocul de transport care au ora eronata sau nu au fct.",informare_calatori,0
232,"aspect: soferi_vatmani. text: Ar trebui si compania amendata de cate ori  intarzie autobuzele/tranvaiele , si pentru porcariile de aparate pentru bilete care iti iau bani dar nu dau bilet. Ar trebui  macar la 15' sa vina un autobuz nu sa stai o ora in statie si sa mai fie si cu tupeu controlori. Pentru fiecare minut intarziat ar trebui sa se circule gratuit si asa furati des la aparatele de bilete ca luati bani da nu primesti bilet, pluc functionarea proasta a celor din mijlocul de transport care au ora eronata sau nu au fct.",soferi_vatmani,0
232,"aspect: acoperire_rute. text: Ar trebui si compania amendata de cate ori  intarzie autobuzele/tranvaiele , si pentru porcariile de aparate pentru bilete care iti iau bani dar nu dau bilet. Ar trebui  macar la 15' sa vina un autobuz nu sa stai o ora in statie si sa mai fie si cu tupeu controlori. Pentru fiecare minut intarziat ar trebui sa se circule gratuit si asa furati des la aparatele de bilete ca luati bani da nu primesti bilet, pluc functionarea proasta a celor din mijlocul de transport care au ora eronata sau nu au fct.",acoperire_rute,0
232,"aspect: infrastructura_statii. text: Ar trebui si compania amendata de cate ori  intarzie autobuzele/tranvaiele , si pentru porcariile de aparate pentru bilete care iti iau bani dar nu dau bilet. Ar trebui  macar la 15' sa vina un autobuz nu sa stai o ora in statie si sa mai fie si cu tupeu controlori. Pentru fiecare minut intarziat ar trebui sa se circule gratuit si asa furati des la aparatele de bilete ca luati bani da nu primesti bilet, pluc functionarea proasta a celor din mijlocul de transport care au ora eronata sau nu au fct.",infrastructura_statii,0
232,"aspect: confort_termic. text: Ar trebui si compania amendata de cate ori  intarzie autobuzele/tranvaiele , si pentru porcariile de aparate pentru bilete care iti iau bani dar nu dau bilet. Ar trebui  macar la 15' sa vina un autobuz nu sa stai o ora in statie si sa mai fie si cu tupeu controlori. Pentru fiecare minut intarziat ar trebui sa se circule gratuit si asa furati des la aparatele de bilete ca luati bani da nu primesti bilet, pluc functionarea proasta a celor din mijlocul de transport care au ora eronata sau nu au fct.",confort_termic,0
232,"aspect: aglomeratie. text: Ar trebui si compania amendata de cate ori  intarzie autobuzele/tranvaiele , si pentru porcariile de aparate pentru bilete care iti iau bani dar nu dau bilet. Ar trebui  macar la 15' sa vina un autobuz nu sa stai o ora in statie si sa mai fie si cu tupeu controlori. Pentru fiecare minut intarziat ar trebui sa se circule gratuit si asa furati des la aparatele de bilete ca luati bani da nu primesti bilet, pluc functionarea proasta a celor din mijlocul de transport care au ora eronata sau nu au fct.",aglomeratie,0
232,"aspect: siguranta. text: Ar trebui si compania amendata de cate ori  intarzie autobuzele/tranvaiele , si pentru porcariile de aparate pentru bilete care iti iau bani dar nu dau bilet. Ar trebui  macar la 15' sa vina un autobuz nu sa stai o ora in statie si sa mai fie si cu tupeu controlori. Pentru fiecare minut intarziat ar trebui sa se circule gratuit si asa furati des la aparatele de bilete ca luati bani da nu primesti bilet, pluc functionarea proasta a celor din mijlocul de transport care au ora eronata sau nu au fct.",siguranta,0
232,"aspect: stare_vehicule. text: Ar trebui si compania amendata de cate ori  intarzie autobuzele/tranvaiele , si pentru porcariile de aparate pentru bilete care iti iau bani dar nu dau bilet. Ar trebui  macar la 15' sa vina un autobuz nu sa stai o ora in statie si sa mai fie si cu tupeu controlori. Pentru fiecare minut intarziat ar trebui sa se circule gratuit si asa furati des la aparatele de bilete ca luati bani da nu primesti bilet, pluc functionarea proasta a celor din mijlocul de transport care au ora eronata sau nu au fct.",stare_vehicule,0
232,"aspect: organizare. text: Ar trebui si compania amendata de cate ori  intarzie autobuzele/tranvaiele , si pentru porcariile de aparate pentru bilete care iti iau bani dar nu dau bilet. Ar trebui  macar la 15' sa vina un autobuz nu sa stai o ora in statie si sa mai fie si cu tupeu controlori. Pentru fiecare minut intarziat ar trebui sa se circule gratuit si asa furati des la aparatele de bilete ca luati bani da nu primesti bilet, pluc functionarea proasta a celor din mijlocul de transport care au ora eronata sau nu au fct.",organizare,0
135,"aspect: aglomeratie. text: Știți că ne calcăm în picioare și ne înghesuim în tramvai dimineața, că nu stăm decât în picioare tot drumul, că nu putem să respirăm, că îl luăm pe al doilea sau al treilea care vine (asta pe banii noștri)? Și știți de ce vă întreb dacă știți? Pentru că nu cred că voi, conducerea sau cine sunteți, circulați cu tramvaiul. Sunteți groaznici, pe bune. Luați o poză cu tramvaiele alea încărcate din comunism și priviți un pic cât așteptați cu mașina la stop. Ăia suntem noi, doar că azi. Sper ca într-o zi chiar să conteze că suntem mai mulți decât voi.",aglomeratie,1
135,"aspect: stare_vehicule. text: Știți că ne calcăm în picioare și ne înghesuim în tramvai dimineața, că nu stăm decât în picioare tot drumul, că nu putem să respirăm, că îl luăm pe al doilea sau al treilea care vine (asta pe banii noștri)? Și știți de ce vă întreb dacă știți? Pentru că nu cred că voi, conducerea sau cine sunteți, circulați cu tramvaiul. Sunteți groaznici, pe bune. Luați o poză cu tramvaiele alea încărcate din comunism și priviți un pic cât așteptați cu mașina la stop. Ăia suntem noi, doar că azi. Sper ca într-o zi chiar să conteze că suntem mai mulți decât voi.",stare_vehicule,1
135,"aspect: pret. text: Știți că ne calcăm în picioare și ne înghesuim în tramvai dimineața, că nu stăm decât în picioare tot drumul, că nu putem să respirăm, că îl luăm pe al doilea sau al treilea care vine (asta pe banii noștri)? Și știți de ce vă întreb dacă știți? Pentru că nu cred că voi, conducerea sau cine sunteți, circulați cu tramvaiul. Sunteți groaznici, pe bune. Luați o poză cu tramvaiele alea încărcate din comunism și priviți un pic cât așteptați cu mașina la stop. Ăia suntem noi, doar că azi. Sper ca într-o zi chiar să conteze că suntem mai mulți decât voi.",pret,0
135,"aspect: confort_termic. text: Știți că ne calcăm în picioare și ne înghesuim în tramvai dimineața, că nu stăm decât în picioare tot drumul, că nu putem să respirăm, că îl luăm pe al doilea sau al treilea care vine (asta pe banii noștri)? Și știți de ce vă întreb dacă știți? Pentru că nu cred că voi, conducerea sau cine sunteți, circulați cu tramvaiul. Sunteți groaznici, pe bune. Luați o poză cu tramvaiele alea încărcate din comunism și priviți un pic cât așteptați cu mașina la stop. Ăia suntem noi, doar că azi. Sper ca într-o zi chiar să conteze că suntem mai mulți decât voi.",confort_termic,0
135,"aspect: controlori. text: Știți că ne calcăm în picioare și ne înghesuim în tramvai dimineața, că nu stăm decât în picioare tot drumul, că nu putem să respirăm, că îl luăm pe al doilea sau al treilea care vine (asta pe banii noștri)? Și știți de ce vă întreb dacă știți? Pentru că nu cred că voi, conducerea sau cine sunteți, circulați cu tramvaiul. Sunteți groaznici, pe bune. Luați o poză cu tramvaiele alea încărcate din comunism și priviți un pic cât așteptați cu mașina la stop. Ăia suntem noi, doar că azi. Sper ca într-o zi chiar să conteze că suntem mai mulți decât voi.",controlori,0
135,"aspect: siguranta. text: Știți că ne calcăm în picioare și ne înghesuim în tramvai dimineața, că nu stăm decât în picioare tot drumul, că nu putem să respirăm, că îl luăm pe al doilea sau al treilea care vine (asta pe banii noștri)? Și știți de ce vă întreb dacă știți? Pentru că nu cred că voi, conducerea sau cine sunteți, circulați cu tramvaiul. Sunteți groaznici, pe bune. Luați o poză cu tramvaiele alea încărcate din comunism și priviți un pic cât așteptați cu mașina la stop. Ăia suntem noi, doar că azi. Sper ca într-o zi chiar să conteze că suntem mai mulți decât voi.",siguranta,0
135,"aspect: curatenie. text: Știți că ne calcăm în picioare și ne înghesuim în tramvai dimineața, că nu stăm decât în picioare tot drumul, că nu putem să respirăm, că îl luăm pe al doilea sau al treilea care vine (asta pe banii noștri)? Și știți de ce vă întreb dacă știți? Pentru că nu cred că voi, conducerea sau cine sunteți, circulați cu tramvaiul. Sunteți groaznici, pe bune. Luați o poză cu tramvaiele alea încărcate din comunism și priviți un pic cât așteptați cu mașina la stop. Ăia suntem noi, doar că azi. Sper ca într-o zi chiar să conteze că suntem mai mulți decât voi.",curatenie,0
135,"aspect: infrastructura_statii. text: Știți că ne calcăm în picioare și ne înghesuim în tramvai dimineața, că nu stăm decât în picioare tot drumul, că nu putem să respirăm, că îl luăm pe al doilea sau al treilea care vine (asta pe banii noștri)? Și știți de ce vă întreb dacă știți? Pentru că nu cred că voi, conducerea sau cine sunteți, circulați cu tramvaiul. Sunteți groaznici, pe bune. Luați o poză cu tramvaiele alea încărcate din comunism și priviți un pic cât așteptați cu mașina la stop. Ăia suntem noi, doar că azi. Sper ca într-o zi chiar să conteze că suntem mai mulți decât voi.",infrastructura_statii,0
70,"aspect: stare_vehicule. text: Transport urban modern și curat... azi am mers cu noul tramvai Pesa.. toate bune și frumoase, dar cind sa plătesc bilet.. surpriza nu au automat pentru plata cu cardul..",stare_vehicule,1
70,"aspect: validare_bilete. text: Transport urban modern și curat... azi am mers cu noul tramvai Pesa.. toate bune și frumoase, dar cind sa plătesc bilet.. surpriza nu au automat pentru plata cu cardul..",validare_bilete,1
70,"aspect: relatii_clienti. text: Transport urban modern și curat... azi am mers cu noul tramvai Pesa.. toate bune și frumoase, dar cind sa plătesc bilet.. surpriza nu au automat pentru plata cu cardul..",relatii_clienti,0
70,"aspect: confort_termic. text: Transport urban modern și curat... azi am mers cu noul tramvai Pesa.. toate bune și frumoase, dar cind sa plătesc bilet.. surpriza nu au automat pentru plata cu cardul..",confort_termic,0
70,"aspect: soferi_vatmani. text: Transport urban modern și curat... azi am mers cu noul tramvai Pesa.. toate bune și frumoase, dar cind sa plătesc bilet.. surpriza nu au automat pentru plata cu cardul..",soferi_vatmani,0
70,"aspect: controlori. text: Transport urban modern și curat... azi am mers cu noul tramvai Pesa.. toate bune și frumoase, dar cind sa plătesc bilet.. surpriza nu au automat pentru plata cu cardul..",controlori,0
70,"aspect: aglomeratie. text: Transport urban modern și curat... azi am mers cu noul tramvai Pesa.. toate bune și frumoase, dar cind sa plătesc bilet.. surpriza nu au automat pentru plata cu cardul..",aglomeratie,0
70,"aspect: informare_calatori. text: Transport urban modern și curat... azi am mers cu noul tramvai Pesa.. toate bune și frumoase, dar cind sa plătesc bilet.. surpriza nu au automat pentru plata cu cardul..",informare_calatori,0
321,aspect: aglomeratie. text: Aglomerație mare dar ok,aglomeratie,1
321,aspect: infrastructura_statii. text: Aglomerație mare dar ok,infrastructura_statii,0
321,aspect: informare_calatori. text: Aglomerație mare dar ok,informare_calatori,0
321,aspect: pret. text: Aglomerație mare dar ok,pret,0
SIM_036,aspect: punctualitate. text: Autobuzele noi Solaris arată bine și sunt curate. Problema e că pe traseul meu vin rar - o dată la 25 de minute nu e acceptabil. Deci depinde mult ce linie prinzi.,punctualitate,1
SIM_036,aspect: stare_vehicule. text: Autobuzele noi Solaris arată bine și sunt curate. Problema e că pe traseul meu vin rar - o dată la 25 de minute nu e acceptabil. Deci depinde mult ce linie prinzi.,stare_vehicule,1
SIM_036,aspect: infrastructura_statii. text: Autobuzele noi Solaris arată bine și sunt curate. Problema e că pe traseul meu vin rar - o dată la 25 de minute nu e acceptabil. Deci depinde mult ce linie prinzi.,infrastructura_statii,0
SIM_036,aspect: informare_calatori. text: Autobuzele noi Solaris arată bine și sunt curate. Problema e că pe traseul meu vin rar - o dată la 25 de minute nu e acceptabil. Deci depinde mult ce linie prinzi.,informare_calatori,0
SIM_036,aspect: acoperire_rute. text: Autobuzele noi Solaris arată bine și sunt curate. Problema e că pe traseul meu vin rar - o dată la 25 de minute nu e acceptabil. Deci depinde mult ce linie prinzi.,acoperire_rute,0
SIM_036,aspect: controlori. text: Autobuzele noi Solaris arată bine și sunt curate. Problema e că pe traseul meu vin rar - o dată la 25 de minute nu e acceptabil. Deci depinde mult ce linie prinzi.,controlori,0
SIM_036,aspect: soferi_vatmani. text: Autobuzele noi Solaris arată bine și sunt curate. Problema e că pe traseul meu vin rar - o dată la 25 de minute nu e acceptabil. Deci depinde mult ce linie prinzi.,soferi_vatmani,0
SIM_036,aspect: pret. text: Autobuzele noi Solaris arată bine și sunt curate. Problema e că pe traseul meu vin rar - o dată la 25 de minute nu e acceptabil. Deci depinde mult ce linie prinzi.,pret,0
248,"aspect: infrastructura_statii. text: 👎nu au copertină la întrare,am așteptat în ploaie!",infrastructura_statii,1
248,"aspect: validare_bilete. text: 👎nu au copertină la întrare,am așteptat în ploaie!",validare_bilete,0
248,"aspect: soferi_vatmani. text: 👎nu au copertină la întrare,am așteptat în ploaie!",soferi_vatmani,0
248,"aspect: punctualitate. text: 👎nu au copertină la întrare,am așteptat în ploaie!",punctualitate,0
SIM_021,"aspect: aglomeratie. text: Dimineața la 7:30 în autobuzul 20 nu poți respira. Oameni înghesuiți până la ușă, rucsacuri în față, nimeni nu se poate mișca. Înțeleg că e ora de vârf dar ar trebui suplimentate cursele.",aglomeratie,1
SIM_021,"aspect: organizare. text: Dimineața la 7:30 în autobuzul 20 nu poți respira. Oameni înghesuiți până la ușă, rucsacuri în față, nimeni nu se poate mișca. Înțeleg că e ora de vârf dar ar trebui suplimentate cursele.",organizare,1
SIM_021,"aspect: soferi_vatmani. text: Dimineața la 7:30 în autobuzul 20 nu poți respira. Oameni înghesuiți până la ușă, rucsacuri în față, nimeni nu se poate mișca. Înțeleg că e ora de vârf dar ar trebui suplimentate cursele.",soferi_vatmani,0
SIM_021,"aspect: acoperire_rute. text: Dimineața la 7:30 în autobuzul 20 nu poți respira. Oameni înghesuiți până la ușă, rucsacuri în față, nimeni nu se poate mișca. Înțeleg că e ora de vârf dar ar trebui suplimentate cursele.",acoperire_rute,0
SIM_021,"aspect: relatii_clienti. text: Dimineața la 7:30 în autobuzul 20 nu poți respira. Oameni înghesuiți până la ușă, rucsacuri în față, nimeni nu se poate mișca. Înțeleg că e ora de vârf dar ar trebui suplimentate cursele.",relatii_clienti,0
SIM_021,"aspect: infrastructura_statii. text: Dimineața la 7:30 în autobuzul 20 nu poți respira. Oameni înghesuiți până la ușă, rucsacuri în față, nimeni nu se poate mișca. Înțeleg că e ora de vârf dar ar trebui suplimentate cursele.",infrastructura_statii,0
SIM_021,"aspect: pret. text: Dimineața la 7:30 în autobuzul 20 nu poți respira. Oameni înghesuiți până la ușă, rucsacuri în față, nimeni nu se poate mișca. Înțeleg că e ora de vârf dar ar trebui suplimentate cursele.",pret,0
SIM_021,"aspect: stare_vehicule. text: Dimineața la 7:30 în autobuzul 20 nu poți respira. Oameni înghesuiți până la ușă, rucsacuri în față, nimeni nu se poate mișca. Înțeleg că e ora de vârf dar ar trebui suplimentate cursele.",stare_vehicule,0
24,"aspect: frecventa. text: Se încurajează utilizarea mijloacelor de transport în comun, însă aștepți 10 minute să sosească un tramvai într-un minut. Nu ajungi nicăieri la timp. Biletele nu își merită scumpirile.",frecventa,1
24,"aspect: pret. text: Se încurajează utilizarea mijloacelor de transport în comun, însă aștepți 10 minute să sosească un tramvai într-un minut. Nu ajungi nicăieri la timp. Biletele nu își merită scumpirile.",pret,1
24,"aspect: punctualitate. text: Se încurajează utilizarea mijloacelor de transport în comun, însă aștepți 10 minute să sosească un tramvai într-un minut. Nu ajungi nicăieri la timp. Biletele nu își merită scumpirile.",punctualitate,1
24,"aspect: informare_calatori. text: Se încurajează utilizarea mijloacelor de transport în comun, însă aștepți 10 minute să sosească un tramvai într-un minut. Nu ajungi nicăieri la timp. Biletele nu își merită scumpirile.",informare_calatori,0
24,"aspect: curatenie. text: Se încurajează utilizarea mijloacelor de transport în comun, însă aștepți 10 minute să sosească un tramvai într-un minut. Nu ajungi nicăieri la timp. Biletele nu își merită scumpirile.",curatenie,0
24,"aspect: infrastructura_statii. text: Se încurajează utilizarea mijloacelor de transport în comun, însă aștepți 10 minute să sosească un tramvai într-un minut. Nu ajungi nicăieri la timp. Biletele nu își merită scumpirile.",infrastructura_statii,0
24,"aspect: soferi_vatmani. text: Se încurajează utilizarea mijloacelor de transport în comun, însă aștepți 10 minute să sosească un tramvai într-un minut. Nu ajungi nicăieri la timp. Biletele nu își merită scumpirile.",soferi_vatmani,0
24,"aspect: relatii_clienti. text: Se încurajează utilizarea mijloacelor de transport în comun, însă aștepți 10 minute să sosească un tramvai într-un minut. Nu ajungi nicăieri la timp. Biletele nu își merită scumpirile.",relatii_clienti,0
24,"aspect: controlori. text: Se încurajează utilizarea mijloacelor de transport în comun, însă aștepți 10 minute să sosească un tramvai într-un minut. Nu ajungi nicăieri la timp. Biletele nu își merită scumpirile.",controlori,0
24,"aspect: organizare. text: Se încurajează utilizarea mijloacelor de transport în comun, însă aștepți 10 minute să sosească un tramvai într-un minut. Nu ajungi nicăieri la timp. Biletele nu își merită scumpirile.",organizare,0
24,"aspect: aglomeratie. text: Se încurajează utilizarea mijloacelor de transport în comun, însă aștepți 10 minute să sosească un tramvai într-un minut. Nu ajungi nicăieri la timp. Biletele nu își merită scumpirile.",aglomeratie,0
24,"aspect: confort_termic. text: Se încurajează utilizarea mijloacelor de transport în comun, însă aștepți 10 minute să sosească un tramvai într-un minut. Nu ajungi nicăieri la timp. Biletele nu își merită scumpirile.",confort_termic,0
SIM_065,aspect: punctualitate. text: Am ajuns la gară la timp datorită cursei care a respectat programul.,punctualitate,1
SIM_065,aspect: informare_calatori. text: Am ajuns la gară la timp datorită cursei care a respectat programul.,informare_calatori,0
SIM_065,aspect: infrastructura_statii. text: Am ajuns la gară la timp datorită cursei care a respectat programul.,infrastructura_statii,0
SIM_065,aspect: acoperire_rute. text: Am ajuns la gară la timp datorită cursei care a respectat programul.,acoperire_rute,0
9,"aspect: acoperire_rute. text: nu recomand ctp pentru ca sunt neseriosi, nu ajuta lumea sa se adapteze la noile carduri, misiunea si faptul ca avem transport public este un lucru genial si rutele sunt facute bine dar cum e in tramvaie si autobuze lasa foarte multe semne de întrebare. Nici nu i-au in considerare plangerile trimise pe email, ei trimit doar raspunsuri automate, rutele pentru elevi nu sunt respectate pentru ca nu este nimeni sa opreasca oameni care nu au ce cauta in aceste curse speciale (din cate am inteles politist exista la ruta 9) apreciez ca macar elevi primesc gratis dar daca era dupa ei nu cred ca primeau nimic. si nici acest mesaj nu va face vreo diferenta si nici nu pot schimba ceva peste noapte dar nici nu pare ca isi doresc sa schimbe ceva",acoperire_rute,1
9,"aspect: informare_calatori. text: nu recomand ctp pentru ca sunt neseriosi, nu ajuta lumea sa se adapteze la noile carduri, misiunea si faptul ca avem transport public este un lucru genial si rutele sunt facute bine dar cum e in tramvaie si autobuze lasa foarte multe semne de întrebare. Nici nu i-au in considerare plangerile trimise pe email, ei trimit doar raspunsuri automate, rutele pentru elevi nu sunt respectate pentru ca nu este nimeni sa opreasca oameni care nu au ce cauta in aceste curse speciale (din cate am inteles politist exista la ruta 9) apreciez ca macar elevi primesc gratis dar daca era dupa ei nu cred ca primeau nimic. si nici acest mesaj nu va face vreo diferenta si nici nu pot schimba ceva peste noapte dar nici nu pare ca isi doresc sa schimbe ceva",informare_calatori,1
9,"aspect: organizare. text: nu recomand ctp pentru ca sunt neseriosi, nu ajuta lumea sa se adapteze la noile carduri, misiunea si faptul ca avem transport public este un lucru genial si rutele sunt facute bine dar cum e in tramvaie si autobuze lasa foarte multe semne de întrebare. Nici nu i-au in considerare plangerile trimise pe email, ei trimit doar raspunsuri automate, rutele pentru elevi nu sunt respectate pentru ca nu este nimeni sa opreasca oameni care nu au ce cauta in aceste curse speciale (din cate am inteles politist exista la ruta 9) apreciez ca macar elevi primesc gratis dar daca era dupa ei nu cred ca primeau nimic. si nici acest mesaj nu va face vreo diferenta si nici nu pot schimba ceva peste noapte dar nici nu pare ca isi doresc sa schimbe ceva",organizare,1
9,"aspect: relatii_clienti. text: nu recomand ctp pentru ca sunt neseriosi, nu ajuta lumea sa se adapteze la noile carduri, misiunea si faptul ca avem transport public este un lucru genial si rutele sunt facute bine dar cum e in tramvaie si autobuze lasa foarte multe semne de întrebare. Nici nu i-au in considerare plangerile trimise pe email, ei trimit doar raspunsuri automate, rutele pentru elevi nu sunt respectate pentru ca nu este nimeni sa opreasca oameni care nu au ce cauta in aceste curse speciale (din cate am inteles politist exista la ruta 9) apreciez ca macar elevi primesc gratis dar daca era dupa ei nu cred ca primeau nimic. si nici acest mesaj nu va face vreo diferenta si nici nu pot schimba ceva peste noapte dar nici nu pare ca isi doresc sa schimbe ceva",relatii_clienti,1
9,"aspect: pret. text: nu recomand ctp pentru ca sunt neseriosi, nu ajuta lumea sa se adapteze la noile carduri, misiunea si faptul ca avem transport public este un lucru genial si rutele sunt facute bine dar cum e in tramvaie si autobuze lasa foarte multe semne de întrebare. Nici nu i-au in considerare plangerile trimise pe email, ei trimit doar raspunsuri automate, rutele pentru elevi nu sunt respectate pentru ca nu este nimeni sa opreasca oameni care nu au ce cauta in aceste curse speciale (din cate am inteles politist exista la ruta 9) apreciez ca macar elevi primesc gratis dar daca era dupa ei nu cred ca primeau nimic. si nici acest mesaj nu va face vreo diferenta si nici nu pot schimba ceva peste noapte dar nici nu pare ca isi doresc sa schimbe ceva",pret,0
9,"aspect: infrastructura_statii. text: nu recomand ctp pentru ca sunt neseriosi, nu ajuta lumea sa se adapteze la noile carduri, misiunea si faptul ca avem transport public este un lucru genial si rutele sunt facute bine dar cum e in tramvaie si autobuze lasa foarte multe semne de întrebare. Nici nu i-au in considerare plangerile trimise pe email, ei trimit doar raspunsuri automate, rutele pentru elevi nu sunt respectate pentru ca nu este nimeni sa opreasca oameni care nu au ce cauta in aceste curse speciale (din cate am inteles politist exista la ruta 9) apreciez ca macar elevi primesc gratis dar daca era dupa ei nu cred ca primeau nimic. si nici acest mesaj nu va face vreo diferenta si nici nu pot schimba ceva peste noapte dar nici nu pare ca isi doresc sa schimbe ceva",infrastructura_statii,0
9,"aspect: validare_bilete. text: nu recomand ctp pentru ca sunt neseriosi, nu ajuta lumea sa se adapteze la noile carduri, misiunea si faptul ca avem transport public este un lucru genial si rutele sunt facute bine dar cum e in tramvaie si autobuze lasa foarte multe semne de întrebare. Nici nu i-au in considerare plangerile trimise pe email, ei trimit doar raspunsuri automate, rutele pentru elevi nu sunt respectate pentru ca nu este nimeni sa opreasca oameni care nu au ce cauta in aceste curse speciale (din cate am inteles politist exista la ruta 9) apreciez ca macar elevi primesc gratis dar daca era dupa ei nu cred ca primeau nimic. si nici acest mesaj nu va face vreo diferenta si nici nu pot schimba ceva peste noapte dar nici nu pare ca isi doresc sa schimbe ceva",validare_bilete,0
9,"aspect: controlori. text: nu recomand ctp pentru ca sunt neseriosi, nu ajuta lumea sa se adapteze la noile carduri, misiunea si faptul ca avem transport public este un lucru genial si rutele sunt facute bine dar cum e in tramvaie si autobuze lasa foarte multe semne de întrebare. Nici nu i-au in considerare plangerile trimise pe email, ei trimit doar raspunsuri automate, rutele pentru elevi nu sunt respectate pentru ca nu este nimeni sa opreasca oameni care nu au ce cauta in aceste curse speciale (din cate am inteles politist exista la ruta 9) apreciez ca macar elevi primesc gratis dar daca era dupa ei nu cred ca primeau nimic. si nici acest mesaj nu va face vreo diferenta si nici nu pot schimba ceva peste noapte dar nici nu pare ca isi doresc sa schimbe ceva",controlori,0
9,"aspect: punctualitate. text: nu recomand ctp pentru ca sunt neseriosi, nu ajuta lumea sa se adapteze la noile carduri, misiunea si faptul ca avem transport public este un lucru genial si rutele sunt facute bine dar cum e in tramvaie si autobuze lasa foarte multe semne de întrebare. Nici nu i-au in considerare plangerile trimise pe email, ei trimit doar raspunsuri automate, rutele pentru elevi nu sunt respectate pentru ca nu este nimeni sa opreasca oameni care nu au ce cauta in aceste curse speciale (din cate am inteles politist exista la ruta 9) apreciez ca macar elevi primesc gratis dar daca era dupa ei nu cred ca primeau nimic. si nici acest mesaj nu va face vreo diferenta si nici nu pot schimba ceva peste noapte dar nici nu pare ca isi doresc sa schimbe ceva",punctualitate,0
9,"aspect: confort_termic. text: nu recomand ctp pentru ca sunt neseriosi, nu ajuta lumea sa se adapteze la noile carduri, misiunea si faptul ca avem transport public este un lucru genial si rutele sunt facute bine dar cum e in tramvaie si autobuze lasa foarte multe semne de întrebare. Nici nu i-au in considerare plangerile trimise pe email, ei trimit doar raspunsuri automate, rutele pentru elevi nu sunt respectate pentru ca nu este nimeni sa opreasca oameni care nu au ce cauta in aceste curse speciale (din cate am inteles politist exista la ruta 9) apreciez ca macar elevi primesc gratis dar daca era dupa ei nu cred ca primeau nimic. si nici acest mesaj nu va face vreo diferenta si nici nu pot schimba ceva peste noapte dar nici nu pare ca isi doresc sa schimbe ceva",confort_termic,0
9,"aspect: frecventa. text: nu recomand ctp pentru ca sunt neseriosi, nu ajuta lumea sa se adapteze la noile carduri, misiunea si faptul ca avem transport public este un lucru genial si rutele sunt facute bine dar cum e in tramvaie si autobuze lasa foarte multe semne de întrebare. Nici nu i-au in considerare plangerile trimise pe email, ei trimit doar raspunsuri automate, rutele pentru elevi nu sunt respectate pentru ca nu este nimeni sa opreasca oameni care nu au ce cauta in aceste curse speciale (din cate am inteles politist exista la ruta 9) apreciez ca macar elevi primesc gratis dar daca era dupa ei nu cred ca primeau nimic. si nici acest mesaj nu va face vreo diferenta si nici nu pot schimba ceva peste noapte dar nici nu pare ca isi doresc sa schimbe ceva",frecventa,0
9,"aspect: stare_vehicule. text: nu recomand ctp pentru ca sunt neseriosi, nu ajuta lumea sa se adapteze la noile carduri, misiunea si faptul ca avem transport public este un lucru genial si rutele sunt facute bine dar cum e in tramvaie si autobuze lasa foarte multe semne de întrebare. Nici nu i-au in considerare plangerile trimise pe email, ei trimit doar raspunsuri automate, rutele pentru elevi nu sunt respectate pentru ca nu este nimeni sa opreasca oameni care nu au ce cauta in aceste curse speciale (din cate am inteles politist exista la ruta 9) apreciez ca macar elevi primesc gratis dar daca era dupa ei nu cred ca primeau nimic. si nici acest mesaj nu va face vreo diferenta si nici nu pot schimba ceva peste noapte dar nici nu pare ca isi doresc sa schimbe ceva",stare_vehicule,0
9,"aspect: aglomeratie. text: nu recomand ctp pentru ca sunt neseriosi, nu ajuta lumea sa se adapteze la noile carduri, misiunea si faptul ca avem transport public este un lucru genial si rutele sunt facute bine dar cum e in tramvaie si autobuze lasa foarte multe semne de întrebare. Nici nu i-au in considerare plangerile trimise pe email, ei trimit doar raspunsuri automate, rutele pentru elevi nu sunt respectate pentru ca nu este nimeni sa opreasca oameni care nu au ce cauta in aceste curse speciale (din cate am inteles politist exista la ruta 9) apreciez ca macar elevi primesc gratis dar daca era dupa ei nu cred ca primeau nimic. si nici acest mesaj nu va face vreo diferenta si nici nu pot schimba ceva peste noapte dar nici nu pare ca isi doresc sa schimbe ceva",aglomeratie,0
9,"aspect: soferi_vatmani. text: nu recomand ctp pentru ca sunt neseriosi, nu ajuta lumea sa se adapteze la noile carduri, misiunea si faptul ca avem transport public este un lucru genial si rutele sunt facute bine dar cum e in tramvaie si autobuze lasa foarte multe semne de întrebare. Nici nu i-au in considerare plangerile trimise pe email, ei trimit doar raspunsuri automate, rutele pentru elevi nu sunt respectate pentru ca nu este nimeni sa opreasca oameni care nu au ce cauta in aceste curse speciale (din cate am inteles politist exista la ruta 9) apreciez ca macar elevi primesc gratis dar daca era dupa ei nu cred ca primeau nimic. si nici acest mesaj nu va face vreo diferenta si nici nu pot schimba ceva peste noapte dar nici nu pare ca isi doresc sa schimbe ceva",soferi_vatmani,0
9,"aspect: curatenie. text: nu recomand ctp pentru ca sunt neseriosi, nu ajuta lumea sa se adapteze la noile carduri, misiunea si faptul ca avem transport public este un lucru genial si rutele sunt facute bine dar cum e in tramvaie si autobuze lasa foarte multe semne de întrebare. Nici nu i-au in considerare plangerile trimise pe email, ei trimit doar raspunsuri automate, rutele pentru elevi nu sunt respectate pentru ca nu este nimeni sa opreasca oameni care nu au ce cauta in aceste curse speciale (din cate am inteles politist exista la ruta 9) apreciez ca macar elevi primesc gratis dar daca era dupa ei nu cred ca primeau nimic. si nici acest mesaj nu va face vreo diferenta si nici nu pot schimba ceva peste noapte dar nici nu pare ca isi doresc sa schimbe ceva",curatenie,0
9,"aspect: siguranta. text: nu recomand ctp pentru ca sunt neseriosi, nu ajuta lumea sa se adapteze la noile carduri, misiunea si faptul ca avem transport public este un lucru genial si rutele sunt facute bine dar cum e in tramvaie si autobuze lasa foarte multe semne de întrebare. Nici nu i-au in considerare plangerile trimise pe email, ei trimit doar raspunsuri automate, rutele pentru elevi nu sunt respectate pentru ca nu este nimeni sa opreasca oameni care nu au ce cauta in aceste curse speciale (din cate am inteles politist exista la ruta 9) apreciez ca macar elevi primesc gratis dar daca era dupa ei nu cred ca primeau nimic. si nici acest mesaj nu va face vreo diferenta si nici nu pot schimba ceva peste noapte dar nici nu pare ca isi doresc sa schimbe ceva",siguranta,0
132,"aspect: relatii_clienti. text: Stimați călători,
Aș vrea să vă anunț că dacă vă urcați într-un mijloc de transport în comun și credeți că vă puteți plăti călătoria cu cardul bancar vă înșelați amarnic. Dacă POS-ul nu funcționează din vina Compania de Transport Public Iasi sunteți pasibili de amendă că nu v-ați gândit să vă cumpărați și bilet de la tonetă și să vă instalați și aplicația care necesită înrolarea unui card bancar. Am obținut acest răspuns de la cei ce se ocupă de pagina de FB. 
Cu plăcere!",relatii_clienti,1
132,"aspect: validare_bilete. text: Stimați călători,
Aș vrea să vă anunț că dacă vă urcați într-un mijloc de transport în comun și credeți că vă puteți plăti călătoria cu cardul bancar vă înșelați amarnic. Dacă POS-ul nu funcționează din vina Compania de Transport Public Iasi sunteți pasibili de amendă că nu v-ați gândit să vă cumpărați și bilet de la tonetă și să vă instalați și aplicația care necesită înrolarea unui card bancar. Am obținut acest răspuns de la cei ce se ocupă de pagina de FB. 
Cu plăcere!",validare_bilete,1
132,"aspect: punctualitate. text: Stimați călători,
Aș vrea să vă anunț că dacă vă urcați într-un mijloc de transport în comun și credeți că vă puteți plăti călătoria cu cardul bancar vă înșelați amarnic. Dacă POS-ul nu funcționează din vina Compania de Transport Public Iasi sunteți pasibili de amendă că nu v-ați gândit să vă cumpărați și bilet de la tonetă și să vă instalați și aplicația care necesită înrolarea unui card bancar. Am obținut acest răspuns de la cei ce se ocupă de pagina de FB. 
Cu plăcere!",punctualitate,0
132,"aspect: informare_calatori. text: Stimați călători,
Aș vrea să vă anunț că dacă vă urcați într-un mijloc de transport în comun și credeți că vă puteți plăti călătoria cu cardul bancar vă înșelați amarnic. Dacă POS-ul nu funcționează din vina Compania de Transport Public Iasi sunteți pasibili de amendă că nu v-ați gândit să vă cumpărați și bilet de la tonetă și să vă instalați și aplicația care necesită înrolarea unui card bancar. Am obținut acest răspuns de la cei ce se ocupă de pagina de FB. 
Cu plăcere!",informare_calatori,0
132,"aspect: confort_termic. text: Stimați călători,
Aș vrea să vă anunț că dacă vă urcați într-un mijloc de transport în comun și credeți că vă puteți plăti călătoria cu cardul bancar vă înșelați amarnic. Dacă POS-ul nu funcționează din vina Compania de Transport Public Iasi sunteți pasibili de amendă că nu v-ați gândit să vă cumpărați și bilet de la tonetă și să vă instalați și aplicația care necesită înrolarea unui card bancar. Am obținut acest răspuns de la cei ce se ocupă de pagina de FB. 
Cu plăcere!",confort_termic,0
132,"aspect: infrastructura_statii. text: Stimați călători,
Aș vrea să vă anunț că dacă vă urcați într-un mijloc de transport în comun și credeți că vă puteți plăti călătoria cu cardul bancar vă înșelați amarnic. Dacă POS-ul nu funcționează din vina Compania de Transport Public Iasi sunteți pasibili de amendă că nu v-ați gândit să vă cumpărați și bilet de la tonetă și să vă instalați și aplicația care necesită înrolarea unui card bancar. Am obținut acest răspuns de la cei ce se ocupă de pagina de FB. 
Cu plăcere!",infrastructura_statii,0
132,"aspect: siguranta. text: Stimați călători,
Aș vrea să vă anunț că dacă vă urcați într-un mijloc de transport în comun și credeți că vă puteți plăti călătoria cu cardul bancar vă înșelați amarnic. Dacă POS-ul nu funcționează din vina Compania de Transport Public Iasi sunteți pasibili de amendă că nu v-ați gândit să vă cumpărați și bilet de la tonetă și să vă instalați și aplicația care necesită înrolarea unui card bancar. Am obținut acest răspuns de la cei ce se ocupă de pagina de FB. 
Cu plăcere!",siguranta,0
132,"aspect: acoperire_rute. text: Stimați călători,
Aș vrea să vă anunț că dacă vă urcați într-un mijloc de transport în comun și credeți că vă puteți plăti călătoria cu cardul bancar vă înșelați amarnic. Dacă POS-ul nu funcționează din vina Compania de Transport Public Iasi sunteți pasibili de amendă că nu v-ați gândit să vă cumpărați și bilet de la tonetă și să vă instalați și aplicația care necesită înrolarea unui card bancar. Am obținut acest răspuns de la cei ce se ocupă de pagina de FB. 
Cu plăcere!",acoperire_rute,0
129,"aspect: aglomeratie. text: 27 noiembrie.Stai jumatate de ora in statie,dupa care vin 2 autobuze ambele 30 unul dupa altul,primul foarte aglomerat,astept sa opreasca celalalt care este mai liber,dar surpriza,celalalt nu mai opreste,sau poate inteleg eu gresit ca este datoria lor sa opreasca in fiecare statie!Frumos!",aglomeratie,1
129,"aspect: frecventa. text: 27 noiembrie.Stai jumatate de ora in statie,dupa care vin 2 autobuze ambele 30 unul dupa altul,primul foarte aglomerat,astept sa opreasca celalalt care este mai liber,dar surpriza,celalalt nu mai opreste,sau poate inteleg eu gresit ca este datoria lor sa opreasca in fiecare statie!Frumos!",frecventa,1
129,"aspect: soferi_vatmani. text: 27 noiembrie.Stai jumatate de ora in statie,dupa care vin 2 autobuze ambele 30 unul dupa altul,primul foarte aglomerat,astept sa opreasca celalalt care este mai liber,dar surpriza,celalalt nu mai opreste,sau poate inteleg eu gresit ca este datoria lor sa opreasca in fiecare statie!Frumos!",soferi_vatmani,1
129,"aspect: informare_calatori. text: 27 noiembrie.Stai jumatate de ora in statie,dupa care vin 2 autobuze ambele 30 unul dupa altul,primul foarte aglomerat,astept sa opreasca celalalt care este mai liber,dar surpriza,celalalt nu mai opreste,sau poate inteleg eu gresit ca este datoria lor sa opreasca in fiecare statie!Frumos!",informare_calatori,0
129,"aspect: organizare. text: 27 noiembrie.Stai jumatate de ora in statie,dupa care vin 2 autobuze ambele 30 unul dupa altul,primul foarte aglomerat,astept sa opreasca celalalt care este mai liber,dar surpriza,celalalt nu mai opreste,sau poate inteleg eu gresit ca este datoria lor sa opreasca in fiecare statie!Frumos!",organizare,0
129,"aspect: infrastructura_statii. text: 27 noiembrie.Stai jumatate de ora in statie,dupa care vin 2 autobuze ambele 30 unul dupa altul,primul foarte aglomerat,astept sa opreasca celalalt care este mai liber,dar surpriza,celalalt nu mai opreste,sau poate inteleg eu gresit ca este datoria lor sa opreasca in fiecare statie!Frumos!",infrastructura_statii,0
129,"aspect: curatenie. text: 27 noiembrie.Stai jumatate de ora in statie,dupa care vin 2 autobuze ambele 30 unul dupa altul,primul foarte aglomerat,astept sa opreasca celalalt care este mai liber,dar surpriza,celalalt nu mai opreste,sau poate inteleg eu gresit ca este datoria lor sa opreasca in fiecare statie!Frumos!",curatenie,0
129,"aspect: pret. text: 27 noiembrie.Stai jumatate de ora in statie,dupa care vin 2 autobuze ambele 30 unul dupa altul,primul foarte aglomerat,astept sa opreasca celalalt care este mai liber,dar surpriza,celalalt nu mai opreste,sau poate inteleg eu gresit ca este datoria lor sa opreasca in fiecare statie!Frumos!",pret,0
129,"aspect: siguranta. text: 27 noiembrie.Stai jumatate de ora in statie,dupa care vin 2 autobuze ambele 30 unul dupa altul,primul foarte aglomerat,astept sa opreasca celalalt care este mai liber,dar surpriza,celalalt nu mai opreste,sau poate inteleg eu gresit ca este datoria lor sa opreasca in fiecare statie!Frumos!",siguranta,0
129,"aspect: controlori. text: 27 noiembrie.Stai jumatate de ora in statie,dupa care vin 2 autobuze ambele 30 unul dupa altul,primul foarte aglomerat,astept sa opreasca celalalt care este mai liber,dar surpriza,celalalt nu mai opreste,sau poate inteleg eu gresit ca este datoria lor sa opreasca in fiecare statie!Frumos!",controlori,0
129,"aspect: relatii_clienti. text: 27 noiembrie.Stai jumatate de ora in statie,dupa care vin 2 autobuze ambele 30 unul dupa altul,primul foarte aglomerat,astept sa opreasca celalalt care este mai liber,dar surpriza,celalalt nu mai opreste,sau poate inteleg eu gresit ca este datoria lor sa opreasca in fiecare statie!Frumos!",relatii_clienti,0
129,"aspect: stare_vehicule. text: 27 noiembrie.Stai jumatate de ora in statie,dupa care vin 2 autobuze ambele 30 unul dupa altul,primul foarte aglomerat,astept sa opreasca celalalt care este mai liber,dar surpriza,celalalt nu mai opreste,sau poate inteleg eu gresit ca este datoria lor sa opreasca in fiecare statie!Frumos!",stare_vehicule,0
120,"aspect: relatii_clienti. text: Oameni incapabili de a lucra în acest domeniu! Nu sunt respectate persoanele care folosesc transportul în comun. Înainte de a face angajări, asigurați-vă că noii angajați au respect față de oameni!",relatii_clienti,1
120,"aspect: soferi_vatmani. text: Oameni incapabili de a lucra în acest domeniu! Nu sunt respectate persoanele care folosesc transportul în comun. Înainte de a face angajări, asigurați-vă că noii angajați au respect față de oameni!",soferi_vatmani,0
120,"aspect: stare_vehicule. text: Oameni incapabili de a lucra în acest domeniu! Nu sunt respectate persoanele care folosesc transportul în comun. Înainte de a face angajări, asigurați-vă că noii angajați au respect față de oameni!",stare_vehicule,0
120,"aspect: informare_calatori. text: Oameni incapabili de a lucra în acest domeniu! Nu sunt respectate persoanele care folosesc transportul în comun. Înainte de a face angajări, asigurați-vă că noii angajați au respect față de oameni!",informare_calatori,0
SIM_107,aspect: acoperire_rute. text: Ruta nouă acoperă bine zona în care locuiesc.,acoperire_rute,1
SIM_107,aspect: frecventa. text: Ruta nouă acoperă bine zona în care locuiesc.,frecventa,0
SIM_107,aspect: stare_vehicule. text: Ruta nouă acoperă bine zona în care locuiesc.,stare_vehicule,0
SIM_107,aspect: confort_termic. text: Ruta nouă acoperă bine zona în care locuiesc.,confort_termic,0
282,"aspect: confort_termic. text: Calitate de tot jenul, controlori prosti, miroase urat, uneori nici nu merge aerul conditionat",confort_termic,1
282,"aspect: controlori. text: Calitate de tot jenul, controlori prosti, miroase urat, uneori nici nu merge aerul conditionat",controlori,1
282,"aspect: curatenie. text: Calitate de tot jenul, controlori prosti, miroase urat, uneori nici nu merge aerul conditionat",curatenie,1
282,"aspect: punctualitate. text: Calitate de tot jenul, controlori prosti, miroase urat, uneori nici nu merge aerul conditionat",punctualitate,0
282,"aspect: acoperire_rute. text: Calitate de tot jenul, controlori prosti, miroase urat, uneori nici nu merge aerul conditionat",acoperire_rute,0
282,"aspect: relatii_clienti. text: Calitate de tot jenul, controlori prosti, miroase urat, uneori nici nu merge aerul conditionat",relatii_clienti,0
282,"aspect: stare_vehicule. text: Calitate de tot jenul, controlori prosti, miroase urat, uneori nici nu merge aerul conditionat",stare_vehicule,0
282,"aspect: organizare. text: Calitate de tot jenul, controlori prosti, miroase urat, uneori nici nu merge aerul conditionat",organizare,0
282,"aspect: informare_calatori. text: Calitate de tot jenul, controlori prosti, miroase urat, uneori nici nu merge aerul conditionat",informare_calatori,0
282,"aspect: soferi_vatmani. text: Calitate de tot jenul, controlori prosti, miroase urat, uneori nici nu merge aerul conditionat",soferi_vatmani,0
282,"aspect: siguranta. text: Calitate de tot jenul, controlori prosti, miroase urat, uneori nici nu merge aerul conditionat",siguranta,0
282,"aspect: pret. text: Calitate de tot jenul, controlori prosti, miroase urat, uneori nici nu merge aerul conditionat",pret,0
SIM_033,aspect: frecventa. text: Tramvaiul 13 nu a apărut deloc azi dimineață între 7:15 și 8:00. Nicio informație în stație. Niciun anunț. Am aflat de la un alt călător că era defect undeva pe traseu.,frecventa,1
SIM_033,aspect: soferi_vatmani. text: Tramvaiul 13 nu a apărut deloc azi dimineață între 7:15 și 8:00. Nicio informație în stație. Niciun anunț. Am aflat de la un alt călător că era defect undeva pe traseu.,soferi_vatmani,0
SIM_033,aspect: acoperire_rute. text: Tramvaiul 13 nu a apărut deloc azi dimineață între 7:15 și 8:00. Nicio informație în stație. Niciun anunț. Am aflat de la un alt călător că era defect undeva pe traseu.,acoperire_rute,0
SIM_033,aspect: controlori. text: Tramvaiul 13 nu a apărut deloc azi dimineață între 7:15 și 8:00. Nicio informație în stație. Niciun anunț. Am aflat de la un alt călător că era defect undeva pe traseu.,controlori,0
42,"aspect: controlori. text: Cele mai proaste controloare in viata. Te vad ca  vrei sa iti iei bilet,si tot ele cu gura mare,incep sa comenteze,te tin de vorba,sa nu mai reusesti sa ti iei bilet.. De amenda pe care mi am luat o,ii urez dnei Captalan Alina un Craciun exact asa ca ea,urat si prost. Inclusiv si colegei ei.",controlori,1
42,"aspect: curatenie. text: Cele mai proaste controloare in viata. Te vad ca  vrei sa iti iei bilet,si tot ele cu gura mare,incep sa comenteze,te tin de vorba,sa nu mai reusesti sa ti iei bilet.. De amenda pe care mi am luat o,ii urez dnei Captalan Alina un Craciun exact asa ca ea,urat si prost. Inclusiv si colegei ei.",curatenie,0
42,"aspect: stare_vehicule. text: Cele mai proaste controloare in viata. Te vad ca  vrei sa iti iei bilet,si tot ele cu gura mare,incep sa comenteze,te tin de vorba,sa nu mai reusesti sa ti iei bilet.. De amenda pe care mi am luat o,ii urez dnei Captalan Alina un Craciun exact asa ca ea,urat si prost. Inclusiv si colegei ei.",stare_vehicule,0
42,"aspect: acoperire_rute. text: Cele mai proaste controloare in viata. Te vad ca  vrei sa iti iei bilet,si tot ele cu gura mare,incep sa comenteze,te tin de vorba,sa nu mai reusesti sa ti iei bilet.. De amenda pe care mi am luat o,ii urez dnei Captalan Alina un Craciun exact asa ca ea,urat si prost. Inclusiv si colegei ei.",acoperire_rute,0
198,"aspect: acoperire_rute. text: Trasee facute seara din pat cu gandul la vacanta sau de persoane care nu au circulat niciodata cu mijloace de transport in comun. Linia 20 este sub orice critica, daca ar fi suplimentata si  cu 2 carute ar fi mai buna. Bataie de joc! Unul sau 2 autobuze/ora, pline mereu, in timp ce alte trasee 46/43/42, in intervalul orar 07-08, circula si cu 5 calatori.  Sa NU ne traiasca primarul din acest pct d vdr!",acoperire_rute,1
198,"aspect: aglomeratie. text: Trasee facute seara din pat cu gandul la vacanta sau de persoane care nu au circulat niciodata cu mijloace de transport in comun. Linia 20 este sub orice critica, daca ar fi suplimentata si  cu 2 carute ar fi mai buna. Bataie de joc! Unul sau 2 autobuze/ora, pline mereu, in timp ce alte trasee 46/43/42, in intervalul orar 07-08, circula si cu 5 calatori.  Sa NU ne traiasca primarul din acest pct d vdr!",aglomeratie,1
198,"aspect: organizare. text: Trasee facute seara din pat cu gandul la vacanta sau de persoane care nu au circulat niciodata cu mijloace de transport in comun. Linia 20 este sub orice critica, daca ar fi suplimentata si  cu 2 carute ar fi mai buna. Bataie de joc! Unul sau 2 autobuze/ora, pline mereu, in timp ce alte trasee 46/43/42, in intervalul orar 07-08, circula si cu 5 calatori.  Sa NU ne traiasca primarul din acest pct d vdr!",organizare,1
198,"aspect: siguranta. text: Trasee facute seara din pat cu gandul la vacanta sau de persoane care nu au circulat niciodata cu mijloace de transport in comun. Linia 20 este sub orice critica, daca ar fi suplimentata si  cu 2 carute ar fi mai buna. Bataie de joc! Unul sau 2 autobuze/ora, pline mereu, in timp ce alte trasee 46/43/42, in intervalul orar 07-08, circula si cu 5 calatori.  Sa NU ne traiasca primarul din acest pct d vdr!",siguranta,0
198,"aspect: curatenie. text: Trasee facute seara din pat cu gandul la vacanta sau de persoane care nu au circulat niciodata cu mijloace de transport in comun. Linia 20 este sub orice critica, daca ar fi suplimentata si  cu 2 carute ar fi mai buna. Bataie de joc! Unul sau 2 autobuze/ora, pline mereu, in timp ce alte trasee 46/43/42, in intervalul orar 07-08, circula si cu 5 calatori.  Sa NU ne traiasca primarul din acest pct d vdr!",curatenie,0
198,"aspect: frecventa. text: Trasee facute seara din pat cu gandul la vacanta sau de persoane care nu au circulat niciodata cu mijloace de transport in comun. Linia 20 este sub orice critica, daca ar fi suplimentata si  cu 2 carute ar fi mai buna. Bataie de joc! Unul sau 2 autobuze/ora, pline mereu, in timp ce alte trasee 46/43/42, in intervalul orar 07-08, circula si cu 5 calatori.  Sa NU ne traiasca primarul din acest pct d vdr!",frecventa,0
198,"aspect: stare_vehicule. text: Trasee facute seara din pat cu gandul la vacanta sau de persoane care nu au circulat niciodata cu mijloace de transport in comun. Linia 20 este sub orice critica, daca ar fi suplimentata si  cu 2 carute ar fi mai buna. Bataie de joc! Unul sau 2 autobuze/ora, pline mereu, in timp ce alte trasee 46/43/42, in intervalul orar 07-08, circula si cu 5 calatori.  Sa NU ne traiasca primarul din acest pct d vdr!",stare_vehicule,0
198,"aspect: punctualitate. text: Trasee facute seara din pat cu gandul la vacanta sau de persoane care nu au circulat niciodata cu mijloace de transport in comun. Linia 20 este sub orice critica, daca ar fi suplimentata si  cu 2 carute ar fi mai buna. Bataie de joc! Unul sau 2 autobuze/ora, pline mereu, in timp ce alte trasee 46/43/42, in intervalul orar 07-08, circula si cu 5 calatori.  Sa NU ne traiasca primarul din acest pct d vdr!",punctualitate,0
198,"aspect: controlori. text: Trasee facute seara din pat cu gandul la vacanta sau de persoane care nu au circulat niciodata cu mijloace de transport in comun. Linia 20 este sub orice critica, daca ar fi suplimentata si  cu 2 carute ar fi mai buna. Bataie de joc! Unul sau 2 autobuze/ora, pline mereu, in timp ce alte trasee 46/43/42, in intervalul orar 07-08, circula si cu 5 calatori.  Sa NU ne traiasca primarul din acest pct d vdr!",controlori,0
198,"aspect: informare_calatori. text: Trasee facute seara din pat cu gandul la vacanta sau de persoane care nu au circulat niciodata cu mijloace de transport in comun. Linia 20 este sub orice critica, daca ar fi suplimentata si  cu 2 carute ar fi mai buna. Bataie de joc! Unul sau 2 autobuze/ora, pline mereu, in timp ce alte trasee 46/43/42, in intervalul orar 07-08, circula si cu 5 calatori.  Sa NU ne traiasca primarul din acest pct d vdr!",informare_calatori,0
198,"aspect: relatii_clienti. text: Trasee facute seara din pat cu gandul la vacanta sau de persoane care nu au circulat niciodata cu mijloace de transport in comun. Linia 20 este sub orice critica, daca ar fi suplimentata si  cu 2 carute ar fi mai buna. Bataie de joc! Unul sau 2 autobuze/ora, pline mereu, in timp ce alte trasee 46/43/42, in intervalul orar 07-08, circula si cu 5 calatori.  Sa NU ne traiasca primarul din acest pct d vdr!",relatii_clienti,0
198,"aspect: soferi_vatmani. text: Trasee facute seara din pat cu gandul la vacanta sau de persoane care nu au circulat niciodata cu mijloace de transport in comun. Linia 20 este sub orice critica, daca ar fi suplimentata si  cu 2 carute ar fi mai buna. Bataie de joc! Unul sau 2 autobuze/ora, pline mereu, in timp ce alte trasee 46/43/42, in intervalul orar 07-08, circula si cu 5 calatori.  Sa NU ne traiasca primarul din acest pct d vdr!",soferi_vatmani,0
SENT_SIM_001,aspect: validare_bilete. text: POS-ul din autobuz a funcționat corect și am putut plăti rapid cu cardul.,validare_bilete,1
SENT_SIM_001,aspect: relatii_clienti. text: POS-ul din autobuz a funcționat corect și am putut plăti rapid cu cardul.,relatii_clienti,0
SENT_SIM_001,aspect: curatenie. text: POS-ul din autobuz a funcționat corect și am putut plăti rapid cu cardul.,curatenie,0
SENT_SIM_001,aspect: siguranta. text: POS-ul din autobuz a funcționat corect și am putut plăti rapid cu cardul.,siguranta,0
298,"aspect: soferi_vatmani. text: Aveți niște angajați foarte needucați. Șoferul de astăzi de pe autobuzul 42 avea un comportament care lasa de dorit; poate mi s-a părut mie, dar îmi făcea ochi dulci, iar asta a fost scârbos, grețos și ce mai vreți voi. Penibil!",soferi_vatmani,1
298,"aspect: frecventa. text: Aveți niște angajați foarte needucați. Șoferul de astăzi de pe autobuzul 42 avea un comportament care lasa de dorit; poate mi s-a părut mie, dar îmi făcea ochi dulci, iar asta a fost scârbos, grețos și ce mai vreți voi. Penibil!",frecventa,0
298,"aspect: confort_termic. text: Aveți niște angajați foarte needucați. Șoferul de astăzi de pe autobuzul 42 avea un comportament care lasa de dorit; poate mi s-a părut mie, dar îmi făcea ochi dulci, iar asta a fost scârbos, grețos și ce mai vreți voi. Penibil!",confort_termic,0
298,"aspect: pret. text: Aveți niște angajați foarte needucați. Șoferul de astăzi de pe autobuzul 42 avea un comportament care lasa de dorit; poate mi s-a părut mie, dar îmi făcea ochi dulci, iar asta a fost scârbos, grețos și ce mai vreți voi. Penibil!",pret,0
307,aspect: organizare. text: Vai de capul vostru de incompetenti... Sau mai bine vai de capul nostru de calatori. Un program nu exista (desi apare ceva la ei pe site) si nu poti avea incredere ca vine vreun bus cand ai nevoie. Soferii sunt niste magari. La pretul de 2 lei/bilet oferiti servicii de 2 bani :)) Of lume! :)),organizare,1
307,aspect: pret. text: Vai de capul vostru de incompetenti... Sau mai bine vai de capul nostru de calatori. Un program nu exista (desi apare ceva la ei pe site) si nu poti avea incredere ca vine vreun bus cand ai nevoie. Soferii sunt niste magari. La pretul de 2 lei/bilet oferiti servicii de 2 bani :)) Of lume! :)),pret,1
307,aspect: soferi_vatmani. text: Vai de capul vostru de incompetenti... Sau mai bine vai de capul nostru de calatori. Un program nu exista (desi apare ceva la ei pe site) si nu poti avea incredere ca vine vreun bus cand ai nevoie. Soferii sunt niste magari. La pretul de 2 lei/bilet oferiti servicii de 2 bani :)) Of lume! :)),soferi_vatmani,1
307,aspect: relatii_clienti. text: Vai de capul vostru de incompetenti... Sau mai bine vai de capul nostru de calatori. Un program nu exista (desi apare ceva la ei pe site) si nu poti avea incredere ca vine vreun bus cand ai nevoie. Soferii sunt niste magari. La pretul de 2 lei/bilet oferiti servicii de 2 bani :)) Of lume! :)),relatii_clienti,0
307,aspect: stare_vehicule. text: Vai de capul vostru de incompetenti... Sau mai bine vai de capul nostru de calatori. Un program nu exista (desi apare ceva la ei pe site) si nu poti avea incredere ca vine vreun bus cand ai nevoie. Soferii sunt niste magari. La pretul de 2 lei/bilet oferiti servicii de 2 bani :)) Of lume! :)),stare_vehicule,0
307,aspect: aglomeratie. text: Vai de capul vostru de incompetenti... Sau mai bine vai de capul nostru de calatori. Un program nu exista (desi apare ceva la ei pe site) si nu poti avea incredere ca vine vreun bus cand ai nevoie. Soferii sunt niste magari. La pretul de 2 lei/bilet oferiti servicii de 2 bani :)) Of lume! :)),aglomeratie,0
307,aspect: confort_termic. text: Vai de capul vostru de incompetenti... Sau mai bine vai de capul nostru de calatori. Un program nu exista (desi apare ceva la ei pe site) si nu poti avea incredere ca vine vreun bus cand ai nevoie. Soferii sunt niste magari. La pretul de 2 lei/bilet oferiti servicii de 2 bani :)) Of lume! :)),confort_termic,0
307,aspect: curatenie. text: Vai de capul vostru de incompetenti... Sau mai bine vai de capul nostru de calatori. Un program nu exista (desi apare ceva la ei pe site) si nu poti avea incredere ca vine vreun bus cand ai nevoie. Soferii sunt niste magari. La pretul de 2 lei/bilet oferiti servicii de 2 bani :)) Of lume! :)),curatenie,0
307,aspect: siguranta. text: Vai de capul vostru de incompetenti... Sau mai bine vai de capul nostru de calatori. Un program nu exista (desi apare ceva la ei pe site) si nu poti avea incredere ca vine vreun bus cand ai nevoie. Soferii sunt niste magari. La pretul de 2 lei/bilet oferiti servicii de 2 bani :)) Of lume! :)),siguranta,0
307,aspect: punctualitate. text: Vai de capul vostru de incompetenti... Sau mai bine vai de capul nostru de calatori. Un program nu exista (desi apare ceva la ei pe site) si nu poti avea incredere ca vine vreun bus cand ai nevoie. Soferii sunt niste magari. La pretul de 2 lei/bilet oferiti servicii de 2 bani :)) Of lume! :)),punctualitate,0
307,aspect: acoperire_rute. text: Vai de capul vostru de incompetenti... Sau mai bine vai de capul nostru de calatori. Un program nu exista (desi apare ceva la ei pe site) si nu poti avea incredere ca vine vreun bus cand ai nevoie. Soferii sunt niste magari. La pretul de 2 lei/bilet oferiti servicii de 2 bani :)) Of lume! :)),acoperire_rute,0
307,aspect: validare_bilete. text: Vai de capul vostru de incompetenti... Sau mai bine vai de capul nostru de calatori. Un program nu exista (desi apare ceva la ei pe site) si nu poti avea incredere ca vine vreun bus cand ai nevoie. Soferii sunt niste magari. La pretul de 2 lei/bilet oferiti servicii de 2 bani :)) Of lume! :)),validare_bilete,0
SIM_137,aspect: soferi_vatmani. text: Șoferul a fost politicos și a așteptat o persoană în vârstă să urce.,soferi_vatmani,1
SIM_137,aspect: pret. text: Șoferul a fost politicos și a așteptat o persoană în vârstă să urce.,pret,0
SIM_137,aspect: punctualitate. text: Șoferul a fost politicos și a așteptat o persoană în vârstă să urce.,punctualitate,0
SIM_137,aspect: informare_calatori. text: Șoferul a fost politicos și a așteptat o persoană în vârstă să urce.,informare_calatori,0
SIM_044,aspect: acoperire_rute. text: Traseele principale sunt acoperite ok. Dar dacă ieși din zona centrală sau din cartierele mari rețeaua se rărește dramatic. Prietenul meu din Galata stă câte 35 de minute după un autobuz dimineața.,acoperire_rute,1
SIM_044,aspect: infrastructura_statii. text: Traseele principale sunt acoperite ok. Dar dacă ieși din zona centrală sau din cartierele mari rețeaua se rărește dramatic. Prietenul meu din Galata stă câte 35 de minute după un autobuz dimineața.,infrastructura_statii,0
SIM_044,aspect: siguranta. text: Traseele principale sunt acoperite ok. Dar dacă ieși din zona centrală sau din cartierele mari rețeaua se rărește dramatic. Prietenul meu din Galata stă câte 35 de minute după un autobuz dimineața.,siguranta,0
SIM_044,aspect: curatenie. text: Traseele principale sunt acoperite ok. Dar dacă ieși din zona centrală sau din cartierele mari rețeaua se rărește dramatic. Prietenul meu din Galata stă câte 35 de minute după un autobuz dimineața.,curatenie,0
SENT_SIM_010,aspect: controlori. text: Controlorii au fost civilizați și au verificat biletele fără comentarii inutile.,controlori,1
SENT_SIM_010,aspect: aglomeratie. text: Controlorii au fost civilizați și au verificat biletele fără comentarii inutile.,aglomeratie,0
SENT_SIM_010,aspect: punctualitate. text: Controlorii au fost civilizați și au verificat biletele fără comentarii inutile.,punctualitate,0
SENT_SIM_010,aspect: siguranta. text: Controlorii au fost civilizați și au verificat biletele fără comentarii inutile.,siguranta,0
SIM_003,"aspect: confort_termic. text: Am călătorit vara asta cu mai multe linii. Confortul termic variază mult de la un vehicul la altul - unele au aerul condiționat funcțional, altele nu prea. E o loterie. Prețul biletului mi se pare acceptabil față de alte orașe, deși au mai crescut. În general mă descurc.",confort_termic,1
SIM_003,"aspect: pret. text: Am călătorit vara asta cu mai multe linii. Confortul termic variază mult de la un vehicul la altul - unele au aerul condiționat funcțional, altele nu prea. E o loterie. Prețul biletului mi se pare acceptabil față de alte orașe, deși au mai crescut. În general mă descurc.",pret,1
SIM_003,"aspect: validare_bilete. text: Am călătorit vara asta cu mai multe linii. Confortul termic variază mult de la un vehicul la altul - unele au aerul condiționat funcțional, altele nu prea. E o loterie. Prețul biletului mi se pare acceptabil față de alte orașe, deși au mai crescut. În general mă descurc.",validare_bilete,0
SIM_003,"aspect: siguranta. text: Am călătorit vara asta cu mai multe linii. Confortul termic variază mult de la un vehicul la altul - unele au aerul condiționat funcțional, altele nu prea. E o loterie. Prețul biletului mi se pare acceptabil față de alte orașe, deși au mai crescut. În general mă descurc.",siguranta,0
SIM_003,"aspect: curatenie. text: Am călătorit vara asta cu mai multe linii. Confortul termic variază mult de la un vehicul la altul - unele au aerul condiționat funcțional, altele nu prea. E o loterie. Prețul biletului mi se pare acceptabil față de alte orașe, deși au mai crescut. În general mă descurc.",curatenie,0
SIM_003,"aspect: aglomeratie. text: Am călătorit vara asta cu mai multe linii. Confortul termic variază mult de la un vehicul la altul - unele au aerul condiționat funcțional, altele nu prea. E o loterie. Prețul biletului mi se pare acceptabil față de alte orașe, deși au mai crescut. În general mă descurc.",aglomeratie,0
SIM_003,"aspect: frecventa. text: Am călătorit vara asta cu mai multe linii. Confortul termic variază mult de la un vehicul la altul - unele au aerul condiționat funcțional, altele nu prea. E o loterie. Prețul biletului mi se pare acceptabil față de alte orașe, deși au mai crescut. În general mă descurc.",frecventa,0
SIM_003,"aspect: stare_vehicule. text: Am călătorit vara asta cu mai multe linii. Confortul termic variază mult de la un vehicul la altul - unele au aerul condiționat funcțional, altele nu prea. E o loterie. Prețul biletului mi se pare acceptabil față de alte orașe, deși au mai crescut. În general mă descurc.",stare_vehicule,0
304,aspect: stare_vehicule. text: Asteptam si o modernizare a tramvaielor. Cele pe care le avem au devenit niste bucati de table ruginite in miscare.,stare_vehicule,1
304,aspect: siguranta. text: Asteptam si o modernizare a tramvaielor. Cele pe care le avem au devenit niste bucati de table ruginite in miscare.,siguranta,0
304,aspect: pret. text: Asteptam si o modernizare a tramvaielor. Cele pe care le avem au devenit niste bucati de table ruginite in miscare.,pret,0
304,aspect: validare_bilete. text: Asteptam si o modernizare a tramvaielor. Cele pe care le avem au devenit niste bucati de table ruginite in miscare.,validare_bilete,0
SIM_131,aspect: organizare. text: Organizarea curselor de dimineață a fost bună și autobuzele au venit regulat.,organizare,1
SIM_131,aspect: acoperire_rute. text: Organizarea curselor de dimineață a fost bună și autobuzele au venit regulat.,acoperire_rute,0
SIM_131,aspect: frecventa. text: Organizarea curselor de dimineață a fost bună și autobuzele au venit regulat.,frecventa,0
SIM_131,aspect: pret. text: Organizarea curselor de dimineață a fost bună și autobuzele au venit regulat.,pret,0
65,"aspect: informare_calatori. text: Ar trebui ca la capăt de linii sa se pună panouri de informare cu privire la placarea autobuzelor sau tramvaielor.  E  foarte neplăcut sa te urci într-un mijloc de transport și sa constați ca pleacă altul înainte, care poate a venit după ce te-ai urcat deja(și poate ai și compostat).
E MULT LOC DE ÎMBUNĂTĂȚIRI din toate punctele de vedere.",informare_calatori,1
65,"aspect: organizare. text: Ar trebui ca la capăt de linii sa se pună panouri de informare cu privire la placarea autobuzelor sau tramvaielor.  E  foarte neplăcut sa te urci într-un mijloc de transport și sa constați ca pleacă altul înainte, care poate a venit după ce te-ai urcat deja(și poate ai și compostat).
E MULT LOC DE ÎMBUNĂTĂȚIRI din toate punctele de vedere.",organizare,1
65,"aspect: infrastructura_statii. text: Ar trebui ca la capăt de linii sa se pună panouri de informare cu privire la placarea autobuzelor sau tramvaielor.  E  foarte neplăcut sa te urci într-un mijloc de transport și sa constați ca pleacă altul înainte, care poate a venit după ce te-ai urcat deja(și poate ai și compostat).
E MULT LOC DE ÎMBUNĂTĂȚIRI din toate punctele de vedere.",infrastructura_statii,0
65,"aspect: siguranta. text: Ar trebui ca la capăt de linii sa se pună panouri de informare cu privire la placarea autobuzelor sau tramvaielor.  E  foarte neplăcut sa te urci într-un mijloc de transport și sa constați ca pleacă altul înainte, care poate a venit după ce te-ai urcat deja(și poate ai și compostat).
E MULT LOC DE ÎMBUNĂTĂȚIRI din toate punctele de vedere.",siguranta,0
65,"aspect: frecventa. text: Ar trebui ca la capăt de linii sa se pună panouri de informare cu privire la placarea autobuzelor sau tramvaielor.  E  foarte neplăcut sa te urci într-un mijloc de transport și sa constați ca pleacă altul înainte, care poate a venit după ce te-ai urcat deja(și poate ai și compostat).
E MULT LOC DE ÎMBUNĂTĂȚIRI din toate punctele de vedere.",frecventa,0
65,"aspect: aglomeratie. text: Ar trebui ca la capăt de linii sa se pună panouri de informare cu privire la placarea autobuzelor sau tramvaielor.  E  foarte neplăcut sa te urci într-un mijloc de transport și sa constați ca pleacă altul înainte, care poate a venit după ce te-ai urcat deja(și poate ai și compostat).
E MULT LOC DE ÎMBUNĂTĂȚIRI din toate punctele de vedere.",aglomeratie,0
65,"aspect: punctualitate. text: Ar trebui ca la capăt de linii sa se pună panouri de informare cu privire la placarea autobuzelor sau tramvaielor.  E  foarte neplăcut sa te urci într-un mijloc de transport și sa constați ca pleacă altul înainte, care poate a venit după ce te-ai urcat deja(și poate ai și compostat).
E MULT LOC DE ÎMBUNĂTĂȚIRI din toate punctele de vedere.",punctualitate,0
65,"aspect: soferi_vatmani. text: Ar trebui ca la capăt de linii sa se pună panouri de informare cu privire la placarea autobuzelor sau tramvaielor.  E  foarte neplăcut sa te urci într-un mijloc de transport și sa constați ca pleacă altul înainte, care poate a venit după ce te-ai urcat deja(și poate ai și compostat).
E MULT LOC DE ÎMBUNĂTĂȚIRI din toate punctele de vedere.",soferi_vatmani,0
SIM_089,aspect: controlori. text: Controlorii au urcat și au verificat biletele în mod normal.,controlori,1
SIM_089,aspect: acoperire_rute. text: Controlorii au urcat și au verificat biletele în mod normal.,acoperire_rute,0
SIM_089,aspect: stare_vehicule. text: Controlorii au urcat și au verificat biletele în mod normal.,stare_vehicule,0
SIM_089,aspect: infrastructura_statii. text: Controlorii au urcat și au verificat biletele în mod normal.,infrastructura_statii,0
319,aspect: stare_vehicule. text: Transport public modern și eficient.,stare_vehicule,1
319,aspect: soferi_vatmani. text: Transport public modern și eficient.,soferi_vatmani,0
319,aspect: infrastructura_statii. text: Transport public modern și eficient.,infrastructura_statii,0
319,aspect: aglomeratie. text: Transport public modern și eficient.,aglomeratie,0
SIM_007,aspect: punctualitate. text: Tramvaiul 9 a venit la timp azi dimineață. Nu întotdeauna se întâmplă asta dar nici nu e ceva extrem de rar. Câteodată mai întârzie 5-10 minute ceea ce e suportabil. Relativ ok.,punctualitate,1
SIM_007,aspect: informare_calatori. text: Tramvaiul 9 a venit la timp azi dimineață. Nu întotdeauna se întâmplă asta dar nici nu e ceva extrem de rar. Câteodată mai întârzie 5-10 minute ceea ce e suportabil. Relativ ok.,informare_calatori,0
SIM_007,aspect: frecventa. text: Tramvaiul 9 a venit la timp azi dimineață. Nu întotdeauna se întâmplă asta dar nici nu e ceva extrem de rar. Câteodată mai întârzie 5-10 minute ceea ce e suportabil. Relativ ok.,frecventa,0
SIM_007,aspect: relatii_clienti. text: Tramvaiul 9 a venit la timp azi dimineață. Nu întotdeauna se întâmplă asta dar nici nu e ceva extrem de rar. Câteodată mai întârzie 5-10 minute ceea ce e suportabil. Relativ ok.,relatii_clienti,0
54,"aspect: frecventa. text: EFECTIV O BATAIE DE JOC TRANSPORTUL VOSTRU IN COMUN! 
Stai ca fraiera in statie 50 de minute pentru un autobuz (nu indrazniti sa o aruncati pe aia cu ‘este trafic’ ca la 2 benzi cu 4 masini maxim circuland dinspre CUG spre Poitiers nu vad sa ai asa trafic) intarzii la munca, stai in frig si pentru ce ma rog? De altfel aveti pretentia sa platim abonament/bilet si nici aparatele nu merg tot timpul. Nu va mai lafaiti cu prezentarea autobuzelor, puneti-le in circulatie si mai efectuati controale la capat de linie ca soferii uita sa mai plece ca stau pe retele sociale! Ori faceti ceva in legatura cu aceste nereguli ori luam noi ca si calatori atitudine.",frecventa,1
54,"aspect: soferi_vatmani. text: EFECTIV O BATAIE DE JOC TRANSPORTUL VOSTRU IN COMUN! 
Stai ca fraiera in statie 50 de minute pentru un autobuz (nu indrazniti sa o aruncati pe aia cu ‘este trafic’ ca la 2 benzi cu 4 masini maxim circuland dinspre CUG spre Poitiers nu vad sa ai asa trafic) intarzii la munca, stai in frig si pentru ce ma rog? De altfel aveti pretentia sa platim abonament/bilet si nici aparatele nu merg tot timpul. Nu va mai lafaiti cu prezentarea autobuzelor, puneti-le in circulatie si mai efectuati controale la capat de linie ca soferii uita sa mai plece ca stau pe retele sociale! Ori faceti ceva in legatura cu aceste nereguli ori luam noi ca si calatori atitudine.",soferi_vatmani,1
54,"aspect: validare_bilete. text: EFECTIV O BATAIE DE JOC TRANSPORTUL VOSTRU IN COMUN! 
Stai ca fraiera in statie 50 de minute pentru un autobuz (nu indrazniti sa o aruncati pe aia cu ‘este trafic’ ca la 2 benzi cu 4 masini maxim circuland dinspre CUG spre Poitiers nu vad sa ai asa trafic) intarzii la munca, stai in frig si pentru ce ma rog? De altfel aveti pretentia sa platim abonament/bilet si nici aparatele nu merg tot timpul. Nu va mai lafaiti cu prezentarea autobuzelor, puneti-le in circulatie si mai efectuati controale la capat de linie ca soferii uita sa mai plece ca stau pe retele sociale! Ori faceti ceva in legatura cu aceste nereguli ori luam noi ca si calatori atitudine.",validare_bilete,1
54,"aspect: organizare. text: EFECTIV O BATAIE DE JOC TRANSPORTUL VOSTRU IN COMUN! 
Stai ca fraiera in statie 50 de minute pentru un autobuz (nu indrazniti sa o aruncati pe aia cu ‘este trafic’ ca la 2 benzi cu 4 masini maxim circuland dinspre CUG spre Poitiers nu vad sa ai asa trafic) intarzii la munca, stai in frig si pentru ce ma rog? De altfel aveti pretentia sa platim abonament/bilet si nici aparatele nu merg tot timpul. Nu va mai lafaiti cu prezentarea autobuzelor, puneti-le in circulatie si mai efectuati controale la capat de linie ca soferii uita sa mai plece ca stau pe retele sociale! Ori faceti ceva in legatura cu aceste nereguli ori luam noi ca si calatori atitudine.",organizare,0
54,"aspect: siguranta. text: EFECTIV O BATAIE DE JOC TRANSPORTUL VOSTRU IN COMUN! 
Stai ca fraiera in statie 50 de minute pentru un autobuz (nu indrazniti sa o aruncati pe aia cu ‘este trafic’ ca la 2 benzi cu 4 masini maxim circuland dinspre CUG spre Poitiers nu vad sa ai asa trafic) intarzii la munca, stai in frig si pentru ce ma rog? De altfel aveti pretentia sa platim abonament/bilet si nici aparatele nu merg tot timpul. Nu va mai lafaiti cu prezentarea autobuzelor, puneti-le in circulatie si mai efectuati controale la capat de linie ca soferii uita sa mai plece ca stau pe retele sociale! Ori faceti ceva in legatura cu aceste nereguli ori luam noi ca si calatori atitudine.",siguranta,0
54,"aspect: confort_termic. text: EFECTIV O BATAIE DE JOC TRANSPORTUL VOSTRU IN COMUN! 
Stai ca fraiera in statie 50 de minute pentru un autobuz (nu indrazniti sa o aruncati pe aia cu ‘este trafic’ ca la 2 benzi cu 4 masini maxim circuland dinspre CUG spre Poitiers nu vad sa ai asa trafic) intarzii la munca, stai in frig si pentru ce ma rog? De altfel aveti pretentia sa platim abonament/bilet si nici aparatele nu merg tot timpul. Nu va mai lafaiti cu prezentarea autobuzelor, puneti-le in circulatie si mai efectuati controale la capat de linie ca soferii uita sa mai plece ca stau pe retele sociale! Ori faceti ceva in legatura cu aceste nereguli ori luam noi ca si calatori atitudine.",confort_termic,0
54,"aspect: infrastructura_statii. text: EFECTIV O BATAIE DE JOC TRANSPORTUL VOSTRU IN COMUN! 
Stai ca fraiera in statie 50 de minute pentru un autobuz (nu indrazniti sa o aruncati pe aia cu ‘este trafic’ ca la 2 benzi cu 4 masini maxim circuland dinspre CUG spre Poitiers nu vad sa ai asa trafic) intarzii la munca, stai in frig si pentru ce ma rog? De altfel aveti pretentia sa platim abonament/bilet si nici aparatele nu merg tot timpul. Nu va mai lafaiti cu prezentarea autobuzelor, puneti-le in circulatie si mai efectuati controale la capat de linie ca soferii uita sa mai plece ca stau pe retele sociale! Ori faceti ceva in legatura cu aceste nereguli ori luam noi ca si calatori atitudine.",infrastructura_statii,0
54,"aspect: relatii_clienti. text: EFECTIV O BATAIE DE JOC TRANSPORTUL VOSTRU IN COMUN! 
Stai ca fraiera in statie 50 de minute pentru un autobuz (nu indrazniti sa o aruncati pe aia cu ‘este trafic’ ca la 2 benzi cu 4 masini maxim circuland dinspre CUG spre Poitiers nu vad sa ai asa trafic) intarzii la munca, stai in frig si pentru ce ma rog? De altfel aveti pretentia sa platim abonament/bilet si nici aparatele nu merg tot timpul. Nu va mai lafaiti cu prezentarea autobuzelor, puneti-le in circulatie si mai efectuati controale la capat de linie ca soferii uita sa mai plece ca stau pe retele sociale! Ori faceti ceva in legatura cu aceste nereguli ori luam noi ca si calatori atitudine.",relatii_clienti,0
54,"aspect: curatenie. text: EFECTIV O BATAIE DE JOC TRANSPORTUL VOSTRU IN COMUN! 
Stai ca fraiera in statie 50 de minute pentru un autobuz (nu indrazniti sa o aruncati pe aia cu ‘este trafic’ ca la 2 benzi cu 4 masini maxim circuland dinspre CUG spre Poitiers nu vad sa ai asa trafic) intarzii la munca, stai in frig si pentru ce ma rog? De altfel aveti pretentia sa platim abonament/bilet si nici aparatele nu merg tot timpul. Nu va mai lafaiti cu prezentarea autobuzelor, puneti-le in circulatie si mai efectuati controale la capat de linie ca soferii uita sa mai plece ca stau pe retele sociale! Ori faceti ceva in legatura cu aceste nereguli ori luam noi ca si calatori atitudine.",curatenie,0
54,"aspect: stare_vehicule. text: EFECTIV O BATAIE DE JOC TRANSPORTUL VOSTRU IN COMUN! 
Stai ca fraiera in statie 50 de minute pentru un autobuz (nu indrazniti sa o aruncati pe aia cu ‘este trafic’ ca la 2 benzi cu 4 masini maxim circuland dinspre CUG spre Poitiers nu vad sa ai asa trafic) intarzii la munca, stai in frig si pentru ce ma rog? De altfel aveti pretentia sa platim abonament/bilet si nici aparatele nu merg tot timpul. Nu va mai lafaiti cu prezentarea autobuzelor, puneti-le in circulatie si mai efectuati controale la capat de linie ca soferii uita sa mai plece ca stau pe retele sociale! Ori faceti ceva in legatura cu aceste nereguli ori luam noi ca si calatori atitudine.",stare_vehicule,0
54,"aspect: punctualitate. text: EFECTIV O BATAIE DE JOC TRANSPORTUL VOSTRU IN COMUN! 
Stai ca fraiera in statie 50 de minute pentru un autobuz (nu indrazniti sa o aruncati pe aia cu ‘este trafic’ ca la 2 benzi cu 4 masini maxim circuland dinspre CUG spre Poitiers nu vad sa ai asa trafic) intarzii la munca, stai in frig si pentru ce ma rog? De altfel aveti pretentia sa platim abonament/bilet si nici aparatele nu merg tot timpul. Nu va mai lafaiti cu prezentarea autobuzelor, puneti-le in circulatie si mai efectuati controale la capat de linie ca soferii uita sa mai plece ca stau pe retele sociale! Ori faceti ceva in legatura cu aceste nereguli ori luam noi ca si calatori atitudine.",punctualitate,0
54,"aspect: controlori. text: EFECTIV O BATAIE DE JOC TRANSPORTUL VOSTRU IN COMUN! 
Stai ca fraiera in statie 50 de minute pentru un autobuz (nu indrazniti sa o aruncati pe aia cu ‘este trafic’ ca la 2 benzi cu 4 masini maxim circuland dinspre CUG spre Poitiers nu vad sa ai asa trafic) intarzii la munca, stai in frig si pentru ce ma rog? De altfel aveti pretentia sa platim abonament/bilet si nici aparatele nu merg tot timpul. Nu va mai lafaiti cu prezentarea autobuzelor, puneti-le in circulatie si mai efectuati controale la capat de linie ca soferii uita sa mai plece ca stau pe retele sociale! Ori faceti ceva in legatura cu aceste nereguli ori luam noi ca si calatori atitudine.",controlori,0
SIM_042,aspect: curatenie. text: Autobuzele electrice noi sunt curate și silențioase. Din păcate camerele de supraveghere din unele dintre ele nu funcționează ceea ce e o problemă de siguranță. Cineva ar trebui să rezolve asta.,curatenie,1
SIM_042,aspect: siguranta. text: Autobuzele electrice noi sunt curate și silențioase. Din păcate camerele de supraveghere din unele dintre ele nu funcționează ceea ce e o problemă de siguranță. Cineva ar trebui să rezolve asta.,siguranta,1
SIM_042,aspect: organizare. text: Autobuzele electrice noi sunt curate și silențioase. Din păcate camerele de supraveghere din unele dintre ele nu funcționează ceea ce e o problemă de siguranță. Cineva ar trebui să rezolve asta.,organizare,0
SIM_042,aspect: infrastructura_statii. text: Autobuzele electrice noi sunt curate și silențioase. Din păcate camerele de supraveghere din unele dintre ele nu funcționează ceea ce e o problemă de siguranță. Cineva ar trebui să rezolve asta.,infrastructura_statii,0
SIM_042,aspect: soferi_vatmani. text: Autobuzele electrice noi sunt curate și silențioase. Din păcate camerele de supraveghere din unele dintre ele nu funcționează ceea ce e o problemă de siguranță. Cineva ar trebui să rezolve asta.,soferi_vatmani,0
SIM_042,aspect: punctualitate. text: Autobuzele electrice noi sunt curate și silențioase. Din păcate camerele de supraveghere din unele dintre ele nu funcționează ceea ce e o problemă de siguranță. Cineva ar trebui să rezolve asta.,punctualitate,0
SIM_042,aspect: frecventa. text: Autobuzele electrice noi sunt curate și silențioase. Din păcate camerele de supraveghere din unele dintre ele nu funcționează ceea ce e o problemă de siguranță. Cineva ar trebui să rezolve asta.,frecventa,0
SIM_042,aspect: informare_calatori. text: Autobuzele electrice noi sunt curate și silențioase. Din păcate camerele de supraveghere din unele dintre ele nu funcționează ceea ce e o problemă de siguranță. Cineva ar trebui să rezolve asta.,informare_calatori,0
17,"aspect: frecventa. text: Cea mai proasta companie de transport in comun, stam cate 20 de minute in statii si pe langa asta mai vin si tramvaie sau autobuze defecte si mai vreti ca cetatenii orasului sa circule in numar cat mai mare in asa conditii",frecventa,1
17,"aspect: stare_vehicule. text: Cea mai proasta companie de transport in comun, stam cate 20 de minute in statii si pe langa asta mai vin si tramvaie sau autobuze defecte si mai vreti ca cetatenii orasului sa circule in numar cat mai mare in asa conditii",stare_vehicule,1
17,"aspect: validare_bilete. text: Cea mai proasta companie de transport in comun, stam cate 20 de minute in statii si pe langa asta mai vin si tramvaie sau autobuze defecte si mai vreti ca cetatenii orasului sa circule in numar cat mai mare in asa conditii",validare_bilete,0
17,"aspect: controlori. text: Cea mai proasta companie de transport in comun, stam cate 20 de minute in statii si pe langa asta mai vin si tramvaie sau autobuze defecte si mai vreti ca cetatenii orasului sa circule in numar cat mai mare in asa conditii",controlori,0
17,"aspect: aglomeratie. text: Cea mai proasta companie de transport in comun, stam cate 20 de minute in statii si pe langa asta mai vin si tramvaie sau autobuze defecte si mai vreti ca cetatenii orasului sa circule in numar cat mai mare in asa conditii",aglomeratie,0
17,"aspect: curatenie. text: Cea mai proasta companie de transport in comun, stam cate 20 de minute in statii si pe langa asta mai vin si tramvaie sau autobuze defecte si mai vreti ca cetatenii orasului sa circule in numar cat mai mare in asa conditii",curatenie,0
17,"aspect: organizare. text: Cea mai proasta companie de transport in comun, stam cate 20 de minute in statii si pe langa asta mai vin si tramvaie sau autobuze defecte si mai vreti ca cetatenii orasului sa circule in numar cat mai mare in asa conditii",organizare,0
17,"aspect: soferi_vatmani. text: Cea mai proasta companie de transport in comun, stam cate 20 de minute in statii si pe langa asta mai vin si tramvaie sau autobuze defecte si mai vreti ca cetatenii orasului sa circule in numar cat mai mare in asa conditii",soferi_vatmani,0
173,aspect: frecventa. text: Am așteptat 30’ tramvaiul 13 in stația 2 Băieți!!! 😡😡😡,frecventa,1
173,aspect: soferi_vatmani. text: Am așteptat 30’ tramvaiul 13 in stația 2 Băieți!!! 😡😡😡,soferi_vatmani,0
173,aspect: organizare. text: Am așteptat 30’ tramvaiul 13 in stația 2 Băieți!!! 😡😡😡,organizare,0
173,aspect: punctualitate. text: Am așteptat 30’ tramvaiul 13 in stația 2 Băieți!!! 😡😡😡,punctualitate,0
SIM_112,aspect: acoperire_rute. text: Conexiunile dintre autobuze și tramvaie sunt destul de bune.,acoperire_rute,1
SIM_112,aspect: punctualitate. text: Conexiunile dintre autobuze și tramvaie sunt destul de bune.,punctualitate,0
SIM_112,aspect: relatii_clienti. text: Conexiunile dintre autobuze și tramvaie sunt destul de bune.,relatii_clienti,0
SIM_112,aspect: infrastructura_statii. text: Conexiunile dintre autobuze și tramvaie sunt destul de bune.,infrastructura_statii,0
154,"aspect: frecventa. text: Am stat in aceasta dimineata,la capat Dacia un sfert de ora asteptand autopbuzul 5 si nu e prima data.Unde sunt afisate graficul plecarilor ,poate asa nu mai intarzii la servici din cauza voastra.",frecventa,1
154,"aspect: informare_calatori. text: Am stat in aceasta dimineata,la capat Dacia un sfert de ora asteptand autopbuzul 5 si nu e prima data.Unde sunt afisate graficul plecarilor ,poate asa nu mai intarzii la servici din cauza voastra.",informare_calatori,1
154,"aspect: infrastructura_statii. text: Am stat in aceasta dimineata,la capat Dacia un sfert de ora asteptand autopbuzul 5 si nu e prima data.Unde sunt afisate graficul plecarilor ,poate asa nu mai intarzii la servici din cauza voastra.",infrastructura_statii,0
154,"aspect: acoperire_rute. text: Am stat in aceasta dimineata,la capat Dacia un sfert de ora asteptand autopbuzul 5 si nu e prima data.Unde sunt afisate graficul plecarilor ,poate asa nu mai intarzii la servici din cauza voastra.",acoperire_rute,0
154,"aspect: pret. text: Am stat in aceasta dimineata,la capat Dacia un sfert de ora asteptand autopbuzul 5 si nu e prima data.Unde sunt afisate graficul plecarilor ,poate asa nu mai intarzii la servici din cauza voastra.",pret,0
154,"aspect: validare_bilete. text: Am stat in aceasta dimineata,la capat Dacia un sfert de ora asteptand autopbuzul 5 si nu e prima data.Unde sunt afisate graficul plecarilor ,poate asa nu mai intarzii la servici din cauza voastra.",validare_bilete,0
154,"aspect: confort_termic. text: Am stat in aceasta dimineata,la capat Dacia un sfert de ora asteptand autopbuzul 5 si nu e prima data.Unde sunt afisate graficul plecarilor ,poate asa nu mai intarzii la servici din cauza voastra.",confort_termic,0
154,"aspect: soferi_vatmani. text: Am stat in aceasta dimineata,la capat Dacia un sfert de ora asteptand autopbuzul 5 si nu e prima data.Unde sunt afisate graficul plecarilor ,poate asa nu mai intarzii la servici din cauza voastra.",soferi_vatmani,0
SIM_141,aspect: confort_termic. text: Tramvaiul era încălzit suficient într-o dimineață rece.,confort_termic,1
SIM_141,aspect: curatenie. text: Tramvaiul era încălzit suficient într-o dimineață rece.,curatenie,0
SIM_141,aspect: informare_calatori. text: Tramvaiul era încălzit suficient într-o dimineață rece.,informare_calatori,0
SIM_141,aspect: soferi_vatmani. text: Tramvaiul era încălzit suficient într-o dimineață rece.,soferi_vatmani,0
275,aspect: organizare. text: Se misca in bine!,organizare,1
275,aspect: curatenie. text: Se misca in bine!,curatenie,0
275,aspect: frecventa. text: Se misca in bine!,frecventa,0
275,aspect: validare_bilete. text: Se misca in bine!,validare_bilete,0
SIM_063,aspect: punctualitate. text: Autobuzul a sosit fără întârziere deși era oră de vârf.,punctualitate,1
SIM_063,aspect: validare_bilete. text: Autobuzul a sosit fără întârziere deși era oră de vârf.,validare_bilete,0
SIM_063,aspect: pret. text: Autobuzul a sosit fără întârziere deși era oră de vârf.,pret,0
SIM_063,aspect: siguranta. text: Autobuzul a sosit fără întârziere deși era oră de vârf.,siguranta,0
SENT_SIM_023,aspect: infrastructura_statii. text: Refugiul de tramvai este curat și bine întreținut.,infrastructura_statii,1
SENT_SIM_023,aspect: validare_bilete. text: Refugiul de tramvai este curat și bine întreținut.,validare_bilete,0
SENT_SIM_023,aspect: curatenie. text: Refugiul de tramvai este curat și bine întreținut.,curatenie,0
SENT_SIM_023,aspect: pret. text: Refugiul de tramvai este curat și bine întreținut.,pret,0
SIM_073,aspect: validare_bilete. text: Automatul din stație a eliberat biletul imediat.,validare_bilete,1
SIM_073,aspect: acoperire_rute. text: Automatul din stație a eliberat biletul imediat.,acoperire_rute,0
SIM_073,aspect: organizare. text: Automatul din stație a eliberat biletul imediat.,organizare,0
SIM_073,aspect: controlori. text: Automatul din stație a eliberat biletul imediat.,controlori,0
245,"aspect: confort_termic. text: Jenant. Autobuze și tramvaie noi, dar fac economie la combustibil prin întreruperea AC-ului la 38 grade afara.",confort_termic,1
245,"aspect: aglomeratie. text: Jenant. Autobuze și tramvaie noi, dar fac economie la combustibil prin întreruperea AC-ului la 38 grade afara.",aglomeratie,0
245,"aspect: curatenie. text: Jenant. Autobuze și tramvaie noi, dar fac economie la combustibil prin întreruperea AC-ului la 38 grade afara.",curatenie,0
245,"aspect: siguranta. text: Jenant. Autobuze și tramvaie noi, dar fac economie la combustibil prin întreruperea AC-ului la 38 grade afara.",siguranta,0
156,"aspect: frecventa. text: Cu autobuzul 27 aveti o serioasa problema. Pe Moovit scrie ca vine in 20 de min. In realitate, el vine la 20-40 de min chiar. Azi am asteptat 42 de minute in soare la frigorifer. Alteori mai mult. Si nu sunt singura care se plange, am auzit ca s-au mai facut reclamatii.
Rezolvati problema !",frecventa,1
156,"aspect: informare_calatori. text: Cu autobuzul 27 aveti o serioasa problema. Pe Moovit scrie ca vine in 20 de min. In realitate, el vine la 20-40 de min chiar. Azi am asteptat 42 de minute in soare la frigorifer. Alteori mai mult. Si nu sunt singura care se plange, am auzit ca s-au mai facut reclamatii.
Rezolvati problema !",informare_calatori,1
156,"aspect: organizare. text: Cu autobuzul 27 aveti o serioasa problema. Pe Moovit scrie ca vine in 20 de min. In realitate, el vine la 20-40 de min chiar. Azi am asteptat 42 de minute in soare la frigorifer. Alteori mai mult. Si nu sunt singura care se plange, am auzit ca s-au mai facut reclamatii.
Rezolvati problema !",organizare,0
156,"aspect: pret. text: Cu autobuzul 27 aveti o serioasa problema. Pe Moovit scrie ca vine in 20 de min. In realitate, el vine la 20-40 de min chiar. Azi am asteptat 42 de minute in soare la frigorifer. Alteori mai mult. Si nu sunt singura care se plange, am auzit ca s-au mai facut reclamatii.
Rezolvati problema !",pret,0
156,"aspect: punctualitate. text: Cu autobuzul 27 aveti o serioasa problema. Pe Moovit scrie ca vine in 20 de min. In realitate, el vine la 20-40 de min chiar. Azi am asteptat 42 de minute in soare la frigorifer. Alteori mai mult. Si nu sunt singura care se plange, am auzit ca s-au mai facut reclamatii.
Rezolvati problema !",punctualitate,0
156,"aspect: controlori. text: Cu autobuzul 27 aveti o serioasa problema. Pe Moovit scrie ca vine in 20 de min. In realitate, el vine la 20-40 de min chiar. Azi am asteptat 42 de minute in soare la frigorifer. Alteori mai mult. Si nu sunt singura care se plange, am auzit ca s-au mai facut reclamatii.
Rezolvati problema !",controlori,0
156,"aspect: stare_vehicule. text: Cu autobuzul 27 aveti o serioasa problema. Pe Moovit scrie ca vine in 20 de min. In realitate, el vine la 20-40 de min chiar. Azi am asteptat 42 de minute in soare la frigorifer. Alteori mai mult. Si nu sunt singura care se plange, am auzit ca s-au mai facut reclamatii.
Rezolvati problema !",stare_vehicule,0
156,"aspect: relatii_clienti. text: Cu autobuzul 27 aveti o serioasa problema. Pe Moovit scrie ca vine in 20 de min. In realitate, el vine la 20-40 de min chiar. Azi am asteptat 42 de minute in soare la frigorifer. Alteori mai mult. Si nu sunt singura care se plange, am auzit ca s-au mai facut reclamatii.
Rezolvati problema !",relatii_clienti,0
20,aspect: controlori. text: Controlorii de pe traseul 502 ora 11:16 din 4 martie agresivi si abuzatori cu femeile,controlori,1
20,aspect: organizare. text: Controlorii de pe traseul 502 ora 11:16 din 4 martie agresivi si abuzatori cu femeile,organizare,0
20,aspect: soferi_vatmani. text: Controlorii de pe traseul 502 ora 11:16 din 4 martie agresivi si abuzatori cu femeile,soferi_vatmani,0
20,aspect: acoperire_rute. text: Controlorii de pe traseul 502 ora 11:16 din 4 martie agresivi si abuzatori cu femeile,acoperire_rute,0
80,"aspect: controlori. text: Controlorii CTP sunt sub orice critică, vorbesc cu tine de parcă lucrează la NASA, nu sunt niște simpli controlori de bilete. Am nimerit ieri două ""doamne"" în autobuz, stau lângă mine, mă văd că se încarcă aplicația și sunt lângă aparatul de scanat codul QR, să-mi spună apoi că am mers jumătate de stație fără bilet. Ar fi recomandat să-și pună ochelari dacă nu văd la câțiva centimetri distanță.
Și aș vrea să întreb unde se duc banii din amenzi? Una dintre ""doamne"" a mers cu mine chiar la bancomat, să se asigure că scot banii, să și-i pună în buzunar sau să-i împartă cu cealaltă ""doamnă"".
Nu recomand CTP tocmai pentru acest motiv. Angajați niște controlori mai profesioniști, că sunt sub ori critică. Și sper să mi se răspundă la întrebare, nu de alta, dar să știu cum abordez următoarea situație.",controlori,1
80,"aspect: aglomeratie. text: Controlorii CTP sunt sub orice critică, vorbesc cu tine de parcă lucrează la NASA, nu sunt niște simpli controlori de bilete. Am nimerit ieri două ""doamne"" în autobuz, stau lângă mine, mă văd că se încarcă aplicația și sunt lângă aparatul de scanat codul QR, să-mi spună apoi că am mers jumătate de stație fără bilet. Ar fi recomandat să-și pună ochelari dacă nu văd la câțiva centimetri distanță.
Și aș vrea să întreb unde se duc banii din amenzi? Una dintre ""doamne"" a mers cu mine chiar la bancomat, să se asigure că scot banii, să și-i pună în buzunar sau să-i împartă cu cealaltă ""doamnă"".
Nu recomand CTP tocmai pentru acest motiv. Angajați niște controlori mai profesioniști, că sunt sub ori critică. Și sper să mi se răspundă la întrebare, nu de alta, dar să știu cum abordez următoarea situație.",aglomeratie,0
80,"aspect: frecventa. text: Controlorii CTP sunt sub orice critică, vorbesc cu tine de parcă lucrează la NASA, nu sunt niște simpli controlori de bilete. Am nimerit ieri două ""doamne"" în autobuz, stau lângă mine, mă văd că se încarcă aplicația și sunt lângă aparatul de scanat codul QR, să-mi spună apoi că am mers jumătate de stație fără bilet. Ar fi recomandat să-și pună ochelari dacă nu văd la câțiva centimetri distanță.
Și aș vrea să întreb unde se duc banii din amenzi? Una dintre ""doamne"" a mers cu mine chiar la bancomat, să se asigure că scot banii, să și-i pună în buzunar sau să-i împartă cu cealaltă ""doamnă"".
Nu recomand CTP tocmai pentru acest motiv. Angajați niște controlori mai profesioniști, că sunt sub ori critică. Și sper să mi se răspundă la întrebare, nu de alta, dar să știu cum abordez următoarea situație.",frecventa,0
80,"aspect: curatenie. text: Controlorii CTP sunt sub orice critică, vorbesc cu tine de parcă lucrează la NASA, nu sunt niște simpli controlori de bilete. Am nimerit ieri două ""doamne"" în autobuz, stau lângă mine, mă văd că se încarcă aplicația și sunt lângă aparatul de scanat codul QR, să-mi spună apoi că am mers jumătate de stație fără bilet. Ar fi recomandat să-și pună ochelari dacă nu văd la câțiva centimetri distanță.
Și aș vrea să întreb unde se duc banii din amenzi? Una dintre ""doamne"" a mers cu mine chiar la bancomat, să se asigure că scot banii, să și-i pună în buzunar sau să-i împartă cu cealaltă ""doamnă"".
Nu recomand CTP tocmai pentru acest motiv. Angajați niște controlori mai profesioniști, că sunt sub ori critică. Și sper să mi se răspundă la întrebare, nu de alta, dar să știu cum abordez următoarea situație.",curatenie,0
110,aspect: punctualitate. text: Program de criza pana la ora 8 și autobuzele se retrag la garaj de la 7 jum. Va bateti joc de oameni. Soferi care ne iau in ras ca stam in statii. Pic de respect nu aveti pentru cetățeni!!!,punctualitate,1
110,aspect: soferi_vatmani. text: Program de criza pana la ora 8 și autobuzele se retrag la garaj de la 7 jum. Va bateti joc de oameni. Soferi care ne iau in ras ca stam in statii. Pic de respect nu aveti pentru cetățeni!!!,soferi_vatmani,1
110,aspect: informare_calatori. text: Program de criza pana la ora 8 și autobuzele se retrag la garaj de la 7 jum. Va bateti joc de oameni. Soferi care ne iau in ras ca stam in statii. Pic de respect nu aveti pentru cetățeni!!!,informare_calatori,0
110,aspect: siguranta. text: Program de criza pana la ora 8 și autobuzele se retrag la garaj de la 7 jum. Va bateti joc de oameni. Soferi care ne iau in ras ca stam in statii. Pic de respect nu aveti pentru cetățeni!!!,siguranta,0
110,aspect: controlori. text: Program de criza pana la ora 8 și autobuzele se retrag la garaj de la 7 jum. Va bateti joc de oameni. Soferi care ne iau in ras ca stam in statii. Pic de respect nu aveti pentru cetățeni!!!,controlori,0
110,aspect: curatenie. text: Program de criza pana la ora 8 și autobuzele se retrag la garaj de la 7 jum. Va bateti joc de oameni. Soferi care ne iau in ras ca stam in statii. Pic de respect nu aveti pentru cetățeni!!!,curatenie,0
110,aspect: pret. text: Program de criza pana la ora 8 și autobuzele se retrag la garaj de la 7 jum. Va bateti joc de oameni. Soferi care ne iau in ras ca stam in statii. Pic de respect nu aveti pentru cetățeni!!!,pret,0
110,aspect: frecventa. text: Program de criza pana la ora 8 și autobuzele se retrag la garaj de la 7 jum. Va bateti joc de oameni. Soferi care ne iau in ras ca stam in statii. Pic de respect nu aveti pentru cetățeni!!!,frecventa,0
2,aspect: aglomeratie. text: Buna ziua!nu va functioneaza compostoarele de bilete din tramvaie sau autobuze!Ce ne facem?Ne luam amenda?Sau daca e prea aglomerat si nu pot composta?,aglomeratie,1
2,aspect: validare_bilete. text: Buna ziua!nu va functioneaza compostoarele de bilete din tramvaie sau autobuze!Ce ne facem?Ne luam amenda?Sau daca e prea aglomerat si nu pot composta?,validare_bilete,1
2,aspect: organizare. text: Buna ziua!nu va functioneaza compostoarele de bilete din tramvaie sau autobuze!Ce ne facem?Ne luam amenda?Sau daca e prea aglomerat si nu pot composta?,organizare,0
2,aspect: pret. text: Buna ziua!nu va functioneaza compostoarele de bilete din tramvaie sau autobuze!Ce ne facem?Ne luam amenda?Sau daca e prea aglomerat si nu pot composta?,pret,0
2,aspect: soferi_vatmani. text: Buna ziua!nu va functioneaza compostoarele de bilete din tramvaie sau autobuze!Ce ne facem?Ne luam amenda?Sau daca e prea aglomerat si nu pot composta?,soferi_vatmani,0
2,aspect: informare_calatori. text: Buna ziua!nu va functioneaza compostoarele de bilete din tramvaie sau autobuze!Ce ne facem?Ne luam amenda?Sau daca e prea aglomerat si nu pot composta?,informare_calatori,0
2,aspect: infrastructura_statii. text: Buna ziua!nu va functioneaza compostoarele de bilete din tramvaie sau autobuze!Ce ne facem?Ne luam amenda?Sau daca e prea aglomerat si nu pot composta?,infrastructura_statii,0
2,aspect: siguranta. text: Buna ziua!nu va functioneaza compostoarele de bilete din tramvaie sau autobuze!Ce ne facem?Ne luam amenda?Sau daca e prea aglomerat si nu pot composta?,siguranta,0
SENT_SIM_011,aspect: controlori. text: Controlorul a explicat calm situația.,controlori,1
SENT_SIM_011,aspect: informare_calatori. text: Controlorul a explicat calm situația.,informare_calatori,0
SENT_SIM_011,aspect: validare_bilete. text: Controlorul a explicat calm situația.,validare_bilete,0
SENT_SIM_011,aspect: siguranta. text: Controlorul a explicat calm situația.,siguranta,0
84,aspect: organizare. text: Worst public transportation system of all the big cities in this country. Deplorable.,organizare,1
84,aspect: infrastructura_statii. text: Worst public transportation system of all the big cities in this country. Deplorable.,infrastructura_statii,0
84,aspect: curatenie. text: Worst public transportation system of all the big cities in this country. Deplorable.,curatenie,0
84,aspect: stare_vehicule. text: Worst public transportation system of all the big cities in this country. Deplorable.,stare_vehicule,0
317,"aspect: aglomeratie. text: Lipsiti complet de profesionalism, neadaptati la cerintele unui oraș mare....Tramvaie vechi și supraaglomerate, aparate de bilete care nu funcționează, orare de circulatie care nu se respectă, etc.",aglomeratie,1
317,"aspect: punctualitate. text: Lipsiti complet de profesionalism, neadaptati la cerintele unui oraș mare....Tramvaie vechi și supraaglomerate, aparate de bilete care nu funcționează, orare de circulatie care nu se respectă, etc.",punctualitate,1
317,"aspect: stare_vehicule. text: Lipsiti complet de profesionalism, neadaptati la cerintele unui oraș mare....Tramvaie vechi și supraaglomerate, aparate de bilete care nu funcționează, orare de circulatie care nu se respectă, etc.",stare_vehicule,1
317,"aspect: validare_bilete. text: Lipsiti complet de profesionalism, neadaptati la cerintele unui oraș mare....Tramvaie vechi și supraaglomerate, aparate de bilete care nu funcționează, orare de circulatie care nu se respectă, etc.",validare_bilete,1
317,"aspect: frecventa. text: Lipsiti complet de profesionalism, neadaptati la cerintele unui oraș mare....Tramvaie vechi și supraaglomerate, aparate de bilete care nu funcționează, orare de circulatie care nu se respectă, etc.",frecventa,0
317,"aspect: curatenie. text: Lipsiti complet de profesionalism, neadaptati la cerintele unui oraș mare....Tramvaie vechi și supraaglomerate, aparate de bilete care nu funcționează, orare de circulatie care nu se respectă, etc.",curatenie,0
317,"aspect: confort_termic. text: Lipsiti complet de profesionalism, neadaptati la cerintele unui oraș mare....Tramvaie vechi și supraaglomerate, aparate de bilete care nu funcționează, orare de circulatie care nu se respectă, etc.",confort_termic,0
317,"aspect: siguranta. text: Lipsiti complet de profesionalism, neadaptati la cerintele unui oraș mare....Tramvaie vechi și supraaglomerate, aparate de bilete care nu funcționează, orare de circulatie care nu se respectă, etc.",siguranta,0
317,"aspect: informare_calatori. text: Lipsiti complet de profesionalism, neadaptati la cerintele unui oraș mare....Tramvaie vechi și supraaglomerate, aparate de bilete care nu funcționează, orare de circulatie care nu se respectă, etc.",informare_calatori,0
317,"aspect: acoperire_rute. text: Lipsiti complet de profesionalism, neadaptati la cerintele unui oraș mare....Tramvaie vechi și supraaglomerate, aparate de bilete care nu funcționează, orare de circulatie care nu se respectă, etc.",acoperire_rute,0
317,"aspect: organizare. text: Lipsiti complet de profesionalism, neadaptati la cerintele unui oraș mare....Tramvaie vechi și supraaglomerate, aparate de bilete care nu funcționează, orare de circulatie care nu se respectă, etc.",organizare,0
317,"aspect: soferi_vatmani. text: Lipsiti complet de profesionalism, neadaptati la cerintele unui oraș mare....Tramvaie vechi și supraaglomerate, aparate de bilete care nu funcționează, orare de circulatie care nu se respectă, etc.",soferi_vatmani,0
317,"aspect: relatii_clienti. text: Lipsiti complet de profesionalism, neadaptati la cerintele unui oraș mare....Tramvaie vechi și supraaglomerate, aparate de bilete care nu funcționează, orare de circulatie care nu se respectă, etc.",relatii_clienti,0
317,"aspect: infrastructura_statii. text: Lipsiti complet de profesionalism, neadaptati la cerintele unui oraș mare....Tramvaie vechi și supraaglomerate, aparate de bilete care nu funcționează, orare de circulatie care nu se respectă, etc.",infrastructura_statii,0
317,"aspect: controlori. text: Lipsiti complet de profesionalism, neadaptati la cerintele unui oraș mare....Tramvaie vechi și supraaglomerate, aparate de bilete care nu funcționează, orare de circulatie care nu se respectă, etc.",controlori,0
317,"aspect: pret. text: Lipsiti complet de profesionalism, neadaptati la cerintele unui oraș mare....Tramvaie vechi și supraaglomerate, aparate de bilete care nu funcționează, orare de circulatie care nu se respectă, etc.",pret,0
112,aspect: validare_bilete. text: Cei care nu lucreaza la tonete in weekend merita sa li se ia din salariu!,validare_bilete,1
112,aspect: curatenie. text: Cei care nu lucreaza la tonete in weekend merita sa li se ia din salariu!,curatenie,0
112,aspect: relatii_clienti. text: Cei care nu lucreaza la tonete in weekend merita sa li se ia din salariu!,relatii_clienti,0
112,aspect: pret. text: Cei care nu lucreaza la tonete in weekend merita sa li se ia din salariu!,pret,0
SIM_075,aspect: validare_bilete. text: Validarea a mers dar meniul aparatului a fost puțin lent.,validare_bilete,1
SIM_075,aspect: siguranta. text: Validarea a mers dar meniul aparatului a fost puțin lent.,siguranta,0
SIM_075,aspect: organizare. text: Validarea a mers dar meniul aparatului a fost puțin lent.,organizare,0
SIM_075,aspect: pret. text: Validarea a mers dar meniul aparatului a fost puțin lent.,pret,0
187,"aspect: organizare. text: O companie care este în continuă dezvoltare, spre deosebire de RATP care oferea niște condiții inumane.
Modernizarea transportului ieșean a început odata cu CTP și chiar dacă există loc de îmbunătățiri, observ că acestea nu încetează să apară. Totodată, compania este receptivă la sugestiile călătorilor.",organizare,1
187,"aspect: relatii_clienti. text: O companie care este în continuă dezvoltare, spre deosebire de RATP care oferea niște condiții inumane.
Modernizarea transportului ieșean a început odata cu CTP și chiar dacă există loc de îmbunătățiri, observ că acestea nu încetează să apară. Totodată, compania este receptivă la sugestiile călătorilor.",relatii_clienti,1
187,"aspect: curatenie. text: O companie care este în continuă dezvoltare, spre deosebire de RATP care oferea niște condiții inumane.
Modernizarea transportului ieșean a început odata cu CTP și chiar dacă există loc de îmbunătățiri, observ că acestea nu încetează să apară. Totodată, compania este receptivă la sugestiile călătorilor.",curatenie,0
187,"aspect: aglomeratie. text: O companie care este în continuă dezvoltare, spre deosebire de RATP care oferea niște condiții inumane.
Modernizarea transportului ieșean a început odata cu CTP și chiar dacă există loc de îmbunătățiri, observ că acestea nu încetează să apară. Totodată, compania este receptivă la sugestiile călătorilor.",aglomeratie,0
187,"aspect: controlori. text: O companie care este în continuă dezvoltare, spre deosebire de RATP care oferea niște condiții inumane.
Modernizarea transportului ieșean a început odata cu CTP și chiar dacă există loc de îmbunătățiri, observ că acestea nu încetează să apară. Totodată, compania este receptivă la sugestiile călătorilor.",controlori,0
187,"aspect: validare_bilete. text: O companie care este în continuă dezvoltare, spre deosebire de RATP care oferea niște condiții inumane.
Modernizarea transportului ieșean a început odata cu CTP și chiar dacă există loc de îmbunătățiri, observ că acestea nu încetează să apară. Totodată, compania este receptivă la sugestiile călătorilor.",validare_bilete,0
187,"aspect: soferi_vatmani. text: O companie care este în continuă dezvoltare, spre deosebire de RATP care oferea niște condiții inumane.
Modernizarea transportului ieșean a început odata cu CTP și chiar dacă există loc de îmbunătățiri, observ că acestea nu încetează să apară. Totodată, compania este receptivă la sugestiile călătorilor.",soferi_vatmani,0
187,"aspect: frecventa. text: O companie care este în continuă dezvoltare, spre deosebire de RATP care oferea niște condiții inumane.
Modernizarea transportului ieșean a început odata cu CTP și chiar dacă există loc de îmbunătățiri, observ că acestea nu încetează să apară. Totodată, compania este receptivă la sugestiile călătorilor.",frecventa,0
SIM_011,aspect: aglomeratie. text: Autobuzul 46 nu a venit 45 de minute. Pur și simplu nu a venit. Și când în sfârșit a apărut era atât de plin că n-am putut urca.,aglomeratie,1
SIM_011,aspect: frecventa. text: Autobuzul 46 nu a venit 45 de minute. Pur și simplu nu a venit. Și când în sfârșit a apărut era atât de plin că n-am putut urca.,frecventa,1
SIM_011,aspect: controlori. text: Autobuzul 46 nu a venit 45 de minute. Pur și simplu nu a venit. Și când în sfârșit a apărut era atât de plin că n-am putut urca.,controlori,0
SIM_011,aspect: informare_calatori. text: Autobuzul 46 nu a venit 45 de minute. Pur și simplu nu a venit. Și când în sfârșit a apărut era atât de plin că n-am putut urca.,informare_calatori,0
SIM_011,aspect: acoperire_rute. text: Autobuzul 46 nu a venit 45 de minute. Pur și simplu nu a venit. Și când în sfârșit a apărut era atât de plin că n-am putut urca.,acoperire_rute,0
SIM_011,aspect: punctualitate. text: Autobuzul 46 nu a venit 45 de minute. Pur și simplu nu a venit. Și când în sfârșit a apărut era atât de plin că n-am putut urca.,punctualitate,0
SIM_011,aspect: validare_bilete. text: Autobuzul 46 nu a venit 45 de minute. Pur și simplu nu a venit. Și când în sfârșit a apărut era atât de plin că n-am putut urca.,validare_bilete,0
SIM_011,aspect: stare_vehicule. text: Autobuzul 46 nu a venit 45 de minute. Pur și simplu nu a venit. Și când în sfârșit a apărut era atât de plin că n-am putut urca.,stare_vehicule,0
76,"aspect: frecventa. text: Mijloace de transport în comun care circula foarte rar la ore de vârf. Sa aștepți 30 - 40 de minute un autobuz, dimineața când trebuie sa ajungi la serviciu, nu e tocmai ce aștepți de la ratp",frecventa,1
76,"aspect: acoperire_rute. text: Mijloace de transport în comun care circula foarte rar la ore de vârf. Sa aștepți 30 - 40 de minute un autobuz, dimineața când trebuie sa ajungi la serviciu, nu e tocmai ce aștepți de la ratp",acoperire_rute,0
76,"aspect: validare_bilete. text: Mijloace de transport în comun care circula foarte rar la ore de vârf. Sa aștepți 30 - 40 de minute un autobuz, dimineața când trebuie sa ajungi la serviciu, nu e tocmai ce aștepți de la ratp",validare_bilete,0
76,"aspect: pret. text: Mijloace de transport în comun care circula foarte rar la ore de vârf. Sa aștepți 30 - 40 de minute un autobuz, dimineața când trebuie sa ajungi la serviciu, nu e tocmai ce aștepți de la ratp",pret,0
SIM_023,aspect: confort_termic. text: 7 lei biletul și nu primești în schimb nici măcar căldură în tramvai iarna. Stau cu haina pe mine ca afară. Dacă tot scumpesc biletele măcar să investească în ceva.,confort_termic,1
SIM_023,aspect: pret. text: 7 lei biletul și nu primești în schimb nici măcar căldură în tramvai iarna. Stau cu haina pe mine ca afară. Dacă tot scumpesc biletele măcar să investească în ceva.,pret,1
SIM_023,aspect: frecventa. text: 7 lei biletul și nu primești în schimb nici măcar căldură în tramvai iarna. Stau cu haina pe mine ca afară. Dacă tot scumpesc biletele măcar să investească în ceva.,frecventa,0
SIM_023,aspect: soferi_vatmani. text: 7 lei biletul și nu primești în schimb nici măcar căldură în tramvai iarna. Stau cu haina pe mine ca afară. Dacă tot scumpesc biletele măcar să investească în ceva.,soferi_vatmani,0
SIM_023,aspect: controlori. text: 7 lei biletul și nu primești în schimb nici măcar căldură în tramvai iarna. Stau cu haina pe mine ca afară. Dacă tot scumpesc biletele măcar să investească în ceva.,controlori,0
SIM_023,aspect: siguranta. text: 7 lei biletul și nu primești în schimb nici măcar căldură în tramvai iarna. Stau cu haina pe mine ca afară. Dacă tot scumpesc biletele măcar să investească în ceva.,siguranta,0
SIM_023,aspect: organizare. text: 7 lei biletul și nu primești în schimb nici măcar căldură în tramvai iarna. Stau cu haina pe mine ca afară. Dacă tot scumpesc biletele măcar să investească în ceva.,organizare,0
SIM_023,aspect: aglomeratie. text: 7 lei biletul și nu primești în schimb nici măcar căldură în tramvai iarna. Stau cu haina pe mine ca afară. Dacă tot scumpesc biletele măcar să investească în ceva.,aglomeratie,0
212,"aspect: controlori. text: Schimbați vă controlorii !

Pe scurt, ati angajat ultimele jeguri care incearcă să flirteze sau sa atingă fetele din autobuze sau metrouri (fie ca sunt minore), iar uneori chiar sa se ajunga la abuzuri fizice.",controlori,1
212,"aspect: siguranta. text: Schimbați vă controlorii !

Pe scurt, ati angajat ultimele jeguri care incearcă să flirteze sau sa atingă fetele din autobuze sau metrouri (fie ca sunt minore), iar uneori chiar sa se ajunga la abuzuri fizice.",siguranta,1
212,"aspect: validare_bilete. text: Schimbați vă controlorii !

Pe scurt, ati angajat ultimele jeguri care incearcă să flirteze sau sa atingă fetele din autobuze sau metrouri (fie ca sunt minore), iar uneori chiar sa se ajunga la abuzuri fizice.",validare_bilete,0
212,"aspect: acoperire_rute. text: Schimbați vă controlorii !

Pe scurt, ati angajat ultimele jeguri care incearcă să flirteze sau sa atingă fetele din autobuze sau metrouri (fie ca sunt minore), iar uneori chiar sa se ajunga la abuzuri fizice.",acoperire_rute,0
212,"aspect: punctualitate. text: Schimbați vă controlorii !

Pe scurt, ati angajat ultimele jeguri care incearcă să flirteze sau sa atingă fetele din autobuze sau metrouri (fie ca sunt minore), iar uneori chiar sa se ajunga la abuzuri fizice.",punctualitate,0
212,"aspect: frecventa. text: Schimbați vă controlorii !

Pe scurt, ati angajat ultimele jeguri care incearcă să flirteze sau sa atingă fetele din autobuze sau metrouri (fie ca sunt minore), iar uneori chiar sa se ajunga la abuzuri fizice.",frecventa,0
212,"aspect: organizare. text: Schimbați vă controlorii !

Pe scurt, ati angajat ultimele jeguri care incearcă să flirteze sau sa atingă fetele din autobuze sau metrouri (fie ca sunt minore), iar uneori chiar sa se ajunga la abuzuri fizice.",organizare,0
212,"aspect: soferi_vatmani. text: Schimbați vă controlorii !

Pe scurt, ati angajat ultimele jeguri care incearcă să flirteze sau sa atingă fetele din autobuze sau metrouri (fie ca sunt minore), iar uneori chiar sa se ajunga la abuzuri fizice.",soferi_vatmani,0
SENT_SIM_027,aspect: siguranta. text: Nu am observat incidente în timpul cursei.,siguranta,1
SENT_SIM_027,aspect: infrastructura_statii. text: Nu am observat incidente în timpul cursei.,infrastructura_statii,0
SENT_SIM_027,aspect: frecventa. text: Nu am observat incidente în timpul cursei.,frecventa,0
SENT_SIM_027,aspect: confort_termic. text: Nu am observat incidente în timpul cursei.,confort_termic,0
5,"aspect: frecventa. text: Timpi de asteptare mari, refugii de tramvaie inguste si arhipline si nu in ultimul rand sistemul de cumpărare a biletelor foarte prost",frecventa,1
5,"aspect: infrastructura_statii. text: Timpi de asteptare mari, refugii de tramvaie inguste si arhipline si nu in ultimul rand sistemul de cumpărare a biletelor foarte prost",infrastructura_statii,1
5,"aspect: validare_bilete. text: Timpi de asteptare mari, refugii de tramvaie inguste si arhipline si nu in ultimul rand sistemul de cumpărare a biletelor foarte prost",validare_bilete,1
5,"aspect: acoperire_rute. text: Timpi de asteptare mari, refugii de tramvaie inguste si arhipline si nu in ultimul rand sistemul de cumpărare a biletelor foarte prost",acoperire_rute,0
5,"aspect: curatenie. text: Timpi de asteptare mari, refugii de tramvaie inguste si arhipline si nu in ultimul rand sistemul de cumpărare a biletelor foarte prost",curatenie,0
5,"aspect: pret. text: Timpi de asteptare mari, refugii de tramvaie inguste si arhipline si nu in ultimul rand sistemul de cumpărare a biletelor foarte prost",pret,0
5,"aspect: aglomeratie. text: Timpi de asteptare mari, refugii de tramvaie inguste si arhipline si nu in ultimul rand sistemul de cumpărare a biletelor foarte prost",aglomeratie,0
5,"aspect: relatii_clienti. text: Timpi de asteptare mari, refugii de tramvaie inguste si arhipline si nu in ultimul rand sistemul de cumpărare a biletelor foarte prost",relatii_clienti,0
5,"aspect: organizare. text: Timpi de asteptare mari, refugii de tramvaie inguste si arhipline si nu in ultimul rand sistemul de cumpărare a biletelor foarte prost",organizare,0
5,"aspect: controlori. text: Timpi de asteptare mari, refugii de tramvaie inguste si arhipline si nu in ultimul rand sistemul de cumpărare a biletelor foarte prost",controlori,0
5,"aspect: stare_vehicule. text: Timpi de asteptare mari, refugii de tramvaie inguste si arhipline si nu in ultimul rand sistemul de cumpărare a biletelor foarte prost",stare_vehicule,0
5,"aspect: soferi_vatmani. text: Timpi de asteptare mari, refugii de tramvaie inguste si arhipline si nu in ultimul rand sistemul de cumpărare a biletelor foarte prost",soferi_vatmani,0
31,"aspect: soferi_vatmani. text: Recomand compania de transport ,NU recomand vatmanul care fac reguli după cum vor la rond 11 am fost coborâtă ca să merg 2 metrii în stație să urc din nou,pe motiv că se face curățenie în tramvai.Nu a făcut nimeni curat!!!",soferi_vatmani,1
31,"aspect: punctualitate. text: Recomand compania de transport ,NU recomand vatmanul care fac reguli după cum vor la rond 11 am fost coborâtă ca să merg 2 metrii în stație să urc din nou,pe motiv că se face curățenie în tramvai.Nu a făcut nimeni curat!!!",punctualitate,0
31,"aspect: validare_bilete. text: Recomand compania de transport ,NU recomand vatmanul care fac reguli după cum vor la rond 11 am fost coborâtă ca să merg 2 metrii în stație să urc din nou,pe motiv că se face curățenie în tramvai.Nu a făcut nimeni curat!!!",validare_bilete,0
31,"aspect: acoperire_rute. text: Recomand compania de transport ,NU recomand vatmanul care fac reguli după cum vor la rond 11 am fost coborâtă ca să merg 2 metrii în stație să urc din nou,pe motiv că se face curățenie în tramvai.Nu a făcut nimeni curat!!!",acoperire_rute,0
288,aspect: validare_bilete. text: Am avut ghinionul sa nu primesc bon la un πOS.,validare_bilete,1
288,aspect: confort_termic. text: Am avut ghinionul sa nu primesc bon la un πOS.,confort_termic,0
288,aspect: stare_vehicule. text: Am avut ghinionul sa nu primesc bon la un πOS.,stare_vehicule,0
288,aspect: siguranta. text: Am avut ghinionul sa nu primesc bon la un πOS.,siguranta,0
SIM_081,aspect: aglomeratie. text: Autobuzul a avut un grad normal de ocupare și călătoria a fost ok.,aglomeratie,1
SIM_081,aspect: punctualitate. text: Autobuzul a avut un grad normal de ocupare și călătoria a fost ok.,punctualitate,0
SIM_081,aspect: frecventa. text: Autobuzul a avut un grad normal de ocupare și călătoria a fost ok.,frecventa,0
SIM_081,aspect: confort_termic. text: Autobuzul a avut un grad normal de ocupare și călătoria a fost ok.,confort_termic,0
SIM_079,aspect: aglomeratie. text: În tramvai era loc suficient și nu am stat înghesuită.,aglomeratie,1
SIM_079,aspect: curatenie. text: În tramvai era loc suficient și nu am stat înghesuită.,curatenie,0
SIM_079,aspect: confort_termic. text: În tramvai era loc suficient și nu am stat înghesuită.,confort_termic,0
SIM_079,aspect: pret. text: În tramvai era loc suficient și nu am stat înghesuită.,pret,0
124,"aspect: frecventa. text: Sa fie puse in circulatie autobuze mai multe, la intervale mai scurte. E groaznic ce se intampla dimineata in intervalul 7-8!!!",frecventa,1
124,"aspect: soferi_vatmani. text: Sa fie puse in circulatie autobuze mai multe, la intervale mai scurte. E groaznic ce se intampla dimineata in intervalul 7-8!!!",soferi_vatmani,0
124,"aspect: infrastructura_statii. text: Sa fie puse in circulatie autobuze mai multe, la intervale mai scurte. E groaznic ce se intampla dimineata in intervalul 7-8!!!",infrastructura_statii,0
124,"aspect: punctualitate. text: Sa fie puse in circulatie autobuze mai multe, la intervale mai scurte. E groaznic ce se intampla dimineata in intervalul 7-8!!!",punctualitate,0
SENT_SIM_016,aspect: curatenie. text: Autobuzul era curat și mirosea plăcut.,curatenie,1
SENT_SIM_016,aspect: punctualitate. text: Autobuzul era curat și mirosea plăcut.,punctualitate,0
SENT_SIM_016,aspect: soferi_vatmani. text: Autobuzul era curat și mirosea plăcut.,soferi_vatmani,0
SENT_SIM_016,aspect: validare_bilete. text: Autobuzul era curat și mirosea plăcut.,validare_bilete,0
92,"aspect: aglomeratie. text: Deplorabil... Cel mai prost serviciu de transport public. S-a redus numarul de autobuze? Autobuze care vin din 30 in 30 de minute pe orice ruta si supra mega aglomerate. Peste masura sa mergi din Tomesti in Pacurari ai nevoie de 2 h.
Nu luati masuri? Nu face nimeni nimic spre a fi mai bine, eventual reduceti numarul de autobuze ca nu aveti buget.",aglomeratie,1
92,"aspect: frecventa. text: Deplorabil... Cel mai prost serviciu de transport public. S-a redus numarul de autobuze? Autobuze care vin din 30 in 30 de minute pe orice ruta si supra mega aglomerate. Peste masura sa mergi din Tomesti in Pacurari ai nevoie de 2 h.
Nu luati masuri? Nu face nimeni nimic spre a fi mai bine, eventual reduceti numarul de autobuze ca nu aveti buget.",frecventa,1
92,"aspect: organizare. text: Deplorabil... Cel mai prost serviciu de transport public. S-a redus numarul de autobuze? Autobuze care vin din 30 in 30 de minute pe orice ruta si supra mega aglomerate. Peste masura sa mergi din Tomesti in Pacurari ai nevoie de 2 h.
Nu luati masuri? Nu face nimeni nimic spre a fi mai bine, eventual reduceti numarul de autobuze ca nu aveti buget.",organizare,1
92,"aspect: curatenie. text: Deplorabil... Cel mai prost serviciu de transport public. S-a redus numarul de autobuze? Autobuze care vin din 30 in 30 de minute pe orice ruta si supra mega aglomerate. Peste masura sa mergi din Tomesti in Pacurari ai nevoie de 2 h.
Nu luati masuri? Nu face nimeni nimic spre a fi mai bine, eventual reduceti numarul de autobuze ca nu aveti buget.",curatenie,0
92,"aspect: relatii_clienti. text: Deplorabil... Cel mai prost serviciu de transport public. S-a redus numarul de autobuze? Autobuze care vin din 30 in 30 de minute pe orice ruta si supra mega aglomerate. Peste masura sa mergi din Tomesti in Pacurari ai nevoie de 2 h.
Nu luati masuri? Nu face nimeni nimic spre a fi mai bine, eventual reduceti numarul de autobuze ca nu aveti buget.",relatii_clienti,0
92,"aspect: pret. text: Deplorabil... Cel mai prost serviciu de transport public. S-a redus numarul de autobuze? Autobuze care vin din 30 in 30 de minute pe orice ruta si supra mega aglomerate. Peste masura sa mergi din Tomesti in Pacurari ai nevoie de 2 h.
Nu luati masuri? Nu face nimeni nimic spre a fi mai bine, eventual reduceti numarul de autobuze ca nu aveti buget.",pret,0
92,"aspect: punctualitate. text: Deplorabil... Cel mai prost serviciu de transport public. S-a redus numarul de autobuze? Autobuze care vin din 30 in 30 de minute pe orice ruta si supra mega aglomerate. Peste masura sa mergi din Tomesti in Pacurari ai nevoie de 2 h.
Nu luati masuri? Nu face nimeni nimic spre a fi mai bine, eventual reduceti numarul de autobuze ca nu aveti buget.",punctualitate,0
92,"aspect: siguranta. text: Deplorabil... Cel mai prost serviciu de transport public. S-a redus numarul de autobuze? Autobuze care vin din 30 in 30 de minute pe orice ruta si supra mega aglomerate. Peste masura sa mergi din Tomesti in Pacurari ai nevoie de 2 h.
Nu luati masuri? Nu face nimeni nimic spre a fi mai bine, eventual reduceti numarul de autobuze ca nu aveti buget.",siguranta,0
92,"aspect: informare_calatori. text: Deplorabil... Cel mai prost serviciu de transport public. S-a redus numarul de autobuze? Autobuze care vin din 30 in 30 de minute pe orice ruta si supra mega aglomerate. Peste masura sa mergi din Tomesti in Pacurari ai nevoie de 2 h.
Nu luati masuri? Nu face nimeni nimic spre a fi mai bine, eventual reduceti numarul de autobuze ca nu aveti buget.",informare_calatori,0
92,"aspect: soferi_vatmani. text: Deplorabil... Cel mai prost serviciu de transport public. S-a redus numarul de autobuze? Autobuze care vin din 30 in 30 de minute pe orice ruta si supra mega aglomerate. Peste masura sa mergi din Tomesti in Pacurari ai nevoie de 2 h.
Nu luati masuri? Nu face nimeni nimic spre a fi mai bine, eventual reduceti numarul de autobuze ca nu aveti buget.",soferi_vatmani,0
92,"aspect: stare_vehicule. text: Deplorabil... Cel mai prost serviciu de transport public. S-a redus numarul de autobuze? Autobuze care vin din 30 in 30 de minute pe orice ruta si supra mega aglomerate. Peste masura sa mergi din Tomesti in Pacurari ai nevoie de 2 h.
Nu luati masuri? Nu face nimeni nimic spre a fi mai bine, eventual reduceti numarul de autobuze ca nu aveti buget.",stare_vehicule,0
92,"aspect: validare_bilete. text: Deplorabil... Cel mai prost serviciu de transport public. S-a redus numarul de autobuze? Autobuze care vin din 30 in 30 de minute pe orice ruta si supra mega aglomerate. Peste masura sa mergi din Tomesti in Pacurari ai nevoie de 2 h.
Nu luati masuri? Nu face nimeni nimic spre a fi mai bine, eventual reduceti numarul de autobuze ca nu aveti buget.",validare_bilete,0
SIM_121,aspect: informare_calatori. text: Aplicația a arătat corect unde se află autobuzul.,informare_calatori,1
SIM_121,aspect: curatenie. text: Aplicația a arătat corect unde se află autobuzul.,curatenie,0
SIM_121,aspect: punctualitate. text: Aplicația a arătat corect unde se află autobuzul.,punctualitate,0
SIM_121,aspect: stare_vehicule. text: Aplicația a arătat corect unde se află autobuzul.,stare_vehicule,0
SIM_039,"aspect: curatenie. text: Tramvaiele noi PESA sunt o plăcere - silențioase, curate, aer condiționat funcțional. Dar pe linia 5 mai circulă și cele vechi din anii 80 și diferența e uriașă. Nu știi niciodată ce prinzi.",curatenie,1
SIM_039,"aspect: stare_vehicule. text: Tramvaiele noi PESA sunt o plăcere - silențioase, curate, aer condiționat funcțional. Dar pe linia 5 mai circulă și cele vechi din anii 80 și diferența e uriașă. Nu știi niciodată ce prinzi.",stare_vehicule,1
SIM_039,"aspect: acoperire_rute. text: Tramvaiele noi PESA sunt o plăcere - silențioase, curate, aer condiționat funcțional. Dar pe linia 5 mai circulă și cele vechi din anii 80 și diferența e uriașă. Nu știi niciodată ce prinzi.",acoperire_rute,0
SIM_039,"aspect: punctualitate. text: Tramvaiele noi PESA sunt o plăcere - silențioase, curate, aer condiționat funcțional. Dar pe linia 5 mai circulă și cele vechi din anii 80 și diferența e uriașă. Nu știi niciodată ce prinzi.",punctualitate,0
SIM_039,"aspect: siguranta. text: Tramvaiele noi PESA sunt o plăcere - silențioase, curate, aer condiționat funcțional. Dar pe linia 5 mai circulă și cele vechi din anii 80 și diferența e uriașă. Nu știi niciodată ce prinzi.",siguranta,0
SIM_039,"aspect: aglomeratie. text: Tramvaiele noi PESA sunt o plăcere - silențioase, curate, aer condiționat funcțional. Dar pe linia 5 mai circulă și cele vechi din anii 80 și diferența e uriașă. Nu știi niciodată ce prinzi.",aglomeratie,0
SIM_039,"aspect: controlori. text: Tramvaiele noi PESA sunt o plăcere - silențioase, curate, aer condiționat funcțional. Dar pe linia 5 mai circulă și cele vechi din anii 80 și diferența e uriașă. Nu știi niciodată ce prinzi.",controlori,0
SIM_039,"aspect: soferi_vatmani. text: Tramvaiele noi PESA sunt o plăcere - silențioase, curate, aer condiționat funcțional. Dar pe linia 5 mai circulă și cele vechi din anii 80 și diferența e uriașă. Nu știi niciodată ce prinzi.",soferi_vatmani,0
174,"aspect: curatenie. text: Poate cu atâtea feedback-uri negative legate de intervalul prost al autobuzelor(în special cele de pe traseul 44) veți încerca și voi sa remediați ceva. Pe lângă faptul ca toate rablele de autobuze circulă pe acest traseu, ca miroase de la o poștă a motorină /benzină când urci în ele mai stai și câte 40 minute dimineața în stație la Vama 2 poate, poate vine ceva. Sa îți treacă prin stație un autobuz prin stație la 8 fix și apoi următorul sa vina la 08:40 mi se pare inadmisibil, în condițiile în care raportați 15-20 minute interval de circulație( în orele de vârf). Unul dintre cele mai proaste trasee și mai rău că nu faceți nimic. Luați-o mai degrabă ca pe o reclamație, ca de feedback-uri probabil sunteți sufocați.",curatenie,1
174,"aspect: frecventa. text: Poate cu atâtea feedback-uri negative legate de intervalul prost al autobuzelor(în special cele de pe traseul 44) veți încerca și voi sa remediați ceva. Pe lângă faptul ca toate rablele de autobuze circulă pe acest traseu, ca miroase de la o poștă a motorină /benzină când urci în ele mai stai și câte 40 minute dimineața în stație la Vama 2 poate, poate vine ceva. Sa îți treacă prin stație un autobuz prin stație la 8 fix și apoi următorul sa vina la 08:40 mi se pare inadmisibil, în condițiile în care raportați 15-20 minute interval de circulație( în orele de vârf). Unul dintre cele mai proaste trasee și mai rău că nu faceți nimic. Luați-o mai degrabă ca pe o reclamație, ca de feedback-uri probabil sunteți sufocați.",frecventa,1
174,"aspect: informare_calatori. text: Poate cu atâtea feedback-uri negative legate de intervalul prost al autobuzelor(în special cele de pe traseul 44) veți încerca și voi sa remediați ceva. Pe lângă faptul ca toate rablele de autobuze circulă pe acest traseu, ca miroase de la o poștă a motorină /benzină când urci în ele mai stai și câte 40 minute dimineața în stație la Vama 2 poate, poate vine ceva. Sa îți treacă prin stație un autobuz prin stație la 8 fix și apoi următorul sa vina la 08:40 mi se pare inadmisibil, în condițiile în care raportați 15-20 minute interval de circulație( în orele de vârf). Unul dintre cele mai proaste trasee și mai rău că nu faceți nimic. Luați-o mai degrabă ca pe o reclamație, ca de feedback-uri probabil sunteți sufocați.",informare_calatori,1
174,"aspect: stare_vehicule. text: Poate cu atâtea feedback-uri negative legate de intervalul prost al autobuzelor(în special cele de pe traseul 44) veți încerca și voi sa remediați ceva. Pe lângă faptul ca toate rablele de autobuze circulă pe acest traseu, ca miroase de la o poștă a motorină /benzină când urci în ele mai stai și câte 40 minute dimineața în stație la Vama 2 poate, poate vine ceva. Sa îți treacă prin stație un autobuz prin stație la 8 fix și apoi următorul sa vina la 08:40 mi se pare inadmisibil, în condițiile în care raportați 15-20 minute interval de circulație( în orele de vârf). Unul dintre cele mai proaste trasee și mai rău că nu faceți nimic. Luați-o mai degrabă ca pe o reclamație, ca de feedback-uri probabil sunteți sufocați.",stare_vehicule,1
174,"aspect: infrastructura_statii. text: Poate cu atâtea feedback-uri negative legate de intervalul prost al autobuzelor(în special cele de pe traseul 44) veți încerca și voi sa remediați ceva. Pe lângă faptul ca toate rablele de autobuze circulă pe acest traseu, ca miroase de la o poștă a motorină /benzină când urci în ele mai stai și câte 40 minute dimineața în stație la Vama 2 poate, poate vine ceva. Sa îți treacă prin stație un autobuz prin stație la 8 fix și apoi următorul sa vina la 08:40 mi se pare inadmisibil, în condițiile în care raportați 15-20 minute interval de circulație( în orele de vârf). Unul dintre cele mai proaste trasee și mai rău că nu faceți nimic. Luați-o mai degrabă ca pe o reclamație, ca de feedback-uri probabil sunteți sufocați.",infrastructura_statii,0
174,"aspect: soferi_vatmani. text: Poate cu atâtea feedback-uri negative legate de intervalul prost al autobuzelor(în special cele de pe traseul 44) veți încerca și voi sa remediați ceva. Pe lângă faptul ca toate rablele de autobuze circulă pe acest traseu, ca miroase de la o poștă a motorină /benzină când urci în ele mai stai și câte 40 minute dimineața în stație la Vama 2 poate, poate vine ceva. Sa îți treacă prin stație un autobuz prin stație la 8 fix și apoi următorul sa vina la 08:40 mi se pare inadmisibil, în condițiile în care raportați 15-20 minute interval de circulație( în orele de vârf). Unul dintre cele mai proaste trasee și mai rău că nu faceți nimic. Luați-o mai degrabă ca pe o reclamație, ca de feedback-uri probabil sunteți sufocați.",soferi_vatmani,0
174,"aspect: aglomeratie. text: Poate cu atâtea feedback-uri negative legate de intervalul prost al autobuzelor(în special cele de pe traseul 44) veți încerca și voi sa remediați ceva. Pe lângă faptul ca toate rablele de autobuze circulă pe acest traseu, ca miroase de la o poștă a motorină /benzină când urci în ele mai stai și câte 40 minute dimineața în stație la Vama 2 poate, poate vine ceva. Sa îți treacă prin stație un autobuz prin stație la 8 fix și apoi următorul sa vina la 08:40 mi se pare inadmisibil, în condițiile în care raportați 15-20 minute interval de circulație( în orele de vârf). Unul dintre cele mai proaste trasee și mai rău că nu faceți nimic. Luați-o mai degrabă ca pe o reclamație, ca de feedback-uri probabil sunteți sufocați.",aglomeratie,0
174,"aspect: confort_termic. text: Poate cu atâtea feedback-uri negative legate de intervalul prost al autobuzelor(în special cele de pe traseul 44) veți încerca și voi sa remediați ceva. Pe lângă faptul ca toate rablele de autobuze circulă pe acest traseu, ca miroase de la o poștă a motorină /benzină când urci în ele mai stai și câte 40 minute dimineața în stație la Vama 2 poate, poate vine ceva. Sa îți treacă prin stație un autobuz prin stație la 8 fix și apoi următorul sa vina la 08:40 mi se pare inadmisibil, în condițiile în care raportați 15-20 minute interval de circulație( în orele de vârf). Unul dintre cele mai proaste trasee și mai rău că nu faceți nimic. Luați-o mai degrabă ca pe o reclamație, ca de feedback-uri probabil sunteți sufocați.",confort_termic,0
174,"aspect: controlori. text: Poate cu atâtea feedback-uri negative legate de intervalul prost al autobuzelor(în special cele de pe traseul 44) veți încerca și voi sa remediați ceva. Pe lângă faptul ca toate rablele de autobuze circulă pe acest traseu, ca miroase de la o poștă a motorină /benzină când urci în ele mai stai și câte 40 minute dimineața în stație la Vama 2 poate, poate vine ceva. Sa îți treacă prin stație un autobuz prin stație la 8 fix și apoi următorul sa vina la 08:40 mi se pare inadmisibil, în condițiile în care raportați 15-20 minute interval de circulație( în orele de vârf). Unul dintre cele mai proaste trasee și mai rău că nu faceți nimic. Luați-o mai degrabă ca pe o reclamație, ca de feedback-uri probabil sunteți sufocați.",controlori,0
174,"aspect: siguranta. text: Poate cu atâtea feedback-uri negative legate de intervalul prost al autobuzelor(în special cele de pe traseul 44) veți încerca și voi sa remediați ceva. Pe lângă faptul ca toate rablele de autobuze circulă pe acest traseu, ca miroase de la o poștă a motorină /benzină când urci în ele mai stai și câte 40 minute dimineața în stație la Vama 2 poate, poate vine ceva. Sa îți treacă prin stație un autobuz prin stație la 8 fix și apoi următorul sa vina la 08:40 mi se pare inadmisibil, în condițiile în care raportați 15-20 minute interval de circulație( în orele de vârf). Unul dintre cele mai proaste trasee și mai rău că nu faceți nimic. Luați-o mai degrabă ca pe o reclamație, ca de feedback-uri probabil sunteți sufocați.",siguranta,0
174,"aspect: validare_bilete. text: Poate cu atâtea feedback-uri negative legate de intervalul prost al autobuzelor(în special cele de pe traseul 44) veți încerca și voi sa remediați ceva. Pe lângă faptul ca toate rablele de autobuze circulă pe acest traseu, ca miroase de la o poștă a motorină /benzină când urci în ele mai stai și câte 40 minute dimineața în stație la Vama 2 poate, poate vine ceva. Sa îți treacă prin stație un autobuz prin stație la 8 fix și apoi următorul sa vina la 08:40 mi se pare inadmisibil, în condițiile în care raportați 15-20 minute interval de circulație( în orele de vârf). Unul dintre cele mai proaste trasee și mai rău că nu faceți nimic. Luați-o mai degrabă ca pe o reclamație, ca de feedback-uri probabil sunteți sufocați.",validare_bilete,0
174,"aspect: acoperire_rute. text: Poate cu atâtea feedback-uri negative legate de intervalul prost al autobuzelor(în special cele de pe traseul 44) veți încerca și voi sa remediați ceva. Pe lângă faptul ca toate rablele de autobuze circulă pe acest traseu, ca miroase de la o poștă a motorină /benzină când urci în ele mai stai și câte 40 minute dimineața în stație la Vama 2 poate, poate vine ceva. Sa îți treacă prin stație un autobuz prin stație la 8 fix și apoi următorul sa vina la 08:40 mi se pare inadmisibil, în condițiile în care raportați 15-20 minute interval de circulație( în orele de vârf). Unul dintre cele mai proaste trasee și mai rău că nu faceți nimic. Luați-o mai degrabă ca pe o reclamație, ca de feedback-uri probabil sunteți sufocați.",acoperire_rute,0
174,"aspect: pret. text: Poate cu atâtea feedback-uri negative legate de intervalul prost al autobuzelor(în special cele de pe traseul 44) veți încerca și voi sa remediați ceva. Pe lângă faptul ca toate rablele de autobuze circulă pe acest traseu, ca miroase de la o poștă a motorină /benzină când urci în ele mai stai și câte 40 minute dimineața în stație la Vama 2 poate, poate vine ceva. Sa îți treacă prin stație un autobuz prin stație la 8 fix și apoi următorul sa vina la 08:40 mi se pare inadmisibil, în condițiile în care raportați 15-20 minute interval de circulație( în orele de vârf). Unul dintre cele mai proaste trasee și mai rău că nu faceți nimic. Luați-o mai degrabă ca pe o reclamație, ca de feedback-uri probabil sunteți sufocați.",pret,0
174,"aspect: organizare. text: Poate cu atâtea feedback-uri negative legate de intervalul prost al autobuzelor(în special cele de pe traseul 44) veți încerca și voi sa remediați ceva. Pe lângă faptul ca toate rablele de autobuze circulă pe acest traseu, ca miroase de la o poștă a motorină /benzină când urci în ele mai stai și câte 40 minute dimineața în stație la Vama 2 poate, poate vine ceva. Sa îți treacă prin stație un autobuz prin stație la 8 fix și apoi următorul sa vina la 08:40 mi se pare inadmisibil, în condițiile în care raportați 15-20 minute interval de circulație( în orele de vârf). Unul dintre cele mai proaste trasee și mai rău că nu faceți nimic. Luați-o mai degrabă ca pe o reclamație, ca de feedback-uri probabil sunteți sufocați.",organizare,0
174,"aspect: punctualitate. text: Poate cu atâtea feedback-uri negative legate de intervalul prost al autobuzelor(în special cele de pe traseul 44) veți încerca și voi sa remediați ceva. Pe lângă faptul ca toate rablele de autobuze circulă pe acest traseu, ca miroase de la o poștă a motorină /benzină când urci în ele mai stai și câte 40 minute dimineața în stație la Vama 2 poate, poate vine ceva. Sa îți treacă prin stație un autobuz prin stație la 8 fix și apoi următorul sa vina la 08:40 mi se pare inadmisibil, în condițiile în care raportați 15-20 minute interval de circulație( în orele de vârf). Unul dintre cele mai proaste trasee și mai rău că nu faceți nimic. Luați-o mai degrabă ca pe o reclamație, ca de feedback-uri probabil sunteți sufocați.",punctualitate,0
174,"aspect: relatii_clienti. text: Poate cu atâtea feedback-uri negative legate de intervalul prost al autobuzelor(în special cele de pe traseul 44) veți încerca și voi sa remediați ceva. Pe lângă faptul ca toate rablele de autobuze circulă pe acest traseu, ca miroase de la o poștă a motorină /benzină când urci în ele mai stai și câte 40 minute dimineața în stație la Vama 2 poate, poate vine ceva. Sa îți treacă prin stație un autobuz prin stație la 8 fix și apoi următorul sa vina la 08:40 mi se pare inadmisibil, în condițiile în care raportați 15-20 minute interval de circulație( în orele de vârf). Unul dintre cele mai proaste trasee și mai rău că nu faceți nimic. Luați-o mai degrabă ca pe o reclamație, ca de feedback-uri probabil sunteți sufocați.",relatii_clienti,0
SIM_104,aspect: curatenie. text: Autobuzul era acceptabil ca nivel de curățenie.,curatenie,1
SIM_104,aspect: siguranta. text: Autobuzul era acceptabil ca nivel de curățenie.,siguranta,0
SIM_104,aspect: punctualitate. text: Autobuzul era acceptabil ca nivel de curățenie.,punctualitate,0
SIM_104,aspect: organizare. text: Autobuzul era acceptabil ca nivel de curățenie.,organizare,0
SIM_067,aspect: punctualitate. text: Cursa a venit cu câteva minute mai târziu dar nu a afectat prea mult traseul.,punctualitate,1
SIM_067,aspect: curatenie. text: Cursa a venit cu câteva minute mai târziu dar nu a afectat prea mult traseul.,curatenie,0
SIM_067,aspect: acoperire_rute. text: Cursa a venit cu câteva minute mai târziu dar nu a afectat prea mult traseul.,acoperire_rute,0
SIM_067,aspect: controlori. text: Cursa a venit cu câteva minute mai târziu dar nu a afectat prea mult traseul.,controlori,0
211,aspect: frecventa. text: Am așteptat 52  mai mult de o orâ.Un singur autobuz pe traseu vă bateți joc,frecventa,1
211,aspect: curatenie. text: Am așteptat 52  mai mult de o orâ.Un singur autobuz pe traseu vă bateți joc,curatenie,0
211,aspect: siguranta. text: Am așteptat 52  mai mult de o orâ.Un singur autobuz pe traseu vă bateți joc,siguranta,0
211,aspect: validare_bilete. text: Am așteptat 52  mai mult de o orâ.Un singur autobuz pe traseu vă bateți joc,validare_bilete,0
37,"aspect: aglomeratie. text: Tarife scumpe.  
Călătorii stau comprimati la orele de vârf.  Efectiv nu este aer .
Vara  nu funcționează aerul condiționat sau nu au voie sa îl folosească. 
Majoritatea șoferilor sunt nesimțiți.",aglomeratie,1
37,"aspect: confort_termic. text: Tarife scumpe.  
Călătorii stau comprimati la orele de vârf.  Efectiv nu este aer .
Vara  nu funcționează aerul condiționat sau nu au voie sa îl folosească. 
Majoritatea șoferilor sunt nesimțiți.",confort_termic,1
37,"aspect: pret. text: Tarife scumpe.  
Călătorii stau comprimati la orele de vârf.  Efectiv nu este aer .
Vara  nu funcționează aerul condiționat sau nu au voie sa îl folosească. 
Majoritatea șoferilor sunt nesimțiți.",pret,1
37,"aspect: soferi_vatmani. text: Tarife scumpe.  
Călătorii stau comprimati la orele de vârf.  Efectiv nu este aer .
Vara  nu funcționează aerul condiționat sau nu au voie sa îl folosească. 
Majoritatea șoferilor sunt nesimțiți.",soferi_vatmani,1
37,"aspect: validare_bilete. text: Tarife scumpe.  
Călătorii stau comprimati la orele de vârf.  Efectiv nu este aer .
Vara  nu funcționează aerul condiționat sau nu au voie sa îl folosească. 
Majoritatea șoferilor sunt nesimțiți.",validare_bilete,0
37,"aspect: punctualitate. text: Tarife scumpe.  
Călătorii stau comprimati la orele de vârf.  Efectiv nu este aer .
Vara  nu funcționează aerul condiționat sau nu au voie sa îl folosească. 
Majoritatea șoferilor sunt nesimțiți.",punctualitate,0
37,"aspect: controlori. text: Tarife scumpe.  
Călătorii stau comprimati la orele de vârf.  Efectiv nu este aer .
Vara  nu funcționează aerul condiționat sau nu au voie sa îl folosească. 
Majoritatea șoferilor sunt nesimțiți.",controlori,0
37,"aspect: frecventa. text: Tarife scumpe.  
Călătorii stau comprimati la orele de vârf.  Efectiv nu este aer .
Vara  nu funcționează aerul condiționat sau nu au voie sa îl folosească. 
Majoritatea șoferilor sunt nesimțiți.",frecventa,0
37,"aspect: informare_calatori. text: Tarife scumpe.  
Călătorii stau comprimati la orele de vârf.  Efectiv nu este aer .
Vara  nu funcționează aerul condiționat sau nu au voie sa îl folosească. 
Majoritatea șoferilor sunt nesimțiți.",informare_calatori,0
37,"aspect: organizare. text: Tarife scumpe.  
Călătorii stau comprimati la orele de vârf.  Efectiv nu este aer .
Vara  nu funcționează aerul condiționat sau nu au voie sa îl folosească. 
Majoritatea șoferilor sunt nesimțiți.",organizare,0
37,"aspect: infrastructura_statii. text: Tarife scumpe.  
Călătorii stau comprimati la orele de vârf.  Efectiv nu este aer .
Vara  nu funcționează aerul condiționat sau nu au voie sa îl folosească. 
Majoritatea șoferilor sunt nesimțiți.",infrastructura_statii,0
37,"aspect: stare_vehicule. text: Tarife scumpe.  
Călătorii stau comprimati la orele de vârf.  Efectiv nu este aer .
Vara  nu funcționează aerul condiționat sau nu au voie sa îl folosească. 
Majoritatea șoferilor sunt nesimțiți.",stare_vehicule,0
37,"aspect: siguranta. text: Tarife scumpe.  
Călătorii stau comprimati la orele de vârf.  Efectiv nu este aer .
Vara  nu funcționează aerul condiționat sau nu au voie sa îl folosească. 
Majoritatea șoferilor sunt nesimțiți.",siguranta,0
37,"aspect: relatii_clienti. text: Tarife scumpe.  
Călătorii stau comprimati la orele de vârf.  Efectiv nu este aer .
Vara  nu funcționează aerul condiționat sau nu au voie sa îl folosească. 
Majoritatea șoferilor sunt nesimțiți.",relatii_clienti,0
37,"aspect: acoperire_rute. text: Tarife scumpe.  
Călătorii stau comprimati la orele de vârf.  Efectiv nu este aer .
Vara  nu funcționează aerul condiționat sau nu au voie sa îl folosească. 
Majoritatea șoferilor sunt nesimțiți.",acoperire_rute,0
37,"aspect: curatenie. text: Tarife scumpe.  
Călătorii stau comprimati la orele de vârf.  Efectiv nu este aer .
Vara  nu funcționează aerul condiționat sau nu au voie sa îl folosească. 
Majoritatea șoferilor sunt nesimțiți.",curatenie,0
SENT_SIM_009,"aspect: aglomeratie. text: Autobuzul era ocupat moderat, dar nu incomod.",aglomeratie,1
SENT_SIM_009,"aspect: relatii_clienti. text: Autobuzul era ocupat moderat, dar nu incomod.",relatii_clienti,0
SENT_SIM_009,"aspect: controlori. text: Autobuzul era ocupat moderat, dar nu incomod.",controlori,0
SENT_SIM_009,"aspect: frecventa. text: Autobuzul era ocupat moderat, dar nu incomod.",frecventa,0
250,"aspect: organizare. text: Program haotic, circula când vor, nu au program prestabilit, te iau toți nervii dacă stai sa aștepți autobuz sau tramvai. O companie de doi bani. Niciodată nu se respecta un program. Degeaba se fac sesizări și reclamații, nu se respecta călătorii. In schimb cer 5 lei și 7 lei pe bilete. Singurul traseu care respecta programul e 23 in rest, mergeți la săpat ! Sunteți jalnici! Punct!",organizare,1
250,"aspect: pret. text: Program haotic, circula când vor, nu au program prestabilit, te iau toți nervii dacă stai sa aștepți autobuz sau tramvai. O companie de doi bani. Niciodată nu se respecta un program. Degeaba se fac sesizări și reclamații, nu se respecta călătorii. In schimb cer 5 lei și 7 lei pe bilete. Singurul traseu care respecta programul e 23 in rest, mergeți la săpat ! Sunteți jalnici! Punct!",pret,1
250,"aspect: relatii_clienti. text: Program haotic, circula când vor, nu au program prestabilit, te iau toți nervii dacă stai sa aștepți autobuz sau tramvai. O companie de doi bani. Niciodată nu se respecta un program. Degeaba se fac sesizări și reclamații, nu se respecta călătorii. In schimb cer 5 lei și 7 lei pe bilete. Singurul traseu care respecta programul e 23 in rest, mergeți la săpat ! Sunteți jalnici! Punct!",relatii_clienti,1
250,"aspect: confort_termic. text: Program haotic, circula când vor, nu au program prestabilit, te iau toți nervii dacă stai sa aștepți autobuz sau tramvai. O companie de doi bani. Niciodată nu se respecta un program. Degeaba se fac sesizări și reclamații, nu se respecta călătorii. In schimb cer 5 lei și 7 lei pe bilete. Singurul traseu care respecta programul e 23 in rest, mergeți la săpat ! Sunteți jalnici! Punct!",confort_termic,0
250,"aspect: aglomeratie. text: Program haotic, circula când vor, nu au program prestabilit, te iau toți nervii dacă stai sa aștepți autobuz sau tramvai. O companie de doi bani. Niciodată nu se respecta un program. Degeaba se fac sesizări și reclamații, nu se respecta călătorii. In schimb cer 5 lei și 7 lei pe bilete. Singurul traseu care respecta programul e 23 in rest, mergeți la săpat ! Sunteți jalnici! Punct!",aglomeratie,0
250,"aspect: acoperire_rute. text: Program haotic, circula când vor, nu au program prestabilit, te iau toți nervii dacă stai sa aștepți autobuz sau tramvai. O companie de doi bani. Niciodată nu se respecta un program. Degeaba se fac sesizări și reclamații, nu se respecta călătorii. In schimb cer 5 lei și 7 lei pe bilete. Singurul traseu care respecta programul e 23 in rest, mergeți la săpat ! Sunteți jalnici! Punct!",acoperire_rute,0
250,"aspect: validare_bilete. text: Program haotic, circula când vor, nu au program prestabilit, te iau toți nervii dacă stai sa aștepți autobuz sau tramvai. O companie de doi bani. Niciodată nu se respecta un program. Degeaba se fac sesizări și reclamații, nu se respecta călătorii. In schimb cer 5 lei și 7 lei pe bilete. Singurul traseu care respecta programul e 23 in rest, mergeți la săpat ! Sunteți jalnici! Punct!",validare_bilete,0
250,"aspect: curatenie. text: Program haotic, circula când vor, nu au program prestabilit, te iau toți nervii dacă stai sa aștepți autobuz sau tramvai. O companie de doi bani. Niciodată nu se respecta un program. Degeaba se fac sesizări și reclamații, nu se respecta călătorii. In schimb cer 5 lei și 7 lei pe bilete. Singurul traseu care respecta programul e 23 in rest, mergeți la săpat ! Sunteți jalnici! Punct!",curatenie,0
250,"aspect: punctualitate. text: Program haotic, circula când vor, nu au program prestabilit, te iau toți nervii dacă stai sa aștepți autobuz sau tramvai. O companie de doi bani. Niciodată nu se respecta un program. Degeaba se fac sesizări și reclamații, nu se respecta călătorii. In schimb cer 5 lei și 7 lei pe bilete. Singurul traseu care respecta programul e 23 in rest, mergeți la săpat ! Sunteți jalnici! Punct!",punctualitate,0
250,"aspect: controlori. text: Program haotic, circula când vor, nu au program prestabilit, te iau toți nervii dacă stai sa aștepți autobuz sau tramvai. O companie de doi bani. Niciodată nu se respecta un program. Degeaba se fac sesizări și reclamații, nu se respecta călătorii. In schimb cer 5 lei și 7 lei pe bilete. Singurul traseu care respecta programul e 23 in rest, mergeți la săpat ! Sunteți jalnici! Punct!",controlori,0
250,"aspect: soferi_vatmani. text: Program haotic, circula când vor, nu au program prestabilit, te iau toți nervii dacă stai sa aștepți autobuz sau tramvai. O companie de doi bani. Niciodată nu se respecta un program. Degeaba se fac sesizări și reclamații, nu se respecta călătorii. In schimb cer 5 lei și 7 lei pe bilete. Singurul traseu care respecta programul e 23 in rest, mergeți la săpat ! Sunteți jalnici! Punct!",soferi_vatmani,0
250,"aspect: informare_calatori. text: Program haotic, circula când vor, nu au program prestabilit, te iau toți nervii dacă stai sa aștepți autobuz sau tramvai. O companie de doi bani. Niciodată nu se respecta un program. Degeaba se fac sesizări și reclamații, nu se respecta călătorii. In schimb cer 5 lei și 7 lei pe bilete. Singurul traseu care respecta programul e 23 in rest, mergeți la săpat ! Sunteți jalnici! Punct!",informare_calatori,0
35,"aspect: curatenie. text: bilet scump,timpul de asteptare este mare ,conditii mizere",curatenie,1
35,"aspect: frecventa. text: bilet scump,timpul de asteptare este mare ,conditii mizere",frecventa,1
35,"aspect: pret. text: bilet scump,timpul de asteptare este mare ,conditii mizere",pret,1
35,"aspect: stare_vehicule. text: bilet scump,timpul de asteptare este mare ,conditii mizere",stare_vehicule,0
35,"aspect: informare_calatori. text: bilet scump,timpul de asteptare este mare ,conditii mizere",informare_calatori,0
35,"aspect: organizare. text: bilet scump,timpul de asteptare este mare ,conditii mizere",organizare,0
35,"aspect: validare_bilete. text: bilet scump,timpul de asteptare este mare ,conditii mizere",validare_bilete,0
35,"aspect: relatii_clienti. text: bilet scump,timpul de asteptare este mare ,conditii mizere",relatii_clienti,0
35,"aspect: punctualitate. text: bilet scump,timpul de asteptare este mare ,conditii mizere",punctualitate,0
35,"aspect: controlori. text: bilet scump,timpul de asteptare este mare ,conditii mizere",controlori,0
35,"aspect: acoperire_rute. text: bilet scump,timpul de asteptare este mare ,conditii mizere",acoperire_rute,0
35,"aspect: siguranta. text: bilet scump,timpul de asteptare este mare ,conditii mizere",siguranta,0
102,"aspect: frecventa. text: Tonomatele.voastre de bilete nu fac altceva decât să mănânce banii , fără a primi biletul...Nu mai zic de faptul că poți pleca si cu o oră de acasă către serviciu,  tot întârzii..ati băgat o regulă imposibilă...azi am coborât ca ati dat bătrânii jos din 28 pe.motiv ca doar cine are loc pe scaun stă, am înțeles,  dar suplimentati autobuzele !",frecventa,1
102,"aspect: punctualitate. text: Tonomatele.voastre de bilete nu fac altceva decât să mănânce banii , fără a primi biletul...Nu mai zic de faptul că poți pleca si cu o oră de acasă către serviciu,  tot întârzii..ati băgat o regulă imposibilă...azi am coborât ca ati dat bătrânii jos din 28 pe.motiv ca doar cine are loc pe scaun stă, am înțeles,  dar suplimentati autobuzele !",punctualitate,1
102,"aspect: validare_bilete. text: Tonomatele.voastre de bilete nu fac altceva decât să mănânce banii , fără a primi biletul...Nu mai zic de faptul că poți pleca si cu o oră de acasă către serviciu,  tot întârzii..ati băgat o regulă imposibilă...azi am coborât ca ati dat bătrânii jos din 28 pe.motiv ca doar cine are loc pe scaun stă, am înțeles,  dar suplimentati autobuzele !",validare_bilete,1
102,"aspect: acoperire_rute. text: Tonomatele.voastre de bilete nu fac altceva decât să mănânce banii , fără a primi biletul...Nu mai zic de faptul că poți pleca si cu o oră de acasă către serviciu,  tot întârzii..ati băgat o regulă imposibilă...azi am coborât ca ati dat bătrânii jos din 28 pe.motiv ca doar cine are loc pe scaun stă, am înțeles,  dar suplimentati autobuzele !",acoperire_rute,0
102,"aspect: infrastructura_statii. text: Tonomatele.voastre de bilete nu fac altceva decât să mănânce banii , fără a primi biletul...Nu mai zic de faptul că poți pleca si cu o oră de acasă către serviciu,  tot întârzii..ati băgat o regulă imposibilă...azi am coborât ca ati dat bătrânii jos din 28 pe.motiv ca doar cine are loc pe scaun stă, am înțeles,  dar suplimentati autobuzele !",infrastructura_statii,0
102,"aspect: informare_calatori. text: Tonomatele.voastre de bilete nu fac altceva decât să mănânce banii , fără a primi biletul...Nu mai zic de faptul că poți pleca si cu o oră de acasă către serviciu,  tot întârzii..ati băgat o regulă imposibilă...azi am coborât ca ati dat bătrânii jos din 28 pe.motiv ca doar cine are loc pe scaun stă, am înțeles,  dar suplimentati autobuzele !",informare_calatori,0
102,"aspect: relatii_clienti. text: Tonomatele.voastre de bilete nu fac altceva decât să mănânce banii , fără a primi biletul...Nu mai zic de faptul că poți pleca si cu o oră de acasă către serviciu,  tot întârzii..ati băgat o regulă imposibilă...azi am coborât ca ati dat bătrânii jos din 28 pe.motiv ca doar cine are loc pe scaun stă, am înțeles,  dar suplimentati autobuzele !",relatii_clienti,0
102,"aspect: curatenie. text: Tonomatele.voastre de bilete nu fac altceva decât să mănânce banii , fără a primi biletul...Nu mai zic de faptul că poți pleca si cu o oră de acasă către serviciu,  tot întârzii..ati băgat o regulă imposibilă...azi am coborât ca ati dat bătrânii jos din 28 pe.motiv ca doar cine are loc pe scaun stă, am înțeles,  dar suplimentati autobuzele !",curatenie,0
102,"aspect: stare_vehicule. text: Tonomatele.voastre de bilete nu fac altceva decât să mănânce banii , fără a primi biletul...Nu mai zic de faptul că poți pleca si cu o oră de acasă către serviciu,  tot întârzii..ati băgat o regulă imposibilă...azi am coborât ca ati dat bătrânii jos din 28 pe.motiv ca doar cine are loc pe scaun stă, am înțeles,  dar suplimentati autobuzele !",stare_vehicule,0
102,"aspect: organizare. text: Tonomatele.voastre de bilete nu fac altceva decât să mănânce banii , fără a primi biletul...Nu mai zic de faptul că poți pleca si cu o oră de acasă către serviciu,  tot întârzii..ati băgat o regulă imposibilă...azi am coborât ca ati dat bătrânii jos din 28 pe.motiv ca doar cine are loc pe scaun stă, am înțeles,  dar suplimentati autobuzele !",organizare,0
102,"aspect: aglomeratie. text: Tonomatele.voastre de bilete nu fac altceva decât să mănânce banii , fără a primi biletul...Nu mai zic de faptul că poți pleca si cu o oră de acasă către serviciu,  tot întârzii..ati băgat o regulă imposibilă...azi am coborât ca ati dat bătrânii jos din 28 pe.motiv ca doar cine are loc pe scaun stă, am înțeles,  dar suplimentati autobuzele !",aglomeratie,0
102,"aspect: pret. text: Tonomatele.voastre de bilete nu fac altceva decât să mănânce banii , fără a primi biletul...Nu mai zic de faptul că poți pleca si cu o oră de acasă către serviciu,  tot întârzii..ati băgat o regulă imposibilă...azi am coborât ca ati dat bătrânii jos din 28 pe.motiv ca doar cine are loc pe scaun stă, am înțeles,  dar suplimentati autobuzele !",pret,0
246,"aspect: aglomeratie. text: De marit pret la bilete ati marit.
De bagat mai multe autobuze pas.
Ruta 30 b e mereu fulll.
Ruta 20 la fel de full.
Nu suntem obligati sa calatorim ca sardinele si sa asteptam minute bune sa vina un mjjloc de transport fulm.
Suplimentați numarul de autobuze la orele de varf.
Ruta 43c de la ora 7 nu după 9!
Și situația a rămas la fel după 3 ani😳🤦‍♂️",aglomeratie,1
246,"aspect: frecventa. text: De marit pret la bilete ati marit.
De bagat mai multe autobuze pas.
Ruta 30 b e mereu fulll.
Ruta 20 la fel de full.
Nu suntem obligati sa calatorim ca sardinele si sa asteptam minute bune sa vina un mjjloc de transport fulm.
Suplimentați numarul de autobuze la orele de varf.
Ruta 43c de la ora 7 nu după 9!
Și situația a rămas la fel după 3 ani😳🤦‍♂️",frecventa,1
246,"aspect: pret. text: De marit pret la bilete ati marit.
De bagat mai multe autobuze pas.
Ruta 30 b e mereu fulll.
Ruta 20 la fel de full.
Nu suntem obligati sa calatorim ca sardinele si sa asteptam minute bune sa vina un mjjloc de transport fulm.
Suplimentați numarul de autobuze la orele de varf.
Ruta 43c de la ora 7 nu după 9!
Și situația a rămas la fel după 3 ani😳🤦‍♂️",pret,1
246,"aspect: siguranta. text: De marit pret la bilete ati marit.
De bagat mai multe autobuze pas.
Ruta 30 b e mereu fulll.
Ruta 20 la fel de full.
Nu suntem obligati sa calatorim ca sardinele si sa asteptam minute bune sa vina un mjjloc de transport fulm.
Suplimentați numarul de autobuze la orele de varf.
Ruta 43c de la ora 7 nu după 9!
Și situația a rămas la fel după 3 ani😳🤦‍♂️",siguranta,0
246,"aspect: acoperire_rute. text: De marit pret la bilete ati marit.
De bagat mai multe autobuze pas.
Ruta 30 b e mereu fulll.
Ruta 20 la fel de full.
Nu suntem obligati sa calatorim ca sardinele si sa asteptam minute bune sa vina un mjjloc de transport fulm.
Suplimentați numarul de autobuze la orele de varf.
Ruta 43c de la ora 7 nu după 9!
Și situația a rămas la fel după 3 ani😳🤦‍♂️",acoperire_rute,0
246,"aspect: soferi_vatmani. text: De marit pret la bilete ati marit.
De bagat mai multe autobuze pas.
Ruta 30 b e mereu fulll.
Ruta 20 la fel de full.
Nu suntem obligati sa calatorim ca sardinele si sa asteptam minute bune sa vina un mjjloc de transport fulm.
Suplimentați numarul de autobuze la orele de varf.
Ruta 43c de la ora 7 nu după 9!
Și situația a rămas la fel după 3 ani😳🤦‍♂️",soferi_vatmani,0
246,"aspect: informare_calatori. text: De marit pret la bilete ati marit.
De bagat mai multe autobuze pas.
Ruta 30 b e mereu fulll.
Ruta 20 la fel de full.
Nu suntem obligati sa calatorim ca sardinele si sa asteptam minute bune sa vina un mjjloc de transport fulm.
Suplimentați numarul de autobuze la orele de varf.
Ruta 43c de la ora 7 nu după 9!
Și situația a rămas la fel după 3 ani😳🤦‍♂️",informare_calatori,0
246,"aspect: stare_vehicule. text: De marit pret la bilete ati marit.
De bagat mai multe autobuze pas.
Ruta 30 b e mereu fulll.
Ruta 20 la fel de full.
Nu suntem obligati sa calatorim ca sardinele si sa asteptam minute bune sa vina un mjjloc de transport fulm.
Suplimentați numarul de autobuze la orele de varf.
Ruta 43c de la ora 7 nu după 9!
Și situația a rămas la fel după 3 ani😳🤦‍♂️",stare_vehicule,0
246,"aspect: controlori. text: De marit pret la bilete ati marit.
De bagat mai multe autobuze pas.
Ruta 30 b e mereu fulll.
Ruta 20 la fel de full.
Nu suntem obligati sa calatorim ca sardinele si sa asteptam minute bune sa vina un mjjloc de transport fulm.
Suplimentați numarul de autobuze la orele de varf.
Ruta 43c de la ora 7 nu după 9!
Și situația a rămas la fel după 3 ani😳🤦‍♂️",controlori,0
246,"aspect: curatenie. text: De marit pret la bilete ati marit.
De bagat mai multe autobuze pas.
Ruta 30 b e mereu fulll.
Ruta 20 la fel de full.
Nu suntem obligati sa calatorim ca sardinele si sa asteptam minute bune sa vina un mjjloc de transport fulm.
Suplimentați numarul de autobuze la orele de varf.
Ruta 43c de la ora 7 nu după 9!
Și situația a rămas la fel după 3 ani😳🤦‍♂️",curatenie,0
246,"aspect: validare_bilete. text: De marit pret la bilete ati marit.
De bagat mai multe autobuze pas.
Ruta 30 b e mereu fulll.
Ruta 20 la fel de full.
Nu suntem obligati sa calatorim ca sardinele si sa asteptam minute bune sa vina un mjjloc de transport fulm.
Suplimentați numarul de autobuze la orele de varf.
Ruta 43c de la ora 7 nu după 9!
Și situația a rămas la fel după 3 ani😳🤦‍♂️",validare_bilete,0
246,"aspect: organizare. text: De marit pret la bilete ati marit.
De bagat mai multe autobuze pas.
Ruta 30 b e mereu fulll.
Ruta 20 la fel de full.
Nu suntem obligati sa calatorim ca sardinele si sa asteptam minute bune sa vina un mjjloc de transport fulm.
Suplimentați numarul de autobuze la orele de varf.
Ruta 43c de la ora 7 nu după 9!
Și situația a rămas la fel după 3 ani😳🤦‍♂️",organizare,0
73,aspect: controlori. text: Cea mai proasta companie de transport persoane din România motive șoferi nesimțiți care nu opresc în fiecare stație  JEG în autobuze  curatenia lasa de dorit controlori care miroase de la o posta a băutură și se cred mari zmei vorbind la modul serios angajează orce...cocalar..Cu 8 clase tot neamuri intre ei acolo și mai nou le tai din salariu dacă nu își fac norma intro...luna au cote fixe câți trebuie sa prindă pe zi îi vezi dimineață până la 12 ..1 și după gata cu ei ...Și tupeu pe ei cheamă politia locala la intimidare drag doamne tot așa și aia mana în mana cu ei doar își iau și ei cota de la ctp iași trebuie sa mai aducă și ei ceva la bugetul local nu au Cum sa justifice salariu dacă nu au activitate așa ca dacă vrei sa mergi cu travaliul sau autobuzul cumpăra un bilet 2.5 lei și dale frate muflex la jeguri ăsta care își bat joc de oameni civilizați din iasi😊🤗🤗😍și apropo se întoarce odată roata și pt ei ce se cred controlori zmei când sunt la munca da săi vezi ce morcov au în fund când merg acasă singuri 😆😅😄😄😄😀😁😁😂😂😂,controlori,1
73,aspect: curatenie. text: Cea mai proasta companie de transport persoane din România motive șoferi nesimțiți care nu opresc în fiecare stație  JEG în autobuze  curatenia lasa de dorit controlori care miroase de la o posta a băutură și se cred mari zmei vorbind la modul serios angajează orce...cocalar..Cu 8 clase tot neamuri intre ei acolo și mai nou le tai din salariu dacă nu își fac norma intro...luna au cote fixe câți trebuie sa prindă pe zi îi vezi dimineață până la 12 ..1 și după gata cu ei ...Și tupeu pe ei cheamă politia locala la intimidare drag doamne tot așa și aia mana în mana cu ei doar își iau și ei cota de la ctp iași trebuie sa mai aducă și ei ceva la bugetul local nu au Cum sa justifice salariu dacă nu au activitate așa ca dacă vrei sa mergi cu travaliul sau autobuzul cumpăra un bilet 2.5 lei și dale frate muflex la jeguri ăsta care își bat joc de oameni civilizați din iasi😊🤗🤗😍și apropo se întoarce odată roata și pt ei ce se cred controlori zmei când sunt la munca da săi vezi ce morcov au în fund când merg acasă singuri 😆😅😄😄😄😀😁😁😂😂😂,curatenie,1
73,aspect: soferi_vatmani. text: Cea mai proasta companie de transport persoane din România motive șoferi nesimțiți care nu opresc în fiecare stație  JEG în autobuze  curatenia lasa de dorit controlori care miroase de la o posta a băutură și se cred mari zmei vorbind la modul serios angajează orce...cocalar..Cu 8 clase tot neamuri intre ei acolo și mai nou le tai din salariu dacă nu își fac norma intro...luna au cote fixe câți trebuie sa prindă pe zi îi vezi dimineață până la 12 ..1 și după gata cu ei ...Și tupeu pe ei cheamă politia locala la intimidare drag doamne tot așa și aia mana în mana cu ei doar își iau și ei cota de la ctp iași trebuie sa mai aducă și ei ceva la bugetul local nu au Cum sa justifice salariu dacă nu au activitate așa ca dacă vrei sa mergi cu travaliul sau autobuzul cumpăra un bilet 2.5 lei și dale frate muflex la jeguri ăsta care își bat joc de oameni civilizați din iasi😊🤗🤗😍și apropo se întoarce odată roata și pt ei ce se cred controlori zmei când sunt la munca da săi vezi ce morcov au în fund când merg acasă singuri 😆😅😄😄😄😀😁😁😂😂😂,soferi_vatmani,1
73,aspect: informare_calatori. text: Cea mai proasta companie de transport persoane din România motive șoferi nesimțiți care nu opresc în fiecare stație  JEG în autobuze  curatenia lasa de dorit controlori care miroase de la o posta a băutură și se cred mari zmei vorbind la modul serios angajează orce...cocalar..Cu 8 clase tot neamuri intre ei acolo și mai nou le tai din salariu dacă nu își fac norma intro...luna au cote fixe câți trebuie sa prindă pe zi îi vezi dimineață până la 12 ..1 și după gata cu ei ...Și tupeu pe ei cheamă politia locala la intimidare drag doamne tot așa și aia mana în mana cu ei doar își iau și ei cota de la ctp iași trebuie sa mai aducă și ei ceva la bugetul local nu au Cum sa justifice salariu dacă nu au activitate așa ca dacă vrei sa mergi cu travaliul sau autobuzul cumpăra un bilet 2.5 lei și dale frate muflex la jeguri ăsta care își bat joc de oameni civilizați din iasi😊🤗🤗😍și apropo se întoarce odată roata și pt ei ce se cred controlori zmei când sunt la munca da săi vezi ce morcov au în fund când merg acasă singuri 😆😅😄😄😄😀😁😁😂😂😂,informare_calatori,0
73,aspect: confort_termic. text: Cea mai proasta companie de transport persoane din România motive șoferi nesimțiți care nu opresc în fiecare stație  JEG în autobuze  curatenia lasa de dorit controlori care miroase de la o posta a băutură și se cred mari zmei vorbind la modul serios angajează orce...cocalar..Cu 8 clase tot neamuri intre ei acolo și mai nou le tai din salariu dacă nu își fac norma intro...luna au cote fixe câți trebuie sa prindă pe zi îi vezi dimineață până la 12 ..1 și după gata cu ei ...Și tupeu pe ei cheamă politia locala la intimidare drag doamne tot așa și aia mana în mana cu ei doar își iau și ei cota de la ctp iași trebuie sa mai aducă și ei ceva la bugetul local nu au Cum sa justifice salariu dacă nu au activitate așa ca dacă vrei sa mergi cu travaliul sau autobuzul cumpăra un bilet 2.5 lei și dale frate muflex la jeguri ăsta care își bat joc de oameni civilizați din iasi😊🤗🤗😍și apropo se întoarce odată roata și pt ei ce se cred controlori zmei când sunt la munca da săi vezi ce morcov au în fund când merg acasă singuri 😆😅😄😄😄😀😁😁😂😂😂,confort_termic,0
73,aspect: relatii_clienti. text: Cea mai proasta companie de transport persoane din România motive șoferi nesimțiți care nu opresc în fiecare stație  JEG în autobuze  curatenia lasa de dorit controlori care miroase de la o posta a băutură și se cred mari zmei vorbind la modul serios angajează orce...cocalar..Cu 8 clase tot neamuri intre ei acolo și mai nou le tai din salariu dacă nu își fac norma intro...luna au cote fixe câți trebuie sa prindă pe zi îi vezi dimineață până la 12 ..1 și după gata cu ei ...Și tupeu pe ei cheamă politia locala la intimidare drag doamne tot așa și aia mana în mana cu ei doar își iau și ei cota de la ctp iași trebuie sa mai aducă și ei ceva la bugetul local nu au Cum sa justifice salariu dacă nu au activitate așa ca dacă vrei sa mergi cu travaliul sau autobuzul cumpăra un bilet 2.5 lei și dale frate muflex la jeguri ăsta care își bat joc de oameni civilizați din iasi😊🤗🤗😍și apropo se întoarce odată roata și pt ei ce se cred controlori zmei când sunt la munca da săi vezi ce morcov au în fund când merg acasă singuri 😆😅😄😄😄😀😁😁😂😂😂,relatii_clienti,0
73,aspect: organizare. text: Cea mai proasta companie de transport persoane din România motive șoferi nesimțiți care nu opresc în fiecare stație  JEG în autobuze  curatenia lasa de dorit controlori care miroase de la o posta a băutură și se cred mari zmei vorbind la modul serios angajează orce...cocalar..Cu 8 clase tot neamuri intre ei acolo și mai nou le tai din salariu dacă nu își fac norma intro...luna au cote fixe câți trebuie sa prindă pe zi îi vezi dimineață până la 12 ..1 și după gata cu ei ...Și tupeu pe ei cheamă politia locala la intimidare drag doamne tot așa și aia mana în mana cu ei doar își iau și ei cota de la ctp iași trebuie sa mai aducă și ei ceva la bugetul local nu au Cum sa justifice salariu dacă nu au activitate așa ca dacă vrei sa mergi cu travaliul sau autobuzul cumpăra un bilet 2.5 lei și dale frate muflex la jeguri ăsta care își bat joc de oameni civilizați din iasi😊🤗🤗😍și apropo se întoarce odată roata și pt ei ce se cred controlori zmei când sunt la munca da săi vezi ce morcov au în fund când merg acasă singuri 😆😅😄😄😄😀😁😁😂😂😂,organizare,0
73,aspect: pret. text: Cea mai proasta companie de transport persoane din România motive șoferi nesimțiți care nu opresc în fiecare stație  JEG în autobuze  curatenia lasa de dorit controlori care miroase de la o posta a băutură și se cred mari zmei vorbind la modul serios angajează orce...cocalar..Cu 8 clase tot neamuri intre ei acolo și mai nou le tai din salariu dacă nu își fac norma intro...luna au cote fixe câți trebuie sa prindă pe zi îi vezi dimineață până la 12 ..1 și după gata cu ei ...Și tupeu pe ei cheamă politia locala la intimidare drag doamne tot așa și aia mana în mana cu ei doar își iau și ei cota de la ctp iași trebuie sa mai aducă și ei ceva la bugetul local nu au Cum sa justifice salariu dacă nu au activitate așa ca dacă vrei sa mergi cu travaliul sau autobuzul cumpăra un bilet 2.5 lei și dale frate muflex la jeguri ăsta care își bat joc de oameni civilizați din iasi😊🤗🤗😍și apropo se întoarce odată roata și pt ei ce se cred controlori zmei când sunt la munca da săi vezi ce morcov au în fund când merg acasă singuri 😆😅😄😄😄😀😁😁😂😂😂,pret,0
73,aspect: aglomeratie. text: Cea mai proasta companie de transport persoane din România motive șoferi nesimțiți care nu opresc în fiecare stație  JEG în autobuze  curatenia lasa de dorit controlori care miroase de la o posta a băutură și se cred mari zmei vorbind la modul serios angajează orce...cocalar..Cu 8 clase tot neamuri intre ei acolo și mai nou le tai din salariu dacă nu își fac norma intro...luna au cote fixe câți trebuie sa prindă pe zi îi vezi dimineață până la 12 ..1 și după gata cu ei ...Și tupeu pe ei cheamă politia locala la intimidare drag doamne tot așa și aia mana în mana cu ei doar își iau și ei cota de la ctp iași trebuie sa mai aducă și ei ceva la bugetul local nu au Cum sa justifice salariu dacă nu au activitate așa ca dacă vrei sa mergi cu travaliul sau autobuzul cumpăra un bilet 2.5 lei și dale frate muflex la jeguri ăsta care își bat joc de oameni civilizați din iasi😊🤗🤗😍și apropo se întoarce odată roata și pt ei ce se cred controlori zmei când sunt la munca da săi vezi ce morcov au în fund când merg acasă singuri 😆😅😄😄😄😀😁😁😂😂😂,aglomeratie,0
73,aspect: frecventa. text: Cea mai proasta companie de transport persoane din România motive șoferi nesimțiți care nu opresc în fiecare stație  JEG în autobuze  curatenia lasa de dorit controlori care miroase de la o posta a băutură și se cred mari zmei vorbind la modul serios angajează orce...cocalar..Cu 8 clase tot neamuri intre ei acolo și mai nou le tai din salariu dacă nu își fac norma intro...luna au cote fixe câți trebuie sa prindă pe zi îi vezi dimineață până la 12 ..1 și după gata cu ei ...Și tupeu pe ei cheamă politia locala la intimidare drag doamne tot așa și aia mana în mana cu ei doar își iau și ei cota de la ctp iași trebuie sa mai aducă și ei ceva la bugetul local nu au Cum sa justifice salariu dacă nu au activitate așa ca dacă vrei sa mergi cu travaliul sau autobuzul cumpăra un bilet 2.5 lei și dale frate muflex la jeguri ăsta care își bat joc de oameni civilizați din iasi😊🤗🤗😍și apropo se întoarce odată roata și pt ei ce se cred controlori zmei când sunt la munca da săi vezi ce morcov au în fund când merg acasă singuri 😆😅😄😄😄😀😁😁😂😂😂,frecventa,0
73,aspect: stare_vehicule. text: Cea mai proasta companie de transport persoane din România motive șoferi nesimțiți care nu opresc în fiecare stație  JEG în autobuze  curatenia lasa de dorit controlori care miroase de la o posta a băutură și se cred mari zmei vorbind la modul serios angajează orce...cocalar..Cu 8 clase tot neamuri intre ei acolo și mai nou le tai din salariu dacă nu își fac norma intro...luna au cote fixe câți trebuie sa prindă pe zi îi vezi dimineață până la 12 ..1 și după gata cu ei ...Și tupeu pe ei cheamă politia locala la intimidare drag doamne tot așa și aia mana în mana cu ei doar își iau și ei cota de la ctp iași trebuie sa mai aducă și ei ceva la bugetul local nu au Cum sa justifice salariu dacă nu au activitate așa ca dacă vrei sa mergi cu travaliul sau autobuzul cumpăra un bilet 2.5 lei și dale frate muflex la jeguri ăsta care își bat joc de oameni civilizați din iasi😊🤗🤗😍și apropo se întoarce odată roata și pt ei ce se cred controlori zmei când sunt la munca da săi vezi ce morcov au în fund când merg acasă singuri 😆😅😄😄😄😀😁😁😂😂😂,stare_vehicule,0
73,aspect: siguranta. text: Cea mai proasta companie de transport persoane din România motive șoferi nesimțiți care nu opresc în fiecare stație  JEG în autobuze  curatenia lasa de dorit controlori care miroase de la o posta a băutură și se cred mari zmei vorbind la modul serios angajează orce...cocalar..Cu 8 clase tot neamuri intre ei acolo și mai nou le tai din salariu dacă nu își fac norma intro...luna au cote fixe câți trebuie sa prindă pe zi îi vezi dimineață până la 12 ..1 și după gata cu ei ...Și tupeu pe ei cheamă politia locala la intimidare drag doamne tot așa și aia mana în mana cu ei doar își iau și ei cota de la ctp iași trebuie sa mai aducă și ei ceva la bugetul local nu au Cum sa justifice salariu dacă nu au activitate așa ca dacă vrei sa mergi cu travaliul sau autobuzul cumpăra un bilet 2.5 lei și dale frate muflex la jeguri ăsta care își bat joc de oameni civilizați din iasi😊🤗🤗😍și apropo se întoarce odată roata și pt ei ce se cred controlori zmei când sunt la munca da săi vezi ce morcov au în fund când merg acasă singuri 😆😅😄😄😄😀😁😁😂😂😂,siguranta,0
SIM_125,aspect: informare_calatori. text: Panoul din stație funcționa dar timpul afișat s-a schimbat de câteva ori.,informare_calatori,1
SIM_125,aspect: frecventa. text: Panoul din stație funcționa dar timpul afișat s-a schimbat de câteva ori.,frecventa,0
SIM_125,aspect: validare_bilete. text: Panoul din stație funcționa dar timpul afișat s-a schimbat de câteva ori.,validare_bilete,0
SIM_125,aspect: relatii_clienti. text: Panoul din stație funcționa dar timpul afișat s-a schimbat de câteva ori.,relatii_clienti,0
SIM_029,aspect: organizare. text: Organizarea traseelor în zona Tătărași e haotică. Vin trei de 9 unul după altul și după aia nu mai vine niciunul o jumătate de oră. Cineva nu își face treaba la dispecerat.,organizare,1
SIM_029,aspect: aglomeratie. text: Organizarea traseelor în zona Tătărași e haotică. Vin trei de 9 unul după altul și după aia nu mai vine niciunul o jumătate de oră. Cineva nu își face treaba la dispecerat.,aglomeratie,0
SIM_029,aspect: stare_vehicule. text: Organizarea traseelor în zona Tătărași e haotică. Vin trei de 9 unul după altul și după aia nu mai vine niciunul o jumătate de oră. Cineva nu își face treaba la dispecerat.,stare_vehicule,0
SIM_029,aspect: confort_termic. text: Organizarea traseelor în zona Tătărași e haotică. Vin trei de 9 unul după altul și după aia nu mai vine niciunul o jumătate de oră. Cineva nu își face treaba la dispecerat.,confort_termic,0
315,aspect: organizare. text: cel mai prost organizat,organizare,1
315,aspect: frecventa. text: cel mai prost organizat,frecventa,0
315,aspect: informare_calatori. text: cel mai prost organizat,informare_calatori,0
315,aspect: siguranta. text: cel mai prost organizat,siguranta,0
219,"aspect: informare_calatori. text: cel mai prost si dezorganizat sistem pentru afisarea mijloacelor de transport, ai mai multe sanse la 6 din 49 decat sa vina ce iti arata ei pe ecran… timpul afisat probabil e calculat in functie de curentii polari, azi un minut poate insemna o ora, maine poate fi o secunda. acuratetea informatiilor e ca si cum ai pune un caine orb sa-ti ghiceasca culori, ordinea sosirilor e facuta pe random.org.",informare_calatori,1
219,"aspect: organizare. text: cel mai prost si dezorganizat sistem pentru afisarea mijloacelor de transport, ai mai multe sanse la 6 din 49 decat sa vina ce iti arata ei pe ecran… timpul afisat probabil e calculat in functie de curentii polari, azi un minut poate insemna o ora, maine poate fi o secunda. acuratetea informatiilor e ca si cum ai pune un caine orb sa-ti ghiceasca culori, ordinea sosirilor e facuta pe random.org.",organizare,0
219,"aspect: curatenie. text: cel mai prost si dezorganizat sistem pentru afisarea mijloacelor de transport, ai mai multe sanse la 6 din 49 decat sa vina ce iti arata ei pe ecran… timpul afisat probabil e calculat in functie de curentii polari, azi un minut poate insemna o ora, maine poate fi o secunda. acuratetea informatiilor e ca si cum ai pune un caine orb sa-ti ghiceasca culori, ordinea sosirilor e facuta pe random.org.",curatenie,0
219,"aspect: relatii_clienti. text: cel mai prost si dezorganizat sistem pentru afisarea mijloacelor de transport, ai mai multe sanse la 6 din 49 decat sa vina ce iti arata ei pe ecran… timpul afisat probabil e calculat in functie de curentii polari, azi un minut poate insemna o ora, maine poate fi o secunda. acuratetea informatiilor e ca si cum ai pune un caine orb sa-ti ghiceasca culori, ordinea sosirilor e facuta pe random.org.",relatii_clienti,0
SIM_037,"aspect: informare_calatori. text: Stațiile din centru au fost renovate și arată decent. Cele din cartiere sunt în continuare jalnice - fără copertine, bănci rupte, fără panouri de informare funcționale. E ca și cum există două sisteme diferite.",informare_calatori,1
SIM_037,"aspect: infrastructura_statii. text: Stațiile din centru au fost renovate și arată decent. Cele din cartiere sunt în continuare jalnice - fără copertine, bănci rupte, fără panouri de informare funcționale. E ca și cum există două sisteme diferite.",infrastructura_statii,1
SIM_037,"aspect: organizare. text: Stațiile din centru au fost renovate și arată decent. Cele din cartiere sunt în continuare jalnice - fără copertine, bănci rupte, fără panouri de informare funcționale. E ca și cum există două sisteme diferite.",organizare,0
SIM_037,"aspect: stare_vehicule. text: Stațiile din centru au fost renovate și arată decent. Cele din cartiere sunt în continuare jalnice - fără copertine, bănci rupte, fără panouri de informare funcționale. E ca și cum există două sisteme diferite.",stare_vehicule,0
SIM_037,"aspect: punctualitate. text: Stațiile din centru au fost renovate și arată decent. Cele din cartiere sunt în continuare jalnice - fără copertine, bănci rupte, fără panouri de informare funcționale. E ca și cum există două sisteme diferite.",punctualitate,0
SIM_037,"aspect: acoperire_rute. text: Stațiile din centru au fost renovate și arată decent. Cele din cartiere sunt în continuare jalnice - fără copertine, bănci rupte, fără panouri de informare funcționale. E ca și cum există două sisteme diferite.",acoperire_rute,0
SIM_037,"aspect: pret. text: Stațiile din centru au fost renovate și arată decent. Cele din cartiere sunt în continuare jalnice - fără copertine, bănci rupte, fără panouri de informare funcționale. E ca și cum există două sisteme diferite.",pret,0
SIM_037,"aspect: aglomeratie. text: Stațiile din centru au fost renovate și arată decent. Cele din cartiere sunt în continuare jalnice - fără copertine, bănci rupte, fără panouri de informare funcționale. E ca și cum există două sisteme diferite.",aglomeratie,0
127,"aspect: frecventa. text: Dacă vrei să iti bați joc de cineva,  il obligi sa circule cu autobuzul 28 la ora 8 dimineața pe ruta Galata - Podu Roș.
Dacă vrei  să îți bați oricum joc de cineva, îl obligi să aștepte un autobuz pe ruta Mircea cel Bătrân- Galata - Gara Internațională  Nicolina ..Podu Roș.",frecventa,1
127,"aspect: informare_calatori. text: Dacă vrei să iti bați joc de cineva,  il obligi sa circule cu autobuzul 28 la ora 8 dimineața pe ruta Galata - Podu Roș.
Dacă vrei  să îți bați oricum joc de cineva, îl obligi să aștepte un autobuz pe ruta Mircea cel Bătrân- Galata - Gara Internațională  Nicolina ..Podu Roș.",informare_calatori,0
127,"aspect: curatenie. text: Dacă vrei să iti bați joc de cineva,  il obligi sa circule cu autobuzul 28 la ora 8 dimineața pe ruta Galata - Podu Roș.
Dacă vrei  să îți bați oricum joc de cineva, îl obligi să aștepte un autobuz pe ruta Mircea cel Bătrân- Galata - Gara Internațională  Nicolina ..Podu Roș.",curatenie,0
127,"aspect: validare_bilete. text: Dacă vrei să iti bați joc de cineva,  il obligi sa circule cu autobuzul 28 la ora 8 dimineața pe ruta Galata - Podu Roș.
Dacă vrei  să îți bați oricum joc de cineva, îl obligi să aștepte un autobuz pe ruta Mircea cel Bătrân- Galata - Gara Internațională  Nicolina ..Podu Roș.",validare_bilete,0
SIM_133,aspect: organizare. text: Organizarea traseelor este acceptabilă dar mai poate fi îmbunătățită.,organizare,1
SIM_133,aspect: aglomeratie. text: Organizarea traseelor este acceptabilă dar mai poate fi îmbunătățită.,aglomeratie,0
SIM_133,aspect: soferi_vatmani. text: Organizarea traseelor este acceptabilă dar mai poate fi îmbunătățită.,soferi_vatmani,0
SIM_133,aspect: informare_calatori. text: Organizarea traseelor este acceptabilă dar mai poate fi îmbunătățită.,informare_calatori,0
SIM_025,aspect: frecventa. text: Am așteptat autobuzul 41 exact 50 de minute. Nu există nicio scuză pentru asta pe un traseu atât de frecventat.,frecventa,1
SIM_025,aspect: stare_vehicule. text: Am așteptat autobuzul 41 exact 50 de minute. Nu există nicio scuză pentru asta pe un traseu atât de frecventat.,stare_vehicule,0
SIM_025,aspect: pret. text: Am așteptat autobuzul 41 exact 50 de minute. Nu există nicio scuză pentru asta pe un traseu atât de frecventat.,pret,0
SIM_025,aspect: acoperire_rute. text: Am așteptat autobuzul 41 exact 50 de minute. Nu există nicio scuză pentru asta pe un traseu atât de frecventat.,acoperire_rute,0
SENT_SIM_020,aspect: informare_calatori. text: Aplicația a arătat corect unde se află autobuzul.,informare_calatori,1
SENT_SIM_020,aspect: relatii_clienti. text: Aplicația a arătat corect unde se află autobuzul.,relatii_clienti,0
SENT_SIM_020,aspect: stare_vehicule. text: Aplicația a arătat corect unde se află autobuzul.,stare_vehicule,0
SENT_SIM_020,aspect: pret. text: Aplicația a arătat corect unde se află autobuzul.,pret,0
128,"aspect: confort_termic. text: nu mă interesează cum ar putea fi îmbunătățită o pagină de facebook,  mă interesează să circul cu un autobuz decent, care să vină la timp, nu la un interval de timp aiurea, aș vrea să nu îmi între tocul prin podeaua autobuzului, să nu îngheț într o  stație minute în șir,  așteptând",confort_termic,1
128,"aspect: punctualitate. text: nu mă interesează cum ar putea fi îmbunătățită o pagină de facebook,  mă interesează să circul cu un autobuz decent, care să vină la timp, nu la un interval de timp aiurea, aș vrea să nu îmi între tocul prin podeaua autobuzului, să nu îngheț într o  stație minute în șir,  așteptând",punctualitate,1
128,"aspect: stare_vehicule. text: nu mă interesează cum ar putea fi îmbunătățită o pagină de facebook,  mă interesează să circul cu un autobuz decent, care să vină la timp, nu la un interval de timp aiurea, aș vrea să nu îmi între tocul prin podeaua autobuzului, să nu îngheț într o  stație minute în șir,  așteptând",stare_vehicule,1
128,"aspect: organizare. text: nu mă interesează cum ar putea fi îmbunătățită o pagină de facebook,  mă interesează să circul cu un autobuz decent, care să vină la timp, nu la un interval de timp aiurea, aș vrea să nu îmi între tocul prin podeaua autobuzului, să nu îngheț într o  stație minute în șir,  așteptând",organizare,0
128,"aspect: infrastructura_statii. text: nu mă interesează cum ar putea fi îmbunătățită o pagină de facebook,  mă interesează să circul cu un autobuz decent, care să vină la timp, nu la un interval de timp aiurea, aș vrea să nu îmi între tocul prin podeaua autobuzului, să nu îngheț într o  stație minute în șir,  așteptând",infrastructura_statii,0
128,"aspect: acoperire_rute. text: nu mă interesează cum ar putea fi îmbunătățită o pagină de facebook,  mă interesează să circul cu un autobuz decent, care să vină la timp, nu la un interval de timp aiurea, aș vrea să nu îmi între tocul prin podeaua autobuzului, să nu îngheț într o  stație minute în șir,  așteptând",acoperire_rute,0
128,"aspect: curatenie. text: nu mă interesează cum ar putea fi îmbunătățită o pagină de facebook,  mă interesează să circul cu un autobuz decent, care să vină la timp, nu la un interval de timp aiurea, aș vrea să nu îmi între tocul prin podeaua autobuzului, să nu îngheț într o  stație minute în șir,  așteptând",curatenie,0
128,"aspect: pret. text: nu mă interesează cum ar putea fi îmbunătățită o pagină de facebook,  mă interesează să circul cu un autobuz decent, care să vină la timp, nu la un interval de timp aiurea, aș vrea să nu îmi între tocul prin podeaua autobuzului, să nu îngheț într o  stație minute în șir,  așteptând",pret,0
128,"aspect: informare_calatori. text: nu mă interesează cum ar putea fi îmbunătățită o pagină de facebook,  mă interesează să circul cu un autobuz decent, care să vină la timp, nu la un interval de timp aiurea, aș vrea să nu îmi între tocul prin podeaua autobuzului, să nu îngheț într o  stație minute în șir,  așteptând",informare_calatori,0
128,"aspect: frecventa. text: nu mă interesează cum ar putea fi îmbunătățită o pagină de facebook,  mă interesează să circul cu un autobuz decent, care să vină la timp, nu la un interval de timp aiurea, aș vrea să nu îmi între tocul prin podeaua autobuzului, să nu îngheț într o  stație minute în șir,  așteptând",frecventa,0
128,"aspect: relatii_clienti. text: nu mă interesează cum ar putea fi îmbunătățită o pagină de facebook,  mă interesează să circul cu un autobuz decent, care să vină la timp, nu la un interval de timp aiurea, aș vrea să nu îmi între tocul prin podeaua autobuzului, să nu îngheț într o  stație minute în șir,  așteptând",relatii_clienti,0
128,"aspect: validare_bilete. text: nu mă interesează cum ar putea fi îmbunătățită o pagină de facebook,  mă interesează să circul cu un autobuz decent, care să vină la timp, nu la un interval de timp aiurea, aș vrea să nu îmi între tocul prin podeaua autobuzului, să nu îngheț într o  stație minute în șir,  așteptând",validare_bilete,0
38,"aspect: acoperire_rute. text: NU RECOMAND CTP DIN SIMPLUL FAPT CA SUNT NISTE MINCINOSI, AROGANTI SI NEPASATORI! 

AUTOBUZE SI TRAMVAIE NOI SUNT DOAR PE TRASEE SCURTE SI CENTRALE!

NU RESPECTA ORARUL!

NU SUNT DOTATE AUTOBUZELE DE PE CELE MAI LUNGI TRASEE CU AC, EVENTUAL BONUS CALATORIM CU CONSERVELE GALBENE CARE NICI MACAR NU AU GEAMURI CARE POT FI DESCHISE, IAR DACA AU SUNT PRINSE IN SURUBURI!

TONOMATE DE BILETE STRICATE SAU FARA HARTIE!

SA CONTINUI?",acoperire_rute,1
38,"aspect: confort_termic. text: NU RECOMAND CTP DIN SIMPLUL FAPT CA SUNT NISTE MINCINOSI, AROGANTI SI NEPASATORI! 

AUTOBUZE SI TRAMVAIE NOI SUNT DOAR PE TRASEE SCURTE SI CENTRALE!

NU RESPECTA ORARUL!

NU SUNT DOTATE AUTOBUZELE DE PE CELE MAI LUNGI TRASEE CU AC, EVENTUAL BONUS CALATORIM CU CONSERVELE GALBENE CARE NICI MACAR NU AU GEAMURI CARE POT FI DESCHISE, IAR DACA AU SUNT PRINSE IN SURUBURI!

TONOMATE DE BILETE STRICATE SAU FARA HARTIE!

SA CONTINUI?",confort_termic,1
38,"aspect: punctualitate. text: NU RECOMAND CTP DIN SIMPLUL FAPT CA SUNT NISTE MINCINOSI, AROGANTI SI NEPASATORI! 

AUTOBUZE SI TRAMVAIE NOI SUNT DOAR PE TRASEE SCURTE SI CENTRALE!

NU RESPECTA ORARUL!

NU SUNT DOTATE AUTOBUZELE DE PE CELE MAI LUNGI TRASEE CU AC, EVENTUAL BONUS CALATORIM CU CONSERVELE GALBENE CARE NICI MACAR NU AU GEAMURI CARE POT FI DESCHISE, IAR DACA AU SUNT PRINSE IN SURUBURI!

TONOMATE DE BILETE STRICATE SAU FARA HARTIE!

SA CONTINUI?",punctualitate,1
38,"aspect: validare_bilete. text: NU RECOMAND CTP DIN SIMPLUL FAPT CA SUNT NISTE MINCINOSI, AROGANTI SI NEPASATORI! 

AUTOBUZE SI TRAMVAIE NOI SUNT DOAR PE TRASEE SCURTE SI CENTRALE!

NU RESPECTA ORARUL!

NU SUNT DOTATE AUTOBUZELE DE PE CELE MAI LUNGI TRASEE CU AC, EVENTUAL BONUS CALATORIM CU CONSERVELE GALBENE CARE NICI MACAR NU AU GEAMURI CARE POT FI DESCHISE, IAR DACA AU SUNT PRINSE IN SURUBURI!

TONOMATE DE BILETE STRICATE SAU FARA HARTIE!

SA CONTINUI?",validare_bilete,1
38,"aspect: aglomeratie. text: NU RECOMAND CTP DIN SIMPLUL FAPT CA SUNT NISTE MINCINOSI, AROGANTI SI NEPASATORI! 

AUTOBUZE SI TRAMVAIE NOI SUNT DOAR PE TRASEE SCURTE SI CENTRALE!

NU RESPECTA ORARUL!

NU SUNT DOTATE AUTOBUZELE DE PE CELE MAI LUNGI TRASEE CU AC, EVENTUAL BONUS CALATORIM CU CONSERVELE GALBENE CARE NICI MACAR NU AU GEAMURI CARE POT FI DESCHISE, IAR DACA AU SUNT PRINSE IN SURUBURI!

TONOMATE DE BILETE STRICATE SAU FARA HARTIE!

SA CONTINUI?",aglomeratie,0
38,"aspect: frecventa. text: NU RECOMAND CTP DIN SIMPLUL FAPT CA SUNT NISTE MINCINOSI, AROGANTI SI NEPASATORI! 

AUTOBUZE SI TRAMVAIE NOI SUNT DOAR PE TRASEE SCURTE SI CENTRALE!

NU RESPECTA ORARUL!

NU SUNT DOTATE AUTOBUZELE DE PE CELE MAI LUNGI TRASEE CU AC, EVENTUAL BONUS CALATORIM CU CONSERVELE GALBENE CARE NICI MACAR NU AU GEAMURI CARE POT FI DESCHISE, IAR DACA AU SUNT PRINSE IN SURUBURI!

TONOMATE DE BILETE STRICATE SAU FARA HARTIE!

SA CONTINUI?",frecventa,0
38,"aspect: informare_calatori. text: NU RECOMAND CTP DIN SIMPLUL FAPT CA SUNT NISTE MINCINOSI, AROGANTI SI NEPASATORI! 

AUTOBUZE SI TRAMVAIE NOI SUNT DOAR PE TRASEE SCURTE SI CENTRALE!

NU RESPECTA ORARUL!

NU SUNT DOTATE AUTOBUZELE DE PE CELE MAI LUNGI TRASEE CU AC, EVENTUAL BONUS CALATORIM CU CONSERVELE GALBENE CARE NICI MACAR NU AU GEAMURI CARE POT FI DESCHISE, IAR DACA AU SUNT PRINSE IN SURUBURI!

TONOMATE DE BILETE STRICATE SAU FARA HARTIE!

SA CONTINUI?",informare_calatori,0
38,"aspect: relatii_clienti. text: NU RECOMAND CTP DIN SIMPLUL FAPT CA SUNT NISTE MINCINOSI, AROGANTI SI NEPASATORI! 

AUTOBUZE SI TRAMVAIE NOI SUNT DOAR PE TRASEE SCURTE SI CENTRALE!

NU RESPECTA ORARUL!

NU SUNT DOTATE AUTOBUZELE DE PE CELE MAI LUNGI TRASEE CU AC, EVENTUAL BONUS CALATORIM CU CONSERVELE GALBENE CARE NICI MACAR NU AU GEAMURI CARE POT FI DESCHISE, IAR DACA AU SUNT PRINSE IN SURUBURI!

TONOMATE DE BILETE STRICATE SAU FARA HARTIE!

SA CONTINUI?",relatii_clienti,0
38,"aspect: curatenie. text: NU RECOMAND CTP DIN SIMPLUL FAPT CA SUNT NISTE MINCINOSI, AROGANTI SI NEPASATORI! 

AUTOBUZE SI TRAMVAIE NOI SUNT DOAR PE TRASEE SCURTE SI CENTRALE!

NU RESPECTA ORARUL!

NU SUNT DOTATE AUTOBUZELE DE PE CELE MAI LUNGI TRASEE CU AC, EVENTUAL BONUS CALATORIM CU CONSERVELE GALBENE CARE NICI MACAR NU AU GEAMURI CARE POT FI DESCHISE, IAR DACA AU SUNT PRINSE IN SURUBURI!

TONOMATE DE BILETE STRICATE SAU FARA HARTIE!

SA CONTINUI?",curatenie,0
38,"aspect: pret. text: NU RECOMAND CTP DIN SIMPLUL FAPT CA SUNT NISTE MINCINOSI, AROGANTI SI NEPASATORI! 

AUTOBUZE SI TRAMVAIE NOI SUNT DOAR PE TRASEE SCURTE SI CENTRALE!

NU RESPECTA ORARUL!

NU SUNT DOTATE AUTOBUZELE DE PE CELE MAI LUNGI TRASEE CU AC, EVENTUAL BONUS CALATORIM CU CONSERVELE GALBENE CARE NICI MACAR NU AU GEAMURI CARE POT FI DESCHISE, IAR DACA AU SUNT PRINSE IN SURUBURI!

TONOMATE DE BILETE STRICATE SAU FARA HARTIE!

SA CONTINUI?",pret,0
38,"aspect: soferi_vatmani. text: NU RECOMAND CTP DIN SIMPLUL FAPT CA SUNT NISTE MINCINOSI, AROGANTI SI NEPASATORI! 

AUTOBUZE SI TRAMVAIE NOI SUNT DOAR PE TRASEE SCURTE SI CENTRALE!

NU RESPECTA ORARUL!

NU SUNT DOTATE AUTOBUZELE DE PE CELE MAI LUNGI TRASEE CU AC, EVENTUAL BONUS CALATORIM CU CONSERVELE GALBENE CARE NICI MACAR NU AU GEAMURI CARE POT FI DESCHISE, IAR DACA AU SUNT PRINSE IN SURUBURI!

TONOMATE DE BILETE STRICATE SAU FARA HARTIE!

SA CONTINUI?",soferi_vatmani,0
38,"aspect: infrastructura_statii. text: NU RECOMAND CTP DIN SIMPLUL FAPT CA SUNT NISTE MINCINOSI, AROGANTI SI NEPASATORI! 

AUTOBUZE SI TRAMVAIE NOI SUNT DOAR PE TRASEE SCURTE SI CENTRALE!

NU RESPECTA ORARUL!

NU SUNT DOTATE AUTOBUZELE DE PE CELE MAI LUNGI TRASEE CU AC, EVENTUAL BONUS CALATORIM CU CONSERVELE GALBENE CARE NICI MACAR NU AU GEAMURI CARE POT FI DESCHISE, IAR DACA AU SUNT PRINSE IN SURUBURI!

TONOMATE DE BILETE STRICATE SAU FARA HARTIE!

SA CONTINUI?",infrastructura_statii,0
38,"aspect: stare_vehicule. text: NU RECOMAND CTP DIN SIMPLUL FAPT CA SUNT NISTE MINCINOSI, AROGANTI SI NEPASATORI! 

AUTOBUZE SI TRAMVAIE NOI SUNT DOAR PE TRASEE SCURTE SI CENTRALE!

NU RESPECTA ORARUL!

NU SUNT DOTATE AUTOBUZELE DE PE CELE MAI LUNGI TRASEE CU AC, EVENTUAL BONUS CALATORIM CU CONSERVELE GALBENE CARE NICI MACAR NU AU GEAMURI CARE POT FI DESCHISE, IAR DACA AU SUNT PRINSE IN SURUBURI!

TONOMATE DE BILETE STRICATE SAU FARA HARTIE!

SA CONTINUI?",stare_vehicule,0
38,"aspect: siguranta. text: NU RECOMAND CTP DIN SIMPLUL FAPT CA SUNT NISTE MINCINOSI, AROGANTI SI NEPASATORI! 

AUTOBUZE SI TRAMVAIE NOI SUNT DOAR PE TRASEE SCURTE SI CENTRALE!

NU RESPECTA ORARUL!

NU SUNT DOTATE AUTOBUZELE DE PE CELE MAI LUNGI TRASEE CU AC, EVENTUAL BONUS CALATORIM CU CONSERVELE GALBENE CARE NICI MACAR NU AU GEAMURI CARE POT FI DESCHISE, IAR DACA AU SUNT PRINSE IN SURUBURI!

TONOMATE DE BILETE STRICATE SAU FARA HARTIE!

SA CONTINUI?",siguranta,0
38,"aspect: organizare. text: NU RECOMAND CTP DIN SIMPLUL FAPT CA SUNT NISTE MINCINOSI, AROGANTI SI NEPASATORI! 

AUTOBUZE SI TRAMVAIE NOI SUNT DOAR PE TRASEE SCURTE SI CENTRALE!

NU RESPECTA ORARUL!

NU SUNT DOTATE AUTOBUZELE DE PE CELE MAI LUNGI TRASEE CU AC, EVENTUAL BONUS CALATORIM CU CONSERVELE GALBENE CARE NICI MACAR NU AU GEAMURI CARE POT FI DESCHISE, IAR DACA AU SUNT PRINSE IN SURUBURI!

TONOMATE DE BILETE STRICATE SAU FARA HARTIE!

SA CONTINUI?",organizare,0
38,"aspect: controlori. text: NU RECOMAND CTP DIN SIMPLUL FAPT CA SUNT NISTE MINCINOSI, AROGANTI SI NEPASATORI! 

AUTOBUZE SI TRAMVAIE NOI SUNT DOAR PE TRASEE SCURTE SI CENTRALE!

NU RESPECTA ORARUL!

NU SUNT DOTATE AUTOBUZELE DE PE CELE MAI LUNGI TRASEE CU AC, EVENTUAL BONUS CALATORIM CU CONSERVELE GALBENE CARE NICI MACAR NU AU GEAMURI CARE POT FI DESCHISE, IAR DACA AU SUNT PRINSE IN SURUBURI!

TONOMATE DE BILETE STRICATE SAU FARA HARTIE!

SA CONTINUI?",controlori,0
116,"aspect: siguranta. text: Autobuzul pe linia 42 cu nr de înmatriculare   IS 11 XKI nu a oprit în stația de la sindicate, deși avea călători. A intrat în alveola pentru autobuze, moment în care oamenii din stație s-au îndreptat spre uși și apoi a plecat, manevră deloc sigură pentru acei călători.",siguranta,1
116,"aspect: soferi_vatmani. text: Autobuzul pe linia 42 cu nr de înmatriculare   IS 11 XKI nu a oprit în stația de la sindicate, deși avea călători. A intrat în alveola pentru autobuze, moment în care oamenii din stație s-au îndreptat spre uși și apoi a plecat, manevră deloc sigură pentru acei călători.",soferi_vatmani,1
116,"aspect: curatenie. text: Autobuzul pe linia 42 cu nr de înmatriculare   IS 11 XKI nu a oprit în stația de la sindicate, deși avea călători. A intrat în alveola pentru autobuze, moment în care oamenii din stație s-au îndreptat spre uși și apoi a plecat, manevră deloc sigură pentru acei călători.",curatenie,0
116,"aspect: organizare. text: Autobuzul pe linia 42 cu nr de înmatriculare   IS 11 XKI nu a oprit în stația de la sindicate, deși avea călători. A intrat în alveola pentru autobuze, moment în care oamenii din stație s-au îndreptat spre uși și apoi a plecat, manevră deloc sigură pentru acei călători.",organizare,0
116,"aspect: acoperire_rute. text: Autobuzul pe linia 42 cu nr de înmatriculare   IS 11 XKI nu a oprit în stația de la sindicate, deși avea călători. A intrat în alveola pentru autobuze, moment în care oamenii din stație s-au îndreptat spre uși și apoi a plecat, manevră deloc sigură pentru acei călători.",acoperire_rute,0
116,"aspect: stare_vehicule. text: Autobuzul pe linia 42 cu nr de înmatriculare   IS 11 XKI nu a oprit în stația de la sindicate, deși avea călători. A intrat în alveola pentru autobuze, moment în care oamenii din stație s-au îndreptat spre uși și apoi a plecat, manevră deloc sigură pentru acei călători.",stare_vehicule,0
116,"aspect: informare_calatori. text: Autobuzul pe linia 42 cu nr de înmatriculare   IS 11 XKI nu a oprit în stația de la sindicate, deși avea călători. A intrat în alveola pentru autobuze, moment în care oamenii din stație s-au îndreptat spre uși și apoi a plecat, manevră deloc sigură pentru acei călători.",informare_calatori,0
116,"aspect: aglomeratie. text: Autobuzul pe linia 42 cu nr de înmatriculare   IS 11 XKI nu a oprit în stația de la sindicate, deși avea călători. A intrat în alveola pentru autobuze, moment în care oamenii din stație s-au îndreptat spre uși și apoi a plecat, manevră deloc sigură pentru acei călători.",aglomeratie,0
220,"aspect: relatii_clienti. text: Serviciul de transpor s-a inbunatatit in ultima vreme cu autobuze electrice si tramvaie noi. Totusi cea mai mare problema pe care eu nu o pot tolera sunt soferii agresivi in trafic si verbal. Serviciul de reclamatii CTP ii apara. Serviciul de telverde este sub orice critica ,abuz verbal la fel ca soferii, iti inchid telefonul in nas daca le ceri explicatii si nu iti mai raspund dupa. Primaria ar trebuie sa faca reguli clare si transparente pentru soferii nedisciplinati.",relatii_clienti,1
220,"aspect: soferi_vatmani. text: Serviciul de transpor s-a inbunatatit in ultima vreme cu autobuze electrice si tramvaie noi. Totusi cea mai mare problema pe care eu nu o pot tolera sunt soferii agresivi in trafic si verbal. Serviciul de reclamatii CTP ii apara. Serviciul de telverde este sub orice critica ,abuz verbal la fel ca soferii, iti inchid telefonul in nas daca le ceri explicatii si nu iti mai raspund dupa. Primaria ar trebuie sa faca reguli clare si transparente pentru soferii nedisciplinati.",soferi_vatmani,1
220,"aspect: stare_vehicule. text: Serviciul de transpor s-a inbunatatit in ultima vreme cu autobuze electrice si tramvaie noi. Totusi cea mai mare problema pe care eu nu o pot tolera sunt soferii agresivi in trafic si verbal. Serviciul de reclamatii CTP ii apara. Serviciul de telverde este sub orice critica ,abuz verbal la fel ca soferii, iti inchid telefonul in nas daca le ceri explicatii si nu iti mai raspund dupa. Primaria ar trebuie sa faca reguli clare si transparente pentru soferii nedisciplinati.",stare_vehicule,1
220,"aspect: controlori. text: Serviciul de transpor s-a inbunatatit in ultima vreme cu autobuze electrice si tramvaie noi. Totusi cea mai mare problema pe care eu nu o pot tolera sunt soferii agresivi in trafic si verbal. Serviciul de reclamatii CTP ii apara. Serviciul de telverde este sub orice critica ,abuz verbal la fel ca soferii, iti inchid telefonul in nas daca le ceri explicatii si nu iti mai raspund dupa. Primaria ar trebuie sa faca reguli clare si transparente pentru soferii nedisciplinati.",controlori,0
220,"aspect: aglomeratie. text: Serviciul de transpor s-a inbunatatit in ultima vreme cu autobuze electrice si tramvaie noi. Totusi cea mai mare problema pe care eu nu o pot tolera sunt soferii agresivi in trafic si verbal. Serviciul de reclamatii CTP ii apara. Serviciul de telverde este sub orice critica ,abuz verbal la fel ca soferii, iti inchid telefonul in nas daca le ceri explicatii si nu iti mai raspund dupa. Primaria ar trebuie sa faca reguli clare si transparente pentru soferii nedisciplinati.",aglomeratie,0
220,"aspect: infrastructura_statii. text: Serviciul de transpor s-a inbunatatit in ultima vreme cu autobuze electrice si tramvaie noi. Totusi cea mai mare problema pe care eu nu o pot tolera sunt soferii agresivi in trafic si verbal. Serviciul de reclamatii CTP ii apara. Serviciul de telverde este sub orice critica ,abuz verbal la fel ca soferii, iti inchid telefonul in nas daca le ceri explicatii si nu iti mai raspund dupa. Primaria ar trebuie sa faca reguli clare si transparente pentru soferii nedisciplinati.",infrastructura_statii,0
220,"aspect: siguranta. text: Serviciul de transpor s-a inbunatatit in ultima vreme cu autobuze electrice si tramvaie noi. Totusi cea mai mare problema pe care eu nu o pot tolera sunt soferii agresivi in trafic si verbal. Serviciul de reclamatii CTP ii apara. Serviciul de telverde este sub orice critica ,abuz verbal la fel ca soferii, iti inchid telefonul in nas daca le ceri explicatii si nu iti mai raspund dupa. Primaria ar trebuie sa faca reguli clare si transparente pentru soferii nedisciplinati.",siguranta,0
220,"aspect: confort_termic. text: Serviciul de transpor s-a inbunatatit in ultima vreme cu autobuze electrice si tramvaie noi. Totusi cea mai mare problema pe care eu nu o pot tolera sunt soferii agresivi in trafic si verbal. Serviciul de reclamatii CTP ii apara. Serviciul de telverde este sub orice critica ,abuz verbal la fel ca soferii, iti inchid telefonul in nas daca le ceri explicatii si nu iti mai raspund dupa. Primaria ar trebuie sa faca reguli clare si transparente pentru soferii nedisciplinati.",confort_termic,0
220,"aspect: punctualitate. text: Serviciul de transpor s-a inbunatatit in ultima vreme cu autobuze electrice si tramvaie noi. Totusi cea mai mare problema pe care eu nu o pot tolera sunt soferii agresivi in trafic si verbal. Serviciul de reclamatii CTP ii apara. Serviciul de telverde este sub orice critica ,abuz verbal la fel ca soferii, iti inchid telefonul in nas daca le ceri explicatii si nu iti mai raspund dupa. Primaria ar trebuie sa faca reguli clare si transparente pentru soferii nedisciplinati.",punctualitate,0
220,"aspect: frecventa. text: Serviciul de transpor s-a inbunatatit in ultima vreme cu autobuze electrice si tramvaie noi. Totusi cea mai mare problema pe care eu nu o pot tolera sunt soferii agresivi in trafic si verbal. Serviciul de reclamatii CTP ii apara. Serviciul de telverde este sub orice critica ,abuz verbal la fel ca soferii, iti inchid telefonul in nas daca le ceri explicatii si nu iti mai raspund dupa. Primaria ar trebuie sa faca reguli clare si transparente pentru soferii nedisciplinati.",frecventa,0
220,"aspect: organizare. text: Serviciul de transpor s-a inbunatatit in ultima vreme cu autobuze electrice si tramvaie noi. Totusi cea mai mare problema pe care eu nu o pot tolera sunt soferii agresivi in trafic si verbal. Serviciul de reclamatii CTP ii apara. Serviciul de telverde este sub orice critica ,abuz verbal la fel ca soferii, iti inchid telefonul in nas daca le ceri explicatii si nu iti mai raspund dupa. Primaria ar trebuie sa faca reguli clare si transparente pentru soferii nedisciplinati.",organizare,0
220,"aspect: curatenie. text: Serviciul de transpor s-a inbunatatit in ultima vreme cu autobuze electrice si tramvaie noi. Totusi cea mai mare problema pe care eu nu o pot tolera sunt soferii agresivi in trafic si verbal. Serviciul de reclamatii CTP ii apara. Serviciul de telverde este sub orice critica ,abuz verbal la fel ca soferii, iti inchid telefonul in nas daca le ceri explicatii si nu iti mai raspund dupa. Primaria ar trebuie sa faca reguli clare si transparente pentru soferii nedisciplinati.",curatenie,0
SIM_096,aspect: infrastructura_statii. text: Refugiul este utilizabil dar ar mai avea nevoie de o bancă.,infrastructura_statii,1
SIM_096,aspect: siguranta. text: Refugiul este utilizabil dar ar mai avea nevoie de o bancă.,siguranta,0
SIM_096,aspect: curatenie. text: Refugiul este utilizabil dar ar mai avea nevoie de o bancă.,curatenie,0
SIM_096,aspect: informare_calatori. text: Refugiul este utilizabil dar ar mai avea nevoie de o bancă.,informare_calatori,0
14,"aspect: organizare. text: Nerespectarea orarului de circulație.  În data de 29.06.2025, autobuzul de pe traseul 902 cu plecare la ora 16.45 din Canta nu a circulat Eram 5 persoane care aveam  bilete de 9 lei cumpărate.",organizare,1
14,"aspect: punctualitate. text: Nerespectarea orarului de circulație.  În data de 29.06.2025, autobuzul de pe traseul 902 cu plecare la ora 16.45 din Canta nu a circulat Eram 5 persoane care aveam  bilete de 9 lei cumpărate.",punctualitate,1
14,"aspect: validare_bilete. text: Nerespectarea orarului de circulație.  În data de 29.06.2025, autobuzul de pe traseul 902 cu plecare la ora 16.45 din Canta nu a circulat Eram 5 persoane care aveam  bilete de 9 lei cumpărate.",validare_bilete,0
14,"aspect: infrastructura_statii. text: Nerespectarea orarului de circulație.  În data de 29.06.2025, autobuzul de pe traseul 902 cu plecare la ora 16.45 din Canta nu a circulat Eram 5 persoane care aveam  bilete de 9 lei cumpărate.",infrastructura_statii,0
14,"aspect: stare_vehicule. text: Nerespectarea orarului de circulație.  În data de 29.06.2025, autobuzul de pe traseul 902 cu plecare la ora 16.45 din Canta nu a circulat Eram 5 persoane care aveam  bilete de 9 lei cumpărate.",stare_vehicule,0
14,"aspect: controlori. text: Nerespectarea orarului de circulație.  În data de 29.06.2025, autobuzul de pe traseul 902 cu plecare la ora 16.45 din Canta nu a circulat Eram 5 persoane care aveam  bilete de 9 lei cumpărate.",controlori,0
14,"aspect: soferi_vatmani. text: Nerespectarea orarului de circulație.  În data de 29.06.2025, autobuzul de pe traseul 902 cu plecare la ora 16.45 din Canta nu a circulat Eram 5 persoane care aveam  bilete de 9 lei cumpărate.",soferi_vatmani,0
14,"aspect: pret. text: Nerespectarea orarului de circulație.  În data de 29.06.2025, autobuzul de pe traseul 902 cu plecare la ora 16.45 din Canta nu a circulat Eram 5 persoane care aveam  bilete de 9 lei cumpărate.",pret,0
171,"aspect: siguranta. text: 22 Mai, ora 9:40,autobuz 52
Era loc in autobuz pentru toată lumea însă șoferul ""Haideți mai repede că ne trece viața"" și voia să închidă bineînteles ușa înainte ca oamenii să urce (stație Minerva). În plus, în stația Zimbru soferul pornește autobuzul când lumea urca :) Daca vi se pare normal, nu pot spune decât felicitări CTP Iași !!!",siguranta,1
171,"aspect: soferi_vatmani. text: 22 Mai, ora 9:40,autobuz 52
Era loc in autobuz pentru toată lumea însă șoferul ""Haideți mai repede că ne trece viața"" și voia să închidă bineînteles ușa înainte ca oamenii să urce (stație Minerva). În plus, în stația Zimbru soferul pornește autobuzul când lumea urca :) Daca vi se pare normal, nu pot spune decât felicitări CTP Iași !!!",soferi_vatmani,1
171,"aspect: confort_termic. text: 22 Mai, ora 9:40,autobuz 52
Era loc in autobuz pentru toată lumea însă șoferul ""Haideți mai repede că ne trece viața"" și voia să închidă bineînteles ușa înainte ca oamenii să urce (stație Minerva). În plus, în stația Zimbru soferul pornește autobuzul când lumea urca :) Daca vi se pare normal, nu pot spune decât felicitări CTP Iași !!!",confort_termic,0
171,"aspect: informare_calatori. text: 22 Mai, ora 9:40,autobuz 52
Era loc in autobuz pentru toată lumea însă șoferul ""Haideți mai repede că ne trece viața"" și voia să închidă bineînteles ușa înainte ca oamenii să urce (stație Minerva). În plus, în stația Zimbru soferul pornește autobuzul când lumea urca :) Daca vi se pare normal, nu pot spune decât felicitări CTP Iași !!!",informare_calatori,0
171,"aspect: controlori. text: 22 Mai, ora 9:40,autobuz 52
Era loc in autobuz pentru toată lumea însă șoferul ""Haideți mai repede că ne trece viața"" și voia să închidă bineînteles ușa înainte ca oamenii să urce (stație Minerva). În plus, în stația Zimbru soferul pornește autobuzul când lumea urca :) Daca vi se pare normal, nu pot spune decât felicitări CTP Iași !!!",controlori,0
171,"aspect: pret. text: 22 Mai, ora 9:40,autobuz 52
Era loc in autobuz pentru toată lumea însă șoferul ""Haideți mai repede că ne trece viața"" și voia să închidă bineînteles ușa înainte ca oamenii să urce (stație Minerva). În plus, în stația Zimbru soferul pornește autobuzul când lumea urca :) Daca vi se pare normal, nu pot spune decât felicitări CTP Iași !!!",pret,0
171,"aspect: organizare. text: 22 Mai, ora 9:40,autobuz 52
Era loc in autobuz pentru toată lumea însă șoferul ""Haideți mai repede că ne trece viața"" și voia să închidă bineînteles ușa înainte ca oamenii să urce (stație Minerva). În plus, în stația Zimbru soferul pornește autobuzul când lumea urca :) Daca vi se pare normal, nu pot spune decât felicitări CTP Iași !!!",organizare,0
171,"aspect: validare_bilete. text: 22 Mai, ora 9:40,autobuz 52
Era loc in autobuz pentru toată lumea însă șoferul ""Haideți mai repede că ne trece viața"" și voia să închidă bineînteles ușa înainte ca oamenii să urce (stație Minerva). În plus, în stația Zimbru soferul pornește autobuzul când lumea urca :) Daca vi se pare normal, nu pot spune decât felicitări CTP Iași !!!",validare_bilete,0
SIM_058,"aspect: confort_termic. text: Iarna în tramvaiele mai noi e cald înăuntru ceea ce e bine. În cele vechi căldura e inegală, mai caldă spre față, mai rece spre spate. Nu e o problemă gravă dar se simte.",confort_termic,1
SIM_058,"aspect: stare_vehicule. text: Iarna în tramvaiele mai noi e cald înăuntru ceea ce e bine. În cele vechi căldura e inegală, mai caldă spre față, mai rece spre spate. Nu e o problemă gravă dar se simte.",stare_vehicule,0
SIM_058,"aspect: aglomeratie. text: Iarna în tramvaiele mai noi e cald înăuntru ceea ce e bine. În cele vechi căldura e inegală, mai caldă spre față, mai rece spre spate. Nu e o problemă gravă dar se simte.",aglomeratie,0
SIM_058,"aspect: frecventa. text: Iarna în tramvaiele mai noi e cald înăuntru ceea ce e bine. În cele vechi căldura e inegală, mai caldă spre față, mai rece spre spate. Nu e o problemă gravă dar se simte.",frecventa,0
273,"aspect: pret. text: Nu inteleg de ce scumpiti abonamentele de elevi si studenti pe zona 2. De la 55 de lei sa ajunga la 70...De toata jena.
Bine ca abonamentele pe zona 1 ai ramas 40 de lei. Nu mi se pare corect. Daca nu readuceti abonamentele pe zona 2 la pretul initial, va fac o panarama de nu va vedeti.",pret,1
273,"aspect: soferi_vatmani. text: Nu inteleg de ce scumpiti abonamentele de elevi si studenti pe zona 2. De la 55 de lei sa ajunga la 70...De toata jena.
Bine ca abonamentele pe zona 1 ai ramas 40 de lei. Nu mi se pare corect. Daca nu readuceti abonamentele pe zona 2 la pretul initial, va fac o panarama de nu va vedeti.",soferi_vatmani,0
273,"aspect: validare_bilete. text: Nu inteleg de ce scumpiti abonamentele de elevi si studenti pe zona 2. De la 55 de lei sa ajunga la 70...De toata jena.
Bine ca abonamentele pe zona 1 ai ramas 40 de lei. Nu mi se pare corect. Daca nu readuceti abonamentele pe zona 2 la pretul initial, va fac o panarama de nu va vedeti.",validare_bilete,0
273,"aspect: informare_calatori. text: Nu inteleg de ce scumpiti abonamentele de elevi si studenti pe zona 2. De la 55 de lei sa ajunga la 70...De toata jena.
Bine ca abonamentele pe zona 1 ai ramas 40 de lei. Nu mi se pare corect. Daca nu readuceti abonamentele pe zona 2 la pretul initial, va fac o panarama de nu va vedeti.",informare_calatori,0
SIM_005,"aspect: soferi_vatmani. text: Șoferul de pe linia 41 pe care l-am prins azi era ok - a oprit în toate stațiile, n-a grăbit mai mult decât trebuie. Nu e ceva de remarcat în mod special, pur și simplu și-a făcut treaba.",soferi_vatmani,1
SIM_005,"aspect: frecventa. text: Șoferul de pe linia 41 pe care l-am prins azi era ok - a oprit în toate stațiile, n-a grăbit mai mult decât trebuie. Nu e ceva de remarcat în mod special, pur și simplu și-a făcut treaba.",frecventa,0
SIM_005,"aspect: siguranta. text: Șoferul de pe linia 41 pe care l-am prins azi era ok - a oprit în toate stațiile, n-a grăbit mai mult decât trebuie. Nu e ceva de remarcat în mod special, pur și simplu și-a făcut treaba.",siguranta,0
SIM_005,"aspect: organizare. text: Șoferul de pe linia 41 pe care l-am prins azi era ok - a oprit în toate stațiile, n-a grăbit mai mult decât trebuie. Nu e ceva de remarcat în mod special, pur și simplu și-a făcut treaba.",organizare,0
52,"aspect: informare_calatori. text: Mijloacele de transport circula greu, panourile afișează date eronate. Stau de 25 de minute și aștept un autobuz care pe panou zice că vine in 4 min.",informare_calatori,1
52,"aspect: punctualitate. text: Mijloacele de transport circula greu, panourile afișează date eronate. Stau de 25 de minute și aștept un autobuz care pe panou zice că vine in 4 min.",punctualitate,1
52,"aspect: stare_vehicule. text: Mijloacele de transport circula greu, panourile afișează date eronate. Stau de 25 de minute și aștept un autobuz care pe panou zice că vine in 4 min.",stare_vehicule,1
52,"aspect: curatenie. text: Mijloacele de transport circula greu, panourile afișează date eronate. Stau de 25 de minute și aștept un autobuz care pe panou zice că vine in 4 min.",curatenie,0
52,"aspect: acoperire_rute. text: Mijloacele de transport circula greu, panourile afișează date eronate. Stau de 25 de minute și aștept un autobuz care pe panou zice că vine in 4 min.",acoperire_rute,0
52,"aspect: validare_bilete. text: Mijloacele de transport circula greu, panourile afișează date eronate. Stau de 25 de minute și aștept un autobuz care pe panou zice că vine in 4 min.",validare_bilete,0
52,"aspect: siguranta. text: Mijloacele de transport circula greu, panourile afișează date eronate. Stau de 25 de minute și aștept un autobuz care pe panou zice că vine in 4 min.",siguranta,0
52,"aspect: organizare. text: Mijloacele de transport circula greu, panourile afișează date eronate. Stau de 25 de minute și aștept un autobuz care pe panou zice că vine in 4 min.",organizare,0
52,"aspect: confort_termic. text: Mijloacele de transport circula greu, panourile afișează date eronate. Stau de 25 de minute și aștept un autobuz care pe panou zice că vine in 4 min.",confort_termic,0
52,"aspect: controlori. text: Mijloacele de transport circula greu, panourile afișează date eronate. Stau de 25 de minute și aștept un autobuz care pe panou zice că vine in 4 min.",controlori,0
52,"aspect: relatii_clienti. text: Mijloacele de transport circula greu, panourile afișează date eronate. Stau de 25 de minute și aștept un autobuz care pe panou zice că vine in 4 min.",relatii_clienti,0
52,"aspect: infrastructura_statii. text: Mijloacele de transport circula greu, panourile afișează date eronate. Stau de 25 de minute și aștept un autobuz care pe panou zice că vine in 4 min.",infrastructura_statii,0
255,"aspect: relatii_clienti. text: Doar țărani angajați ca vatmani,și la call center de asemenea...tanti a fost foarte ""de treaba""",relatii_clienti,1
255,"aspect: soferi_vatmani. text: Doar țărani angajați ca vatmani,și la call center de asemenea...tanti a fost foarte ""de treaba""",soferi_vatmani,1
255,"aspect: frecventa. text: Doar țărani angajați ca vatmani,și la call center de asemenea...tanti a fost foarte ""de treaba""",frecventa,0
255,"aspect: validare_bilete. text: Doar țărani angajați ca vatmani,și la call center de asemenea...tanti a fost foarte ""de treaba""",validare_bilete,0
255,"aspect: organizare. text: Doar țărani angajați ca vatmani,și la call center de asemenea...tanti a fost foarte ""de treaba""",organizare,0
255,"aspect: siguranta. text: Doar țărani angajați ca vatmani,și la call center de asemenea...tanti a fost foarte ""de treaba""",siguranta,0
255,"aspect: informare_calatori. text: Doar țărani angajați ca vatmani,și la call center de asemenea...tanti a fost foarte ""de treaba""",informare_calatori,0
255,"aspect: infrastructura_statii. text: Doar țărani angajați ca vatmani,și la call center de asemenea...tanti a fost foarte ""de treaba""",infrastructura_statii,0
SIM_091,aspect: infrastructura_statii. text: Stația este modernizată și are adăpost suficient pentru ploaie.,infrastructura_statii,1
SIM_091,aspect: validare_bilete. text: Stația este modernizată și are adăpost suficient pentru ploaie.,validare_bilete,0
SIM_091,aspect: frecventa. text: Stația este modernizată și are adăpost suficient pentru ploaie.,frecventa,0
SIM_091,aspect: controlori. text: Stația este modernizată și are adăpost suficient pentru ploaie.,controlori,0
SIM_077,aspect: aglomeratie. text: Tramvaiul a fost aerisit și călătorii au avut suficient spațiu.,aglomeratie,1
SIM_077,aspect: siguranta. text: Tramvaiul a fost aerisit și călătorii au avut suficient spațiu.,siguranta,0
SIM_077,aspect: curatenie. text: Tramvaiul a fost aerisit și călătorii au avut suficient spațiu.,curatenie,0
SIM_077,aspect: punctualitate. text: Tramvaiul a fost aerisit și călătorii au avut suficient spațiu.,punctualitate,0
SIM_052,"aspect: controlori. text: Controlorii pe care i-am întâlnit luna asta și-au făcut verificările normal, fără tensiuni. Nici prietenos nici agresiv, pur și simplu profesional în limita a ce înseamnă jobul lor.",controlori,1
SIM_052,"aspect: infrastructura_statii. text: Controlorii pe care i-am întâlnit luna asta și-au făcut verificările normal, fără tensiuni. Nici prietenos nici agresiv, pur și simplu profesional în limita a ce înseamnă jobul lor.",infrastructura_statii,0
SIM_052,"aspect: curatenie. text: Controlorii pe care i-am întâlnit luna asta și-au făcut verificările normal, fără tensiuni. Nici prietenos nici agresiv, pur și simplu profesional în limita a ce înseamnă jobul lor.",curatenie,0
SIM_052,"aspect: soferi_vatmani. text: Controlorii pe care i-am întâlnit luna asta și-au făcut verificările normal, fără tensiuni. Nici prietenos nici agresiv, pur și simplu profesional în limita a ce înseamnă jobul lor.",soferi_vatmani,0
178,aspect: punctualitate. text: Jalnic! Peogramul nu se respecta si e doar bataie de joc!,punctualitate,1
178,aspect: informare_calatori. text: Jalnic! Peogramul nu se respecta si e doar bataie de joc!,informare_calatori,0
178,aspect: acoperire_rute. text: Jalnic! Peogramul nu se respecta si e doar bataie de joc!,acoperire_rute,0
178,aspect: frecventa. text: Jalnic! Peogramul nu se respecta si e doar bataie de joc!,frecventa,0
233,"aspect: frecventa. text: Nu mi se pare normal ca in statia Columnei timpul de asteptare sa fie mai mult de 30 de minute, in special pentru un autobuz ca 36, care duce in centru. Nu venea nici tramvaiul 6.",frecventa,1
233,"aspect: siguranta. text: Nu mi se pare normal ca in statia Columnei timpul de asteptare sa fie mai mult de 30 de minute, in special pentru un autobuz ca 36, care duce in centru. Nu venea nici tramvaiul 6.",siguranta,0
233,"aspect: organizare. text: Nu mi se pare normal ca in statia Columnei timpul de asteptare sa fie mai mult de 30 de minute, in special pentru un autobuz ca 36, care duce in centru. Nu venea nici tramvaiul 6.",organizare,0
233,"aspect: validare_bilete. text: Nu mi se pare normal ca in statia Columnei timpul de asteptare sa fie mai mult de 30 de minute, in special pentru un autobuz ca 36, care duce in centru. Nu venea nici tramvaiul 6.",validare_bilete,0
SENT_SIM_012,aspect: controlori. text: Controlorii au verificat biletele în mod normal.,controlori,1
SENT_SIM_012,aspect: validare_bilete. text: Controlorii au verificat biletele în mod normal.,validare_bilete,0
SENT_SIM_012,aspect: soferi_vatmani. text: Controlorii au verificat biletele în mod normal.,soferi_vatmani,0
SENT_SIM_012,aspect: infrastructura_statii. text: Controlorii au verificat biletele în mod normal.,infrastructura_statii,0
158,"aspect: frecventa. text: Am stat azi dupa un 44 atat de mult in statie,incat la un moment dat ma gandeam ca poate au desfiintat linia si au uitat sa anunte...si nici ceilalti soferi din celelalte autobuze nu au fost in stare sa anunte.

Ar trebui sa faceti un sistem prin care sa urmariti pozitia autobuzelor si sa puneti o harta online sa o putem urmari live.Nu e ca si cum am fi in 2019 si  tehnologia nu ii disponibila...",frecventa,1
158,"aspect: informare_calatori. text: Am stat azi dupa un 44 atat de mult in statie,incat la un moment dat ma gandeam ca poate au desfiintat linia si au uitat sa anunte...si nici ceilalti soferi din celelalte autobuze nu au fost in stare sa anunte.

Ar trebui sa faceti un sistem prin care sa urmariti pozitia autobuzelor si sa puneti o harta online sa o putem urmari live.Nu e ca si cum am fi in 2019 si  tehnologia nu ii disponibila...",informare_calatori,1
158,"aspect: organizare. text: Am stat azi dupa un 44 atat de mult in statie,incat la un moment dat ma gandeam ca poate au desfiintat linia si au uitat sa anunte...si nici ceilalti soferi din celelalte autobuze nu au fost in stare sa anunte.

Ar trebui sa faceti un sistem prin care sa urmariti pozitia autobuzelor si sa puneti o harta online sa o putem urmari live.Nu e ca si cum am fi in 2019 si  tehnologia nu ii disponibila...",organizare,0
158,"aspect: siguranta. text: Am stat azi dupa un 44 atat de mult in statie,incat la un moment dat ma gandeam ca poate au desfiintat linia si au uitat sa anunte...si nici ceilalti soferi din celelalte autobuze nu au fost in stare sa anunte.

Ar trebui sa faceti un sistem prin care sa urmariti pozitia autobuzelor si sa puneti o harta online sa o putem urmari live.Nu e ca si cum am fi in 2019 si  tehnologia nu ii disponibila...",siguranta,0
158,"aspect: stare_vehicule. text: Am stat azi dupa un 44 atat de mult in statie,incat la un moment dat ma gandeam ca poate au desfiintat linia si au uitat sa anunte...si nici ceilalti soferi din celelalte autobuze nu au fost in stare sa anunte.

Ar trebui sa faceti un sistem prin care sa urmariti pozitia autobuzelor si sa puneti o harta online sa o putem urmari live.Nu e ca si cum am fi in 2019 si  tehnologia nu ii disponibila...",stare_vehicule,0
158,"aspect: confort_termic. text: Am stat azi dupa un 44 atat de mult in statie,incat la un moment dat ma gandeam ca poate au desfiintat linia si au uitat sa anunte...si nici ceilalti soferi din celelalte autobuze nu au fost in stare sa anunte.

Ar trebui sa faceti un sistem prin care sa urmariti pozitia autobuzelor si sa puneti o harta online sa o putem urmari live.Nu e ca si cum am fi in 2019 si  tehnologia nu ii disponibila...",confort_termic,0
158,"aspect: pret. text: Am stat azi dupa un 44 atat de mult in statie,incat la un moment dat ma gandeam ca poate au desfiintat linia si au uitat sa anunte...si nici ceilalti soferi din celelalte autobuze nu au fost in stare sa anunte.

Ar trebui sa faceti un sistem prin care sa urmariti pozitia autobuzelor si sa puneti o harta online sa o putem urmari live.Nu e ca si cum am fi in 2019 si  tehnologia nu ii disponibila...",pret,0
158,"aspect: acoperire_rute. text: Am stat azi dupa un 44 atat de mult in statie,incat la un moment dat ma gandeam ca poate au desfiintat linia si au uitat sa anunte...si nici ceilalti soferi din celelalte autobuze nu au fost in stare sa anunte.

Ar trebui sa faceti un sistem prin care sa urmariti pozitia autobuzelor si sa puneti o harta online sa o putem urmari live.Nu e ca si cum am fi in 2019 si  tehnologia nu ii disponibila...",acoperire_rute,0
SIM_034,aspect: controlori. text: POS-ul din tramvaiul 7 afișa eroare la orice card am încercat. Erau trei oameni după mine cu aceeași problemă. A venit controlorul și a amendat pe toată lumea fără să verifice aparatul.,controlori,1
SIM_034,aspect: validare_bilete. text: POS-ul din tramvaiul 7 afișa eroare la orice card am încercat. Erau trei oameni după mine cu aceeași problemă. A venit controlorul și a amendat pe toată lumea fără să verifice aparatul.,validare_bilete,1
SIM_034,aspect: confort_termic. text: POS-ul din tramvaiul 7 afișa eroare la orice card am încercat. Erau trei oameni după mine cu aceeași problemă. A venit controlorul și a amendat pe toată lumea fără să verifice aparatul.,confort_termic,0
SIM_034,aspect: pret. text: POS-ul din tramvaiul 7 afișa eroare la orice card am încercat. Erau trei oameni după mine cu aceeași problemă. A venit controlorul și a amendat pe toată lumea fără să verifice aparatul.,pret,0
SIM_034,aspect: punctualitate. text: POS-ul din tramvaiul 7 afișa eroare la orice card am încercat. Erau trei oameni după mine cu aceeași problemă. A venit controlorul și a amendat pe toată lumea fără să verifice aparatul.,punctualitate,0
SIM_034,aspect: informare_calatori. text: POS-ul din tramvaiul 7 afișa eroare la orice card am încercat. Erau trei oameni după mine cu aceeași problemă. A venit controlorul și a amendat pe toată lumea fără să verifice aparatul.,informare_calatori,0
SIM_034,aspect: aglomeratie. text: POS-ul din tramvaiul 7 afișa eroare la orice card am încercat. Erau trei oameni după mine cu aceeași problemă. A venit controlorul și a amendat pe toată lumea fără să verifice aparatul.,aglomeratie,0
SIM_034,aspect: organizare. text: POS-ul din tramvaiul 7 afișa eroare la orice card am încercat. Erau trei oameni după mine cu aceeași problemă. A venit controlorul și a amendat pe toată lumea fără să verifice aparatul.,organizare,0
274,"aspect: aglomeratie. text: V-ati gandit voi sa nu mai dati abonamente reduse studentilor care nu au resedinta in Iasi... ce sa mai zic,  dupa ce ca stateam in frig sa asteptam o groaza, dupa inghesuiti in jeg si aer inchis, s-au decis niste capete patrate ca trebuie sa platesti mai mult pe un abonament.",aglomeratie,1
274,"aspect: frecventa. text: V-ati gandit voi sa nu mai dati abonamente reduse studentilor care nu au resedinta in Iasi... ce sa mai zic,  dupa ce ca stateam in frig sa asteptam o groaza, dupa inghesuiti in jeg si aer inchis, s-au decis niste capete patrate ca trebuie sa platesti mai mult pe un abonament.",frecventa,1
274,"aspect: pret. text: V-ati gandit voi sa nu mai dati abonamente reduse studentilor care nu au resedinta in Iasi... ce sa mai zic,  dupa ce ca stateam in frig sa asteptam o groaza, dupa inghesuiti in jeg si aer inchis, s-au decis niste capete patrate ca trebuie sa platesti mai mult pe un abonament.",pret,1
274,"aspect: confort_termic. text: V-ati gandit voi sa nu mai dati abonamente reduse studentilor care nu au resedinta in Iasi... ce sa mai zic,  dupa ce ca stateam in frig sa asteptam o groaza, dupa inghesuiti in jeg si aer inchis, s-au decis niste capete patrate ca trebuie sa platesti mai mult pe un abonament.",confort_termic,0
274,"aspect: relatii_clienti. text: V-ati gandit voi sa nu mai dati abonamente reduse studentilor care nu au resedinta in Iasi... ce sa mai zic,  dupa ce ca stateam in frig sa asteptam o groaza, dupa inghesuiti in jeg si aer inchis, s-au decis niste capete patrate ca trebuie sa platesti mai mult pe un abonament.",relatii_clienti,0
274,"aspect: punctualitate. text: V-ati gandit voi sa nu mai dati abonamente reduse studentilor care nu au resedinta in Iasi... ce sa mai zic,  dupa ce ca stateam in frig sa asteptam o groaza, dupa inghesuiti in jeg si aer inchis, s-au decis niste capete patrate ca trebuie sa platesti mai mult pe un abonament.",punctualitate,0
274,"aspect: acoperire_rute. text: V-ati gandit voi sa nu mai dati abonamente reduse studentilor care nu au resedinta in Iasi... ce sa mai zic,  dupa ce ca stateam in frig sa asteptam o groaza, dupa inghesuiti in jeg si aer inchis, s-au decis niste capete patrate ca trebuie sa platesti mai mult pe un abonament.",acoperire_rute,0
274,"aspect: controlori. text: V-ati gandit voi sa nu mai dati abonamente reduse studentilor care nu au resedinta in Iasi... ce sa mai zic,  dupa ce ca stateam in frig sa asteptam o groaza, dupa inghesuiti in jeg si aer inchis, s-au decis niste capete patrate ca trebuie sa platesti mai mult pe un abonament.",controlori,0
274,"aspect: organizare. text: V-ati gandit voi sa nu mai dati abonamente reduse studentilor care nu au resedinta in Iasi... ce sa mai zic,  dupa ce ca stateam in frig sa asteptam o groaza, dupa inghesuiti in jeg si aer inchis, s-au decis niste capete patrate ca trebuie sa platesti mai mult pe un abonament.",organizare,0
274,"aspect: soferi_vatmani. text: V-ati gandit voi sa nu mai dati abonamente reduse studentilor care nu au resedinta in Iasi... ce sa mai zic,  dupa ce ca stateam in frig sa asteptam o groaza, dupa inghesuiti in jeg si aer inchis, s-au decis niste capete patrate ca trebuie sa platesti mai mult pe un abonament.",soferi_vatmani,0
274,"aspect: infrastructura_statii. text: V-ati gandit voi sa nu mai dati abonamente reduse studentilor care nu au resedinta in Iasi... ce sa mai zic,  dupa ce ca stateam in frig sa asteptam o groaza, dupa inghesuiti in jeg si aer inchis, s-au decis niste capete patrate ca trebuie sa platesti mai mult pe un abonament.",infrastructura_statii,0
274,"aspect: validare_bilete. text: V-ati gandit voi sa nu mai dati abonamente reduse studentilor care nu au resedinta in Iasi... ce sa mai zic,  dupa ce ca stateam in frig sa asteptam o groaza, dupa inghesuiti in jeg si aer inchis, s-au decis niste capete patrate ca trebuie sa platesti mai mult pe un abonament.",validare_bilete,0
139,"aspect: confort_termic. text: Recomand CTP deoarece sunt prompti si raspund fiecarui om care are nevoie de informatii, iar conditiile de transport sunt excelente!
10/10.",confort_termic,1
139,"aspect: relatii_clienti. text: Recomand CTP deoarece sunt prompti si raspund fiecarui om care are nevoie de informatii, iar conditiile de transport sunt excelente!
10/10.",relatii_clienti,1
139,"aspect: aglomeratie. text: Recomand CTP deoarece sunt prompti si raspund fiecarui om care are nevoie de informatii, iar conditiile de transport sunt excelente!
10/10.",aglomeratie,0
139,"aspect: organizare. text: Recomand CTP deoarece sunt prompti si raspund fiecarui om care are nevoie de informatii, iar conditiile de transport sunt excelente!
10/10.",organizare,0
139,"aspect: frecventa. text: Recomand CTP deoarece sunt prompti si raspund fiecarui om care are nevoie de informatii, iar conditiile de transport sunt excelente!
10/10.",frecventa,0
139,"aspect: informare_calatori. text: Recomand CTP deoarece sunt prompti si raspund fiecarui om care are nevoie de informatii, iar conditiile de transport sunt excelente!
10/10.",informare_calatori,0
139,"aspect: punctualitate. text: Recomand CTP deoarece sunt prompti si raspund fiecarui om care are nevoie de informatii, iar conditiile de transport sunt excelente!
10/10.",punctualitate,0
139,"aspect: infrastructura_statii. text: Recomand CTP deoarece sunt prompti si raspund fiecarui om care are nevoie de informatii, iar conditiile de transport sunt excelente!
10/10.",infrastructura_statii,0
79,"aspect: organizare. text: Proastă organizare a unităților de transport, zeci de minute de așteptat în stație, nu doar elevii au prioritate dimineața, ci și salariații!!!! Nemulțumirea este foarte mare! Să vă fie rușine!",organizare,1
79,"aspect: relatii_clienti. text: Proastă organizare a unităților de transport, zeci de minute de așteptat în stație, nu doar elevii au prioritate dimineața, ci și salariații!!!! Nemulțumirea este foarte mare! Să vă fie rușine!",relatii_clienti,0
79,"aspect: aglomeratie. text: Proastă organizare a unităților de transport, zeci de minute de așteptat în stație, nu doar elevii au prioritate dimineața, ci și salariații!!!! Nemulțumirea este foarte mare! Să vă fie rușine!",aglomeratie,0
79,"aspect: frecventa. text: Proastă organizare a unităților de transport, zeci de minute de așteptat în stație, nu doar elevii au prioritate dimineața, ci și salariații!!!! Nemulțumirea este foarte mare! Să vă fie rușine!",frecventa,0
SIM_123,aspect: informare_calatori. text: Anunțurile vocale din tramvai au fost utile pentru orientare.,informare_calatori,1
SIM_123,aspect: stare_vehicule. text: Anunțurile vocale din tramvai au fost utile pentru orientare.,stare_vehicule,0
SIM_123,aspect: relatii_clienti. text: Anunțurile vocale din tramvai au fost utile pentru orientare.,relatii_clienti,0
SIM_123,aspect: pret. text: Anunțurile vocale din tramvai au fost utile pentru orientare.,pret,0
130,"aspect: controlori. text: Bata-va dumnezeu toti controlorii , niste hahalere 🖕🖕",controlori,1
130,"aspect: infrastructura_statii. text: Bata-va dumnezeu toti controlorii , niste hahalere 🖕🖕",infrastructura_statii,0
130,"aspect: informare_calatori. text: Bata-va dumnezeu toti controlorii , niste hahalere 🖕🖕",informare_calatori,0
130,"aspect: relatii_clienti. text: Bata-va dumnezeu toti controlorii , niste hahalere 🖕🖕",relatii_clienti,0
SIM_122,aspect: informare_calatori. text: Informațiile din stație au fost clare și ușor de urmărit.,informare_calatori,1
SIM_122,aspect: siguranta. text: Informațiile din stație au fost clare și ușor de urmărit.,siguranta,0
SIM_122,aspect: soferi_vatmani. text: Informațiile din stație au fost clare și ușor de urmărit.,soferi_vatmani,0
SIM_122,aspect: organizare. text: Informațiile din stație au fost clare și ușor de urmărit.,organizare,0
228,"aspect: relatii_clienti. text: Bună ziua! Domnie director, V-am rugat să-mi ziceți, dacă ați primit hotărârea judecătorească ptr angajatul Neculau Mihai Valeriu, ptr că este imposibil, nu vă jucați cu legea! Cei de la birourile d-voastră de juridică tb să știe!",relatii_clienti,1
228,"aspect: stare_vehicule. text: Bună ziua! Domnie director, V-am rugat să-mi ziceți, dacă ați primit hotărârea judecătorească ptr angajatul Neculau Mihai Valeriu, ptr că este imposibil, nu vă jucați cu legea! Cei de la birourile d-voastră de juridică tb să știe!",stare_vehicule,0
228,"aspect: organizare. text: Bună ziua! Domnie director, V-am rugat să-mi ziceți, dacă ați primit hotărârea judecătorească ptr angajatul Neculau Mihai Valeriu, ptr că este imposibil, nu vă jucați cu legea! Cei de la birourile d-voastră de juridică tb să știe!",organizare,0
228,"aspect: acoperire_rute. text: Bună ziua! Domnie director, V-am rugat să-mi ziceți, dacă ați primit hotărârea judecătorească ptr angajatul Neculau Mihai Valeriu, ptr că este imposibil, nu vă jucați cu legea! Cei de la birourile d-voastră de juridică tb să știe!",acoperire_rute,0
290,aspect: validare_bilete. text: Iarăși POS-urile nu dau bon. Achiti de mai multe ori aceiași călătorie. Teapa. Autobunul 58 de pe ruta 46 Iasi,validare_bilete,1
290,aspect: pret. text: Iarăși POS-urile nu dau bon. Achiti de mai multe ori aceiași călătorie. Teapa. Autobunul 58 de pe ruta 46 Iasi,pret,0
290,aspect: aglomeratie. text: Iarăși POS-urile nu dau bon. Achiti de mai multe ori aceiași călătorie. Teapa. Autobunul 58 de pe ruta 46 Iasi,aglomeratie,0
290,aspect: controlori. text: Iarăși POS-urile nu dau bon. Achiti de mai multe ori aceiași călătorie. Teapa. Autobunul 58 de pe ruta 46 Iasi,controlori,0
160,aspect: curatenie. text: 7 lei biletul ca sa stau in piciare in mirosul mosnegilor??cele mai proaste servicii,curatenie,1
160,aspect: pret. text: 7 lei biletul ca sa stau in piciare in mirosul mosnegilor??cele mai proaste servicii,pret,1
160,aspect: siguranta. text: 7 lei biletul ca sa stau in piciare in mirosul mosnegilor??cele mai proaste servicii,siguranta,0
160,aspect: validare_bilete. text: 7 lei biletul ca sa stau in piciare in mirosul mosnegilor??cele mai proaste servicii,validare_bilete,0
160,aspect: frecventa. text: 7 lei biletul ca sa stau in piciare in mirosul mosnegilor??cele mai proaste servicii,frecventa,0
160,aspect: controlori. text: 7 lei biletul ca sa stau in piciare in mirosul mosnegilor??cele mai proaste servicii,controlori,0
160,aspect: aglomeratie. text: 7 lei biletul ca sa stau in piciare in mirosul mosnegilor??cele mai proaste servicii,aglomeratie,0
160,aspect: infrastructura_statii. text: 7 lei biletul ca sa stau in piciare in mirosul mosnegilor??cele mai proaste servicii,infrastructura_statii,0
86,"aspect: siguranta. text: Chiar acum tramvaiul nr 1, cand a oprit la stație,  imediat a pornit, nici n-am reusit sa apas butonul, cred ca se grăbea șoferul.  

putine accidente avem? cum naibii sa pornești?  Si daca paseam cu un picior?  închidea usile si ma purta pe asfalt pana la următoarea stație? se ce șoferul bine asigura?  un adolescent în comă este puțin ?",siguranta,1
86,"aspect: soferi_vatmani. text: Chiar acum tramvaiul nr 1, cand a oprit la stație,  imediat a pornit, nici n-am reusit sa apas butonul, cred ca se grăbea șoferul.  

putine accidente avem? cum naibii sa pornești?  Si daca paseam cu un picior?  închidea usile si ma purta pe asfalt pana la următoarea stație? se ce șoferul bine asigura?  un adolescent în comă este puțin ?",soferi_vatmani,1
86,"aspect: aglomeratie. text: Chiar acum tramvaiul nr 1, cand a oprit la stație,  imediat a pornit, nici n-am reusit sa apas butonul, cred ca se grăbea șoferul.  

putine accidente avem? cum naibii sa pornești?  Si daca paseam cu un picior?  închidea usile si ma purta pe asfalt pana la următoarea stație? se ce șoferul bine asigura?  un adolescent în comă este puțin ?",aglomeratie,0
86,"aspect: stare_vehicule. text: Chiar acum tramvaiul nr 1, cand a oprit la stație,  imediat a pornit, nici n-am reusit sa apas butonul, cred ca se grăbea șoferul.  

putine accidente avem? cum naibii sa pornești?  Si daca paseam cu un picior?  închidea usile si ma purta pe asfalt pana la următoarea stație? se ce șoferul bine asigura?  un adolescent în comă este puțin ?",stare_vehicule,0
86,"aspect: punctualitate. text: Chiar acum tramvaiul nr 1, cand a oprit la stație,  imediat a pornit, nici n-am reusit sa apas butonul, cred ca se grăbea șoferul.  

putine accidente avem? cum naibii sa pornești?  Si daca paseam cu un picior?  închidea usile si ma purta pe asfalt pana la următoarea stație? se ce șoferul bine asigura?  un adolescent în comă este puțin ?",punctualitate,0
86,"aspect: validare_bilete. text: Chiar acum tramvaiul nr 1, cand a oprit la stație,  imediat a pornit, nici n-am reusit sa apas butonul, cred ca se grăbea șoferul.  

putine accidente avem? cum naibii sa pornești?  Si daca paseam cu un picior?  închidea usile si ma purta pe asfalt pana la următoarea stație? se ce șoferul bine asigura?  un adolescent în comă este puțin ?",validare_bilete,0
86,"aspect: infrastructura_statii. text: Chiar acum tramvaiul nr 1, cand a oprit la stație,  imediat a pornit, nici n-am reusit sa apas butonul, cred ca se grăbea șoferul.  

putine accidente avem? cum naibii sa pornești?  Si daca paseam cu un picior?  închidea usile si ma purta pe asfalt pana la următoarea stație? se ce șoferul bine asigura?  un adolescent în comă este puțin ?",infrastructura_statii,0
86,"aspect: confort_termic. text: Chiar acum tramvaiul nr 1, cand a oprit la stație,  imediat a pornit, nici n-am reusit sa apas butonul, cred ca se grăbea șoferul.  

putine accidente avem? cum naibii sa pornești?  Si daca paseam cu un picior?  închidea usile si ma purta pe asfalt pana la următoarea stație? se ce șoferul bine asigura?  un adolescent în comă este puțin ?",confort_termic,0
SIM_093,aspect: infrastructura_statii. text: Stația are bancă panou informativ și spațiu suficient pentru călători.,infrastructura_statii,1
SIM_093,aspect: siguranta. text: Stația are bancă panou informativ și spațiu suficient pentru călători.,siguranta,0
SIM_093,aspect: curatenie. text: Stația are bancă panou informativ și spațiu suficient pentru călători.,curatenie,0
SIM_093,aspect: acoperire_rute. text: Stația are bancă panou informativ și spațiu suficient pentru călători.,acoperire_rute,0
SENT_SIM_003,aspect: validare_bilete. text: Compostorul a validat biletul corect.,validare_bilete,1
SENT_SIM_003,aspect: acoperire_rute. text: Compostorul a validat biletul corect.,acoperire_rute,0
SENT_SIM_003,aspect: frecventa. text: Compostorul a validat biletul corect.,frecventa,0
SENT_SIM_003,aspect: siguranta. text: Compostorul a validat biletul corect.,siguranta,0
SIM_038,aspect: pret. text: Prețul biletului e cam mare față de acum doi ani dar dacă iei abonament lunar iese totuși mai ieftin decât benzina. Nu sunt fericit cu scumpirile dar înțeleg că și costurile au crescut.,pret,1
SIM_038,aspect: acoperire_rute. text: Prețul biletului e cam mare față de acum doi ani dar dacă iei abonament lunar iese totuși mai ieftin decât benzina. Nu sunt fericit cu scumpirile dar înțeleg că și costurile au crescut.,acoperire_rute,0
SIM_038,aspect: curatenie. text: Prețul biletului e cam mare față de acum doi ani dar dacă iei abonament lunar iese totuși mai ieftin decât benzina. Nu sunt fericit cu scumpirile dar înțeleg că și costurile au crescut.,curatenie,0
SIM_038,aspect: frecventa. text: Prețul biletului e cam mare față de acum doi ani dar dacă iei abonament lunar iese totuși mai ieftin decât benzina. Nu sunt fericit cu scumpirile dar înțeleg că și costurile au crescut.,frecventa,0
72,"aspect: controlori. text: Mai mult de un an circul cu transportul public în Iași și îmi părea ok. Dar azi (24/11, ora 9:30) am avut un incident neplăcut pe linia 23 cu controlorul 11494, care m-a amendat de îndată ce autobuzul (Nr. 1918) a pornit din loc, și mi-a blocat accesul la POS. Consider acest fapt o depășire a atribuțiilor și lipsă de omenie. Se creează senzația că persoanele au de îndeplinit o ”normă” de amenzi cu orice preț. De râsul câinilor...

Update.
Odată cu această postare am scris și un mesaj cu același conținut pe pagina web a CTP Iași.
Abia o lună mai târziu am fost contactat doar ca să mi se spună că e cuvântul meu împotriva controlorului. La întrebarea mea dacă a verificat înregistrările video, mi s-a spus că nu. Pentru a afla care e scopul apelului, am întrebat: ""mă sunați doar să-mi spuneți că ați procesat plângerea și dacă doresc ceva mai mult, trebuie să mă adresez în instanță"" și a zis da.
Lipsă totală de autosesizare. Atât timp cât CTP Iași e orientată pe controlori ce au de realizat planuri, nu prea au să fie schimbări.
PS: în schimb, cel ce a apelat a spus că a vorbit cu controlorul care i-a explicat situația și i-a dat dreptate. 🙃",controlori,1
72,"aspect: relatii_clienti. text: Mai mult de un an circul cu transportul public în Iași și îmi părea ok. Dar azi (24/11, ora 9:30) am avut un incident neplăcut pe linia 23 cu controlorul 11494, care m-a amendat de îndată ce autobuzul (Nr. 1918) a pornit din loc, și mi-a blocat accesul la POS. Consider acest fapt o depășire a atribuțiilor și lipsă de omenie. Se creează senzația că persoanele au de îndeplinit o ”normă” de amenzi cu orice preț. De râsul câinilor...

Update.
Odată cu această postare am scris și un mesaj cu același conținut pe pagina web a CTP Iași.
Abia o lună mai târziu am fost contactat doar ca să mi se spună că e cuvântul meu împotriva controlorului. La întrebarea mea dacă a verificat înregistrările video, mi s-a spus că nu. Pentru a afla care e scopul apelului, am întrebat: ""mă sunați doar să-mi spuneți că ați procesat plângerea și dacă doresc ceva mai mult, trebuie să mă adresez în instanță"" și a zis da.
Lipsă totală de autosesizare. Atât timp cât CTP Iași e orientată pe controlori ce au de realizat planuri, nu prea au să fie schimbări.
PS: în schimb, cel ce a apelat a spus că a vorbit cu controlorul care i-a explicat situația și i-a dat dreptate. 🙃",relatii_clienti,1
72,"aspect: informare_calatori. text: Mai mult de un an circul cu transportul public în Iași și îmi părea ok. Dar azi (24/11, ora 9:30) am avut un incident neplăcut pe linia 23 cu controlorul 11494, care m-a amendat de îndată ce autobuzul (Nr. 1918) a pornit din loc, și mi-a blocat accesul la POS. Consider acest fapt o depășire a atribuțiilor și lipsă de omenie. Se creează senzația că persoanele au de îndeplinit o ”normă” de amenzi cu orice preț. De râsul câinilor...

Update.
Odată cu această postare am scris și un mesaj cu același conținut pe pagina web a CTP Iași.
Abia o lună mai târziu am fost contactat doar ca să mi se spună că e cuvântul meu împotriva controlorului. La întrebarea mea dacă a verificat înregistrările video, mi s-a spus că nu. Pentru a afla care e scopul apelului, am întrebat: ""mă sunați doar să-mi spuneți că ați procesat plângerea și dacă doresc ceva mai mult, trebuie să mă adresez în instanță"" și a zis da.
Lipsă totală de autosesizare. Atât timp cât CTP Iași e orientată pe controlori ce au de realizat planuri, nu prea au să fie schimbări.
PS: în schimb, cel ce a apelat a spus că a vorbit cu controlorul care i-a explicat situația și i-a dat dreptate. 🙃",informare_calatori,0
72,"aspect: infrastructura_statii. text: Mai mult de un an circul cu transportul public în Iași și îmi părea ok. Dar azi (24/11, ora 9:30) am avut un incident neplăcut pe linia 23 cu controlorul 11494, care m-a amendat de îndată ce autobuzul (Nr. 1918) a pornit din loc, și mi-a blocat accesul la POS. Consider acest fapt o depășire a atribuțiilor și lipsă de omenie. Se creează senzația că persoanele au de îndeplinit o ”normă” de amenzi cu orice preț. De râsul câinilor...

Update.
Odată cu această postare am scris și un mesaj cu același conținut pe pagina web a CTP Iași.
Abia o lună mai târziu am fost contactat doar ca să mi se spună că e cuvântul meu împotriva controlorului. La întrebarea mea dacă a verificat înregistrările video, mi s-a spus că nu. Pentru a afla care e scopul apelului, am întrebat: ""mă sunați doar să-mi spuneți că ați procesat plângerea și dacă doresc ceva mai mult, trebuie să mă adresez în instanță"" și a zis da.
Lipsă totală de autosesizare. Atât timp cât CTP Iași e orientată pe controlori ce au de realizat planuri, nu prea au să fie schimbări.
PS: în schimb, cel ce a apelat a spus că a vorbit cu controlorul care i-a explicat situația și i-a dat dreptate. 🙃",infrastructura_statii,0
72,"aspect: confort_termic. text: Mai mult de un an circul cu transportul public în Iași și îmi părea ok. Dar azi (24/11, ora 9:30) am avut un incident neplăcut pe linia 23 cu controlorul 11494, care m-a amendat de îndată ce autobuzul (Nr. 1918) a pornit din loc, și mi-a blocat accesul la POS. Consider acest fapt o depășire a atribuțiilor și lipsă de omenie. Se creează senzația că persoanele au de îndeplinit o ”normă” de amenzi cu orice preț. De râsul câinilor...

Update.
Odată cu această postare am scris și un mesaj cu același conținut pe pagina web a CTP Iași.
Abia o lună mai târziu am fost contactat doar ca să mi se spună că e cuvântul meu împotriva controlorului. La întrebarea mea dacă a verificat înregistrările video, mi s-a spus că nu. Pentru a afla care e scopul apelului, am întrebat: ""mă sunați doar să-mi spuneți că ați procesat plângerea și dacă doresc ceva mai mult, trebuie să mă adresez în instanță"" și a zis da.
Lipsă totală de autosesizare. Atât timp cât CTP Iași e orientată pe controlori ce au de realizat planuri, nu prea au să fie schimbări.
PS: în schimb, cel ce a apelat a spus că a vorbit cu controlorul care i-a explicat situația și i-a dat dreptate. 🙃",confort_termic,0
72,"aspect: curatenie. text: Mai mult de un an circul cu transportul public în Iași și îmi părea ok. Dar azi (24/11, ora 9:30) am avut un incident neplăcut pe linia 23 cu controlorul 11494, care m-a amendat de îndată ce autobuzul (Nr. 1918) a pornit din loc, și mi-a blocat accesul la POS. Consider acest fapt o depășire a atribuțiilor și lipsă de omenie. Se creează senzația că persoanele au de îndeplinit o ”normă” de amenzi cu orice preț. De râsul câinilor...

Update.
Odată cu această postare am scris și un mesaj cu același conținut pe pagina web a CTP Iași.
Abia o lună mai târziu am fost contactat doar ca să mi se spună că e cuvântul meu împotriva controlorului. La întrebarea mea dacă a verificat înregistrările video, mi s-a spus că nu. Pentru a afla care e scopul apelului, am întrebat: ""mă sunați doar să-mi spuneți că ați procesat plângerea și dacă doresc ceva mai mult, trebuie să mă adresez în instanță"" și a zis da.
Lipsă totală de autosesizare. Atât timp cât CTP Iași e orientată pe controlori ce au de realizat planuri, nu prea au să fie schimbări.
PS: în schimb, cel ce a apelat a spus că a vorbit cu controlorul care i-a explicat situația și i-a dat dreptate. 🙃",curatenie,0
72,"aspect: pret. text: Mai mult de un an circul cu transportul public în Iași și îmi părea ok. Dar azi (24/11, ora 9:30) am avut un incident neplăcut pe linia 23 cu controlorul 11494, care m-a amendat de îndată ce autobuzul (Nr. 1918) a pornit din loc, și mi-a blocat accesul la POS. Consider acest fapt o depășire a atribuțiilor și lipsă de omenie. Se creează senzația că persoanele au de îndeplinit o ”normă” de amenzi cu orice preț. De râsul câinilor...

Update.
Odată cu această postare am scris și un mesaj cu același conținut pe pagina web a CTP Iași.
Abia o lună mai târziu am fost contactat doar ca să mi se spună că e cuvântul meu împotriva controlorului. La întrebarea mea dacă a verificat înregistrările video, mi s-a spus că nu. Pentru a afla care e scopul apelului, am întrebat: ""mă sunați doar să-mi spuneți că ați procesat plângerea și dacă doresc ceva mai mult, trebuie să mă adresez în instanță"" și a zis da.
Lipsă totală de autosesizare. Atât timp cât CTP Iași e orientată pe controlori ce au de realizat planuri, nu prea au să fie schimbări.
PS: în schimb, cel ce a apelat a spus că a vorbit cu controlorul care i-a explicat situația și i-a dat dreptate. 🙃",pret,0
72,"aspect: stare_vehicule. text: Mai mult de un an circul cu transportul public în Iași și îmi părea ok. Dar azi (24/11, ora 9:30) am avut un incident neplăcut pe linia 23 cu controlorul 11494, care m-a amendat de îndată ce autobuzul (Nr. 1918) a pornit din loc, și mi-a blocat accesul la POS. Consider acest fapt o depășire a atribuțiilor și lipsă de omenie. Se creează senzația că persoanele au de îndeplinit o ”normă” de amenzi cu orice preț. De râsul câinilor...

Update.
Odată cu această postare am scris și un mesaj cu același conținut pe pagina web a CTP Iași.
Abia o lună mai târziu am fost contactat doar ca să mi se spună că e cuvântul meu împotriva controlorului. La întrebarea mea dacă a verificat înregistrările video, mi s-a spus că nu. Pentru a afla care e scopul apelului, am întrebat: ""mă sunați doar să-mi spuneți că ați procesat plângerea și dacă doresc ceva mai mult, trebuie să mă adresez în instanță"" și a zis da.
Lipsă totală de autosesizare. Atât timp cât CTP Iași e orientată pe controlori ce au de realizat planuri, nu prea au să fie schimbări.
PS: în schimb, cel ce a apelat a spus că a vorbit cu controlorul care i-a explicat situația și i-a dat dreptate. 🙃",stare_vehicule,0
39,"aspect: controlori. text: După ce că nu am fost lăsată să îmi achiziționez bilet și mi s-a scris amenda în nici 2 minute de la urcarea în tramvai, după 2 zile printr-un apel telefonic mi se comunică faptul că, defapt camerele din tramvai nici nu funcționau măcar și că ""am încercat să scanez codul QR în momentul în care am văzut că vine controlorul"", când în realitate defapt, mă chinuiam să îmi deschid aplicația și după ce am constatat că aceasta nici măcar nu se deschide (atenție, că nu se deschide, nu că nu mergea să scanez),am decis să-mi achiziționez biletul cu cardul. 
Ce să zic, foarte frumos a procedat domnul, mie mi-a spus un lucru și celor de la conducere altul, și bineînțeles că, camerele fiind nefuncționale, doar n-o să creadă un călător. 
Foarte frumos din partea dvs, ați dat dovadă de foarte mult profesionalism în acest caz. 
Personal, în momentul în care fac ceva și sunt acuzată, îmi asum acel lucru, dar în momentul în care sunt acuzată pe nedrept, nu-mi pot asuma ceea ce n-am făcut. Nu e vorba de suma de bani plătită,  ci de cum stau lucrurile și cum se procedează, de faptul ca acuzați oamenii pe nedrept. Este inadmisibil acest lucru!",controlori,1
39,"aspect: relatii_clienti. text: După ce că nu am fost lăsată să îmi achiziționez bilet și mi s-a scris amenda în nici 2 minute de la urcarea în tramvai, după 2 zile printr-un apel telefonic mi se comunică faptul că, defapt camerele din tramvai nici nu funcționau măcar și că ""am încercat să scanez codul QR în momentul în care am văzut că vine controlorul"", când în realitate defapt, mă chinuiam să îmi deschid aplicația și după ce am constatat că aceasta nici măcar nu se deschide (atenție, că nu se deschide, nu că nu mergea să scanez),am decis să-mi achiziționez biletul cu cardul. 
Ce să zic, foarte frumos a procedat domnul, mie mi-a spus un lucru și celor de la conducere altul, și bineînțeles că, camerele fiind nefuncționale, doar n-o să creadă un călător. 
Foarte frumos din partea dvs, ați dat dovadă de foarte mult profesionalism în acest caz. 
Personal, în momentul în care fac ceva și sunt acuzată, îmi asum acel lucru, dar în momentul în care sunt acuzată pe nedrept, nu-mi pot asuma ceea ce n-am făcut. Nu e vorba de suma de bani plătită,  ci de cum stau lucrurile și cum se procedează, de faptul ca acuzați oamenii pe nedrept. Este inadmisibil acest lucru!",relatii_clienti,1
39,"aspect: stare_vehicule. text: După ce că nu am fost lăsată să îmi achiziționez bilet și mi s-a scris amenda în nici 2 minute de la urcarea în tramvai, după 2 zile printr-un apel telefonic mi se comunică faptul că, defapt camerele din tramvai nici nu funcționau măcar și că ""am încercat să scanez codul QR în momentul în care am văzut că vine controlorul"", când în realitate defapt, mă chinuiam să îmi deschid aplicația și după ce am constatat că aceasta nici măcar nu se deschide (atenție, că nu se deschide, nu că nu mergea să scanez),am decis să-mi achiziționez biletul cu cardul. 
Ce să zic, foarte frumos a procedat domnul, mie mi-a spus un lucru și celor de la conducere altul, și bineînțeles că, camerele fiind nefuncționale, doar n-o să creadă un călător. 
Foarte frumos din partea dvs, ați dat dovadă de foarte mult profesionalism în acest caz. 
Personal, în momentul în care fac ceva și sunt acuzată, îmi asum acel lucru, dar în momentul în care sunt acuzată pe nedrept, nu-mi pot asuma ceea ce n-am făcut. Nu e vorba de suma de bani plătită,  ci de cum stau lucrurile și cum se procedează, de faptul ca acuzați oamenii pe nedrept. Este inadmisibil acest lucru!",stare_vehicule,1
39,"aspect: punctualitate. text: După ce că nu am fost lăsată să îmi achiziționez bilet și mi s-a scris amenda în nici 2 minute de la urcarea în tramvai, după 2 zile printr-un apel telefonic mi se comunică faptul că, defapt camerele din tramvai nici nu funcționau măcar și că ""am încercat să scanez codul QR în momentul în care am văzut că vine controlorul"", când în realitate defapt, mă chinuiam să îmi deschid aplicația și după ce am constatat că aceasta nici măcar nu se deschide (atenție, că nu se deschide, nu că nu mergea să scanez),am decis să-mi achiziționez biletul cu cardul. 
Ce să zic, foarte frumos a procedat domnul, mie mi-a spus un lucru și celor de la conducere altul, și bineînțeles că, camerele fiind nefuncționale, doar n-o să creadă un călător. 
Foarte frumos din partea dvs, ați dat dovadă de foarte mult profesionalism în acest caz. 
Personal, în momentul în care fac ceva și sunt acuzată, îmi asum acel lucru, dar în momentul în care sunt acuzată pe nedrept, nu-mi pot asuma ceea ce n-am făcut. Nu e vorba de suma de bani plătită,  ci de cum stau lucrurile și cum se procedează, de faptul ca acuzați oamenii pe nedrept. Este inadmisibil acest lucru!",punctualitate,0
39,"aspect: siguranta. text: După ce că nu am fost lăsată să îmi achiziționez bilet și mi s-a scris amenda în nici 2 minute de la urcarea în tramvai, după 2 zile printr-un apel telefonic mi se comunică faptul că, defapt camerele din tramvai nici nu funcționau măcar și că ""am încercat să scanez codul QR în momentul în care am văzut că vine controlorul"", când în realitate defapt, mă chinuiam să îmi deschid aplicația și după ce am constatat că aceasta nici măcar nu se deschide (atenție, că nu se deschide, nu că nu mergea să scanez),am decis să-mi achiziționez biletul cu cardul. 
Ce să zic, foarte frumos a procedat domnul, mie mi-a spus un lucru și celor de la conducere altul, și bineînțeles că, camerele fiind nefuncționale, doar n-o să creadă un călător. 
Foarte frumos din partea dvs, ați dat dovadă de foarte mult profesionalism în acest caz. 
Personal, în momentul în care fac ceva și sunt acuzată, îmi asum acel lucru, dar în momentul în care sunt acuzată pe nedrept, nu-mi pot asuma ceea ce n-am făcut. Nu e vorba de suma de bani plătită,  ci de cum stau lucrurile și cum se procedează, de faptul ca acuzați oamenii pe nedrept. Este inadmisibil acest lucru!",siguranta,0
39,"aspect: confort_termic. text: După ce că nu am fost lăsată să îmi achiziționez bilet și mi s-a scris amenda în nici 2 minute de la urcarea în tramvai, după 2 zile printr-un apel telefonic mi se comunică faptul că, defapt camerele din tramvai nici nu funcționau măcar și că ""am încercat să scanez codul QR în momentul în care am văzut că vine controlorul"", când în realitate defapt, mă chinuiam să îmi deschid aplicația și după ce am constatat că aceasta nici măcar nu se deschide (atenție, că nu se deschide, nu că nu mergea să scanez),am decis să-mi achiziționez biletul cu cardul. 
Ce să zic, foarte frumos a procedat domnul, mie mi-a spus un lucru și celor de la conducere altul, și bineînțeles că, camerele fiind nefuncționale, doar n-o să creadă un călător. 
Foarte frumos din partea dvs, ați dat dovadă de foarte mult profesionalism în acest caz. 
Personal, în momentul în care fac ceva și sunt acuzată, îmi asum acel lucru, dar în momentul în care sunt acuzată pe nedrept, nu-mi pot asuma ceea ce n-am făcut. Nu e vorba de suma de bani plătită,  ci de cum stau lucrurile și cum se procedează, de faptul ca acuzați oamenii pe nedrept. Este inadmisibil acest lucru!",confort_termic,0
39,"aspect: soferi_vatmani. text: După ce că nu am fost lăsată să îmi achiziționez bilet și mi s-a scris amenda în nici 2 minute de la urcarea în tramvai, după 2 zile printr-un apel telefonic mi se comunică faptul că, defapt camerele din tramvai nici nu funcționau măcar și că ""am încercat să scanez codul QR în momentul în care am văzut că vine controlorul"", când în realitate defapt, mă chinuiam să îmi deschid aplicația și după ce am constatat că aceasta nici măcar nu se deschide (atenție, că nu se deschide, nu că nu mergea să scanez),am decis să-mi achiziționez biletul cu cardul. 
Ce să zic, foarte frumos a procedat domnul, mie mi-a spus un lucru și celor de la conducere altul, și bineînțeles că, camerele fiind nefuncționale, doar n-o să creadă un călător. 
Foarte frumos din partea dvs, ați dat dovadă de foarte mult profesionalism în acest caz. 
Personal, în momentul în care fac ceva și sunt acuzată, îmi asum acel lucru, dar în momentul în care sunt acuzată pe nedrept, nu-mi pot asuma ceea ce n-am făcut. Nu e vorba de suma de bani plătită,  ci de cum stau lucrurile și cum se procedează, de faptul ca acuzați oamenii pe nedrept. Este inadmisibil acest lucru!",soferi_vatmani,0
39,"aspect: validare_bilete. text: După ce că nu am fost lăsată să îmi achiziționez bilet și mi s-a scris amenda în nici 2 minute de la urcarea în tramvai, după 2 zile printr-un apel telefonic mi se comunică faptul că, defapt camerele din tramvai nici nu funcționau măcar și că ""am încercat să scanez codul QR în momentul în care am văzut că vine controlorul"", când în realitate defapt, mă chinuiam să îmi deschid aplicația și după ce am constatat că aceasta nici măcar nu se deschide (atenție, că nu se deschide, nu că nu mergea să scanez),am decis să-mi achiziționez biletul cu cardul. 
Ce să zic, foarte frumos a procedat domnul, mie mi-a spus un lucru și celor de la conducere altul, și bineînțeles că, camerele fiind nefuncționale, doar n-o să creadă un călător. 
Foarte frumos din partea dvs, ați dat dovadă de foarte mult profesionalism în acest caz. 
Personal, în momentul în care fac ceva și sunt acuzată, îmi asum acel lucru, dar în momentul în care sunt acuzată pe nedrept, nu-mi pot asuma ceea ce n-am făcut. Nu e vorba de suma de bani plătită,  ci de cum stau lucrurile și cum se procedează, de faptul ca acuzați oamenii pe nedrept. Este inadmisibil acest lucru!",validare_bilete,0
39,"aspect: aglomeratie. text: După ce că nu am fost lăsată să îmi achiziționez bilet și mi s-a scris amenda în nici 2 minute de la urcarea în tramvai, după 2 zile printr-un apel telefonic mi se comunică faptul că, defapt camerele din tramvai nici nu funcționau măcar și că ""am încercat să scanez codul QR în momentul în care am văzut că vine controlorul"", când în realitate defapt, mă chinuiam să îmi deschid aplicația și după ce am constatat că aceasta nici măcar nu se deschide (atenție, că nu se deschide, nu că nu mergea să scanez),am decis să-mi achiziționez biletul cu cardul. 
Ce să zic, foarte frumos a procedat domnul, mie mi-a spus un lucru și celor de la conducere altul, și bineînțeles că, camerele fiind nefuncționale, doar n-o să creadă un călător. 
Foarte frumos din partea dvs, ați dat dovadă de foarte mult profesionalism în acest caz. 
Personal, în momentul în care fac ceva și sunt acuzată, îmi asum acel lucru, dar în momentul în care sunt acuzată pe nedrept, nu-mi pot asuma ceea ce n-am făcut. Nu e vorba de suma de bani plătită,  ci de cum stau lucrurile și cum se procedează, de faptul ca acuzați oamenii pe nedrept. Este inadmisibil acest lucru!",aglomeratie,0
39,"aspect: frecventa. text: După ce că nu am fost lăsată să îmi achiziționez bilet și mi s-a scris amenda în nici 2 minute de la urcarea în tramvai, după 2 zile printr-un apel telefonic mi se comunică faptul că, defapt camerele din tramvai nici nu funcționau măcar și că ""am încercat să scanez codul QR în momentul în care am văzut că vine controlorul"", când în realitate defapt, mă chinuiam să îmi deschid aplicația și după ce am constatat că aceasta nici măcar nu se deschide (atenție, că nu se deschide, nu că nu mergea să scanez),am decis să-mi achiziționez biletul cu cardul. 
Ce să zic, foarte frumos a procedat domnul, mie mi-a spus un lucru și celor de la conducere altul, și bineînțeles că, camerele fiind nefuncționale, doar n-o să creadă un călător. 
Foarte frumos din partea dvs, ați dat dovadă de foarte mult profesionalism în acest caz. 
Personal, în momentul în care fac ceva și sunt acuzată, îmi asum acel lucru, dar în momentul în care sunt acuzată pe nedrept, nu-mi pot asuma ceea ce n-am făcut. Nu e vorba de suma de bani plătită,  ci de cum stau lucrurile și cum se procedează, de faptul ca acuzați oamenii pe nedrept. Este inadmisibil acest lucru!",frecventa,0
39,"aspect: curatenie. text: După ce că nu am fost lăsată să îmi achiziționez bilet și mi s-a scris amenda în nici 2 minute de la urcarea în tramvai, după 2 zile printr-un apel telefonic mi se comunică faptul că, defapt camerele din tramvai nici nu funcționau măcar și că ""am încercat să scanez codul QR în momentul în care am văzut că vine controlorul"", când în realitate defapt, mă chinuiam să îmi deschid aplicația și după ce am constatat că aceasta nici măcar nu se deschide (atenție, că nu se deschide, nu că nu mergea să scanez),am decis să-mi achiziționez biletul cu cardul. 
Ce să zic, foarte frumos a procedat domnul, mie mi-a spus un lucru și celor de la conducere altul, și bineînțeles că, camerele fiind nefuncționale, doar n-o să creadă un călător. 
Foarte frumos din partea dvs, ați dat dovadă de foarte mult profesionalism în acest caz. 
Personal, în momentul în care fac ceva și sunt acuzată, îmi asum acel lucru, dar în momentul în care sunt acuzată pe nedrept, nu-mi pot asuma ceea ce n-am făcut. Nu e vorba de suma de bani plătită,  ci de cum stau lucrurile și cum se procedează, de faptul ca acuzați oamenii pe nedrept. Este inadmisibil acest lucru!",curatenie,0
39,"aspect: infrastructura_statii. text: După ce că nu am fost lăsată să îmi achiziționez bilet și mi s-a scris amenda în nici 2 minute de la urcarea în tramvai, după 2 zile printr-un apel telefonic mi se comunică faptul că, defapt camerele din tramvai nici nu funcționau măcar și că ""am încercat să scanez codul QR în momentul în care am văzut că vine controlorul"", când în realitate defapt, mă chinuiam să îmi deschid aplicația și după ce am constatat că aceasta nici măcar nu se deschide (atenție, că nu se deschide, nu că nu mergea să scanez),am decis să-mi achiziționez biletul cu cardul. 
Ce să zic, foarte frumos a procedat domnul, mie mi-a spus un lucru și celor de la conducere altul, și bineînțeles că, camerele fiind nefuncționale, doar n-o să creadă un călător. 
Foarte frumos din partea dvs, ați dat dovadă de foarte mult profesionalism în acest caz. 
Personal, în momentul în care fac ceva și sunt acuzată, îmi asum acel lucru, dar în momentul în care sunt acuzată pe nedrept, nu-mi pot asuma ceea ce n-am făcut. Nu e vorba de suma de bani plătită,  ci de cum stau lucrurile și cum se procedează, de faptul ca acuzați oamenii pe nedrept. Este inadmisibil acest lucru!",infrastructura_statii,0
SIM_043,aspect: informare_calatori. text: Panourile digitale din stații afișează uneori informații corecte și utile. Dar noaptea sau în weekend mulți sunt stinși sau afișează eroare. Investiția a fost bună în principiu dar întreținerea lasă de dorit.,informare_calatori,1
SIM_043,aspect: relatii_clienti. text: Panourile digitale din stații afișează uneori informații corecte și utile. Dar noaptea sau în weekend mulți sunt stinși sau afișează eroare. Investiția a fost bună în principiu dar întreținerea lasă de dorit.,relatii_clienti,0
SIM_043,aspect: controlori. text: Panourile digitale din stații afișează uneori informații corecte și utile. Dar noaptea sau în weekend mulți sunt stinși sau afișează eroare. Investiția a fost bună în principiu dar întreținerea lasă de dorit.,controlori,0
SIM_043,aspect: organizare. text: Panourile digitale din stații afișează uneori informații corecte și utile. Dar noaptea sau în weekend mulți sunt stinși sau afișează eroare. Investiția a fost bună în principiu dar întreținerea lasă de dorit.,organizare,0
201,"aspect: aglomeratie. text: Se sta foarte mult in statie la ore de varf, iar cand vine autobuzul, e ticsit de oameni! Servicii sub orice critica!",aglomeratie,1
201,"aspect: frecventa. text: Se sta foarte mult in statie la ore de varf, iar cand vine autobuzul, e ticsit de oameni! Servicii sub orice critica!",frecventa,1
201,"aspect: relatii_clienti. text: Se sta foarte mult in statie la ore de varf, iar cand vine autobuzul, e ticsit de oameni! Servicii sub orice critica!",relatii_clienti,0
201,"aspect: controlori. text: Se sta foarte mult in statie la ore de varf, iar cand vine autobuzul, e ticsit de oameni! Servicii sub orice critica!",controlori,0
201,"aspect: curatenie. text: Se sta foarte mult in statie la ore de varf, iar cand vine autobuzul, e ticsit de oameni! Servicii sub orice critica!",curatenie,0
201,"aspect: pret. text: Se sta foarte mult in statie la ore de varf, iar cand vine autobuzul, e ticsit de oameni! Servicii sub orice critica!",pret,0
201,"aspect: informare_calatori. text: Se sta foarte mult in statie la ore de varf, iar cand vine autobuzul, e ticsit de oameni! Servicii sub orice critica!",informare_calatori,0
201,"aspect: siguranta. text: Se sta foarte mult in statie la ore de varf, iar cand vine autobuzul, e ticsit de oameni! Servicii sub orice critica!",siguranta,0
12,aspect: organizare. text: o companie de rahat cu o conducere de rahat.Schimbati toti sau salariul minim pe economie.,organizare,1
12,aspect: curatenie. text: o companie de rahat cu o conducere de rahat.Schimbati toti sau salariul minim pe economie.,curatenie,0
12,aspect: relatii_clienti. text: o companie de rahat cu o conducere de rahat.Schimbati toti sau salariul minim pe economie.,relatii_clienti,0
12,aspect: acoperire_rute. text: o companie de rahat cu o conducere de rahat.Schimbati toti sau salariul minim pe economie.,acoperire_rute,0
SIM_035,aspect: relatii_clienti. text: Am sunat la numărul de relații clienți să întreb de programul weekend pentru linia 44. Mi-a răspuns o doamnă care mi-a citit de pe site fix ce vedeam și eu deja. Când am pus o întrebare concretă mi-a zis că nu știe și să mai sun.,relatii_clienti,1
SIM_035,aspect: validare_bilete. text: Am sunat la numărul de relații clienți să întreb de programul weekend pentru linia 44. Mi-a răspuns o doamnă care mi-a citit de pe site fix ce vedeam și eu deja. Când am pus o întrebare concretă mi-a zis că nu știe și să mai sun.,validare_bilete,0
SIM_035,aspect: soferi_vatmani. text: Am sunat la numărul de relații clienți să întreb de programul weekend pentru linia 44. Mi-a răspuns o doamnă care mi-a citit de pe site fix ce vedeam și eu deja. Când am pus o întrebare concretă mi-a zis că nu știe și să mai sun.,soferi_vatmani,0
SIM_035,aspect: infrastructura_statii. text: Am sunat la numărul de relații clienți să întreb de programul weekend pentru linia 44. Mi-a răspuns o doamnă care mi-a citit de pe site fix ce vedeam și eu deja. Când am pus o întrebare concretă mi-a zis că nu știe și să mai sun.,infrastructura_statii,0
161,"aspect: relatii_clienti. text: De ce nu pot beneficia de reducere dacă nu am carnet de student, dar în schimb am legitimația? 
""Doar cu carnet aveți reducere!""  acest răspuns L-am primit la casa de bilete din stația Octav Bancila",relatii_clienti,1
161,"aspect: validare_bilete. text: De ce nu pot beneficia de reducere dacă nu am carnet de student, dar în schimb am legitimația? 
""Doar cu carnet aveți reducere!""  acest răspuns L-am primit la casa de bilete din stația Octav Bancila",validare_bilete,0
161,"aspect: curatenie. text: De ce nu pot beneficia de reducere dacă nu am carnet de student, dar în schimb am legitimația? 
""Doar cu carnet aveți reducere!""  acest răspuns L-am primit la casa de bilete din stația Octav Bancila",curatenie,0
161,"aspect: punctualitate. text: De ce nu pot beneficia de reducere dacă nu am carnet de student, dar în schimb am legitimația? 
""Doar cu carnet aveți reducere!""  acest răspuns L-am primit la casa de bilete din stația Octav Bancila",punctualitate,0
104,"aspect: organizare. text: o companie de tot cacatul.
nu se adapteaza nevoilor cetatenilor
restrictii fara creearea conditiilor respectarii legii",organizare,1
104,"aspect: pret. text: o companie de tot cacatul.
nu se adapteaza nevoilor cetatenilor
restrictii fara creearea conditiilor respectarii legii",pret,0
104,"aspect: confort_termic. text: o companie de tot cacatul.
nu se adapteaza nevoilor cetatenilor
restrictii fara creearea conditiilor respectarii legii",confort_termic,0
104,"aspect: aglomeratie. text: o companie de tot cacatul.
nu se adapteaza nevoilor cetatenilor
restrictii fara creearea conditiilor respectarii legii",aglomeratie,0
SIM_069,aspect: validare_bilete. text: Aparatul de bilete a funcționat bine și am putut cumpăra bilet rapid.,validare_bilete,1
SIM_069,aspect: infrastructura_statii. text: Aparatul de bilete a funcționat bine și am putut cumpăra bilet rapid.,infrastructura_statii,0
SIM_069,aspect: frecventa. text: Aparatul de bilete a funcționat bine și am putut cumpăra bilet rapid.,frecventa,0
SIM_069,aspect: pret. text: Aparatul de bilete a funcționat bine și am putut cumpăra bilet rapid.,pret,0
43,aspect: relatii_clienti. text: Doamna de la bilete din rond Copou e foarte recalcitranta. Are grav nevoie de calmante. Trebuie sa fie puțin mai calma. Cu tot respectul doamna aveți nevoie de un concediu . O zi minunata și plină de bucurie va doresc,relatii_clienti,1
43,aspect: curatenie. text: Doamna de la bilete din rond Copou e foarte recalcitranta. Are grav nevoie de calmante. Trebuie sa fie puțin mai calma. Cu tot respectul doamna aveți nevoie de un concediu . O zi minunata și plină de bucurie va doresc,curatenie,0
43,aspect: punctualitate. text: Doamna de la bilete din rond Copou e foarte recalcitranta. Are grav nevoie de calmante. Trebuie sa fie puțin mai calma. Cu tot respectul doamna aveți nevoie de un concediu . O zi minunata și plină de bucurie va doresc,punctualitate,0
43,aspect: informare_calatori. text: Doamna de la bilete din rond Copou e foarte recalcitranta. Are grav nevoie de calmante. Trebuie sa fie puțin mai calma. Cu tot respectul doamna aveți nevoie de un concediu . O zi minunata și plină de bucurie va doresc,informare_calatori,0
118,aspect: curatenie. text: Pentru ca m-am urcat chiar azi intrav141 și era fortefffffff murdar cu un miros puternic și vatmanu state de vorba cu o persona 5 stați cit am mers  Nu este de mers cu așa mijloce de traport,curatenie,1
118,aspect: soferi_vatmani. text: Pentru ca m-am urcat chiar azi intrav141 și era fortefffffff murdar cu un miros puternic și vatmanu state de vorba cu o persona 5 stați cit am mers  Nu este de mers cu așa mijloce de traport,soferi_vatmani,1
118,aspect: siguranta. text: Pentru ca m-am urcat chiar azi intrav141 și era fortefffffff murdar cu un miros puternic și vatmanu state de vorba cu o persona 5 stați cit am mers  Nu este de mers cu așa mijloce de traport,siguranta,0
118,aspect: frecventa. text: Pentru ca m-am urcat chiar azi intrav141 și era fortefffffff murdar cu un miros puternic și vatmanu state de vorba cu o persona 5 stați cit am mers  Nu este de mers cu așa mijloce de traport,frecventa,0
118,aspect: organizare. text: Pentru ca m-am urcat chiar azi intrav141 și era fortefffffff murdar cu un miros puternic și vatmanu state de vorba cu o persona 5 stați cit am mers  Nu este de mers cu așa mijloce de traport,organizare,0
118,aspect: stare_vehicule. text: Pentru ca m-am urcat chiar azi intrav141 și era fortefffffff murdar cu un miros puternic și vatmanu state de vorba cu o persona 5 stați cit am mers  Nu este de mers cu așa mijloce de traport,stare_vehicule,0
118,aspect: controlori. text: Pentru ca m-am urcat chiar azi intrav141 și era fortefffffff murdar cu un miros puternic și vatmanu state de vorba cu o persona 5 stați cit am mers  Nu este de mers cu așa mijloce de traport,controlori,0
118,aspect: infrastructura_statii. text: Pentru ca m-am urcat chiar azi intrav141 și era fortefffffff murdar cu un miros puternic și vatmanu state de vorba cu o persona 5 stați cit am mers  Nu este de mers cu așa mijloce de traport,infrastructura_statii,0
SIM_139,aspect: soferi_vatmani. text: Șoferul nu a interacționat cu pasagerii dar cursa a decurs normal.,soferi_vatmani,1
SIM_139,aspect: stare_vehicule. text: Șoferul nu a interacționat cu pasagerii dar cursa a decurs normal.,stare_vehicule,0
SIM_139,aspect: infrastructura_statii. text: Șoferul nu a interacționat cu pasagerii dar cursa a decurs normal.,infrastructura_statii,0
SIM_139,aspect: aglomeratie. text: Șoferul nu a interacționat cu pasagerii dar cursa a decurs normal.,aglomeratie,0
182,"aspect: aglomeratie. text: Neseriozitate. Deși la capăt linie 9 cug este statia plina, stau 3 tramvaie degeaba. Dupa ce vine unul din tramvaie (mai mare) in statie și urcă lumea, trebuie să coboare toată lumea că se schimba tramvaiul (cu unul mai mic). Bineînțeles pe traseu toate stațiile sunt full (pt că nici 41 nu a trecut) și tramvaiul e plin după numai 2 stații. Așa e cam in fiecare dimineață pe traseul 9, și nu din cauza traficului ci din cauza serviciilor ctp.",aglomeratie,1
182,"aspect: organizare. text: Neseriozitate. Deși la capăt linie 9 cug este statia plina, stau 3 tramvaie degeaba. Dupa ce vine unul din tramvaie (mai mare) in statie și urcă lumea, trebuie să coboare toată lumea că se schimba tramvaiul (cu unul mai mic). Bineînțeles pe traseu toate stațiile sunt full (pt că nici 41 nu a trecut) și tramvaiul e plin după numai 2 stații. Așa e cam in fiecare dimineață pe traseul 9, și nu din cauza traficului ci din cauza serviciilor ctp.",organizare,1
182,"aspect: curatenie. text: Neseriozitate. Deși la capăt linie 9 cug este statia plina, stau 3 tramvaie degeaba. Dupa ce vine unul din tramvaie (mai mare) in statie și urcă lumea, trebuie să coboare toată lumea că se schimba tramvaiul (cu unul mai mic). Bineînțeles pe traseu toate stațiile sunt full (pt că nici 41 nu a trecut) și tramvaiul e plin după numai 2 stații. Așa e cam in fiecare dimineață pe traseul 9, și nu din cauza traficului ci din cauza serviciilor ctp.",curatenie,0
182,"aspect: infrastructura_statii. text: Neseriozitate. Deși la capăt linie 9 cug este statia plina, stau 3 tramvaie degeaba. Dupa ce vine unul din tramvaie (mai mare) in statie și urcă lumea, trebuie să coboare toată lumea că se schimba tramvaiul (cu unul mai mic). Bineînțeles pe traseu toate stațiile sunt full (pt că nici 41 nu a trecut) și tramvaiul e plin după numai 2 stații. Așa e cam in fiecare dimineață pe traseul 9, și nu din cauza traficului ci din cauza serviciilor ctp.",infrastructura_statii,0
182,"aspect: relatii_clienti. text: Neseriozitate. Deși la capăt linie 9 cug este statia plina, stau 3 tramvaie degeaba. Dupa ce vine unul din tramvaie (mai mare) in statie și urcă lumea, trebuie să coboare toată lumea că se schimba tramvaiul (cu unul mai mic). Bineînțeles pe traseu toate stațiile sunt full (pt că nici 41 nu a trecut) și tramvaiul e plin după numai 2 stații. Așa e cam in fiecare dimineață pe traseul 9, și nu din cauza traficului ci din cauza serviciilor ctp.",relatii_clienti,0
182,"aspect: informare_calatori. text: Neseriozitate. Deși la capăt linie 9 cug este statia plina, stau 3 tramvaie degeaba. Dupa ce vine unul din tramvaie (mai mare) in statie și urcă lumea, trebuie să coboare toată lumea că se schimba tramvaiul (cu unul mai mic). Bineînțeles pe traseu toate stațiile sunt full (pt că nici 41 nu a trecut) și tramvaiul e plin după numai 2 stații. Așa e cam in fiecare dimineață pe traseul 9, și nu din cauza traficului ci din cauza serviciilor ctp.",informare_calatori,0
182,"aspect: soferi_vatmani. text: Neseriozitate. Deși la capăt linie 9 cug este statia plina, stau 3 tramvaie degeaba. Dupa ce vine unul din tramvaie (mai mare) in statie și urcă lumea, trebuie să coboare toată lumea că se schimba tramvaiul (cu unul mai mic). Bineînțeles pe traseu toate stațiile sunt full (pt că nici 41 nu a trecut) și tramvaiul e plin după numai 2 stații. Așa e cam in fiecare dimineață pe traseul 9, și nu din cauza traficului ci din cauza serviciilor ctp.",soferi_vatmani,0
182,"aspect: frecventa. text: Neseriozitate. Deși la capăt linie 9 cug este statia plina, stau 3 tramvaie degeaba. Dupa ce vine unul din tramvaie (mai mare) in statie și urcă lumea, trebuie să coboare toată lumea că se schimba tramvaiul (cu unul mai mic). Bineînțeles pe traseu toate stațiile sunt full (pt că nici 41 nu a trecut) și tramvaiul e plin după numai 2 stații. Așa e cam in fiecare dimineață pe traseul 9, și nu din cauza traficului ci din cauza serviciilor ctp.",frecventa,0
SIM_019,aspect: frecventa. text: Tramvaiul 9 vine o dată la 25 de minute în orele de vârf. E inadmisibil. Stau în ploaie în stație și calculez dacă nu e mai rapid să merg pe jos.,frecventa,1
SIM_019,aspect: siguranta. text: Tramvaiul 9 vine o dată la 25 de minute în orele de vârf. E inadmisibil. Stau în ploaie în stație și calculez dacă nu e mai rapid să merg pe jos.,siguranta,0
SIM_019,aspect: curatenie. text: Tramvaiul 9 vine o dată la 25 de minute în orele de vârf. E inadmisibil. Stau în ploaie în stație și calculez dacă nu e mai rapid să merg pe jos.,curatenie,0
SIM_019,aspect: acoperire_rute. text: Tramvaiul 9 vine o dată la 25 de minute în orele de vârf. E inadmisibil. Stau în ploaie în stație și calculez dacă nu e mai rapid să merg pe jos.,acoperire_rute,0
327,"aspect: soferi_vatmani. text: EXEMPLU DE CINSTE ȘI OMENIE !
Fiica mea, însoțită de un copilaș de 3 ani ,a pierdut un smarphone în seara zilei de marți 10 aprilie într-un autobuz de pe traseul 42 , autobuz cu numărul de înregistrare 1971.Sunînd de acasă la nr de telefon al fiicei mele, a răspuns cu amabilitate chiar șoferul de seviciu pe acel autobuz, care ne-a confirmat că a găsit telefonul mobil și că este dispus să ni-l predea a doua zi.Ne-a spus că numele dumnealui este ILIE.Pentru a-l putea contacta  ulterior a oferit chiar număru său de telefon.Astăzi 11 aprilie după ora 12,00 cînd dl Ilie și-a început tura ne-am înîlnit pe traseul 42 și a predat smartphonul fiicei mele.
Pe aceasă cale familia Dorneanu adresează public calde mulțumiri dlui. conducător auto Ilie, exemplu de cinste și omenie și ne exprimăm speranța că RATP Iași va avea în viitor tot mai mulți angajați de acest fel.
În final dorim să fie făcut public acest gest nobil prin mijlocele pe care le considerați.Mulțumim !
Fam .C.Dorneanu
Iași",soferi_vatmani,1
327,"aspect: stare_vehicule. text: EXEMPLU DE CINSTE ȘI OMENIE !
Fiica mea, însoțită de un copilaș de 3 ani ,a pierdut un smarphone în seara zilei de marți 10 aprilie într-un autobuz de pe traseul 42 , autobuz cu numărul de înregistrare 1971.Sunînd de acasă la nr de telefon al fiicei mele, a răspuns cu amabilitate chiar șoferul de seviciu pe acel autobuz, care ne-a confirmat că a găsit telefonul mobil și că este dispus să ni-l predea a doua zi.Ne-a spus că numele dumnealui este ILIE.Pentru a-l putea contacta  ulterior a oferit chiar număru său de telefon.Astăzi 11 aprilie după ora 12,00 cînd dl Ilie și-a început tura ne-am înîlnit pe traseul 42 și a predat smartphonul fiicei mele.
Pe aceasă cale familia Dorneanu adresează public calde mulțumiri dlui. conducător auto Ilie, exemplu de cinste și omenie și ne exprimăm speranța că RATP Iași va avea în viitor tot mai mulți angajați de acest fel.
În final dorim să fie făcut public acest gest nobil prin mijlocele pe care le considerați.Mulțumim !
Fam .C.Dorneanu
Iași",stare_vehicule,0
327,"aspect: punctualitate. text: EXEMPLU DE CINSTE ȘI OMENIE !
Fiica mea, însoțită de un copilaș de 3 ani ,a pierdut un smarphone în seara zilei de marți 10 aprilie într-un autobuz de pe traseul 42 , autobuz cu numărul de înregistrare 1971.Sunînd de acasă la nr de telefon al fiicei mele, a răspuns cu amabilitate chiar șoferul de seviciu pe acel autobuz, care ne-a confirmat că a găsit telefonul mobil și că este dispus să ni-l predea a doua zi.Ne-a spus că numele dumnealui este ILIE.Pentru a-l putea contacta  ulterior a oferit chiar număru său de telefon.Astăzi 11 aprilie după ora 12,00 cînd dl Ilie și-a început tura ne-am înîlnit pe traseul 42 și a predat smartphonul fiicei mele.
Pe aceasă cale familia Dorneanu adresează public calde mulțumiri dlui. conducător auto Ilie, exemplu de cinste și omenie și ne exprimăm speranța că RATP Iași va avea în viitor tot mai mulți angajați de acest fel.
În final dorim să fie făcut public acest gest nobil prin mijlocele pe care le considerați.Mulțumim !
Fam .C.Dorneanu
Iași",punctualitate,0
327,"aspect: informare_calatori. text: EXEMPLU DE CINSTE ȘI OMENIE !
Fiica mea, însoțită de un copilaș de 3 ani ,a pierdut un smarphone în seara zilei de marți 10 aprilie într-un autobuz de pe traseul 42 , autobuz cu numărul de înregistrare 1971.Sunînd de acasă la nr de telefon al fiicei mele, a răspuns cu amabilitate chiar șoferul de seviciu pe acel autobuz, care ne-a confirmat că a găsit telefonul mobil și că este dispus să ni-l predea a doua zi.Ne-a spus că numele dumnealui este ILIE.Pentru a-l putea contacta  ulterior a oferit chiar număru său de telefon.Astăzi 11 aprilie după ora 12,00 cînd dl Ilie și-a început tura ne-am înîlnit pe traseul 42 și a predat smartphonul fiicei mele.
Pe aceasă cale familia Dorneanu adresează public calde mulțumiri dlui. conducător auto Ilie, exemplu de cinste și omenie și ne exprimăm speranța că RATP Iași va avea în viitor tot mai mulți angajați de acest fel.
În final dorim să fie făcut public acest gest nobil prin mijlocele pe care le considerați.Mulțumim !
Fam .C.Dorneanu
Iași",informare_calatori,0
48,aspect: stare_vehicule. text: Cele mai speciale și frumose mijloace de transport public în comun noile tramvaie și autobuze electrice Solaris ⭐️⭐️⭐️⭐️⭐️⭐️⭐️⭐️,stare_vehicule,1
48,aspect: curatenie. text: Cele mai speciale și frumose mijloace de transport public în comun noile tramvaie și autobuze electrice Solaris ⭐️⭐️⭐️⭐️⭐️⭐️⭐️⭐️,curatenie,0
48,aspect: acoperire_rute. text: Cele mai speciale și frumose mijloace de transport public în comun noile tramvaie și autobuze electrice Solaris ⭐️⭐️⭐️⭐️⭐️⭐️⭐️⭐️,acoperire_rute,0
48,aspect: pret. text: Cele mai speciale și frumose mijloace de transport public în comun noile tramvaie și autobuze electrice Solaris ⭐️⭐️⭐️⭐️⭐️⭐️⭐️⭐️,pret,0
29,"aspect: relatii_clienti. text: Halal personal de la telverde,,sun sa aduc la cunoștință că din cauza unor probleme  la aparatele  roșii  nu voi putea achiziționa bilete ,dar în același timp trebuie să iau din statia respectiva tramvai ...pt a nu mă trezi că iau amenda ...pe lângă faptul că ""doamna "" a tipat efectiv la mine ,îmi ținea teorie Intr-una că se poate plati și în tramvai cu cardul,in contextul in care i am spus doamnei că nu pot plati decât cash,neavând bani pe card . A avut o atitudine care lasă de dorit ,de la începutul apelului până la sfârșit. Ați face bine să angajați personal capabili pentru lucrul cu oamenii!",relatii_clienti,1
29,"aspect: validare_bilete. text: Halal personal de la telverde,,sun sa aduc la cunoștință că din cauza unor probleme  la aparatele  roșii  nu voi putea achiziționa bilete ,dar în același timp trebuie să iau din statia respectiva tramvai ...pt a nu mă trezi că iau amenda ...pe lângă faptul că ""doamna "" a tipat efectiv la mine ,îmi ținea teorie Intr-una că se poate plati și în tramvai cu cardul,in contextul in care i am spus doamnei că nu pot plati decât cash,neavând bani pe card . A avut o atitudine care lasă de dorit ,de la începutul apelului până la sfârșit. Ați face bine să angajați personal capabili pentru lucrul cu oamenii!",validare_bilete,1
29,"aspect: stare_vehicule. text: Halal personal de la telverde,,sun sa aduc la cunoștință că din cauza unor probleme  la aparatele  roșii  nu voi putea achiziționa bilete ,dar în același timp trebuie să iau din statia respectiva tramvai ...pt a nu mă trezi că iau amenda ...pe lângă faptul că ""doamna "" a tipat efectiv la mine ,îmi ținea teorie Intr-una că se poate plati și în tramvai cu cardul,in contextul in care i am spus doamnei că nu pot plati decât cash,neavând bani pe card . A avut o atitudine care lasă de dorit ,de la începutul apelului până la sfârșit. Ați face bine să angajați personal capabili pentru lucrul cu oamenii!",stare_vehicule,0
29,"aspect: punctualitate. text: Halal personal de la telverde,,sun sa aduc la cunoștință că din cauza unor probleme  la aparatele  roșii  nu voi putea achiziționa bilete ,dar în același timp trebuie să iau din statia respectiva tramvai ...pt a nu mă trezi că iau amenda ...pe lângă faptul că ""doamna "" a tipat efectiv la mine ,îmi ținea teorie Intr-una că se poate plati și în tramvai cu cardul,in contextul in care i am spus doamnei că nu pot plati decât cash,neavând bani pe card . A avut o atitudine care lasă de dorit ,de la începutul apelului până la sfârșit. Ați face bine să angajați personal capabili pentru lucrul cu oamenii!",punctualitate,0
29,"aspect: siguranta. text: Halal personal de la telverde,,sun sa aduc la cunoștință că din cauza unor probleme  la aparatele  roșii  nu voi putea achiziționa bilete ,dar în același timp trebuie să iau din statia respectiva tramvai ...pt a nu mă trezi că iau amenda ...pe lângă faptul că ""doamna "" a tipat efectiv la mine ,îmi ținea teorie Intr-una că se poate plati și în tramvai cu cardul,in contextul in care i am spus doamnei că nu pot plati decât cash,neavând bani pe card . A avut o atitudine care lasă de dorit ,de la începutul apelului până la sfârșit. Ați face bine să angajați personal capabili pentru lucrul cu oamenii!",siguranta,0
29,"aspect: acoperire_rute. text: Halal personal de la telverde,,sun sa aduc la cunoștință că din cauza unor probleme  la aparatele  roșii  nu voi putea achiziționa bilete ,dar în același timp trebuie să iau din statia respectiva tramvai ...pt a nu mă trezi că iau amenda ...pe lângă faptul că ""doamna "" a tipat efectiv la mine ,îmi ținea teorie Intr-una că se poate plati și în tramvai cu cardul,in contextul in care i am spus doamnei că nu pot plati decât cash,neavând bani pe card . A avut o atitudine care lasă de dorit ,de la începutul apelului până la sfârșit. Ați face bine să angajați personal capabili pentru lucrul cu oamenii!",acoperire_rute,0
29,"aspect: pret. text: Halal personal de la telverde,,sun sa aduc la cunoștință că din cauza unor probleme  la aparatele  roșii  nu voi putea achiziționa bilete ,dar în același timp trebuie să iau din statia respectiva tramvai ...pt a nu mă trezi că iau amenda ...pe lângă faptul că ""doamna "" a tipat efectiv la mine ,îmi ținea teorie Intr-una că se poate plati și în tramvai cu cardul,in contextul in care i am spus doamnei că nu pot plati decât cash,neavând bani pe card . A avut o atitudine care lasă de dorit ,de la începutul apelului până la sfârșit. Ați face bine să angajați personal capabili pentru lucrul cu oamenii!",pret,0
29,"aspect: infrastructura_statii. text: Halal personal de la telverde,,sun sa aduc la cunoștință că din cauza unor probleme  la aparatele  roșii  nu voi putea achiziționa bilete ,dar în același timp trebuie să iau din statia respectiva tramvai ...pt a nu mă trezi că iau amenda ...pe lângă faptul că ""doamna "" a tipat efectiv la mine ,îmi ținea teorie Intr-una că se poate plati și în tramvai cu cardul,in contextul in care i am spus doamnei că nu pot plati decât cash,neavând bani pe card . A avut o atitudine care lasă de dorit ,de la începutul apelului până la sfârșit. Ați face bine să angajați personal capabili pentru lucrul cu oamenii!",infrastructura_statii,0
300,aspect: curatenie. text: Buses are really modern and clean!,curatenie,1
300,aspect: stare_vehicule. text: Buses are really modern and clean!,stare_vehicule,1
300,aspect: validare_bilete. text: Buses are really modern and clean!,validare_bilete,0
300,aspect: frecventa. text: Buses are really modern and clean!,frecventa,0
300,aspect: controlori. text: Buses are really modern and clean!,controlori,0
300,aspect: punctualitate. text: Buses are really modern and clean!,punctualitate,0
300,aspect: informare_calatori. text: Buses are really modern and clean!,informare_calatori,0
300,aspect: siguranta. text: Buses are really modern and clean!,siguranta,0
191,"aspect: soferi_vatmani. text: A devenit un obicei ca in sezonul rece soferii de pe autobuze sa nu deschida usa din fata, indiferent de numarul de calatori care asteapta sa urce. Este cazul si soferului de pe autobuzul nu nr IS-09-RLO, de pe traseul 19, care a refuzat in nenumarate randuri sa permita accesul prin usa din fata a numerosi calatori, mai ales elevi. Cazul nu este singular, mai multi soferi de pe traseele 19, 30 si 20 avand acelasi comportament. Daca se doreste un transport public civilizat, in primul rand, ar trebui eduxati soferii. Desi nu exista alternativa in Iasi, nu recomand transportul public.",soferi_vatmani,1
191,"aspect: punctualitate. text: A devenit un obicei ca in sezonul rece soferii de pe autobuze sa nu deschida usa din fata, indiferent de numarul de calatori care asteapta sa urce. Este cazul si soferului de pe autobuzul nu nr IS-09-RLO, de pe traseul 19, care a refuzat in nenumarate randuri sa permita accesul prin usa din fata a numerosi calatori, mai ales elevi. Cazul nu este singular, mai multi soferi de pe traseele 19, 30 si 20 avand acelasi comportament. Daca se doreste un transport public civilizat, in primul rand, ar trebui eduxati soferii. Desi nu exista alternativa in Iasi, nu recomand transportul public.",punctualitate,0
191,"aspect: controlori. text: A devenit un obicei ca in sezonul rece soferii de pe autobuze sa nu deschida usa din fata, indiferent de numarul de calatori care asteapta sa urce. Este cazul si soferului de pe autobuzul nu nr IS-09-RLO, de pe traseul 19, care a refuzat in nenumarate randuri sa permita accesul prin usa din fata a numerosi calatori, mai ales elevi. Cazul nu este singular, mai multi soferi de pe traseele 19, 30 si 20 avand acelasi comportament. Daca se doreste un transport public civilizat, in primul rand, ar trebui eduxati soferii. Desi nu exista alternativa in Iasi, nu recomand transportul public.",controlori,0
191,"aspect: pret. text: A devenit un obicei ca in sezonul rece soferii de pe autobuze sa nu deschida usa din fata, indiferent de numarul de calatori care asteapta sa urce. Este cazul si soferului de pe autobuzul nu nr IS-09-RLO, de pe traseul 19, care a refuzat in nenumarate randuri sa permita accesul prin usa din fata a numerosi calatori, mai ales elevi. Cazul nu este singular, mai multi soferi de pe traseele 19, 30 si 20 avand acelasi comportament. Daca se doreste un transport public civilizat, in primul rand, ar trebui eduxati soferii. Desi nu exista alternativa in Iasi, nu recomand transportul public.",pret,0
324,aspect: organizare. text: Incearca o schimbare...dar cu o finanțare redusă...,organizare,1
324,aspect: curatenie. text: Incearca o schimbare...dar cu o finanțare redusă...,curatenie,0
324,aspect: relatii_clienti. text: Incearca o schimbare...dar cu o finanțare redusă...,relatii_clienti,0
324,aspect: soferi_vatmani. text: Incearca o schimbare...dar cu o finanțare redusă...,soferi_vatmani,0
25,"aspect: acoperire_rute. text: Tramvaie insuficiente pe ruta lui 5 sau 11!  Nu e normal sa ai mai mult de 20 de minute de când aștepți, clepsidra de pe indicatorul electric nu arata de 20 de minute nici un timp. Scumpiti biletele dar nu oferiți nimic. Nici măcar un transport decent pe anumite rute. Nu toți iesenii locuiesc în Copou!",acoperire_rute,1
25,"aspect: frecventa. text: Tramvaie insuficiente pe ruta lui 5 sau 11!  Nu e normal sa ai mai mult de 20 de minute de când aștepți, clepsidra de pe indicatorul electric nu arata de 20 de minute nici un timp. Scumpiti biletele dar nu oferiți nimic. Nici măcar un transport decent pe anumite rute. Nu toți iesenii locuiesc în Copou!",frecventa,1
25,"aspect: pret. text: Tramvaie insuficiente pe ruta lui 5 sau 11!  Nu e normal sa ai mai mult de 20 de minute de când aștepți, clepsidra de pe indicatorul electric nu arata de 20 de minute nici un timp. Scumpiti biletele dar nu oferiți nimic. Nici măcar un transport decent pe anumite rute. Nu toți iesenii locuiesc în Copou!",pret,1
25,"aspect: stare_vehicule. text: Tramvaie insuficiente pe ruta lui 5 sau 11!  Nu e normal sa ai mai mult de 20 de minute de când aștepți, clepsidra de pe indicatorul electric nu arata de 20 de minute nici un timp. Scumpiti biletele dar nu oferiți nimic. Nici măcar un transport decent pe anumite rute. Nu toți iesenii locuiesc în Copou!",stare_vehicule,0
25,"aspect: soferi_vatmani. text: Tramvaie insuficiente pe ruta lui 5 sau 11!  Nu e normal sa ai mai mult de 20 de minute de când aștepți, clepsidra de pe indicatorul electric nu arata de 20 de minute nici un timp. Scumpiti biletele dar nu oferiți nimic. Nici măcar un transport decent pe anumite rute. Nu toți iesenii locuiesc în Copou!",soferi_vatmani,0
25,"aspect: validare_bilete. text: Tramvaie insuficiente pe ruta lui 5 sau 11!  Nu e normal sa ai mai mult de 20 de minute de când aștepți, clepsidra de pe indicatorul electric nu arata de 20 de minute nici un timp. Scumpiti biletele dar nu oferiți nimic. Nici măcar un transport decent pe anumite rute. Nu toți iesenii locuiesc în Copou!",validare_bilete,0
25,"aspect: controlori. text: Tramvaie insuficiente pe ruta lui 5 sau 11!  Nu e normal sa ai mai mult de 20 de minute de când aștepți, clepsidra de pe indicatorul electric nu arata de 20 de minute nici un timp. Scumpiti biletele dar nu oferiți nimic. Nici măcar un transport decent pe anumite rute. Nu toți iesenii locuiesc în Copou!",controlori,0
25,"aspect: confort_termic. text: Tramvaie insuficiente pe ruta lui 5 sau 11!  Nu e normal sa ai mai mult de 20 de minute de când aștepți, clepsidra de pe indicatorul electric nu arata de 20 de minute nici un timp. Scumpiti biletele dar nu oferiți nimic. Nici măcar un transport decent pe anumite rute. Nu toți iesenii locuiesc în Copou!",confort_termic,0
25,"aspect: aglomeratie. text: Tramvaie insuficiente pe ruta lui 5 sau 11!  Nu e normal sa ai mai mult de 20 de minute de când aștepți, clepsidra de pe indicatorul electric nu arata de 20 de minute nici un timp. Scumpiti biletele dar nu oferiți nimic. Nici măcar un transport decent pe anumite rute. Nu toți iesenii locuiesc în Copou!",aglomeratie,0
25,"aspect: siguranta. text: Tramvaie insuficiente pe ruta lui 5 sau 11!  Nu e normal sa ai mai mult de 20 de minute de când aștepți, clepsidra de pe indicatorul electric nu arata de 20 de minute nici un timp. Scumpiti biletele dar nu oferiți nimic. Nici măcar un transport decent pe anumite rute. Nu toți iesenii locuiesc în Copou!",siguranta,0
25,"aspect: curatenie. text: Tramvaie insuficiente pe ruta lui 5 sau 11!  Nu e normal sa ai mai mult de 20 de minute de când aștepți, clepsidra de pe indicatorul electric nu arata de 20 de minute nici un timp. Scumpiti biletele dar nu oferiți nimic. Nici măcar un transport decent pe anumite rute. Nu toți iesenii locuiesc în Copou!",curatenie,0
25,"aspect: punctualitate. text: Tramvaie insuficiente pe ruta lui 5 sau 11!  Nu e normal sa ai mai mult de 20 de minute de când aștepți, clepsidra de pe indicatorul electric nu arata de 20 de minute nici un timp. Scumpiti biletele dar nu oferiți nimic. Nici măcar un transport decent pe anumite rute. Nu toți iesenii locuiesc în Copou!",punctualitate,0
299,"aspect: soferi_vatmani. text: Majoritatea soferilor de autobuze sunt nesimintiti! Autobuzul 52, ma apropii de el in statia Terminus, fiind in apropiere si cu genti grele. Nu-mi deschide, aratandu-mi sa merg in statie ( P. Alexandru cel Bun) si in aceeasi secunda porneste din loc. Ajung la fuga, cu inima la gat in statie, ca sa inchida usile fix in fata mea!  Nu e unicul caz cand atitudinea soferilor lasa de dorit!",soferi_vatmani,1
299,"aspect: pret. text: Majoritatea soferilor de autobuze sunt nesimintiti! Autobuzul 52, ma apropii de el in statia Terminus, fiind in apropiere si cu genti grele. Nu-mi deschide, aratandu-mi sa merg in statie ( P. Alexandru cel Bun) si in aceeasi secunda porneste din loc. Ajung la fuga, cu inima la gat in statie, ca sa inchida usile fix in fata mea!  Nu e unicul caz cand atitudinea soferilor lasa de dorit!",pret,0
299,"aspect: frecventa. text: Majoritatea soferilor de autobuze sunt nesimintiti! Autobuzul 52, ma apropii de el in statia Terminus, fiind in apropiere si cu genti grele. Nu-mi deschide, aratandu-mi sa merg in statie ( P. Alexandru cel Bun) si in aceeasi secunda porneste din loc. Ajung la fuga, cu inima la gat in statie, ca sa inchida usile fix in fata mea!  Nu e unicul caz cand atitudinea soferilor lasa de dorit!",frecventa,0
299,"aspect: relatii_clienti. text: Majoritatea soferilor de autobuze sunt nesimintiti! Autobuzul 52, ma apropii de el in statia Terminus, fiind in apropiere si cu genti grele. Nu-mi deschide, aratandu-mi sa merg in statie ( P. Alexandru cel Bun) si in aceeasi secunda porneste din loc. Ajung la fuga, cu inima la gat in statie, ca sa inchida usile fix in fata mea!  Nu e unicul caz cand atitudinea soferilor lasa de dorit!",relatii_clienti,0
81,"aspect: soferi_vatmani. text: Dc 90 la suta din șoferii de la CTP  cand te vad alergând si mai ai 2 pași sa ajungi,efectiv se uita la tine , închid usa si pleaca??????? Cat de meschin sa fii?? Sigur li se fac niste teste psihologice?? Ma indoiesc ...",soferi_vatmani,1
81,"aspect: confort_termic. text: Dc 90 la suta din șoferii de la CTP  cand te vad alergând si mai ai 2 pași sa ajungi,efectiv se uita la tine , închid usa si pleaca??????? Cat de meschin sa fii?? Sigur li se fac niste teste psihologice?? Ma indoiesc ...",confort_termic,0
81,"aspect: aglomeratie. text: Dc 90 la suta din șoferii de la CTP  cand te vad alergând si mai ai 2 pași sa ajungi,efectiv se uita la tine , închid usa si pleaca??????? Cat de meschin sa fii?? Sigur li se fac niste teste psihologice?? Ma indoiesc ...",aglomeratie,0
81,"aspect: curatenie. text: Dc 90 la suta din șoferii de la CTP  cand te vad alergând si mai ai 2 pași sa ajungi,efectiv se uita la tine , închid usa si pleaca??????? Cat de meschin sa fii?? Sigur li se fac niste teste psihologice?? Ma indoiesc ...",curatenie,0
162,aspect: stare_vehicule. text: Servicii precare. Mijloacele de transport sunt sub orice critica iar conditiile din autobuze si din tramvaie sunt foarte proaste.,stare_vehicule,1
162,aspect: frecventa. text: Servicii precare. Mijloacele de transport sunt sub orice critica iar conditiile din autobuze si din tramvaie sunt foarte proaste.,frecventa,0
162,aspect: relatii_clienti. text: Servicii precare. Mijloacele de transport sunt sub orice critica iar conditiile din autobuze si din tramvaie sunt foarte proaste.,relatii_clienti,0
162,aspect: informare_calatori. text: Servicii precare. Mijloacele de transport sunt sub orice critica iar conditiile din autobuze si din tramvaie sunt foarte proaste.,informare_calatori,0
71,"aspect: soferi_vatmani. text: Felicitări șoferului de pe 1081, pt evitarea bizonului cu numere de Bulgaria. A evitat o tragedie în fata la Palat",soferi_vatmani,1
71,"aspect: confort_termic. text: Felicitări șoferului de pe 1081, pt evitarea bizonului cu numere de Bulgaria. A evitat o tragedie în fata la Palat",confort_termic,0
71,"aspect: controlori. text: Felicitări șoferului de pe 1081, pt evitarea bizonului cu numere de Bulgaria. A evitat o tragedie în fata la Palat",controlori,0
71,"aspect: validare_bilete. text: Felicitări șoferului de pe 1081, pt evitarea bizonului cu numere de Bulgaria. A evitat o tragedie în fata la Palat",validare_bilete,0
258,"aspect: aglomeratie. text: Oameni astia nu au ceas. Merg dupa cum au chef. Orarul e de forma. Mai bine o iei pe jos sau taxi decat sa astepti o cursa in multe cazuri. Plus unele curse sunt arhipline. Nu ai cum sa urci.
Nici sa vrei.",aglomeratie,1
258,"aspect: punctualitate. text: Oameni astia nu au ceas. Merg dupa cum au chef. Orarul e de forma. Mai bine o iei pe jos sau taxi decat sa astepti o cursa in multe cazuri. Plus unele curse sunt arhipline. Nu ai cum sa urci.
Nici sa vrei.",punctualitate,1
258,"aspect: stare_vehicule. text: Oameni astia nu au ceas. Merg dupa cum au chef. Orarul e de forma. Mai bine o iei pe jos sau taxi decat sa astepti o cursa in multe cazuri. Plus unele curse sunt arhipline. Nu ai cum sa urci.
Nici sa vrei.",stare_vehicule,0
258,"aspect: pret. text: Oameni astia nu au ceas. Merg dupa cum au chef. Orarul e de forma. Mai bine o iei pe jos sau taxi decat sa astepti o cursa in multe cazuri. Plus unele curse sunt arhipline. Nu ai cum sa urci.
Nici sa vrei.",pret,0
258,"aspect: informare_calatori. text: Oameni astia nu au ceas. Merg dupa cum au chef. Orarul e de forma. Mai bine o iei pe jos sau taxi decat sa astepti o cursa in multe cazuri. Plus unele curse sunt arhipline. Nu ai cum sa urci.
Nici sa vrei.",informare_calatori,0
258,"aspect: validare_bilete. text: Oameni astia nu au ceas. Merg dupa cum au chef. Orarul e de forma. Mai bine o iei pe jos sau taxi decat sa astepti o cursa in multe cazuri. Plus unele curse sunt arhipline. Nu ai cum sa urci.
Nici sa vrei.",validare_bilete,0
258,"aspect: siguranta. text: Oameni astia nu au ceas. Merg dupa cum au chef. Orarul e de forma. Mai bine o iei pe jos sau taxi decat sa astepti o cursa in multe cazuri. Plus unele curse sunt arhipline. Nu ai cum sa urci.
Nici sa vrei.",siguranta,0
258,"aspect: frecventa. text: Oameni astia nu au ceas. Merg dupa cum au chef. Orarul e de forma. Mai bine o iei pe jos sau taxi decat sa astepti o cursa in multe cazuri. Plus unele curse sunt arhipline. Nu ai cum sa urci.
Nici sa vrei.",frecventa,0
SIM_061,aspect: punctualitate. text: Tramvaiul a respectat programul și a plecat din stație la ora anunțată.,punctualitate,1
SIM_061,aspect: stare_vehicule. text: Tramvaiul a respectat programul și a plecat din stație la ora anunțată.,stare_vehicule,0
SIM_061,aspect: confort_termic. text: Tramvaiul a respectat programul și a plecat din stație la ora anunțată.,confort_termic,0
SIM_061,aspect: curatenie. text: Tramvaiul a respectat programul și a plecat din stație la ora anunțată.,curatenie,0
133,"aspect: soferi_vatmani. text: Îi mulțumesc mult vatmanului din tramvaiul 13, număr de parc 102, astăzi a fost un erou pentru mine, acesta mi-a găsit portofelul și mi l-a înapoiat. Este un exemplu de cetățean  care trebuie urmat!",soferi_vatmani,1
133,"aspect: validare_bilete. text: Îi mulțumesc mult vatmanului din tramvaiul 13, număr de parc 102, astăzi a fost un erou pentru mine, acesta mi-a găsit portofelul și mi l-a înapoiat. Este un exemplu de cetățean  care trebuie urmat!",validare_bilete,0
133,"aspect: stare_vehicule. text: Îi mulțumesc mult vatmanului din tramvaiul 13, număr de parc 102, astăzi a fost un erou pentru mine, acesta mi-a găsit portofelul și mi l-a înapoiat. Este un exemplu de cetățean  care trebuie urmat!",stare_vehicule,0
133,"aspect: infrastructura_statii. text: Îi mulțumesc mult vatmanului din tramvaiul 13, număr de parc 102, astăzi a fost un erou pentru mine, acesta mi-a găsit portofelul și mi l-a înapoiat. Este un exemplu de cetățean  care trebuie urmat!",infrastructura_statii,0
215,"aspect: confort_termic. text: Sa transporti oameni dintre-un capat în altul al Iașului la 40°C , denotă o mare lipsă de respect și bun simt. Mai rău ca animalele. Sa te lauzi cu autobuze și tramvaie din fonduri europene dar sa nu fii capabil să găsești un om să ți repare aerul condiționat ! RUSINE ! Sunteți o pata neagră pe fata acestui oraș frumos :(",confort_termic,1
215,"aspect: soferi_vatmani. text: Sa transporti oameni dintre-un capat în altul al Iașului la 40°C , denotă o mare lipsă de respect și bun simt. Mai rău ca animalele. Sa te lauzi cu autobuze și tramvaie din fonduri europene dar sa nu fii capabil să găsești un om să ți repare aerul condiționat ! RUSINE ! Sunteți o pata neagră pe fata acestui oraș frumos :(",soferi_vatmani,0
215,"aspect: frecventa. text: Sa transporti oameni dintre-un capat în altul al Iașului la 40°C , denotă o mare lipsă de respect și bun simt. Mai rău ca animalele. Sa te lauzi cu autobuze și tramvaie din fonduri europene dar sa nu fii capabil să găsești un om să ți repare aerul condiționat ! RUSINE ! Sunteți o pata neagră pe fata acestui oraș frumos :(",frecventa,0
215,"aspect: siguranta. text: Sa transporti oameni dintre-un capat în altul al Iașului la 40°C , denotă o mare lipsă de respect și bun simt. Mai rău ca animalele. Sa te lauzi cu autobuze și tramvaie din fonduri europene dar sa nu fii capabil să găsești un om să ți repare aerul condiționat ! RUSINE ! Sunteți o pata neagră pe fata acestui oraș frumos :(",siguranta,0
243,"aspect: stare_vehicule. text: Autobuze și tramvaiele sunt majoritatea moderne în Iași, recomand călătoria cu transportul public în Iași.",stare_vehicule,1
243,"aspect: soferi_vatmani. text: Autobuze și tramvaiele sunt majoritatea moderne în Iași, recomand călătoria cu transportul public în Iași.",soferi_vatmani,0
243,"aspect: frecventa. text: Autobuze și tramvaiele sunt majoritatea moderne în Iași, recomand călătoria cu transportul public în Iași.",frecventa,0
243,"aspect: siguranta. text: Autobuze și tramvaiele sunt majoritatea moderne în Iași, recomand călătoria cu transportul public în Iași.",siguranta,0
303,"aspect: validare_bilete. text: Biletele o dată compostate au o valabilitate de 120 minute; toate bune și frumoase atâta timp cât ora e 13:47 și pe bilet îți afișează 13:04. Mergem pe principiul ""ori suntem hoti, ori nu mai?""",validare_bilete,1
303,"aspect: aglomeratie. text: Biletele o dată compostate au o valabilitate de 120 minute; toate bune și frumoase atâta timp cât ora e 13:47 și pe bilet îți afișează 13:04. Mergem pe principiul ""ori suntem hoti, ori nu mai?""",aglomeratie,0
303,"aspect: infrastructura_statii. text: Biletele o dată compostate au o valabilitate de 120 minute; toate bune și frumoase atâta timp cât ora e 13:47 și pe bilet îți afișează 13:04. Mergem pe principiul ""ori suntem hoti, ori nu mai?""",infrastructura_statii,0
303,"aspect: stare_vehicule. text: Biletele o dată compostate au o valabilitate de 120 minute; toate bune și frumoase atâta timp cât ora e 13:47 și pe bilet îți afișează 13:04. Mergem pe principiul ""ori suntem hoti, ori nu mai?""",stare_vehicule,0
SIM_120,aspect: informare_calatori. text: Panoul electronic a afișat corect timpul de sosire.,informare_calatori,1
SIM_120,aspect: confort_termic. text: Panoul electronic a afișat corect timpul de sosire.,confort_termic,0
SIM_120,aspect: soferi_vatmani. text: Panoul electronic a afișat corect timpul de sosire.,soferi_vatmani,0
SIM_120,aspect: controlori. text: Panoul electronic a afișat corect timpul de sosire.,controlori,0
207,aspect: informare_calatori. text: Nu se respecta timpii de pe tabela.,informare_calatori,1
207,aspect: stare_vehicule. text: Nu se respecta timpii de pe tabela.,stare_vehicule,0
207,aspect: relatii_clienti. text: Nu se respecta timpii de pe tabela.,relatii_clienti,0
207,aspect: siguranta. text: Nu se respecta timpii de pe tabela.,siguranta,0
218,"aspect: frecventa. text: Jalnic. Pentru ce se scumpesc biletele si abonamentele daca de la 7:25 abia la 08:00 a venit un tramvai? Bataie de joc, mai aveți și nesimțirea sa vă promovați ca asigurând un transport in comun de lăudat.",frecventa,1
218,"aspect: pret. text: Jalnic. Pentru ce se scumpesc biletele si abonamentele daca de la 7:25 abia la 08:00 a venit un tramvai? Bataie de joc, mai aveți și nesimțirea sa vă promovați ca asigurând un transport in comun de lăudat.",pret,1
218,"aspect: siguranta. text: Jalnic. Pentru ce se scumpesc biletele si abonamentele daca de la 7:25 abia la 08:00 a venit un tramvai? Bataie de joc, mai aveți și nesimțirea sa vă promovați ca asigurând un transport in comun de lăudat.",siguranta,0
218,"aspect: infrastructura_statii. text: Jalnic. Pentru ce se scumpesc biletele si abonamentele daca de la 7:25 abia la 08:00 a venit un tramvai? Bataie de joc, mai aveți și nesimțirea sa vă promovați ca asigurând un transport in comun de lăudat.",infrastructura_statii,0
218,"aspect: punctualitate. text: Jalnic. Pentru ce se scumpesc biletele si abonamentele daca de la 7:25 abia la 08:00 a venit un tramvai? Bataie de joc, mai aveți și nesimțirea sa vă promovați ca asigurând un transport in comun de lăudat.",punctualitate,0
218,"aspect: informare_calatori. text: Jalnic. Pentru ce se scumpesc biletele si abonamentele daca de la 7:25 abia la 08:00 a venit un tramvai? Bataie de joc, mai aveți și nesimțirea sa vă promovați ca asigurând un transport in comun de lăudat.",informare_calatori,0
218,"aspect: aglomeratie. text: Jalnic. Pentru ce se scumpesc biletele si abonamentele daca de la 7:25 abia la 08:00 a venit un tramvai? Bataie de joc, mai aveți și nesimțirea sa vă promovați ca asigurând un transport in comun de lăudat.",aglomeratie,0
218,"aspect: stare_vehicule. text: Jalnic. Pentru ce se scumpesc biletele si abonamentele daca de la 7:25 abia la 08:00 a venit un tramvai? Bataie de joc, mai aveți și nesimțirea sa vă promovați ca asigurând un transport in comun de lăudat.",stare_vehicule,0
213,"aspect: aglomeratie. text: Ca turist, in 3 zile de stat am ajuns sa merg prin frig pe jos pentru ca am stat cu mult peste 10-15 minute dupa un autobuz.Mai mult, am stat 15 minute dupa autobuz in conditiile in care nu am putut merge cu tramvaiul pentru ca S-A DEFECTAT SI AM FOST DATI JOS. Nici macar loc sa urci in autobuz nu ai, mai ales daca ai bagaj. Evident,dupa o calatorie cu tramvaiul pierduta si 15 minute asteptat in frig ( in total am pierdut mai mult de jumatate de ora din cauza defectiunii) am ajuns la destinatie tot pe jos!!!",aglomeratie,1
213,"aspect: frecventa. text: Ca turist, in 3 zile de stat am ajuns sa merg prin frig pe jos pentru ca am stat cu mult peste 10-15 minute dupa un autobuz.Mai mult, am stat 15 minute dupa autobuz in conditiile in care nu am putut merge cu tramvaiul pentru ca S-A DEFECTAT SI AM FOST DATI JOS. Nici macar loc sa urci in autobuz nu ai, mai ales daca ai bagaj. Evident,dupa o calatorie cu tramvaiul pierduta si 15 minute asteptat in frig ( in total am pierdut mai mult de jumatate de ora din cauza defectiunii) am ajuns la destinatie tot pe jos!!!",frecventa,1
213,"aspect: stare_vehicule. text: Ca turist, in 3 zile de stat am ajuns sa merg prin frig pe jos pentru ca am stat cu mult peste 10-15 minute dupa un autobuz.Mai mult, am stat 15 minute dupa autobuz in conditiile in care nu am putut merge cu tramvaiul pentru ca S-A DEFECTAT SI AM FOST DATI JOS. Nici macar loc sa urci in autobuz nu ai, mai ales daca ai bagaj. Evident,dupa o calatorie cu tramvaiul pierduta si 15 minute asteptat in frig ( in total am pierdut mai mult de jumatate de ora din cauza defectiunii) am ajuns la destinatie tot pe jos!!!",stare_vehicule,1
213,"aspect: acoperire_rute. text: Ca turist, in 3 zile de stat am ajuns sa merg prin frig pe jos pentru ca am stat cu mult peste 10-15 minute dupa un autobuz.Mai mult, am stat 15 minute dupa autobuz in conditiile in care nu am putut merge cu tramvaiul pentru ca S-A DEFECTAT SI AM FOST DATI JOS. Nici macar loc sa urci in autobuz nu ai, mai ales daca ai bagaj. Evident,dupa o calatorie cu tramvaiul pierduta si 15 minute asteptat in frig ( in total am pierdut mai mult de jumatate de ora din cauza defectiunii) am ajuns la destinatie tot pe jos!!!",acoperire_rute,0
213,"aspect: informare_calatori. text: Ca turist, in 3 zile de stat am ajuns sa merg prin frig pe jos pentru ca am stat cu mult peste 10-15 minute dupa un autobuz.Mai mult, am stat 15 minute dupa autobuz in conditiile in care nu am putut merge cu tramvaiul pentru ca S-A DEFECTAT SI AM FOST DATI JOS. Nici macar loc sa urci in autobuz nu ai, mai ales daca ai bagaj. Evident,dupa o calatorie cu tramvaiul pierduta si 15 minute asteptat in frig ( in total am pierdut mai mult de jumatate de ora din cauza defectiunii) am ajuns la destinatie tot pe jos!!!",informare_calatori,0
213,"aspect: punctualitate. text: Ca turist, in 3 zile de stat am ajuns sa merg prin frig pe jos pentru ca am stat cu mult peste 10-15 minute dupa un autobuz.Mai mult, am stat 15 minute dupa autobuz in conditiile in care nu am putut merge cu tramvaiul pentru ca S-A DEFECTAT SI AM FOST DATI JOS. Nici macar loc sa urci in autobuz nu ai, mai ales daca ai bagaj. Evident,dupa o calatorie cu tramvaiul pierduta si 15 minute asteptat in frig ( in total am pierdut mai mult de jumatate de ora din cauza defectiunii) am ajuns la destinatie tot pe jos!!!",punctualitate,0
213,"aspect: confort_termic. text: Ca turist, in 3 zile de stat am ajuns sa merg prin frig pe jos pentru ca am stat cu mult peste 10-15 minute dupa un autobuz.Mai mult, am stat 15 minute dupa autobuz in conditiile in care nu am putut merge cu tramvaiul pentru ca S-A DEFECTAT SI AM FOST DATI JOS. Nici macar loc sa urci in autobuz nu ai, mai ales daca ai bagaj. Evident,dupa o calatorie cu tramvaiul pierduta si 15 minute asteptat in frig ( in total am pierdut mai mult de jumatate de ora din cauza defectiunii) am ajuns la destinatie tot pe jos!!!",confort_termic,0
213,"aspect: pret. text: Ca turist, in 3 zile de stat am ajuns sa merg prin frig pe jos pentru ca am stat cu mult peste 10-15 minute dupa un autobuz.Mai mult, am stat 15 minute dupa autobuz in conditiile in care nu am putut merge cu tramvaiul pentru ca S-A DEFECTAT SI AM FOST DATI JOS. Nici macar loc sa urci in autobuz nu ai, mai ales daca ai bagaj. Evident,dupa o calatorie cu tramvaiul pierduta si 15 minute asteptat in frig ( in total am pierdut mai mult de jumatate de ora din cauza defectiunii) am ajuns la destinatie tot pe jos!!!",pret,0
213,"aspect: infrastructura_statii. text: Ca turist, in 3 zile de stat am ajuns sa merg prin frig pe jos pentru ca am stat cu mult peste 10-15 minute dupa un autobuz.Mai mult, am stat 15 minute dupa autobuz in conditiile in care nu am putut merge cu tramvaiul pentru ca S-A DEFECTAT SI AM FOST DATI JOS. Nici macar loc sa urci in autobuz nu ai, mai ales daca ai bagaj. Evident,dupa o calatorie cu tramvaiul pierduta si 15 minute asteptat in frig ( in total am pierdut mai mult de jumatate de ora din cauza defectiunii) am ajuns la destinatie tot pe jos!!!",infrastructura_statii,0
213,"aspect: siguranta. text: Ca turist, in 3 zile de stat am ajuns sa merg prin frig pe jos pentru ca am stat cu mult peste 10-15 minute dupa un autobuz.Mai mult, am stat 15 minute dupa autobuz in conditiile in care nu am putut merge cu tramvaiul pentru ca S-A DEFECTAT SI AM FOST DATI JOS. Nici macar loc sa urci in autobuz nu ai, mai ales daca ai bagaj. Evident,dupa o calatorie cu tramvaiul pierduta si 15 minute asteptat in frig ( in total am pierdut mai mult de jumatate de ora din cauza defectiunii) am ajuns la destinatie tot pe jos!!!",siguranta,0
213,"aspect: organizare. text: Ca turist, in 3 zile de stat am ajuns sa merg prin frig pe jos pentru ca am stat cu mult peste 10-15 minute dupa un autobuz.Mai mult, am stat 15 minute dupa autobuz in conditiile in care nu am putut merge cu tramvaiul pentru ca S-A DEFECTAT SI AM FOST DATI JOS. Nici macar loc sa urci in autobuz nu ai, mai ales daca ai bagaj. Evident,dupa o calatorie cu tramvaiul pierduta si 15 minute asteptat in frig ( in total am pierdut mai mult de jumatate de ora din cauza defectiunii) am ajuns la destinatie tot pe jos!!!",organizare,0
213,"aspect: controlori. text: Ca turist, in 3 zile de stat am ajuns sa merg prin frig pe jos pentru ca am stat cu mult peste 10-15 minute dupa un autobuz.Mai mult, am stat 15 minute dupa autobuz in conditiile in care nu am putut merge cu tramvaiul pentru ca S-A DEFECTAT SI AM FOST DATI JOS. Nici macar loc sa urci in autobuz nu ai, mai ales daca ai bagaj. Evident,dupa o calatorie cu tramvaiul pierduta si 15 minute asteptat in frig ( in total am pierdut mai mult de jumatate de ora din cauza defectiunii) am ajuns la destinatie tot pe jos!!!",controlori,0
188,aspect: frecventa. text: Autobuze mai dese și șoferi mai educați..,frecventa,1
188,aspect: soferi_vatmani. text: Autobuze mai dese și șoferi mai educați..,soferi_vatmani,1
188,aspect: punctualitate. text: Autobuze mai dese și șoferi mai educați..,punctualitate,0
188,aspect: infrastructura_statii. text: Autobuze mai dese și șoferi mai educați..,infrastructura_statii,0
188,aspect: relatii_clienti. text: Autobuze mai dese și șoferi mai educați..,relatii_clienti,0
188,aspect: informare_calatori. text: Autobuze mai dese și șoferi mai educați..,informare_calatori,0
188,aspect: aglomeratie. text: Autobuze mai dese și șoferi mai educați..,aglomeratie,0
188,aspect: controlori. text: Autobuze mai dese și șoferi mai educați..,controlori,0
SIM_078,aspect: aglomeratie. text: Deși era dimineață autobuzul nu era plin și s-a circulat confortabil.,aglomeratie,1
SIM_078,aspect: organizare. text: Deși era dimineață autobuzul nu era plin și s-a circulat confortabil.,organizare,0
SIM_078,aspect: acoperire_rute. text: Deși era dimineață autobuzul nu era plin și s-a circulat confortabil.,acoperire_rute,0
SIM_078,aspect: punctualitate. text: Deși era dimineață autobuzul nu era plin și s-a circulat confortabil.,punctualitate,0
SIM_099,aspect: curatenie. text: Autobuzul era curat și mirosea plăcut în interior.,curatenie,1
SIM_099,aspect: validare_bilete. text: Autobuzul era curat și mirosea plăcut în interior.,validare_bilete,0
SIM_099,aspect: pret. text: Autobuzul era curat și mirosea plăcut în interior.,pret,0
SIM_099,aspect: informare_calatori. text: Autobuzul era curat și mirosea plăcut în interior.,informare_calatori,0
208,aspect: controlori. text: I had a paper ticket and they didn't accept it. The guy was threatening me and he also didn't know English so I couldn't explain to him that I already had a ticket. He said they didn't accept card because he probably wanted to take the money himself... disappointing.  I noticed a lot of people are complaining about the same thing. I would take legal action because the guy was literally threatening to hit me but 20 euros are neither enough to go trough all this nor to beat the guy up. If I could I would give you zero stars... shame on you,controlori,1
208,aspect: validare_bilete. text: I had a paper ticket and they didn't accept it. The guy was threatening me and he also didn't know English so I couldn't explain to him that I already had a ticket. He said they didn't accept card because he probably wanted to take the money himself... disappointing.  I noticed a lot of people are complaining about the same thing. I would take legal action because the guy was literally threatening to hit me but 20 euros are neither enough to go trough all this nor to beat the guy up. If I could I would give you zero stars... shame on you,validare_bilete,1
208,aspect: punctualitate. text: I had a paper ticket and they didn't accept it. The guy was threatening me and he also didn't know English so I couldn't explain to him that I already had a ticket. He said they didn't accept card because he probably wanted to take the money himself... disappointing.  I noticed a lot of people are complaining about the same thing. I would take legal action because the guy was literally threatening to hit me but 20 euros are neither enough to go trough all this nor to beat the guy up. If I could I would give you zero stars... shame on you,punctualitate,0
208,aspect: curatenie. text: I had a paper ticket and they didn't accept it. The guy was threatening me and he also didn't know English so I couldn't explain to him that I already had a ticket. He said they didn't accept card because he probably wanted to take the money himself... disappointing.  I noticed a lot of people are complaining about the same thing. I would take legal action because the guy was literally threatening to hit me but 20 euros are neither enough to go trough all this nor to beat the guy up. If I could I would give you zero stars... shame on you,curatenie,0
208,aspect: relatii_clienti. text: I had a paper ticket and they didn't accept it. The guy was threatening me and he also didn't know English so I couldn't explain to him that I already had a ticket. He said they didn't accept card because he probably wanted to take the money himself... disappointing.  I noticed a lot of people are complaining about the same thing. I would take legal action because the guy was literally threatening to hit me but 20 euros are neither enough to go trough all this nor to beat the guy up. If I could I would give you zero stars... shame on you,relatii_clienti,0
208,aspect: aglomeratie. text: I had a paper ticket and they didn't accept it. The guy was threatening me and he also didn't know English so I couldn't explain to him that I already had a ticket. He said they didn't accept card because he probably wanted to take the money himself... disappointing.  I noticed a lot of people are complaining about the same thing. I would take legal action because the guy was literally threatening to hit me but 20 euros are neither enough to go trough all this nor to beat the guy up. If I could I would give you zero stars... shame on you,aglomeratie,0
208,aspect: organizare. text: I had a paper ticket and they didn't accept it. The guy was threatening me and he also didn't know English so I couldn't explain to him that I already had a ticket. He said they didn't accept card because he probably wanted to take the money himself... disappointing.  I noticed a lot of people are complaining about the same thing. I would take legal action because the guy was literally threatening to hit me but 20 euros are neither enough to go trough all this nor to beat the guy up. If I could I would give you zero stars... shame on you,organizare,0
208,aspect: frecventa. text: I had a paper ticket and they didn't accept it. The guy was threatening me and he also didn't know English so I couldn't explain to him that I already had a ticket. He said they didn't accept card because he probably wanted to take the money himself... disappointing.  I noticed a lot of people are complaining about the same thing. I would take legal action because the guy was literally threatening to hit me but 20 euros are neither enough to go trough all this nor to beat the guy up. If I could I would give you zero stars... shame on you,frecventa,0
1,"aspect: aglomeratie. text: POS-urile din tramvai nu merg, tramvaie pline, timp de asteptare lung,  posibilitatea de a mai cumperi prin 24pay nu exista. Cred ca am spus tot cu asta",aglomeratie,1
1,"aspect: frecventa. text: POS-urile din tramvai nu merg, tramvaie pline, timp de asteptare lung,  posibilitatea de a mai cumperi prin 24pay nu exista. Cred ca am spus tot cu asta",frecventa,1
1,"aspect: validare_bilete. text: POS-urile din tramvai nu merg, tramvaie pline, timp de asteptare lung,  posibilitatea de a mai cumperi prin 24pay nu exista. Cred ca am spus tot cu asta",validare_bilete,1
1,"aspect: siguranta. text: POS-urile din tramvai nu merg, tramvaie pline, timp de asteptare lung,  posibilitatea de a mai cumperi prin 24pay nu exista. Cred ca am spus tot cu asta",siguranta,0
1,"aspect: organizare. text: POS-urile din tramvai nu merg, tramvaie pline, timp de asteptare lung,  posibilitatea de a mai cumperi prin 24pay nu exista. Cred ca am spus tot cu asta",organizare,0
1,"aspect: confort_termic. text: POS-urile din tramvai nu merg, tramvaie pline, timp de asteptare lung,  posibilitatea de a mai cumperi prin 24pay nu exista. Cred ca am spus tot cu asta",confort_termic,0
1,"aspect: controlori. text: POS-urile din tramvai nu merg, tramvaie pline, timp de asteptare lung,  posibilitatea de a mai cumperi prin 24pay nu exista. Cred ca am spus tot cu asta",controlori,0
1,"aspect: acoperire_rute. text: POS-urile din tramvai nu merg, tramvaie pline, timp de asteptare lung,  posibilitatea de a mai cumperi prin 24pay nu exista. Cred ca am spus tot cu asta",acoperire_rute,0
1,"aspect: punctualitate. text: POS-urile din tramvai nu merg, tramvaie pline, timp de asteptare lung,  posibilitatea de a mai cumperi prin 24pay nu exista. Cred ca am spus tot cu asta",punctualitate,0
1,"aspect: relatii_clienti. text: POS-urile din tramvai nu merg, tramvaie pline, timp de asteptare lung,  posibilitatea de a mai cumperi prin 24pay nu exista. Cred ca am spus tot cu asta",relatii_clienti,0
1,"aspect: curatenie. text: POS-urile din tramvai nu merg, tramvaie pline, timp de asteptare lung,  posibilitatea de a mai cumperi prin 24pay nu exista. Cred ca am spus tot cu asta",curatenie,0
1,"aspect: pret. text: POS-urile din tramvai nu merg, tramvaie pline, timp de asteptare lung,  posibilitatea de a mai cumperi prin 24pay nu exista. Cred ca am spus tot cu asta",pret,0
244,"aspect: confort_termic. text: Cea mai proasta experienta: sa circuli cu transportul in comun din Iasi cand afara sunt 35 de grade. Este inadmisibil sa astepti un autobuz din trei posibile (un 42, 43 sau 19) 25 de minute sambata la ora 12 cand e atata forfota in oras. Tabelele alea sunt degeaba, nu reflecta realitatea, mai rau te enerveaza cand se blocheaza la 3 minute. In final vine un jaf de autobuz, cu aer conditionat vai de mama lui, dar care in schimb scotea un zgomot infernal, nu se intelegea om cu om. Mai mult, nu am putut selecta pretul biletului de 3 lei cat era normal (nu afisa aparatul  si suma de 3 lei ci doar pe celelalte la care minimul era de 5 lei), astfel incat am platit si scump acea cursa.",confort_termic,1
244,"aspect: frecventa. text: Cea mai proasta experienta: sa circuli cu transportul in comun din Iasi cand afara sunt 35 de grade. Este inadmisibil sa astepti un autobuz din trei posibile (un 42, 43 sau 19) 25 de minute sambata la ora 12 cand e atata forfota in oras. Tabelele alea sunt degeaba, nu reflecta realitatea, mai rau te enerveaza cand se blocheaza la 3 minute. In final vine un jaf de autobuz, cu aer conditionat vai de mama lui, dar care in schimb scotea un zgomot infernal, nu se intelegea om cu om. Mai mult, nu am putut selecta pretul biletului de 3 lei cat era normal (nu afisa aparatul  si suma de 3 lei ci doar pe celelalte la care minimul era de 5 lei), astfel incat am platit si scump acea cursa.",frecventa,1
244,"aspect: informare_calatori. text: Cea mai proasta experienta: sa circuli cu transportul in comun din Iasi cand afara sunt 35 de grade. Este inadmisibil sa astepti un autobuz din trei posibile (un 42, 43 sau 19) 25 de minute sambata la ora 12 cand e atata forfota in oras. Tabelele alea sunt degeaba, nu reflecta realitatea, mai rau te enerveaza cand se blocheaza la 3 minute. In final vine un jaf de autobuz, cu aer conditionat vai de mama lui, dar care in schimb scotea un zgomot infernal, nu se intelegea om cu om. Mai mult, nu am putut selecta pretul biletului de 3 lei cat era normal (nu afisa aparatul  si suma de 3 lei ci doar pe celelalte la care minimul era de 5 lei), astfel incat am platit si scump acea cursa.",informare_calatori,1
244,"aspect: validare_bilete. text: Cea mai proasta experienta: sa circuli cu transportul in comun din Iasi cand afara sunt 35 de grade. Este inadmisibil sa astepti un autobuz din trei posibile (un 42, 43 sau 19) 25 de minute sambata la ora 12 cand e atata forfota in oras. Tabelele alea sunt degeaba, nu reflecta realitatea, mai rau te enerveaza cand se blocheaza la 3 minute. In final vine un jaf de autobuz, cu aer conditionat vai de mama lui, dar care in schimb scotea un zgomot infernal, nu se intelegea om cu om. Mai mult, nu am putut selecta pretul biletului de 3 lei cat era normal (nu afisa aparatul  si suma de 3 lei ci doar pe celelalte la care minimul era de 5 lei), astfel incat am platit si scump acea cursa.",validare_bilete,1
244,"aspect: aglomeratie. text: Cea mai proasta experienta: sa circuli cu transportul in comun din Iasi cand afara sunt 35 de grade. Este inadmisibil sa astepti un autobuz din trei posibile (un 42, 43 sau 19) 25 de minute sambata la ora 12 cand e atata forfota in oras. Tabelele alea sunt degeaba, nu reflecta realitatea, mai rau te enerveaza cand se blocheaza la 3 minute. In final vine un jaf de autobuz, cu aer conditionat vai de mama lui, dar care in schimb scotea un zgomot infernal, nu se intelegea om cu om. Mai mult, nu am putut selecta pretul biletului de 3 lei cat era normal (nu afisa aparatul  si suma de 3 lei ci doar pe celelalte la care minimul era de 5 lei), astfel incat am platit si scump acea cursa.",aglomeratie,0
244,"aspect: curatenie. text: Cea mai proasta experienta: sa circuli cu transportul in comun din Iasi cand afara sunt 35 de grade. Este inadmisibil sa astepti un autobuz din trei posibile (un 42, 43 sau 19) 25 de minute sambata la ora 12 cand e atata forfota in oras. Tabelele alea sunt degeaba, nu reflecta realitatea, mai rau te enerveaza cand se blocheaza la 3 minute. In final vine un jaf de autobuz, cu aer conditionat vai de mama lui, dar care in schimb scotea un zgomot infernal, nu se intelegea om cu om. Mai mult, nu am putut selecta pretul biletului de 3 lei cat era normal (nu afisa aparatul  si suma de 3 lei ci doar pe celelalte la care minimul era de 5 lei), astfel incat am platit si scump acea cursa.",curatenie,0
244,"aspect: relatii_clienti. text: Cea mai proasta experienta: sa circuli cu transportul in comun din Iasi cand afara sunt 35 de grade. Este inadmisibil sa astepti un autobuz din trei posibile (un 42, 43 sau 19) 25 de minute sambata la ora 12 cand e atata forfota in oras. Tabelele alea sunt degeaba, nu reflecta realitatea, mai rau te enerveaza cand se blocheaza la 3 minute. In final vine un jaf de autobuz, cu aer conditionat vai de mama lui, dar care in schimb scotea un zgomot infernal, nu se intelegea om cu om. Mai mult, nu am putut selecta pretul biletului de 3 lei cat era normal (nu afisa aparatul  si suma de 3 lei ci doar pe celelalte la care minimul era de 5 lei), astfel incat am platit si scump acea cursa.",relatii_clienti,0
244,"aspect: controlori. text: Cea mai proasta experienta: sa circuli cu transportul in comun din Iasi cand afara sunt 35 de grade. Este inadmisibil sa astepti un autobuz din trei posibile (un 42, 43 sau 19) 25 de minute sambata la ora 12 cand e atata forfota in oras. Tabelele alea sunt degeaba, nu reflecta realitatea, mai rau te enerveaza cand se blocheaza la 3 minute. In final vine un jaf de autobuz, cu aer conditionat vai de mama lui, dar care in schimb scotea un zgomot infernal, nu se intelegea om cu om. Mai mult, nu am putut selecta pretul biletului de 3 lei cat era normal (nu afisa aparatul  si suma de 3 lei ci doar pe celelalte la care minimul era de 5 lei), astfel incat am platit si scump acea cursa.",controlori,0
244,"aspect: pret. text: Cea mai proasta experienta: sa circuli cu transportul in comun din Iasi cand afara sunt 35 de grade. Este inadmisibil sa astepti un autobuz din trei posibile (un 42, 43 sau 19) 25 de minute sambata la ora 12 cand e atata forfota in oras. Tabelele alea sunt degeaba, nu reflecta realitatea, mai rau te enerveaza cand se blocheaza la 3 minute. In final vine un jaf de autobuz, cu aer conditionat vai de mama lui, dar care in schimb scotea un zgomot infernal, nu se intelegea om cu om. Mai mult, nu am putut selecta pretul biletului de 3 lei cat era normal (nu afisa aparatul  si suma de 3 lei ci doar pe celelalte la care minimul era de 5 lei), astfel incat am platit si scump acea cursa.",pret,0
244,"aspect: soferi_vatmani. text: Cea mai proasta experienta: sa circuli cu transportul in comun din Iasi cand afara sunt 35 de grade. Este inadmisibil sa astepti un autobuz din trei posibile (un 42, 43 sau 19) 25 de minute sambata la ora 12 cand e atata forfota in oras. Tabelele alea sunt degeaba, nu reflecta realitatea, mai rau te enerveaza cand se blocheaza la 3 minute. In final vine un jaf de autobuz, cu aer conditionat vai de mama lui, dar care in schimb scotea un zgomot infernal, nu se intelegea om cu om. Mai mult, nu am putut selecta pretul biletului de 3 lei cat era normal (nu afisa aparatul  si suma de 3 lei ci doar pe celelalte la care minimul era de 5 lei), astfel incat am platit si scump acea cursa.",soferi_vatmani,0
244,"aspect: siguranta. text: Cea mai proasta experienta: sa circuli cu transportul in comun din Iasi cand afara sunt 35 de grade. Este inadmisibil sa astepti un autobuz din trei posibile (un 42, 43 sau 19) 25 de minute sambata la ora 12 cand e atata forfota in oras. Tabelele alea sunt degeaba, nu reflecta realitatea, mai rau te enerveaza cand se blocheaza la 3 minute. In final vine un jaf de autobuz, cu aer conditionat vai de mama lui, dar care in schimb scotea un zgomot infernal, nu se intelegea om cu om. Mai mult, nu am putut selecta pretul biletului de 3 lei cat era normal (nu afisa aparatul  si suma de 3 lei ci doar pe celelalte la care minimul era de 5 lei), astfel incat am platit si scump acea cursa.",siguranta,0
244,"aspect: infrastructura_statii. text: Cea mai proasta experienta: sa circuli cu transportul in comun din Iasi cand afara sunt 35 de grade. Este inadmisibil sa astepti un autobuz din trei posibile (un 42, 43 sau 19) 25 de minute sambata la ora 12 cand e atata forfota in oras. Tabelele alea sunt degeaba, nu reflecta realitatea, mai rau te enerveaza cand se blocheaza la 3 minute. In final vine un jaf de autobuz, cu aer conditionat vai de mama lui, dar care in schimb scotea un zgomot infernal, nu se intelegea om cu om. Mai mult, nu am putut selecta pretul biletului de 3 lei cat era normal (nu afisa aparatul  si suma de 3 lei ci doar pe celelalte la care minimul era de 5 lei), astfel incat am platit si scump acea cursa.",infrastructura_statii,0
244,"aspect: punctualitate. text: Cea mai proasta experienta: sa circuli cu transportul in comun din Iasi cand afara sunt 35 de grade. Este inadmisibil sa astepti un autobuz din trei posibile (un 42, 43 sau 19) 25 de minute sambata la ora 12 cand e atata forfota in oras. Tabelele alea sunt degeaba, nu reflecta realitatea, mai rau te enerveaza cand se blocheaza la 3 minute. In final vine un jaf de autobuz, cu aer conditionat vai de mama lui, dar care in schimb scotea un zgomot infernal, nu se intelegea om cu om. Mai mult, nu am putut selecta pretul biletului de 3 lei cat era normal (nu afisa aparatul  si suma de 3 lei ci doar pe celelalte la care minimul era de 5 lei), astfel incat am platit si scump acea cursa.",punctualitate,0
244,"aspect: organizare. text: Cea mai proasta experienta: sa circuli cu transportul in comun din Iasi cand afara sunt 35 de grade. Este inadmisibil sa astepti un autobuz din trei posibile (un 42, 43 sau 19) 25 de minute sambata la ora 12 cand e atata forfota in oras. Tabelele alea sunt degeaba, nu reflecta realitatea, mai rau te enerveaza cand se blocheaza la 3 minute. In final vine un jaf de autobuz, cu aer conditionat vai de mama lui, dar care in schimb scotea un zgomot infernal, nu se intelegea om cu om. Mai mult, nu am putut selecta pretul biletului de 3 lei cat era normal (nu afisa aparatul  si suma de 3 lei ci doar pe celelalte la care minimul era de 5 lei), astfel incat am platit si scump acea cursa.",organizare,0
244,"aspect: acoperire_rute. text: Cea mai proasta experienta: sa circuli cu transportul in comun din Iasi cand afara sunt 35 de grade. Este inadmisibil sa astepti un autobuz din trei posibile (un 42, 43 sau 19) 25 de minute sambata la ora 12 cand e atata forfota in oras. Tabelele alea sunt degeaba, nu reflecta realitatea, mai rau te enerveaza cand se blocheaza la 3 minute. In final vine un jaf de autobuz, cu aer conditionat vai de mama lui, dar care in schimb scotea un zgomot infernal, nu se intelegea om cu om. Mai mult, nu am putut selecta pretul biletului de 3 lei cat era normal (nu afisa aparatul  si suma de 3 lei ci doar pe celelalte la care minimul era de 5 lei), astfel incat am platit si scump acea cursa.",acoperire_rute,0
244,"aspect: stare_vehicule. text: Cea mai proasta experienta: sa circuli cu transportul in comun din Iasi cand afara sunt 35 de grade. Este inadmisibil sa astepti un autobuz din trei posibile (un 42, 43 sau 19) 25 de minute sambata la ora 12 cand e atata forfota in oras. Tabelele alea sunt degeaba, nu reflecta realitatea, mai rau te enerveaza cand se blocheaza la 3 minute. In final vine un jaf de autobuz, cu aer conditionat vai de mama lui, dar care in schimb scotea un zgomot infernal, nu se intelegea om cu om. Mai mult, nu am putut selecta pretul biletului de 3 lei cat era normal (nu afisa aparatul  si suma de 3 lei ci doar pe celelalte la care minimul era de 5 lei), astfel incat am platit si scump acea cursa.",stare_vehicule,0
326,"aspect: controlori. text: Din 3 aparate pentru validat bilete, care sunt in tramvaiul 6, nr. 280, doar unul functioneaza. Daca vreti sa aveti motiv sa dati amenzi, e cel mai josnic motiv sa o faceti in acest mod, pentru ca nici un controlor nu te crede cand ii zici ca nu functioneaza.

In calitate de calator esti obligat sa gadili aparatul, ca atunci cand ai un lacat stricat si incerci sa il deschizi cu toate cheile din buzunar.

Eu am platit bilet, voi nu va faceti treaba sa tineti functionale rablele pe care le numiti mijloace de transport in comun. Nu e treaba mea sa fac pe gladiatorul cu aparatul de validat.",controlori,1
326,"aspect: validare_bilete. text: Din 3 aparate pentru validat bilete, care sunt in tramvaiul 6, nr. 280, doar unul functioneaza. Daca vreti sa aveti motiv sa dati amenzi, e cel mai josnic motiv sa o faceti in acest mod, pentru ca nici un controlor nu te crede cand ii zici ca nu functioneaza.

In calitate de calator esti obligat sa gadili aparatul, ca atunci cand ai un lacat stricat si incerci sa il deschizi cu toate cheile din buzunar.

Eu am platit bilet, voi nu va faceti treaba sa tineti functionale rablele pe care le numiti mijloace de transport in comun. Nu e treaba mea sa fac pe gladiatorul cu aparatul de validat.",validare_bilete,1
326,"aspect: relatii_clienti. text: Din 3 aparate pentru validat bilete, care sunt in tramvaiul 6, nr. 280, doar unul functioneaza. Daca vreti sa aveti motiv sa dati amenzi, e cel mai josnic motiv sa o faceti in acest mod, pentru ca nici un controlor nu te crede cand ii zici ca nu functioneaza.

In calitate de calator esti obligat sa gadili aparatul, ca atunci cand ai un lacat stricat si incerci sa il deschizi cu toate cheile din buzunar.

Eu am platit bilet, voi nu va faceti treaba sa tineti functionale rablele pe care le numiti mijloace de transport in comun. Nu e treaba mea sa fac pe gladiatorul cu aparatul de validat.",relatii_clienti,0
326,"aspect: aglomeratie. text: Din 3 aparate pentru validat bilete, care sunt in tramvaiul 6, nr. 280, doar unul functioneaza. Daca vreti sa aveti motiv sa dati amenzi, e cel mai josnic motiv sa o faceti in acest mod, pentru ca nici un controlor nu te crede cand ii zici ca nu functioneaza.

In calitate de calator esti obligat sa gadili aparatul, ca atunci cand ai un lacat stricat si incerci sa il deschizi cu toate cheile din buzunar.

Eu am platit bilet, voi nu va faceti treaba sa tineti functionale rablele pe care le numiti mijloace de transport in comun. Nu e treaba mea sa fac pe gladiatorul cu aparatul de validat.",aglomeratie,0
326,"aspect: organizare. text: Din 3 aparate pentru validat bilete, care sunt in tramvaiul 6, nr. 280, doar unul functioneaza. Daca vreti sa aveti motiv sa dati amenzi, e cel mai josnic motiv sa o faceti in acest mod, pentru ca nici un controlor nu te crede cand ii zici ca nu functioneaza.

In calitate de calator esti obligat sa gadili aparatul, ca atunci cand ai un lacat stricat si incerci sa il deschizi cu toate cheile din buzunar.

Eu am platit bilet, voi nu va faceti treaba sa tineti functionale rablele pe care le numiti mijloace de transport in comun. Nu e treaba mea sa fac pe gladiatorul cu aparatul de validat.",organizare,0
326,"aspect: punctualitate. text: Din 3 aparate pentru validat bilete, care sunt in tramvaiul 6, nr. 280, doar unul functioneaza. Daca vreti sa aveti motiv sa dati amenzi, e cel mai josnic motiv sa o faceti in acest mod, pentru ca nici un controlor nu te crede cand ii zici ca nu functioneaza.

In calitate de calator esti obligat sa gadili aparatul, ca atunci cand ai un lacat stricat si incerci sa il deschizi cu toate cheile din buzunar.

Eu am platit bilet, voi nu va faceti treaba sa tineti functionale rablele pe care le numiti mijloace de transport in comun. Nu e treaba mea sa fac pe gladiatorul cu aparatul de validat.",punctualitate,0
326,"aspect: infrastructura_statii. text: Din 3 aparate pentru validat bilete, care sunt in tramvaiul 6, nr. 280, doar unul functioneaza. Daca vreti sa aveti motiv sa dati amenzi, e cel mai josnic motiv sa o faceti in acest mod, pentru ca nici un controlor nu te crede cand ii zici ca nu functioneaza.

In calitate de calator esti obligat sa gadili aparatul, ca atunci cand ai un lacat stricat si incerci sa il deschizi cu toate cheile din buzunar.

Eu am platit bilet, voi nu va faceti treaba sa tineti functionale rablele pe care le numiti mijloace de transport in comun. Nu e treaba mea sa fac pe gladiatorul cu aparatul de validat.",infrastructura_statii,0
326,"aspect: frecventa. text: Din 3 aparate pentru validat bilete, care sunt in tramvaiul 6, nr. 280, doar unul functioneaza. Daca vreti sa aveti motiv sa dati amenzi, e cel mai josnic motiv sa o faceti in acest mod, pentru ca nici un controlor nu te crede cand ii zici ca nu functioneaza.

In calitate de calator esti obligat sa gadili aparatul, ca atunci cand ai un lacat stricat si incerci sa il deschizi cu toate cheile din buzunar.

Eu am platit bilet, voi nu va faceti treaba sa tineti functionale rablele pe care le numiti mijloace de transport in comun. Nu e treaba mea sa fac pe gladiatorul cu aparatul de validat.",frecventa,0
172,"aspect: relatii_clienti. text: Lupsita de respect pentru pasageri. Nu au nici cele mai vagi noțiuni de conduită morală. Fiind singurii care se ocupă de transportul public urban , fac legea după placul lor, fara sa tina cont de problemele cetățenilor.",relatii_clienti,1
172,"aspect: acoperire_rute. text: Lupsita de respect pentru pasageri. Nu au nici cele mai vagi noțiuni de conduită morală. Fiind singurii care se ocupă de transportul public urban , fac legea după placul lor, fara sa tina cont de problemele cetățenilor.",acoperire_rute,0
172,"aspect: siguranta. text: Lupsita de respect pentru pasageri. Nu au nici cele mai vagi noțiuni de conduită morală. Fiind singurii care se ocupă de transportul public urban , fac legea după placul lor, fara sa tina cont de problemele cetățenilor.",siguranta,0
172,"aspect: frecventa. text: Lupsita de respect pentru pasageri. Nu au nici cele mai vagi noțiuni de conduită morală. Fiind singurii care se ocupă de transportul public urban , fac legea după placul lor, fara sa tina cont de problemele cetățenilor.",frecventa,0
226,aspect: organizare. text: O instituție incompetentă condusă de niște căpușe.,organizare,1
226,aspect: controlori. text: O instituție incompetentă condusă de niște căpușe.,controlori,0
226,aspect: infrastructura_statii. text: O instituție incompetentă condusă de niște căpușe.,infrastructura_statii,0
226,aspect: stare_vehicule. text: O instituție incompetentă condusă de niște căpușe.,stare_vehicule,0
136,"aspect: frecventa. text: Nu este prima data cand, pe traseul 36, astepti in statia Viticola 25-30 minute un autobuz si imediat dupa primul autobuz, vine alt 36. Eu stiam ca autobuzele ar trebui sa aiba program diferit astfel incat, daca ai ratat un autobuz (pt ca oricum programul nu se respecta absolut deloc), macar sa prinzi altul la 10-15 minute diferenta. Nu e prima data cand sunt pusa in situatia de a alege in care autobuz sa intru, din moment ce vin unul dupa altul. Soferii sunt asa prieteni de nedespartit incat nu se pot desparti macar cand parcurg ruta? Ori unul dintre ei ii da blanao prin oras, iar celalalt nu scoate autobuzul din 20km/h? Pai nu va mai mirati ca oamenii isi cumpără “tigăile” alea de care se plange toata lumea. Intr-un oras universitar, sa fac acumulat 50-60 minute ca sa ajung la munca cu autobuzul, mai degraba las masina pe liber pe Copou, ies mai ieftin.",frecventa,1
136,"aspect: punctualitate. text: Nu este prima data cand, pe traseul 36, astepti in statia Viticola 25-30 minute un autobuz si imediat dupa primul autobuz, vine alt 36. Eu stiam ca autobuzele ar trebui sa aiba program diferit astfel incat, daca ai ratat un autobuz (pt ca oricum programul nu se respecta absolut deloc), macar sa prinzi altul la 10-15 minute diferenta. Nu e prima data cand sunt pusa in situatia de a alege in care autobuz sa intru, din moment ce vin unul dupa altul. Soferii sunt asa prieteni de nedespartit incat nu se pot desparti macar cand parcurg ruta? Ori unul dintre ei ii da blanao prin oras, iar celalalt nu scoate autobuzul din 20km/h? Pai nu va mai mirati ca oamenii isi cumpără “tigăile” alea de care se plange toata lumea. Intr-un oras universitar, sa fac acumulat 50-60 minute ca sa ajung la munca cu autobuzul, mai degraba las masina pe liber pe Copou, ies mai ieftin.",punctualitate,1
136,"aspect: soferi_vatmani. text: Nu este prima data cand, pe traseul 36, astepti in statia Viticola 25-30 minute un autobuz si imediat dupa primul autobuz, vine alt 36. Eu stiam ca autobuzele ar trebui sa aiba program diferit astfel incat, daca ai ratat un autobuz (pt ca oricum programul nu se respecta absolut deloc), macar sa prinzi altul la 10-15 minute diferenta. Nu e prima data cand sunt pusa in situatia de a alege in care autobuz sa intru, din moment ce vin unul dupa altul. Soferii sunt asa prieteni de nedespartit incat nu se pot desparti macar cand parcurg ruta? Ori unul dintre ei ii da blanao prin oras, iar celalalt nu scoate autobuzul din 20km/h? Pai nu va mai mirati ca oamenii isi cumpără “tigăile” alea de care se plange toata lumea. Intr-un oras universitar, sa fac acumulat 50-60 minute ca sa ajung la munca cu autobuzul, mai degraba las masina pe liber pe Copou, ies mai ieftin.",soferi_vatmani,1
136,"aspect: controlori. text: Nu este prima data cand, pe traseul 36, astepti in statia Viticola 25-30 minute un autobuz si imediat dupa primul autobuz, vine alt 36. Eu stiam ca autobuzele ar trebui sa aiba program diferit astfel incat, daca ai ratat un autobuz (pt ca oricum programul nu se respecta absolut deloc), macar sa prinzi altul la 10-15 minute diferenta. Nu e prima data cand sunt pusa in situatia de a alege in care autobuz sa intru, din moment ce vin unul dupa altul. Soferii sunt asa prieteni de nedespartit incat nu se pot desparti macar cand parcurg ruta? Ori unul dintre ei ii da blanao prin oras, iar celalalt nu scoate autobuzul din 20km/h? Pai nu va mai mirati ca oamenii isi cumpără “tigăile” alea de care se plange toata lumea. Intr-un oras universitar, sa fac acumulat 50-60 minute ca sa ajung la munca cu autobuzul, mai degraba las masina pe liber pe Copou, ies mai ieftin.",controlori,0
136,"aspect: informare_calatori. text: Nu este prima data cand, pe traseul 36, astepti in statia Viticola 25-30 minute un autobuz si imediat dupa primul autobuz, vine alt 36. Eu stiam ca autobuzele ar trebui sa aiba program diferit astfel incat, daca ai ratat un autobuz (pt ca oricum programul nu se respecta absolut deloc), macar sa prinzi altul la 10-15 minute diferenta. Nu e prima data cand sunt pusa in situatia de a alege in care autobuz sa intru, din moment ce vin unul dupa altul. Soferii sunt asa prieteni de nedespartit incat nu se pot desparti macar cand parcurg ruta? Ori unul dintre ei ii da blanao prin oras, iar celalalt nu scoate autobuzul din 20km/h? Pai nu va mai mirati ca oamenii isi cumpără “tigăile” alea de care se plange toata lumea. Intr-un oras universitar, sa fac acumulat 50-60 minute ca sa ajung la munca cu autobuzul, mai degraba las masina pe liber pe Copou, ies mai ieftin.",informare_calatori,0
136,"aspect: aglomeratie. text: Nu este prima data cand, pe traseul 36, astepti in statia Viticola 25-30 minute un autobuz si imediat dupa primul autobuz, vine alt 36. Eu stiam ca autobuzele ar trebui sa aiba program diferit astfel incat, daca ai ratat un autobuz (pt ca oricum programul nu se respecta absolut deloc), macar sa prinzi altul la 10-15 minute diferenta. Nu e prima data cand sunt pusa in situatia de a alege in care autobuz sa intru, din moment ce vin unul dupa altul. Soferii sunt asa prieteni de nedespartit incat nu se pot desparti macar cand parcurg ruta? Ori unul dintre ei ii da blanao prin oras, iar celalalt nu scoate autobuzul din 20km/h? Pai nu va mai mirati ca oamenii isi cumpără “tigăile” alea de care se plange toata lumea. Intr-un oras universitar, sa fac acumulat 50-60 minute ca sa ajung la munca cu autobuzul, mai degraba las masina pe liber pe Copou, ies mai ieftin.",aglomeratie,0
136,"aspect: stare_vehicule. text: Nu este prima data cand, pe traseul 36, astepti in statia Viticola 25-30 minute un autobuz si imediat dupa primul autobuz, vine alt 36. Eu stiam ca autobuzele ar trebui sa aiba program diferit astfel incat, daca ai ratat un autobuz (pt ca oricum programul nu se respecta absolut deloc), macar sa prinzi altul la 10-15 minute diferenta. Nu e prima data cand sunt pusa in situatia de a alege in care autobuz sa intru, din moment ce vin unul dupa altul. Soferii sunt asa prieteni de nedespartit incat nu se pot desparti macar cand parcurg ruta? Ori unul dintre ei ii da blanao prin oras, iar celalalt nu scoate autobuzul din 20km/h? Pai nu va mai mirati ca oamenii isi cumpără “tigăile” alea de care se plange toata lumea. Intr-un oras universitar, sa fac acumulat 50-60 minute ca sa ajung la munca cu autobuzul, mai degraba las masina pe liber pe Copou, ies mai ieftin.",stare_vehicule,0
136,"aspect: pret. text: Nu este prima data cand, pe traseul 36, astepti in statia Viticola 25-30 minute un autobuz si imediat dupa primul autobuz, vine alt 36. Eu stiam ca autobuzele ar trebui sa aiba program diferit astfel incat, daca ai ratat un autobuz (pt ca oricum programul nu se respecta absolut deloc), macar sa prinzi altul la 10-15 minute diferenta. Nu e prima data cand sunt pusa in situatia de a alege in care autobuz sa intru, din moment ce vin unul dupa altul. Soferii sunt asa prieteni de nedespartit incat nu se pot desparti macar cand parcurg ruta? Ori unul dintre ei ii da blanao prin oras, iar celalalt nu scoate autobuzul din 20km/h? Pai nu va mai mirati ca oamenii isi cumpără “tigăile” alea de care se plange toata lumea. Intr-un oras universitar, sa fac acumulat 50-60 minute ca sa ajung la munca cu autobuzul, mai degraba las masina pe liber pe Copou, ies mai ieftin.",pret,0
136,"aspect: relatii_clienti. text: Nu este prima data cand, pe traseul 36, astepti in statia Viticola 25-30 minute un autobuz si imediat dupa primul autobuz, vine alt 36. Eu stiam ca autobuzele ar trebui sa aiba program diferit astfel incat, daca ai ratat un autobuz (pt ca oricum programul nu se respecta absolut deloc), macar sa prinzi altul la 10-15 minute diferenta. Nu e prima data cand sunt pusa in situatia de a alege in care autobuz sa intru, din moment ce vin unul dupa altul. Soferii sunt asa prieteni de nedespartit incat nu se pot desparti macar cand parcurg ruta? Ori unul dintre ei ii da blanao prin oras, iar celalalt nu scoate autobuzul din 20km/h? Pai nu va mai mirati ca oamenii isi cumpără “tigăile” alea de care se plange toata lumea. Intr-un oras universitar, sa fac acumulat 50-60 minute ca sa ajung la munca cu autobuzul, mai degraba las masina pe liber pe Copou, ies mai ieftin.",relatii_clienti,0
136,"aspect: acoperire_rute. text: Nu este prima data cand, pe traseul 36, astepti in statia Viticola 25-30 minute un autobuz si imediat dupa primul autobuz, vine alt 36. Eu stiam ca autobuzele ar trebui sa aiba program diferit astfel incat, daca ai ratat un autobuz (pt ca oricum programul nu se respecta absolut deloc), macar sa prinzi altul la 10-15 minute diferenta. Nu e prima data cand sunt pusa in situatia de a alege in care autobuz sa intru, din moment ce vin unul dupa altul. Soferii sunt asa prieteni de nedespartit incat nu se pot desparti macar cand parcurg ruta? Ori unul dintre ei ii da blanao prin oras, iar celalalt nu scoate autobuzul din 20km/h? Pai nu va mai mirati ca oamenii isi cumpără “tigăile” alea de care se plange toata lumea. Intr-un oras universitar, sa fac acumulat 50-60 minute ca sa ajung la munca cu autobuzul, mai degraba las masina pe liber pe Copou, ies mai ieftin.",acoperire_rute,0
136,"aspect: validare_bilete. text: Nu este prima data cand, pe traseul 36, astepti in statia Viticola 25-30 minute un autobuz si imediat dupa primul autobuz, vine alt 36. Eu stiam ca autobuzele ar trebui sa aiba program diferit astfel incat, daca ai ratat un autobuz (pt ca oricum programul nu se respecta absolut deloc), macar sa prinzi altul la 10-15 minute diferenta. Nu e prima data cand sunt pusa in situatia de a alege in care autobuz sa intru, din moment ce vin unul dupa altul. Soferii sunt asa prieteni de nedespartit incat nu se pot desparti macar cand parcurg ruta? Ori unul dintre ei ii da blanao prin oras, iar celalalt nu scoate autobuzul din 20km/h? Pai nu va mai mirati ca oamenii isi cumpără “tigăile” alea de care se plange toata lumea. Intr-un oras universitar, sa fac acumulat 50-60 minute ca sa ajung la munca cu autobuzul, mai degraba las masina pe liber pe Copou, ies mai ieftin.",validare_bilete,0
136,"aspect: confort_termic. text: Nu este prima data cand, pe traseul 36, astepti in statia Viticola 25-30 minute un autobuz si imediat dupa primul autobuz, vine alt 36. Eu stiam ca autobuzele ar trebui sa aiba program diferit astfel incat, daca ai ratat un autobuz (pt ca oricum programul nu se respecta absolut deloc), macar sa prinzi altul la 10-15 minute diferenta. Nu e prima data cand sunt pusa in situatia de a alege in care autobuz sa intru, din moment ce vin unul dupa altul. Soferii sunt asa prieteni de nedespartit incat nu se pot desparti macar cand parcurg ruta? Ori unul dintre ei ii da blanao prin oras, iar celalalt nu scoate autobuzul din 20km/h? Pai nu va mai mirati ca oamenii isi cumpără “tigăile” alea de care se plange toata lumea. Intr-un oras universitar, sa fac acumulat 50-60 minute ca sa ajung la munca cu autobuzul, mai degraba las masina pe liber pe Copou, ies mai ieftin.",confort_termic,0
SIM_014,aspect: controlori. text: Aparatul de bilete din autobuzul 28 mi-a luat banii de două ori și nu a eliberat niciun bon. Am rămas fără 14 lei și fără bilet. Când a venit controlorul evident n-a vrut să audă nicio explicație.,controlori,1
SIM_014,aspect: validare_bilete. text: Aparatul de bilete din autobuzul 28 mi-a luat banii de două ori și nu a eliberat niciun bon. Am rămas fără 14 lei și fără bilet. Când a venit controlorul evident n-a vrut să audă nicio explicație.,validare_bilete,1
SIM_014,aspect: curatenie. text: Aparatul de bilete din autobuzul 28 mi-a luat banii de două ori și nu a eliberat niciun bon. Am rămas fără 14 lei și fără bilet. Când a venit controlorul evident n-a vrut să audă nicio explicație.,curatenie,0
SIM_014,aspect: aglomeratie. text: Aparatul de bilete din autobuzul 28 mi-a luat banii de două ori și nu a eliberat niciun bon. Am rămas fără 14 lei și fără bilet. Când a venit controlorul evident n-a vrut să audă nicio explicație.,aglomeratie,0
SIM_014,aspect: organizare. text: Aparatul de bilete din autobuzul 28 mi-a luat banii de două ori și nu a eliberat niciun bon. Am rămas fără 14 lei și fără bilet. Când a venit controlorul evident n-a vrut să audă nicio explicație.,organizare,0
SIM_014,aspect: soferi_vatmani. text: Aparatul de bilete din autobuzul 28 mi-a luat banii de două ori și nu a eliberat niciun bon. Am rămas fără 14 lei și fără bilet. Când a venit controlorul evident n-a vrut să audă nicio explicație.,soferi_vatmani,0
SIM_014,aspect: stare_vehicule. text: Aparatul de bilete din autobuzul 28 mi-a luat banii de două ori și nu a eliberat niciun bon. Am rămas fără 14 lei și fără bilet. Când a venit controlorul evident n-a vrut să audă nicio explicație.,stare_vehicule,0
SIM_014,aspect: acoperire_rute. text: Aparatul de bilete din autobuzul 28 mi-a luat banii de două ori și nu a eliberat niciun bon. Am rămas fără 14 lei și fără bilet. Când a venit controlorul evident n-a vrut să audă nicio explicație.,acoperire_rute,0
197,aspect: frecventa. text: S-au adus autobuze noi si totusi asteptam cate 20-30 minute in statii!,frecventa,1
197,aspect: stare_vehicule. text: S-au adus autobuze noi si totusi asteptam cate 20-30 minute in statii!,stare_vehicule,1
197,aspect: acoperire_rute. text: S-au adus autobuze noi si totusi asteptam cate 20-30 minute in statii!,acoperire_rute,0
197,aspect: soferi_vatmani. text: S-au adus autobuze noi si totusi asteptam cate 20-30 minute in statii!,soferi_vatmani,0
197,aspect: informare_calatori. text: S-au adus autobuze noi si totusi asteptam cate 20-30 minute in statii!,informare_calatori,0
197,aspect: controlori. text: S-au adus autobuze noi si totusi asteptam cate 20-30 minute in statii!,controlori,0
197,aspect: confort_termic. text: S-au adus autobuze noi si totusi asteptam cate 20-30 minute in statii!,confort_termic,0
197,aspect: relatii_clienti. text: S-au adus autobuze noi si totusi asteptam cate 20-30 minute in statii!,relatii_clienti,0
194,"aspect: acoperire_rute. text: Cum pot face și eu să am tramvai? Să mă aducă până pe Vasile Lupu 93, așa cum îl aduce pe un nene cărunt tramvaiul pe la 23:48, în mod repetat. Nu de alta, dar mai ies și eu la băut cu prietenii și nu vreau să mai plătesc taxi. Vreau un abonament de ăsta all inclusive. Să mă lase tramvaiul în sufragerie.",acoperire_rute,1
194,"aspect: confort_termic. text: Cum pot face și eu să am tramvai? Să mă aducă până pe Vasile Lupu 93, așa cum îl aduce pe un nene cărunt tramvaiul pe la 23:48, în mod repetat. Nu de alta, dar mai ies și eu la băut cu prietenii și nu vreau să mai plătesc taxi. Vreau un abonament de ăsta all inclusive. Să mă lase tramvaiul în sufragerie.",confort_termic,0
194,"aspect: stare_vehicule. text: Cum pot face și eu să am tramvai? Să mă aducă până pe Vasile Lupu 93, așa cum îl aduce pe un nene cărunt tramvaiul pe la 23:48, în mod repetat. Nu de alta, dar mai ies și eu la băut cu prietenii și nu vreau să mai plătesc taxi. Vreau un abonament de ăsta all inclusive. Să mă lase tramvaiul în sufragerie.",stare_vehicule,0
194,"aspect: soferi_vatmani. text: Cum pot face și eu să am tramvai? Să mă aducă până pe Vasile Lupu 93, așa cum îl aduce pe un nene cărunt tramvaiul pe la 23:48, în mod repetat. Nu de alta, dar mai ies și eu la băut cu prietenii și nu vreau să mai plătesc taxi. Vreau un abonament de ăsta all inclusive. Să mă lase tramvaiul în sufragerie.",soferi_vatmani,0
19,"aspect: controlori. text: ⚠️ Atenție la abuzurile controlorilor din transportul public Iași!

În ultima perioadă, tot mai mulți călători semnalează comportamente abuzive ale controlorilor din cadrul companiei de transport public din Iași. Aceste abuzuri includ agresiuni verbale și fizice, lipsa însemnelor de identificare și practici ilegale în timpul controalelor. Este important să vă cunoașteți drepturile și să știți cum să reacționați într-o astfel de situație.

Ce trebuie să știți despre drepturile voastre:

1. Controlorii NU au dreptul să vă oblige să vă legitimați și nu pot reține actele dumneavoastră de identitate. Singurele autorități care pot legitima o persoană sunt poliția și jandarmeria. Controlorii pot solicita intervenția poliției, dar nu vă pot obliga să le oferiți actele.

2. Controlorii NU au voie să vă dea jos cu forța din mijlocul de transport, să vă bruscheze sau să vă rețină bunurile personale. Dacă vă confruntați cu un astfel de comportament, sunați imediat la 112 și solicitați intervenția poliției.

3. Controlorii sunt obligați să se legitimeze, prezentând o legitimație vizibilă. Dacă refuză să facă acest lucru, este un indiciu clar al unui posibil abuz.

4. Nu pot să vă rețină împotriva voinței voastre mai mult de câteva minute. Dacă sunteți ținuți forțat într-un vehicul sau în stație pentru o perioadă îndelungată, acest lucru poate fi considerat privare de libertate, faptă care se pedepsește conform Codului Penal (art. 189) cu închisoare de la 3 la 10 ani.

Ce puteți face dacă sunteți victima unui abuz:

Apelați poliția la 112 și solicitați ajutor.

Solicitați ajutorul martorilor pentru a avea susținere în cazul unei plângeri.

Filmați sau înregistrați incidentul dacă este posibil, pentru a avea dovezi.

Depuneți o plângere oficială la poliție și la compania de transport public.

Compania de Transport Public Iasi 
❌ Semnal de alarmă pentru Compania de Transport Public Iași

Solicităm conducerii Companiei de Transport Public Iași să ia măsuri urgente pentru a preveni astfel de abuzuri și pentru a asigura respectarea drepturilor călătorilor. Controlorii trebuie să fie instruiți să își desfășoare activitatea legal și civilizat, fără a intimida sau agresa călătorii.

Drepturile călătorilor trebuie respectate, iar orice abatere trebuie sancționată ferm. Dacă ați fost victima unui abuz, nu ezitați să semnalați cazul autorităților și să vă faceți vocea auzită.",controlori,1
19,"aspect: siguranta. text: ⚠️ Atenție la abuzurile controlorilor din transportul public Iași!

În ultima perioadă, tot mai mulți călători semnalează comportamente abuzive ale controlorilor din cadrul companiei de transport public din Iași. Aceste abuzuri includ agresiuni verbale și fizice, lipsa însemnelor de identificare și practici ilegale în timpul controalelor. Este important să vă cunoașteți drepturile și să știți cum să reacționați într-o astfel de situație.

Ce trebuie să știți despre drepturile voastre:

1. Controlorii NU au dreptul să vă oblige să vă legitimați și nu pot reține actele dumneavoastră de identitate. Singurele autorități care pot legitima o persoană sunt poliția și jandarmeria. Controlorii pot solicita intervenția poliției, dar nu vă pot obliga să le oferiți actele.

2. Controlorii NU au voie să vă dea jos cu forța din mijlocul de transport, să vă bruscheze sau să vă rețină bunurile personale. Dacă vă confruntați cu un astfel de comportament, sunați imediat la 112 și solicitați intervenția poliției.

3. Controlorii sunt obligați să se legitimeze, prezentând o legitimație vizibilă. Dacă refuză să facă acest lucru, este un indiciu clar al unui posibil abuz.

4. Nu pot să vă rețină împotriva voinței voastre mai mult de câteva minute. Dacă sunteți ținuți forțat într-un vehicul sau în stație pentru o perioadă îndelungată, acest lucru poate fi considerat privare de libertate, faptă care se pedepsește conform Codului Penal (art. 189) cu închisoare de la 3 la 10 ani.

Ce puteți face dacă sunteți victima unui abuz:

Apelați poliția la 112 și solicitați ajutor.

Solicitați ajutorul martorilor pentru a avea susținere în cazul unei plângeri.

Filmați sau înregistrați incidentul dacă este posibil, pentru a avea dovezi.

Depuneți o plângere oficială la poliție și la compania de transport public.

Compania de Transport Public Iasi 
❌ Semnal de alarmă pentru Compania de Transport Public Iași

Solicităm conducerii Companiei de Transport Public Iași să ia măsuri urgente pentru a preveni astfel de abuzuri și pentru a asigura respectarea drepturilor călătorilor. Controlorii trebuie să fie instruiți să își desfășoare activitatea legal și civilizat, fără a intimida sau agresa călătorii.

Drepturile călătorilor trebuie respectate, iar orice abatere trebuie sancționată ferm. Dacă ați fost victima unui abuz, nu ezitați să semnalați cazul autorităților și să vă faceți vocea auzită.",siguranta,1
19,"aspect: pret. text: ⚠️ Atenție la abuzurile controlorilor din transportul public Iași!

În ultima perioadă, tot mai mulți călători semnalează comportamente abuzive ale controlorilor din cadrul companiei de transport public din Iași. Aceste abuzuri includ agresiuni verbale și fizice, lipsa însemnelor de identificare și practici ilegale în timpul controalelor. Este important să vă cunoașteți drepturile și să știți cum să reacționați într-o astfel de situație.

Ce trebuie să știți despre drepturile voastre:

1. Controlorii NU au dreptul să vă oblige să vă legitimați și nu pot reține actele dumneavoastră de identitate. Singurele autorități care pot legitima o persoană sunt poliția și jandarmeria. Controlorii pot solicita intervenția poliției, dar nu vă pot obliga să le oferiți actele.

2. Controlorii NU au voie să vă dea jos cu forța din mijlocul de transport, să vă bruscheze sau să vă rețină bunurile personale. Dacă vă confruntați cu un astfel de comportament, sunați imediat la 112 și solicitați intervenția poliției.

3. Controlorii sunt obligați să se legitimeze, prezentând o legitimație vizibilă. Dacă refuză să facă acest lucru, este un indiciu clar al unui posibil abuz.

4. Nu pot să vă rețină împotriva voinței voastre mai mult de câteva minute. Dacă sunteți ținuți forțat într-un vehicul sau în stație pentru o perioadă îndelungată, acest lucru poate fi considerat privare de libertate, faptă care se pedepsește conform Codului Penal (art. 189) cu închisoare de la 3 la 10 ani.

Ce puteți face dacă sunteți victima unui abuz:

Apelați poliția la 112 și solicitați ajutor.

Solicitați ajutorul martorilor pentru a avea susținere în cazul unei plângeri.

Filmați sau înregistrați incidentul dacă este posibil, pentru a avea dovezi.

Depuneți o plângere oficială la poliție și la compania de transport public.

Compania de Transport Public Iasi 
❌ Semnal de alarmă pentru Compania de Transport Public Iași

Solicităm conducerii Companiei de Transport Public Iași să ia măsuri urgente pentru a preveni astfel de abuzuri și pentru a asigura respectarea drepturilor călătorilor. Controlorii trebuie să fie instruiți să își desfășoare activitatea legal și civilizat, fără a intimida sau agresa călătorii.

Drepturile călătorilor trebuie respectate, iar orice abatere trebuie sancționată ferm. Dacă ați fost victima unui abuz, nu ezitați să semnalați cazul autorităților și să vă faceți vocea auzită.",pret,0
19,"aspect: curatenie. text: ⚠️ Atenție la abuzurile controlorilor din transportul public Iași!

În ultima perioadă, tot mai mulți călători semnalează comportamente abuzive ale controlorilor din cadrul companiei de transport public din Iași. Aceste abuzuri includ agresiuni verbale și fizice, lipsa însemnelor de identificare și practici ilegale în timpul controalelor. Este important să vă cunoașteți drepturile și să știți cum să reacționați într-o astfel de situație.

Ce trebuie să știți despre drepturile voastre:

1. Controlorii NU au dreptul să vă oblige să vă legitimați și nu pot reține actele dumneavoastră de identitate. Singurele autorități care pot legitima o persoană sunt poliția și jandarmeria. Controlorii pot solicita intervenția poliției, dar nu vă pot obliga să le oferiți actele.

2. Controlorii NU au voie să vă dea jos cu forța din mijlocul de transport, să vă bruscheze sau să vă rețină bunurile personale. Dacă vă confruntați cu un astfel de comportament, sunați imediat la 112 și solicitați intervenția poliției.

3. Controlorii sunt obligați să se legitimeze, prezentând o legitimație vizibilă. Dacă refuză să facă acest lucru, este un indiciu clar al unui posibil abuz.

4. Nu pot să vă rețină împotriva voinței voastre mai mult de câteva minute. Dacă sunteți ținuți forțat într-un vehicul sau în stație pentru o perioadă îndelungată, acest lucru poate fi considerat privare de libertate, faptă care se pedepsește conform Codului Penal (art. 189) cu închisoare de la 3 la 10 ani.

Ce puteți face dacă sunteți victima unui abuz:

Apelați poliția la 112 și solicitați ajutor.

Solicitați ajutorul martorilor pentru a avea susținere în cazul unei plângeri.

Filmați sau înregistrați incidentul dacă este posibil, pentru a avea dovezi.

Depuneți o plângere oficială la poliție și la compania de transport public.

Compania de Transport Public Iasi 
❌ Semnal de alarmă pentru Compania de Transport Public Iași

Solicităm conducerii Companiei de Transport Public Iași să ia măsuri urgente pentru a preveni astfel de abuzuri și pentru a asigura respectarea drepturilor călătorilor. Controlorii trebuie să fie instruiți să își desfășoare activitatea legal și civilizat, fără a intimida sau agresa călătorii.

Drepturile călătorilor trebuie respectate, iar orice abatere trebuie sancționată ferm. Dacă ați fost victima unui abuz, nu ezitați să semnalați cazul autorităților și să vă faceți vocea auzită.",curatenie,0
19,"aspect: punctualitate. text: ⚠️ Atenție la abuzurile controlorilor din transportul public Iași!

În ultima perioadă, tot mai mulți călători semnalează comportamente abuzive ale controlorilor din cadrul companiei de transport public din Iași. Aceste abuzuri includ agresiuni verbale și fizice, lipsa însemnelor de identificare și practici ilegale în timpul controalelor. Este important să vă cunoașteți drepturile și să știți cum să reacționați într-o astfel de situație.

Ce trebuie să știți despre drepturile voastre:

1. Controlorii NU au dreptul să vă oblige să vă legitimați și nu pot reține actele dumneavoastră de identitate. Singurele autorități care pot legitima o persoană sunt poliția și jandarmeria. Controlorii pot solicita intervenția poliției, dar nu vă pot obliga să le oferiți actele.

2. Controlorii NU au voie să vă dea jos cu forța din mijlocul de transport, să vă bruscheze sau să vă rețină bunurile personale. Dacă vă confruntați cu un astfel de comportament, sunați imediat la 112 și solicitați intervenția poliției.

3. Controlorii sunt obligați să se legitimeze, prezentând o legitimație vizibilă. Dacă refuză să facă acest lucru, este un indiciu clar al unui posibil abuz.

4. Nu pot să vă rețină împotriva voinței voastre mai mult de câteva minute. Dacă sunteți ținuți forțat într-un vehicul sau în stație pentru o perioadă îndelungată, acest lucru poate fi considerat privare de libertate, faptă care se pedepsește conform Codului Penal (art. 189) cu închisoare de la 3 la 10 ani.

Ce puteți face dacă sunteți victima unui abuz:

Apelați poliția la 112 și solicitați ajutor.

Solicitați ajutorul martorilor pentru a avea susținere în cazul unei plângeri.

Filmați sau înregistrați incidentul dacă este posibil, pentru a avea dovezi.

Depuneți o plângere oficială la poliție și la compania de transport public.

Compania de Transport Public Iasi 
❌ Semnal de alarmă pentru Compania de Transport Public Iași

Solicităm conducerii Companiei de Transport Public Iași să ia măsuri urgente pentru a preveni astfel de abuzuri și pentru a asigura respectarea drepturilor călătorilor. Controlorii trebuie să fie instruiți să își desfășoare activitatea legal și civilizat, fără a intimida sau agresa călătorii.

Drepturile călătorilor trebuie respectate, iar orice abatere trebuie sancționată ferm. Dacă ați fost victima unui abuz, nu ezitați să semnalați cazul autorităților și să vă faceți vocea auzită.",punctualitate,0
19,"aspect: stare_vehicule. text: ⚠️ Atenție la abuzurile controlorilor din transportul public Iași!

În ultima perioadă, tot mai mulți călători semnalează comportamente abuzive ale controlorilor din cadrul companiei de transport public din Iași. Aceste abuzuri includ agresiuni verbale și fizice, lipsa însemnelor de identificare și practici ilegale în timpul controalelor. Este important să vă cunoașteți drepturile și să știți cum să reacționați într-o astfel de situație.

Ce trebuie să știți despre drepturile voastre:

1. Controlorii NU au dreptul să vă oblige să vă legitimați și nu pot reține actele dumneavoastră de identitate. Singurele autorități care pot legitima o persoană sunt poliția și jandarmeria. Controlorii pot solicita intervenția poliției, dar nu vă pot obliga să le oferiți actele.

2. Controlorii NU au voie să vă dea jos cu forța din mijlocul de transport, să vă bruscheze sau să vă rețină bunurile personale. Dacă vă confruntați cu un astfel de comportament, sunați imediat la 112 și solicitați intervenția poliției.

3. Controlorii sunt obligați să se legitimeze, prezentând o legitimație vizibilă. Dacă refuză să facă acest lucru, este un indiciu clar al unui posibil abuz.

4. Nu pot să vă rețină împotriva voinței voastre mai mult de câteva minute. Dacă sunteți ținuți forțat într-un vehicul sau în stație pentru o perioadă îndelungată, acest lucru poate fi considerat privare de libertate, faptă care se pedepsește conform Codului Penal (art. 189) cu închisoare de la 3 la 10 ani.

Ce puteți face dacă sunteți victima unui abuz:

Apelați poliția la 112 și solicitați ajutor.

Solicitați ajutorul martorilor pentru a avea susținere în cazul unei plângeri.

Filmați sau înregistrați incidentul dacă este posibil, pentru a avea dovezi.

Depuneți o plângere oficială la poliție și la compania de transport public.

Compania de Transport Public Iasi 
❌ Semnal de alarmă pentru Compania de Transport Public Iași

Solicităm conducerii Companiei de Transport Public Iași să ia măsuri urgente pentru a preveni astfel de abuzuri și pentru a asigura respectarea drepturilor călătorilor. Controlorii trebuie să fie instruiți să își desfășoare activitatea legal și civilizat, fără a intimida sau agresa călătorii.

Drepturile călătorilor trebuie respectate, iar orice abatere trebuie sancționată ferm. Dacă ați fost victima unui abuz, nu ezitați să semnalați cazul autorităților și să vă faceți vocea auzită.",stare_vehicule,0
19,"aspect: relatii_clienti. text: ⚠️ Atenție la abuzurile controlorilor din transportul public Iași!

În ultima perioadă, tot mai mulți călători semnalează comportamente abuzive ale controlorilor din cadrul companiei de transport public din Iași. Aceste abuzuri includ agresiuni verbale și fizice, lipsa însemnelor de identificare și practici ilegale în timpul controalelor. Este important să vă cunoașteți drepturile și să știți cum să reacționați într-o astfel de situație.

Ce trebuie să știți despre drepturile voastre:

1. Controlorii NU au dreptul să vă oblige să vă legitimați și nu pot reține actele dumneavoastră de identitate. Singurele autorități care pot legitima o persoană sunt poliția și jandarmeria. Controlorii pot solicita intervenția poliției, dar nu vă pot obliga să le oferiți actele.

2. Controlorii NU au voie să vă dea jos cu forța din mijlocul de transport, să vă bruscheze sau să vă rețină bunurile personale. Dacă vă confruntați cu un astfel de comportament, sunați imediat la 112 și solicitați intervenția poliției.

3. Controlorii sunt obligați să se legitimeze, prezentând o legitimație vizibilă. Dacă refuză să facă acest lucru, este un indiciu clar al unui posibil abuz.

4. Nu pot să vă rețină împotriva voinței voastre mai mult de câteva minute. Dacă sunteți ținuți forțat într-un vehicul sau în stație pentru o perioadă îndelungată, acest lucru poate fi considerat privare de libertate, faptă care se pedepsește conform Codului Penal (art. 189) cu închisoare de la 3 la 10 ani.

Ce puteți face dacă sunteți victima unui abuz:

Apelați poliția la 112 și solicitați ajutor.

Solicitați ajutorul martorilor pentru a avea susținere în cazul unei plângeri.

Filmați sau înregistrați incidentul dacă este posibil, pentru a avea dovezi.

Depuneți o plângere oficială la poliție și la compania de transport public.

Compania de Transport Public Iasi 
❌ Semnal de alarmă pentru Compania de Transport Public Iași

Solicităm conducerii Companiei de Transport Public Iași să ia măsuri urgente pentru a preveni astfel de abuzuri și pentru a asigura respectarea drepturilor călătorilor. Controlorii trebuie să fie instruiți să își desfășoare activitatea legal și civilizat, fără a intimida sau agresa călătorii.

Drepturile călătorilor trebuie respectate, iar orice abatere trebuie sancționată ferm. Dacă ați fost victima unui abuz, nu ezitați să semnalați cazul autorităților și să vă faceți vocea auzită.",relatii_clienti,0
19,"aspect: informare_calatori. text: ⚠️ Atenție la abuzurile controlorilor din transportul public Iași!

În ultima perioadă, tot mai mulți călători semnalează comportamente abuzive ale controlorilor din cadrul companiei de transport public din Iași. Aceste abuzuri includ agresiuni verbale și fizice, lipsa însemnelor de identificare și practici ilegale în timpul controalelor. Este important să vă cunoașteți drepturile și să știți cum să reacționați într-o astfel de situație.

Ce trebuie să știți despre drepturile voastre:

1. Controlorii NU au dreptul să vă oblige să vă legitimați și nu pot reține actele dumneavoastră de identitate. Singurele autorități care pot legitima o persoană sunt poliția și jandarmeria. Controlorii pot solicita intervenția poliției, dar nu vă pot obliga să le oferiți actele.

2. Controlorii NU au voie să vă dea jos cu forța din mijlocul de transport, să vă bruscheze sau să vă rețină bunurile personale. Dacă vă confruntați cu un astfel de comportament, sunați imediat la 112 și solicitați intervenția poliției.

3. Controlorii sunt obligați să se legitimeze, prezentând o legitimație vizibilă. Dacă refuză să facă acest lucru, este un indiciu clar al unui posibil abuz.

4. Nu pot să vă rețină împotriva voinței voastre mai mult de câteva minute. Dacă sunteți ținuți forțat într-un vehicul sau în stație pentru o perioadă îndelungată, acest lucru poate fi considerat privare de libertate, faptă care se pedepsește conform Codului Penal (art. 189) cu închisoare de la 3 la 10 ani.

Ce puteți face dacă sunteți victima unui abuz:

Apelați poliția la 112 și solicitați ajutor.

Solicitați ajutorul martorilor pentru a avea susținere în cazul unei plângeri.

Filmați sau înregistrați incidentul dacă este posibil, pentru a avea dovezi.

Depuneți o plângere oficială la poliție și la compania de transport public.

Compania de Transport Public Iasi 
❌ Semnal de alarmă pentru Compania de Transport Public Iași

Solicităm conducerii Companiei de Transport Public Iași să ia măsuri urgente pentru a preveni astfel de abuzuri și pentru a asigura respectarea drepturilor călătorilor. Controlorii trebuie să fie instruiți să își desfășoare activitatea legal și civilizat, fără a intimida sau agresa călătorii.

Drepturile călătorilor trebuie respectate, iar orice abatere trebuie sancționată ferm. Dacă ați fost victima unui abuz, nu ezitați să semnalați cazul autorităților și să vă faceți vocea auzită.",informare_calatori,0
285,aspect: frecventa. text: Toate autobuzele vin foarte greu. Imbatranesti in statii.,frecventa,1
285,aspect: soferi_vatmani. text: Toate autobuzele vin foarte greu. Imbatranesti in statii.,soferi_vatmani,0
285,aspect: confort_termic. text: Toate autobuzele vin foarte greu. Imbatranesti in statii.,confort_termic,0
285,aspect: validare_bilete. text: Toate autobuzele vin foarte greu. Imbatranesti in statii.,validare_bilete,0
305,"aspect: frecventa. text: Foarte slabe serviciile voastre, după ce că sunt slabe, mai și așteaptă lumea  câte 40-50 de minute după un 27. Să vă fie rușine!",frecventa,1
305,"aspect: validare_bilete. text: Foarte slabe serviciile voastre, după ce că sunt slabe, mai și așteaptă lumea  câte 40-50 de minute după un 27. Să vă fie rușine!",validare_bilete,0
305,"aspect: punctualitate. text: Foarte slabe serviciile voastre, după ce că sunt slabe, mai și așteaptă lumea  câte 40-50 de minute după un 27. Să vă fie rușine!",punctualitate,0
305,"aspect: acoperire_rute. text: Foarte slabe serviciile voastre, după ce că sunt slabe, mai și așteaptă lumea  câte 40-50 de minute după un 27. Să vă fie rușine!",acoperire_rute,0
93,aspect: frecventa. text: Timp de așteptare pentru un autobuz spre independentei 25 minute?!? Dar trec doua spre canta unul după celălalt. Șoferii nu poarta masca și nu respecta calatorii!!,frecventa,1
93,aspect: soferi_vatmani. text: Timp de așteptare pentru un autobuz spre independentei 25 minute?!? Dar trec doua spre canta unul după celălalt. Șoferii nu poarta masca și nu respecta calatorii!!,soferi_vatmani,1
93,aspect: curatenie. text: Timp de așteptare pentru un autobuz spre independentei 25 minute?!? Dar trec doua spre canta unul după celălalt. Șoferii nu poarta masca și nu respecta calatorii!!,curatenie,0
93,aspect: confort_termic. text: Timp de așteptare pentru un autobuz spre independentei 25 minute?!? Dar trec doua spre canta unul după celălalt. Șoferii nu poarta masca și nu respecta calatorii!!,confort_termic,0
93,aspect: stare_vehicule. text: Timp de așteptare pentru un autobuz spre independentei 25 minute?!? Dar trec doua spre canta unul după celălalt. Șoferii nu poarta masca și nu respecta calatorii!!,stare_vehicule,0
93,aspect: pret. text: Timp de așteptare pentru un autobuz spre independentei 25 minute?!? Dar trec doua spre canta unul după celălalt. Șoferii nu poarta masca și nu respecta calatorii!!,pret,0
93,aspect: validare_bilete. text: Timp de așteptare pentru un autobuz spre independentei 25 minute?!? Dar trec doua spre canta unul după celălalt. Șoferii nu poarta masca și nu respecta calatorii!!,validare_bilete,0
93,aspect: siguranta. text: Timp de așteptare pentru un autobuz spre independentei 25 minute?!? Dar trec doua spre canta unul după celălalt. Șoferii nu poarta masca și nu respecta calatorii!!,siguranta,0
87,aspect: siguranta. text: nu sunt atenți și pleacă repede din stații mai ales la tramvaie.uneori pot pleca cu mana pasagerului și sa îl taraie .rusine,siguranta,1
87,aspect: soferi_vatmani. text: nu sunt atenți și pleacă repede din stații mai ales la tramvaie.uneori pot pleca cu mana pasagerului și sa îl taraie .rusine,soferi_vatmani,1
87,aspect: aglomeratie. text: nu sunt atenți și pleacă repede din stații mai ales la tramvaie.uneori pot pleca cu mana pasagerului și sa îl taraie .rusine,aglomeratie,0
87,aspect: punctualitate. text: nu sunt atenți și pleacă repede din stații mai ales la tramvaie.uneori pot pleca cu mana pasagerului și sa îl taraie .rusine,punctualitate,0
87,aspect: acoperire_rute. text: nu sunt atenți și pleacă repede din stații mai ales la tramvaie.uneori pot pleca cu mana pasagerului și sa îl taraie .rusine,acoperire_rute,0
87,aspect: confort_termic. text: nu sunt atenți și pleacă repede din stații mai ales la tramvaie.uneori pot pleca cu mana pasagerului și sa îl taraie .rusine,confort_termic,0
87,aspect: relatii_clienti. text: nu sunt atenți și pleacă repede din stații mai ales la tramvaie.uneori pot pleca cu mana pasagerului și sa îl taraie .rusine,relatii_clienti,0
87,aspect: frecventa. text: nu sunt atenți și pleacă repede din stații mai ales la tramvaie.uneori pot pleca cu mana pasagerului și sa îl taraie .rusine,frecventa,0
204,"aspect: infrastructura_statii. text: Am facut sesizare pe net pt reintroducerea statiei de la chimicale in alexandru, solutie absolut fiabila in dauna a 2 locuri de parcare pe fiecare parte a strazii. Probabil trebuia facuta sesizarea la forurile UE pentru ca abuzul s a facut cand mafia unui primar vechi a sanctionat cartierul ca nu se voteaza cu psd iar fondurile au venit de la ue pt reabilitare",infrastructura_statii,1
204,"aspect: soferi_vatmani. text: Am facut sesizare pe net pt reintroducerea statiei de la chimicale in alexandru, solutie absolut fiabila in dauna a 2 locuri de parcare pe fiecare parte a strazii. Probabil trebuia facuta sesizarea la forurile UE pentru ca abuzul s a facut cand mafia unui primar vechi a sanctionat cartierul ca nu se voteaza cu psd iar fondurile au venit de la ue pt reabilitare",soferi_vatmani,0
204,"aspect: validare_bilete. text: Am facut sesizare pe net pt reintroducerea statiei de la chimicale in alexandru, solutie absolut fiabila in dauna a 2 locuri de parcare pe fiecare parte a strazii. Probabil trebuia facuta sesizarea la forurile UE pentru ca abuzul s a facut cand mafia unui primar vechi a sanctionat cartierul ca nu se voteaza cu psd iar fondurile au venit de la ue pt reabilitare",validare_bilete,0
204,"aspect: controlori. text: Am facut sesizare pe net pt reintroducerea statiei de la chimicale in alexandru, solutie absolut fiabila in dauna a 2 locuri de parcare pe fiecare parte a strazii. Probabil trebuia facuta sesizarea la forurile UE pentru ca abuzul s a facut cand mafia unui primar vechi a sanctionat cartierul ca nu se voteaza cu psd iar fondurile au venit de la ue pt reabilitare",controlori,0
157,aspect: validare_bilete. text: Aplicația 24pay este jalnica. Mi-am cumpărat un abonament pt o saptamana si am observat ca expirase a doua zi.,validare_bilete,1
157,aspect: pret. text: Aplicația 24pay este jalnica. Mi-am cumpărat un abonament pt o saptamana si am observat ca expirase a doua zi.,pret,0
157,aspect: frecventa. text: Aplicația 24pay este jalnica. Mi-am cumpărat un abonament pt o saptamana si am observat ca expirase a doua zi.,frecventa,0
157,aspect: acoperire_rute. text: Aplicația 24pay este jalnica. Mi-am cumpărat un abonament pt o saptamana si am observat ca expirase a doua zi.,acoperire_rute,0
105,"aspect: validare_bilete. text: Deschideți dracu tonetele cu bilete, daca tot urca jegoșii de controlori, nu nu toată lumea are card si nu in orice stație este pus automat de bilete.",validare_bilete,1
105,"aspect: confort_termic. text: Deschideți dracu tonetele cu bilete, daca tot urca jegoșii de controlori, nu nu toată lumea are card si nu in orice stație este pus automat de bilete.",confort_termic,0
105,"aspect: curatenie. text: Deschideți dracu tonetele cu bilete, daca tot urca jegoșii de controlori, nu nu toată lumea are card si nu in orice stație este pus automat de bilete.",curatenie,0
105,"aspect: acoperire_rute. text: Deschideți dracu tonetele cu bilete, daca tot urca jegoșii de controlori, nu nu toată lumea are card si nu in orice stație este pus automat de bilete.",acoperire_rute,0
SIM_102,aspect: curatenie. text: Interiorul autobuzului era îngrijit și fără murdărie vizibilă.,curatenie,1
SIM_102,aspect: confort_termic. text: Interiorul autobuzului era îngrijit și fără murdărie vizibilă.,confort_termic,0
SIM_102,aspect: siguranta. text: Interiorul autobuzului era îngrijit și fără murdărie vizibilă.,siguranta,0
SIM_102,aspect: infrastructura_statii. text: Interiorul autobuzului era îngrijit și fără murdărie vizibilă.,infrastructura_statii,0
141,"aspect: frecventa. text: Este inadmisibil sa astepti un 20 in Valea Lupului timp de 40 de minute (dimineata, la ora 7), sa vina, intr-un final, un autobuz plin, iar soferul sa nu deschida usa. Iasi, oras european, secolul XXI.",frecventa,1
141,"aspect: soferi_vatmani. text: Este inadmisibil sa astepti un 20 in Valea Lupului timp de 40 de minute (dimineata, la ora 7), sa vina, intr-un final, un autobuz plin, iar soferul sa nu deschida usa. Iasi, oras european, secolul XXI.",soferi_vatmani,1
141,"aspect: pret. text: Este inadmisibil sa astepti un 20 in Valea Lupului timp de 40 de minute (dimineata, la ora 7), sa vina, intr-un final, un autobuz plin, iar soferul sa nu deschida usa. Iasi, oras european, secolul XXI.",pret,0
141,"aspect: aglomeratie. text: Este inadmisibil sa astepti un 20 in Valea Lupului timp de 40 de minute (dimineata, la ora 7), sa vina, intr-un final, un autobuz plin, iar soferul sa nu deschida usa. Iasi, oras european, secolul XXI.",aglomeratie,0
141,"aspect: siguranta. text: Este inadmisibil sa astepti un 20 in Valea Lupului timp de 40 de minute (dimineata, la ora 7), sa vina, intr-un final, un autobuz plin, iar soferul sa nu deschida usa. Iasi, oras european, secolul XXI.",siguranta,0
141,"aspect: stare_vehicule. text: Este inadmisibil sa astepti un 20 in Valea Lupului timp de 40 de minute (dimineata, la ora 7), sa vina, intr-un final, un autobuz plin, iar soferul sa nu deschida usa. Iasi, oras european, secolul XXI.",stare_vehicule,0
141,"aspect: organizare. text: Este inadmisibil sa astepti un 20 in Valea Lupului timp de 40 de minute (dimineata, la ora 7), sa vina, intr-un final, un autobuz plin, iar soferul sa nu deschida usa. Iasi, oras european, secolul XXI.",organizare,0
141,"aspect: punctualitate. text: Este inadmisibil sa astepti un 20 in Valea Lupului timp de 40 de minute (dimineata, la ora 7), sa vina, intr-un final, un autobuz plin, iar soferul sa nu deschida usa. Iasi, oras european, secolul XXI.",punctualitate,0
SENT_SIM_008,aspect: aglomeratie. text: Tramvaiul era aerisit și se putea circula confortabil.,aglomeratie,1
SENT_SIM_008,aspect: soferi_vatmani. text: Tramvaiul era aerisit și se putea circula confortabil.,soferi_vatmani,0
SENT_SIM_008,aspect: informare_calatori. text: Tramvaiul era aerisit și se putea circula confortabil.,informare_calatori,0
SENT_SIM_008,aspect: pret. text: Tramvaiul era aerisit și se putea circula confortabil.,pret,0
26,"aspect: frecventa. text: Lipsa crasa de respect pentru calatori! Daca suni la ei sa le aduci in vedere faptul ca stai de 30 minute in frig pentru un nenorocit de autobuz,esti luat la misto de catre o duduie care parca e pe droguri cand vorbeste cu tine.Dispret maxim,tot va laudati cu achizitiile facute insa zac defecte in depou/graj..Cea mai praf companie de transport din tara...si stiu sigur ca nimic nu are sa se schimbe vreodata.Si inca ceva...ati scumpit biletul...oare sa mai intreb de ce?",frecventa,1
26,"aspect: pret. text: Lipsa crasa de respect pentru calatori! Daca suni la ei sa le aduci in vedere faptul ca stai de 30 minute in frig pentru un nenorocit de autobuz,esti luat la misto de catre o duduie care parca e pe droguri cand vorbeste cu tine.Dispret maxim,tot va laudati cu achizitiile facute insa zac defecte in depou/graj..Cea mai praf companie de transport din tara...si stiu sigur ca nimic nu are sa se schimbe vreodata.Si inca ceva...ati scumpit biletul...oare sa mai intreb de ce?",pret,1
26,"aspect: relatii_clienti. text: Lipsa crasa de respect pentru calatori! Daca suni la ei sa le aduci in vedere faptul ca stai de 30 minute in frig pentru un nenorocit de autobuz,esti luat la misto de catre o duduie care parca e pe droguri cand vorbeste cu tine.Dispret maxim,tot va laudati cu achizitiile facute insa zac defecte in depou/graj..Cea mai praf companie de transport din tara...si stiu sigur ca nimic nu are sa se schimbe vreodata.Si inca ceva...ati scumpit biletul...oare sa mai intreb de ce?",relatii_clienti,1
26,"aspect: stare_vehicule. text: Lipsa crasa de respect pentru calatori! Daca suni la ei sa le aduci in vedere faptul ca stai de 30 minute in frig pentru un nenorocit de autobuz,esti luat la misto de catre o duduie care parca e pe droguri cand vorbeste cu tine.Dispret maxim,tot va laudati cu achizitiile facute insa zac defecte in depou/graj..Cea mai praf companie de transport din tara...si stiu sigur ca nimic nu are sa se schimbe vreodata.Si inca ceva...ati scumpit biletul...oare sa mai intreb de ce?",stare_vehicule,1
26,"aspect: siguranta. text: Lipsa crasa de respect pentru calatori! Daca suni la ei sa le aduci in vedere faptul ca stai de 30 minute in frig pentru un nenorocit de autobuz,esti luat la misto de catre o duduie care parca e pe droguri cand vorbeste cu tine.Dispret maxim,tot va laudati cu achizitiile facute insa zac defecte in depou/graj..Cea mai praf companie de transport din tara...si stiu sigur ca nimic nu are sa se schimbe vreodata.Si inca ceva...ati scumpit biletul...oare sa mai intreb de ce?",siguranta,0
26,"aspect: aglomeratie. text: Lipsa crasa de respect pentru calatori! Daca suni la ei sa le aduci in vedere faptul ca stai de 30 minute in frig pentru un nenorocit de autobuz,esti luat la misto de catre o duduie care parca e pe droguri cand vorbeste cu tine.Dispret maxim,tot va laudati cu achizitiile facute insa zac defecte in depou/graj..Cea mai praf companie de transport din tara...si stiu sigur ca nimic nu are sa se schimbe vreodata.Si inca ceva...ati scumpit biletul...oare sa mai intreb de ce?",aglomeratie,0
26,"aspect: organizare. text: Lipsa crasa de respect pentru calatori! Daca suni la ei sa le aduci in vedere faptul ca stai de 30 minute in frig pentru un nenorocit de autobuz,esti luat la misto de catre o duduie care parca e pe droguri cand vorbeste cu tine.Dispret maxim,tot va laudati cu achizitiile facute insa zac defecte in depou/graj..Cea mai praf companie de transport din tara...si stiu sigur ca nimic nu are sa se schimbe vreodata.Si inca ceva...ati scumpit biletul...oare sa mai intreb de ce?",organizare,0
26,"aspect: punctualitate. text: Lipsa crasa de respect pentru calatori! Daca suni la ei sa le aduci in vedere faptul ca stai de 30 minute in frig pentru un nenorocit de autobuz,esti luat la misto de catre o duduie care parca e pe droguri cand vorbeste cu tine.Dispret maxim,tot va laudati cu achizitiile facute insa zac defecte in depou/graj..Cea mai praf companie de transport din tara...si stiu sigur ca nimic nu are sa se schimbe vreodata.Si inca ceva...ati scumpit biletul...oare sa mai intreb de ce?",punctualitate,0
26,"aspect: controlori. text: Lipsa crasa de respect pentru calatori! Daca suni la ei sa le aduci in vedere faptul ca stai de 30 minute in frig pentru un nenorocit de autobuz,esti luat la misto de catre o duduie care parca e pe droguri cand vorbeste cu tine.Dispret maxim,tot va laudati cu achizitiile facute insa zac defecte in depou/graj..Cea mai praf companie de transport din tara...si stiu sigur ca nimic nu are sa se schimbe vreodata.Si inca ceva...ati scumpit biletul...oare sa mai intreb de ce?",controlori,0
26,"aspect: curatenie. text: Lipsa crasa de respect pentru calatori! Daca suni la ei sa le aduci in vedere faptul ca stai de 30 minute in frig pentru un nenorocit de autobuz,esti luat la misto de catre o duduie care parca e pe droguri cand vorbeste cu tine.Dispret maxim,tot va laudati cu achizitiile facute insa zac defecte in depou/graj..Cea mai praf companie de transport din tara...si stiu sigur ca nimic nu are sa se schimbe vreodata.Si inca ceva...ati scumpit biletul...oare sa mai intreb de ce?",curatenie,0
26,"aspect: acoperire_rute. text: Lipsa crasa de respect pentru calatori! Daca suni la ei sa le aduci in vedere faptul ca stai de 30 minute in frig pentru un nenorocit de autobuz,esti luat la misto de catre o duduie care parca e pe droguri cand vorbeste cu tine.Dispret maxim,tot va laudati cu achizitiile facute insa zac defecte in depou/graj..Cea mai praf companie de transport din tara...si stiu sigur ca nimic nu are sa se schimbe vreodata.Si inca ceva...ati scumpit biletul...oare sa mai intreb de ce?",acoperire_rute,0
26,"aspect: infrastructura_statii. text: Lipsa crasa de respect pentru calatori! Daca suni la ei sa le aduci in vedere faptul ca stai de 30 minute in frig pentru un nenorocit de autobuz,esti luat la misto de catre o duduie care parca e pe droguri cand vorbeste cu tine.Dispret maxim,tot va laudati cu achizitiile facute insa zac defecte in depou/graj..Cea mai praf companie de transport din tara...si stiu sigur ca nimic nu are sa se schimbe vreodata.Si inca ceva...ati scumpit biletul...oare sa mai intreb de ce?",infrastructura_statii,0
26,"aspect: confort_termic. text: Lipsa crasa de respect pentru calatori! Daca suni la ei sa le aduci in vedere faptul ca stai de 30 minute in frig pentru un nenorocit de autobuz,esti luat la misto de catre o duduie care parca e pe droguri cand vorbeste cu tine.Dispret maxim,tot va laudati cu achizitiile facute insa zac defecte in depou/graj..Cea mai praf companie de transport din tara...si stiu sigur ca nimic nu are sa se schimbe vreodata.Si inca ceva...ati scumpit biletul...oare sa mai intreb de ce?",confort_termic,0
26,"aspect: soferi_vatmani. text: Lipsa crasa de respect pentru calatori! Daca suni la ei sa le aduci in vedere faptul ca stai de 30 minute in frig pentru un nenorocit de autobuz,esti luat la misto de catre o duduie care parca e pe droguri cand vorbeste cu tine.Dispret maxim,tot va laudati cu achizitiile facute insa zac defecte in depou/graj..Cea mai praf companie de transport din tara...si stiu sigur ca nimic nu are sa se schimbe vreodata.Si inca ceva...ati scumpit biletul...oare sa mai intreb de ce?",soferi_vatmani,0
26,"aspect: informare_calatori. text: Lipsa crasa de respect pentru calatori! Daca suni la ei sa le aduci in vedere faptul ca stai de 30 minute in frig pentru un nenorocit de autobuz,esti luat la misto de catre o duduie care parca e pe droguri cand vorbeste cu tine.Dispret maxim,tot va laudati cu achizitiile facute insa zac defecte in depou/graj..Cea mai praf companie de transport din tara...si stiu sigur ca nimic nu are sa se schimbe vreodata.Si inca ceva...ati scumpit biletul...oare sa mai intreb de ce?",informare_calatori,0
26,"aspect: validare_bilete. text: Lipsa crasa de respect pentru calatori! Daca suni la ei sa le aduci in vedere faptul ca stai de 30 minute in frig pentru un nenorocit de autobuz,esti luat la misto de catre o duduie care parca e pe droguri cand vorbeste cu tine.Dispret maxim,tot va laudati cu achizitiile facute insa zac defecte in depou/graj..Cea mai praf companie de transport din tara...si stiu sigur ca nimic nu are sa se schimbe vreodata.Si inca ceva...ati scumpit biletul...oare sa mai intreb de ce?",validare_bilete,0
145,aspect: aglomeratie. text: Stiti macar ce flow au autobuzele voastre ? Stiti ca vin cate 3 autobuze 20 la rand la interval de cateva minute ? Cica ati suplimentat cu inceperea anului scolar si ele tot full sunt. Veniti dimineata la ora 7:30 in statie la Moara de foc si vedeti daca puteti lua un 46 sa ajungeti in Tudor. Puneti-va odata GPS-uri pe autobuze sa stim cu totii cand ajung si unde sunt cele 3 autobuze 20.,aglomeratie,1
145,aspect: informare_calatori. text: Stiti macar ce flow au autobuzele voastre ? Stiti ca vin cate 3 autobuze 20 la rand la interval de cateva minute ? Cica ati suplimentat cu inceperea anului scolar si ele tot full sunt. Veniti dimineata la ora 7:30 in statie la Moara de foc si vedeti daca puteti lua un 46 sa ajungeti in Tudor. Puneti-va odata GPS-uri pe autobuze sa stim cu totii cand ajung si unde sunt cele 3 autobuze 20.,informare_calatori,1
145,aspect: organizare. text: Stiti macar ce flow au autobuzele voastre ? Stiti ca vin cate 3 autobuze 20 la rand la interval de cateva minute ? Cica ati suplimentat cu inceperea anului scolar si ele tot full sunt. Veniti dimineata la ora 7:30 in statie la Moara de foc si vedeti daca puteti lua un 46 sa ajungeti in Tudor. Puneti-va odata GPS-uri pe autobuze sa stim cu totii cand ajung si unde sunt cele 3 autobuze 20.,organizare,1
145,aspect: punctualitate. text: Stiti macar ce flow au autobuzele voastre ? Stiti ca vin cate 3 autobuze 20 la rand la interval de cateva minute ? Cica ati suplimentat cu inceperea anului scolar si ele tot full sunt. Veniti dimineata la ora 7:30 in statie la Moara de foc si vedeti daca puteti lua un 46 sa ajungeti in Tudor. Puneti-va odata GPS-uri pe autobuze sa stim cu totii cand ajung si unde sunt cele 3 autobuze 20.,punctualitate,0
145,aspect: pret. text: Stiti macar ce flow au autobuzele voastre ? Stiti ca vin cate 3 autobuze 20 la rand la interval de cateva minute ? Cica ati suplimentat cu inceperea anului scolar si ele tot full sunt. Veniti dimineata la ora 7:30 in statie la Moara de foc si vedeti daca puteti lua un 46 sa ajungeti in Tudor. Puneti-va odata GPS-uri pe autobuze sa stim cu totii cand ajung si unde sunt cele 3 autobuze 20.,pret,0
145,aspect: stare_vehicule. text: Stiti macar ce flow au autobuzele voastre ? Stiti ca vin cate 3 autobuze 20 la rand la interval de cateva minute ? Cica ati suplimentat cu inceperea anului scolar si ele tot full sunt. Veniti dimineata la ora 7:30 in statie la Moara de foc si vedeti daca puteti lua un 46 sa ajungeti in Tudor. Puneti-va odata GPS-uri pe autobuze sa stim cu totii cand ajung si unde sunt cele 3 autobuze 20.,stare_vehicule,0
145,aspect: confort_termic. text: Stiti macar ce flow au autobuzele voastre ? Stiti ca vin cate 3 autobuze 20 la rand la interval de cateva minute ? Cica ati suplimentat cu inceperea anului scolar si ele tot full sunt. Veniti dimineata la ora 7:30 in statie la Moara de foc si vedeti daca puteti lua un 46 sa ajungeti in Tudor. Puneti-va odata GPS-uri pe autobuze sa stim cu totii cand ajung si unde sunt cele 3 autobuze 20.,confort_termic,0
145,aspect: validare_bilete. text: Stiti macar ce flow au autobuzele voastre ? Stiti ca vin cate 3 autobuze 20 la rand la interval de cateva minute ? Cica ati suplimentat cu inceperea anului scolar si ele tot full sunt. Veniti dimineata la ora 7:30 in statie la Moara de foc si vedeti daca puteti lua un 46 sa ajungeti in Tudor. Puneti-va odata GPS-uri pe autobuze sa stim cu totii cand ajung si unde sunt cele 3 autobuze 20.,validare_bilete,0
145,aspect: relatii_clienti. text: Stiti macar ce flow au autobuzele voastre ? Stiti ca vin cate 3 autobuze 20 la rand la interval de cateva minute ? Cica ati suplimentat cu inceperea anului scolar si ele tot full sunt. Veniti dimineata la ora 7:30 in statie la Moara de foc si vedeti daca puteti lua un 46 sa ajungeti in Tudor. Puneti-va odata GPS-uri pe autobuze sa stim cu totii cand ajung si unde sunt cele 3 autobuze 20.,relatii_clienti,0
145,aspect: acoperire_rute. text: Stiti macar ce flow au autobuzele voastre ? Stiti ca vin cate 3 autobuze 20 la rand la interval de cateva minute ? Cica ati suplimentat cu inceperea anului scolar si ele tot full sunt. Veniti dimineata la ora 7:30 in statie la Moara de foc si vedeti daca puteti lua un 46 sa ajungeti in Tudor. Puneti-va odata GPS-uri pe autobuze sa stim cu totii cand ajung si unde sunt cele 3 autobuze 20.,acoperire_rute,0
145,aspect: soferi_vatmani. text: Stiti macar ce flow au autobuzele voastre ? Stiti ca vin cate 3 autobuze 20 la rand la interval de cateva minute ? Cica ati suplimentat cu inceperea anului scolar si ele tot full sunt. Veniti dimineata la ora 7:30 in statie la Moara de foc si vedeti daca puteti lua un 46 sa ajungeti in Tudor. Puneti-va odata GPS-uri pe autobuze sa stim cu totii cand ajung si unde sunt cele 3 autobuze 20.,soferi_vatmani,0
145,aspect: controlori. text: Stiti macar ce flow au autobuzele voastre ? Stiti ca vin cate 3 autobuze 20 la rand la interval de cateva minute ? Cica ati suplimentat cu inceperea anului scolar si ele tot full sunt. Veniti dimineata la ora 7:30 in statie la Moara de foc si vedeti daca puteti lua un 46 sa ajungeti in Tudor. Puneti-va odata GPS-uri pe autobuze sa stim cu totii cand ajung si unde sunt cele 3 autobuze 20.,controlori,0
SENT_SIM_006,"aspect: punctualitate. text: Autobuzul a venit cu câteva minute mai târziu, dar nu a afectat călătoria.",punctualitate,1
SENT_SIM_006,"aspect: pret. text: Autobuzul a venit cu câteva minute mai târziu, dar nu a afectat călătoria.",pret,0
SENT_SIM_006,"aspect: confort_termic. text: Autobuzul a venit cu câteva minute mai târziu, dar nu a afectat călătoria.",confort_termic,0
SENT_SIM_006,"aspect: aglomeratie. text: Autobuzul a venit cu câteva minute mai târziu, dar nu a afectat călătoria.",aglomeratie,0
33,"aspect: frecventa. text: Nu recomand. Stau mai mult de jumătate de oră în weekend ca să vină un autobuz și mai cereți si 110 lei abonamentul. Ori luați măsuri în privința condițiilor, ori aduceți prețurile la nivelul la care sunt deja condițiile.",frecventa,1
33,"aspect: pret. text: Nu recomand. Stau mai mult de jumătate de oră în weekend ca să vină un autobuz și mai cereți si 110 lei abonamentul. Ori luați măsuri în privința condițiilor, ori aduceți prețurile la nivelul la care sunt deja condițiile.",pret,1
33,"aspect: confort_termic. text: Nu recomand. Stau mai mult de jumătate de oră în weekend ca să vină un autobuz și mai cereți si 110 lei abonamentul. Ori luați măsuri în privința condițiilor, ori aduceți prețurile la nivelul la care sunt deja condițiile.",confort_termic,0
33,"aspect: curatenie. text: Nu recomand. Stau mai mult de jumătate de oră în weekend ca să vină un autobuz și mai cereți si 110 lei abonamentul. Ori luați măsuri în privința condițiilor, ori aduceți prețurile la nivelul la care sunt deja condițiile.",curatenie,0
33,"aspect: relatii_clienti. text: Nu recomand. Stau mai mult de jumătate de oră în weekend ca să vină un autobuz și mai cereți si 110 lei abonamentul. Ori luați măsuri în privința condițiilor, ori aduceți prețurile la nivelul la care sunt deja condițiile.",relatii_clienti,0
33,"aspect: siguranta. text: Nu recomand. Stau mai mult de jumătate de oră în weekend ca să vină un autobuz și mai cereți si 110 lei abonamentul. Ori luați măsuri în privința condițiilor, ori aduceți prețurile la nivelul la care sunt deja condițiile.",siguranta,0
33,"aspect: soferi_vatmani. text: Nu recomand. Stau mai mult de jumătate de oră în weekend ca să vină un autobuz și mai cereți si 110 lei abonamentul. Ori luați măsuri în privința condițiilor, ori aduceți prețurile la nivelul la care sunt deja condițiile.",soferi_vatmani,0
33,"aspect: punctualitate. text: Nu recomand. Stau mai mult de jumătate de oră în weekend ca să vină un autobuz și mai cereți si 110 lei abonamentul. Ori luați măsuri în privința condițiilor, ori aduceți prețurile la nivelul la care sunt deja condițiile.",punctualitate,0
SIM_071,aspect: validare_bilete. text: POS-ul din autobuz a funcționat corect și plata s-a făcut rapid.,validare_bilete,1
SIM_071,aspect: relatii_clienti. text: POS-ul din autobuz a funcționat corect și plata s-a făcut rapid.,relatii_clienti,0
SIM_071,aspect: frecventa. text: POS-ul din autobuz a funcționat corect și plata s-a făcut rapid.,frecventa,0
SIM_071,aspect: informare_calatori. text: POS-ul din autobuz a funcționat corect și plata s-a făcut rapid.,informare_calatori,0
99,"aspect: validare_bilete. text: Da-o in mă-sa, nu aveți case deschise, aparatele nu vă merg, în aplicație nu pot lua abonament pentru 30 de zile. Merg jumătate de oraș pentru un abonament sau un set de bilete.",validare_bilete,1
99,"aspect: pret. text: Da-o in mă-sa, nu aveți case deschise, aparatele nu vă merg, în aplicație nu pot lua abonament pentru 30 de zile. Merg jumătate de oraș pentru un abonament sau un set de bilete.",pret,0
99,"aspect: organizare. text: Da-o in mă-sa, nu aveți case deschise, aparatele nu vă merg, în aplicație nu pot lua abonament pentru 30 de zile. Merg jumătate de oraș pentru un abonament sau un set de bilete.",organizare,0
99,"aspect: curatenie. text: Da-o in mă-sa, nu aveți case deschise, aparatele nu vă merg, în aplicație nu pot lua abonament pentru 30 de zile. Merg jumătate de oraș pentru un abonament sau un set de bilete.",curatenie,0
241,"aspect: curatenie. text: Tramvaiele iesite din depou la prima ora, sunt murdare de glod, au un miros de putregai, nu sunt aerisite, vatman care este prea obosit sa conduca dimineata, iar ochii ii are in telefon in timp ce conduce pana la destinatie. Panouri cu trasee care nu sunt functionale, care nu arata realitatea. Poate pana data viitoare va voi da un maxim de stele, progres doresc, nu regres. Succes la combaterea problemelor sesizate.",curatenie,1
241,"aspect: informare_calatori. text: Tramvaiele iesite din depou la prima ora, sunt murdare de glod, au un miros de putregai, nu sunt aerisite, vatman care este prea obosit sa conduca dimineata, iar ochii ii are in telefon in timp ce conduce pana la destinatie. Panouri cu trasee care nu sunt functionale, care nu arata realitatea. Poate pana data viitoare va voi da un maxim de stele, progres doresc, nu regres. Succes la combaterea problemelor sesizate.",informare_calatori,1
241,"aspect: siguranta. text: Tramvaiele iesite din depou la prima ora, sunt murdare de glod, au un miros de putregai, nu sunt aerisite, vatman care este prea obosit sa conduca dimineata, iar ochii ii are in telefon in timp ce conduce pana la destinatie. Panouri cu trasee care nu sunt functionale, care nu arata realitatea. Poate pana data viitoare va voi da un maxim de stele, progres doresc, nu regres. Succes la combaterea problemelor sesizate.",siguranta,1
241,"aspect: soferi_vatmani. text: Tramvaiele iesite din depou la prima ora, sunt murdare de glod, au un miros de putregai, nu sunt aerisite, vatman care este prea obosit sa conduca dimineata, iar ochii ii are in telefon in timp ce conduce pana la destinatie. Panouri cu trasee care nu sunt functionale, care nu arata realitatea. Poate pana data viitoare va voi da un maxim de stele, progres doresc, nu regres. Succes la combaterea problemelor sesizate.",soferi_vatmani,1
241,"aspect: pret. text: Tramvaiele iesite din depou la prima ora, sunt murdare de glod, au un miros de putregai, nu sunt aerisite, vatman care este prea obosit sa conduca dimineata, iar ochii ii are in telefon in timp ce conduce pana la destinatie. Panouri cu trasee care nu sunt functionale, care nu arata realitatea. Poate pana data viitoare va voi da un maxim de stele, progres doresc, nu regres. Succes la combaterea problemelor sesizate.",pret,0
241,"aspect: punctualitate. text: Tramvaiele iesite din depou la prima ora, sunt murdare de glod, au un miros de putregai, nu sunt aerisite, vatman care este prea obosit sa conduca dimineata, iar ochii ii are in telefon in timp ce conduce pana la destinatie. Panouri cu trasee care nu sunt functionale, care nu arata realitatea. Poate pana data viitoare va voi da un maxim de stele, progres doresc, nu regres. Succes la combaterea problemelor sesizate.",punctualitate,0
241,"aspect: relatii_clienti. text: Tramvaiele iesite din depou la prima ora, sunt murdare de glod, au un miros de putregai, nu sunt aerisite, vatman care este prea obosit sa conduca dimineata, iar ochii ii are in telefon in timp ce conduce pana la destinatie. Panouri cu trasee care nu sunt functionale, care nu arata realitatea. Poate pana data viitoare va voi da un maxim de stele, progres doresc, nu regres. Succes la combaterea problemelor sesizate.",relatii_clienti,0
241,"aspect: organizare. text: Tramvaiele iesite din depou la prima ora, sunt murdare de glod, au un miros de putregai, nu sunt aerisite, vatman care este prea obosit sa conduca dimineata, iar ochii ii are in telefon in timp ce conduce pana la destinatie. Panouri cu trasee care nu sunt functionale, care nu arata realitatea. Poate pana data viitoare va voi da un maxim de stele, progres doresc, nu regres. Succes la combaterea problemelor sesizate.",organizare,0
241,"aspect: aglomeratie. text: Tramvaiele iesite din depou la prima ora, sunt murdare de glod, au un miros de putregai, nu sunt aerisite, vatman care este prea obosit sa conduca dimineata, iar ochii ii are in telefon in timp ce conduce pana la destinatie. Panouri cu trasee care nu sunt functionale, care nu arata realitatea. Poate pana data viitoare va voi da un maxim de stele, progres doresc, nu regres. Succes la combaterea problemelor sesizate.",aglomeratie,0
241,"aspect: stare_vehicule. text: Tramvaiele iesite din depou la prima ora, sunt murdare de glod, au un miros de putregai, nu sunt aerisite, vatman care este prea obosit sa conduca dimineata, iar ochii ii are in telefon in timp ce conduce pana la destinatie. Panouri cu trasee care nu sunt functionale, care nu arata realitatea. Poate pana data viitoare va voi da un maxim de stele, progres doresc, nu regres. Succes la combaterea problemelor sesizate.",stare_vehicule,0
241,"aspect: infrastructura_statii. text: Tramvaiele iesite din depou la prima ora, sunt murdare de glod, au un miros de putregai, nu sunt aerisite, vatman care este prea obosit sa conduca dimineata, iar ochii ii are in telefon in timp ce conduce pana la destinatie. Panouri cu trasee care nu sunt functionale, care nu arata realitatea. Poate pana data viitoare va voi da un maxim de stele, progres doresc, nu regres. Succes la combaterea problemelor sesizate.",infrastructura_statii,0
241,"aspect: acoperire_rute. text: Tramvaiele iesite din depou la prima ora, sunt murdare de glod, au un miros de putregai, nu sunt aerisite, vatman care este prea obosit sa conduca dimineata, iar ochii ii are in telefon in timp ce conduce pana la destinatie. Panouri cu trasee care nu sunt functionale, care nu arata realitatea. Poate pana data viitoare va voi da un maxim de stele, progres doresc, nu regres. Succes la combaterea problemelor sesizate.",acoperire_rute,0
241,"aspect: validare_bilete. text: Tramvaiele iesite din depou la prima ora, sunt murdare de glod, au un miros de putregai, nu sunt aerisite, vatman care este prea obosit sa conduca dimineata, iar ochii ii are in telefon in timp ce conduce pana la destinatie. Panouri cu trasee care nu sunt functionale, care nu arata realitatea. Poate pana data viitoare va voi da un maxim de stele, progres doresc, nu regres. Succes la combaterea problemelor sesizate.",validare_bilete,0
241,"aspect: controlori. text: Tramvaiele iesite din depou la prima ora, sunt murdare de glod, au un miros de putregai, nu sunt aerisite, vatman care este prea obosit sa conduca dimineata, iar ochii ii are in telefon in timp ce conduce pana la destinatie. Panouri cu trasee care nu sunt functionale, care nu arata realitatea. Poate pana data viitoare va voi da un maxim de stele, progres doresc, nu regres. Succes la combaterea problemelor sesizate.",controlori,0
241,"aspect: confort_termic. text: Tramvaiele iesite din depou la prima ora, sunt murdare de glod, au un miros de putregai, nu sunt aerisite, vatman care este prea obosit sa conduca dimineata, iar ochii ii are in telefon in timp ce conduce pana la destinatie. Panouri cu trasee care nu sunt functionale, care nu arata realitatea. Poate pana data viitoare va voi da un maxim de stele, progres doresc, nu regres. Succes la combaterea problemelor sesizate.",confort_termic,0
241,"aspect: frecventa. text: Tramvaiele iesite din depou la prima ora, sunt murdare de glod, au un miros de putregai, nu sunt aerisite, vatman care este prea obosit sa conduca dimineata, iar ochii ii are in telefon in timp ce conduce pana la destinatie. Panouri cu trasee care nu sunt functionale, care nu arata realitatea. Poate pana data viitoare va voi da un maxim de stele, progres doresc, nu regres. Succes la combaterea problemelor sesizate.",frecventa,0
SIM_070,aspect: validare_bilete. text: Am cumpărat bilet prin 24pay fără probleme.,validare_bilete,1
SIM_070,aspect: informare_calatori. text: Am cumpărat bilet prin 24pay fără probleme.,informare_calatori,0
SIM_070,aspect: frecventa. text: Am cumpărat bilet prin 24pay fără probleme.,frecventa,0
SIM_070,aspect: infrastructura_statii. text: Am cumpărat bilet prin 24pay fără probleme.,infrastructura_statii,0
SIM_090,aspect: controlori. text: A fost control în autobuz dar verificarea a durat puțin.,controlori,1
SIM_090,aspect: infrastructura_statii. text: A fost control în autobuz dar verificarea a durat puțin.,infrastructura_statii,0
SIM_090,aspect: validare_bilete. text: A fost control în autobuz dar verificarea a durat puțin.,validare_bilete,0
SIM_090,aspect: siguranta. text: A fost control în autobuz dar verificarea a durat puțin.,siguranta,0
6,"aspect: soferi_vatmani. text: Tramvaiul 1, cutia albastră, mi-a luat banii, nu am primit biletul, se blocase. Am mers la vatman sa anunț și mi-a zis că o să vadă la capăt. Eu a trebui sa cobor și sa schimb tramvaiul. Fara bani si",soferi_vatmani,1
6,"aspect: validare_bilete. text: Tramvaiul 1, cutia albastră, mi-a luat banii, nu am primit biletul, se blocase. Am mers la vatman sa anunț și mi-a zis că o să vadă la capăt. Eu a trebui sa cobor și sa schimb tramvaiul. Fara bani si",validare_bilete,1
6,"aspect: aglomeratie. text: Tramvaiul 1, cutia albastră, mi-a luat banii, nu am primit biletul, se blocase. Am mers la vatman sa anunț și mi-a zis că o să vadă la capăt. Eu a trebui sa cobor și sa schimb tramvaiul. Fara bani si",aglomeratie,0
6,"aspect: frecventa. text: Tramvaiul 1, cutia albastră, mi-a luat banii, nu am primit biletul, se blocase. Am mers la vatman sa anunț și mi-a zis că o să vadă la capăt. Eu a trebui sa cobor și sa schimb tramvaiul. Fara bani si",frecventa,0
6,"aspect: informare_calatori. text: Tramvaiul 1, cutia albastră, mi-a luat banii, nu am primit biletul, se blocase. Am mers la vatman sa anunț și mi-a zis că o să vadă la capăt. Eu a trebui sa cobor și sa schimb tramvaiul. Fara bani si",informare_calatori,0
6,"aspect: siguranta. text: Tramvaiul 1, cutia albastră, mi-a luat banii, nu am primit biletul, se blocase. Am mers la vatman sa anunț și mi-a zis că o să vadă la capăt. Eu a trebui sa cobor și sa schimb tramvaiul. Fara bani si",siguranta,0
6,"aspect: curatenie. text: Tramvaiul 1, cutia albastră, mi-a luat banii, nu am primit biletul, se blocase. Am mers la vatman sa anunț și mi-a zis că o să vadă la capăt. Eu a trebui sa cobor și sa schimb tramvaiul. Fara bani si",curatenie,0
6,"aspect: punctualitate. text: Tramvaiul 1, cutia albastră, mi-a luat banii, nu am primit biletul, se blocase. Am mers la vatman sa anunț și mi-a zis că o să vadă la capăt. Eu a trebui sa cobor și sa schimb tramvaiul. Fara bani si",punctualitate,0
SIM_020,aspect: relatii_clienti. text: Am cumpărat abonament lunar și după o săptămână aplicația nu mai recunoaște cardul. Am sunat la telverde de 4 ori. De fiecare dată mi s-a spus că se rezolvă. Nu s-a rezolvat nimic.,relatii_clienti,1
SIM_020,aspect: validare_bilete. text: Am cumpărat abonament lunar și după o săptămână aplicația nu mai recunoaște cardul. Am sunat la telverde de 4 ori. De fiecare dată mi s-a spus că se rezolvă. Nu s-a rezolvat nimic.,validare_bilete,1
SIM_020,aspect: confort_termic. text: Am cumpărat abonament lunar și după o săptămână aplicația nu mai recunoaște cardul. Am sunat la telverde de 4 ori. De fiecare dată mi s-a spus că se rezolvă. Nu s-a rezolvat nimic.,confort_termic,0
SIM_020,aspect: punctualitate. text: Am cumpărat abonament lunar și după o săptămână aplicația nu mai recunoaște cardul. Am sunat la telverde de 4 ori. De fiecare dată mi s-a spus că se rezolvă. Nu s-a rezolvat nimic.,punctualitate,0
SIM_020,aspect: infrastructura_statii. text: Am cumpărat abonament lunar și după o săptămână aplicația nu mai recunoaște cardul. Am sunat la telverde de 4 ori. De fiecare dată mi s-a spus că se rezolvă. Nu s-a rezolvat nimic.,infrastructura_statii,0
SIM_020,aspect: aglomeratie. text: Am cumpărat abonament lunar și după o săptămână aplicația nu mai recunoaște cardul. Am sunat la telverde de 4 ori. De fiecare dată mi s-a spus că se rezolvă. Nu s-a rezolvat nimic.,aglomeratie,0
SIM_020,aspect: soferi_vatmani. text: Am cumpărat abonament lunar și după o săptămână aplicația nu mai recunoaște cardul. Am sunat la telverde de 4 ori. De fiecare dată mi s-a spus că se rezolvă. Nu s-a rezolvat nimic.,soferi_vatmani,0
SIM_020,aspect: pret. text: Am cumpărat abonament lunar și după o săptămână aplicația nu mai recunoaște cardul. Am sunat la telverde de 4 ori. De fiecare dată mi s-a spus că se rezolvă. Nu s-a rezolvat nimic.,pret,0
SIM_085,aspect: controlori. text: Controlorul a explicat calm ce trebuie făcut pentru validarea biletului.,controlori,1
SIM_085,aspect: aglomeratie. text: Controlorul a explicat calm ce trebuie făcut pentru validarea biletului.,aglomeratie,0
SIM_085,aspect: infrastructura_statii. text: Controlorul a explicat calm ce trebuie făcut pentru validarea biletului.,infrastructura_statii,0
SIM_085,aspect: validare_bilete. text: Controlorul a explicat calm ce trebuie făcut pentru validarea biletului.,validare_bilete,0
254,aspect: stare_vehicule. text: Jumătate din tramvaie sunt vechi !!!! HOȚII DE NICHITA ȘI CHIRICA !! AU FURAT .... DIN 1997 PÂNĂ ÎN 2021 ! RUȘȘIINNEEEE!!!!,stare_vehicule,1
254,aspect: relatii_clienti. text: Jumătate din tramvaie sunt vechi !!!! HOȚII DE NICHITA ȘI CHIRICA !! AU FURAT .... DIN 1997 PÂNĂ ÎN 2021 ! RUȘȘIINNEEEE!!!!,relatii_clienti,0
254,aspect: validare_bilete. text: Jumătate din tramvaie sunt vechi !!!! HOȚII DE NICHITA ȘI CHIRICA !! AU FURAT .... DIN 1997 PÂNĂ ÎN 2021 ! RUȘȘIINNEEEE!!!!,validare_bilete,0
254,aspect: frecventa. text: Jumătate din tramvaie sunt vechi !!!! HOȚII DE NICHITA ȘI CHIRICA !! AU FURAT .... DIN 1997 PÂNĂ ÎN 2021 ! RUȘȘIINNEEEE!!!!,frecventa,0
318,"aspect: frecventa. text: Numarul 19 de abia vine, de multe ori nu vine deloc",frecventa,1
318,"aspect: soferi_vatmani. text: Numarul 19 de abia vine, de multe ori nu vine deloc",soferi_vatmani,0
318,"aspect: confort_termic. text: Numarul 19 de abia vine, de multe ori nu vine deloc",confort_termic,0
318,"aspect: pret. text: Numarul 19 de abia vine, de multe ori nu vine deloc",pret,0
4,"aspect: frecventa. text: Sincer,sa ma ..... pe transportul vostru în comun,stau de 30 minute în stație la Minerva și aștept un 28 și nu vine,recomand orice altceva dar nu CTP,rusine sa va fie,și nu e prima oara ......",frecventa,1
4,"aspect: punctualitate. text: Sincer,sa ma ..... pe transportul vostru în comun,stau de 30 minute în stație la Minerva și aștept un 28 și nu vine,recomand orice altceva dar nu CTP,rusine sa va fie,și nu e prima oara ......",punctualitate,1
4,"aspect: acoperire_rute. text: Sincer,sa ma ..... pe transportul vostru în comun,stau de 30 minute în stație la Minerva și aștept un 28 și nu vine,recomand orice altceva dar nu CTP,rusine sa va fie,și nu e prima oara ......",acoperire_rute,0
4,"aspect: relatii_clienti. text: Sincer,sa ma ..... pe transportul vostru în comun,stau de 30 minute în stație la Minerva și aștept un 28 și nu vine,recomand orice altceva dar nu CTP,rusine sa va fie,și nu e prima oara ......",relatii_clienti,0
4,"aspect: pret. text: Sincer,sa ma ..... pe transportul vostru în comun,stau de 30 minute în stație la Minerva și aștept un 28 și nu vine,recomand orice altceva dar nu CTP,rusine sa va fie,și nu e prima oara ......",pret,0
4,"aspect: soferi_vatmani. text: Sincer,sa ma ..... pe transportul vostru în comun,stau de 30 minute în stație la Minerva și aștept un 28 și nu vine,recomand orice altceva dar nu CTP,rusine sa va fie,și nu e prima oara ......",soferi_vatmani,0
4,"aspect: informare_calatori. text: Sincer,sa ma ..... pe transportul vostru în comun,stau de 30 minute în stație la Minerva și aștept un 28 și nu vine,recomand orice altceva dar nu CTP,rusine sa va fie,și nu e prima oara ......",informare_calatori,0
4,"aspect: aglomeratie. text: Sincer,sa ma ..... pe transportul vostru în comun,stau de 30 minute în stație la Minerva și aștept un 28 și nu vine,recomand orice altceva dar nu CTP,rusine sa va fie,și nu e prima oara ......",aglomeratie,0
314,"aspect: pret. text: Am mers cu un tramvai astăzi de-am zis ca- i pică tabla pe drum! Nu e posibil să ai asemenea tarife și să oferi asemenea servicii. Sunt convinsă ca se vor găsi soluții pentru îmbunătățirea transportului public, să încurajăm oamenii sa- l utilizeze. La întoarcere am fost mai norocoasă c- am  mers cu un mijloc de transport nou. Sunt multe de schimbat… mi se par foarte mari tarifele, dar probabil sunt justificate cumva de subvențiile acordate anumitor categorii.  Succes în activitate! Doamne ajută!",pret,1
314,"aspect: stare_vehicule. text: Am mers cu un tramvai astăzi de-am zis ca- i pică tabla pe drum! Nu e posibil să ai asemenea tarife și să oferi asemenea servicii. Sunt convinsă ca se vor găsi soluții pentru îmbunătățirea transportului public, să încurajăm oamenii sa- l utilizeze. La întoarcere am fost mai norocoasă c- am  mers cu un mijloc de transport nou. Sunt multe de schimbat… mi se par foarte mari tarifele, dar probabil sunt justificate cumva de subvențiile acordate anumitor categorii.  Succes în activitate! Doamne ajută!",stare_vehicule,1
314,"aspect: informare_calatori. text: Am mers cu un tramvai astăzi de-am zis ca- i pică tabla pe drum! Nu e posibil să ai asemenea tarife și să oferi asemenea servicii. Sunt convinsă ca se vor găsi soluții pentru îmbunătățirea transportului public, să încurajăm oamenii sa- l utilizeze. La întoarcere am fost mai norocoasă c- am  mers cu un mijloc de transport nou. Sunt multe de schimbat… mi se par foarte mari tarifele, dar probabil sunt justificate cumva de subvențiile acordate anumitor categorii.  Succes în activitate! Doamne ajută!",informare_calatori,0
314,"aspect: frecventa. text: Am mers cu un tramvai astăzi de-am zis ca- i pică tabla pe drum! Nu e posibil să ai asemenea tarife și să oferi asemenea servicii. Sunt convinsă ca se vor găsi soluții pentru îmbunătățirea transportului public, să încurajăm oamenii sa- l utilizeze. La întoarcere am fost mai norocoasă c- am  mers cu un mijloc de transport nou. Sunt multe de schimbat… mi se par foarte mari tarifele, dar probabil sunt justificate cumva de subvențiile acordate anumitor categorii.  Succes în activitate! Doamne ajută!",frecventa,0
314,"aspect: relatii_clienti. text: Am mers cu un tramvai astăzi de-am zis ca- i pică tabla pe drum! Nu e posibil să ai asemenea tarife și să oferi asemenea servicii. Sunt convinsă ca se vor găsi soluții pentru îmbunătățirea transportului public, să încurajăm oamenii sa- l utilizeze. La întoarcere am fost mai norocoasă c- am  mers cu un mijloc de transport nou. Sunt multe de schimbat… mi se par foarte mari tarifele, dar probabil sunt justificate cumva de subvențiile acordate anumitor categorii.  Succes în activitate! Doamne ajută!",relatii_clienti,0
314,"aspect: validare_bilete. text: Am mers cu un tramvai astăzi de-am zis ca- i pică tabla pe drum! Nu e posibil să ai asemenea tarife și să oferi asemenea servicii. Sunt convinsă ca se vor găsi soluții pentru îmbunătățirea transportului public, să încurajăm oamenii sa- l utilizeze. La întoarcere am fost mai norocoasă c- am  mers cu un mijloc de transport nou. Sunt multe de schimbat… mi se par foarte mari tarifele, dar probabil sunt justificate cumva de subvențiile acordate anumitor categorii.  Succes în activitate! Doamne ajută!",validare_bilete,0
314,"aspect: acoperire_rute. text: Am mers cu un tramvai astăzi de-am zis ca- i pică tabla pe drum! Nu e posibil să ai asemenea tarife și să oferi asemenea servicii. Sunt convinsă ca se vor găsi soluții pentru îmbunătățirea transportului public, să încurajăm oamenii sa- l utilizeze. La întoarcere am fost mai norocoasă c- am  mers cu un mijloc de transport nou. Sunt multe de schimbat… mi se par foarte mari tarifele, dar probabil sunt justificate cumva de subvențiile acordate anumitor categorii.  Succes în activitate! Doamne ajută!",acoperire_rute,0
314,"aspect: curatenie. text: Am mers cu un tramvai astăzi de-am zis ca- i pică tabla pe drum! Nu e posibil să ai asemenea tarife și să oferi asemenea servicii. Sunt convinsă ca se vor găsi soluții pentru îmbunătățirea transportului public, să încurajăm oamenii sa- l utilizeze. La întoarcere am fost mai norocoasă c- am  mers cu un mijloc de transport nou. Sunt multe de schimbat… mi se par foarte mari tarifele, dar probabil sunt justificate cumva de subvențiile acordate anumitor categorii.  Succes în activitate! Doamne ajută!",curatenie,0
SIM_040,"aspect: informare_calatori. text: Aplicația de urmărire a autobuzelor merge bine când merge. Adică uneori e precisă la minut, alteori arată informații complet greșite. Mi-e greu să mă bazez pe ea în fiecare zi.",informare_calatori,1
SIM_040,"aspect: punctualitate. text: Aplicația de urmărire a autobuzelor merge bine când merge. Adică uneori e precisă la minut, alteori arată informații complet greșite. Mi-e greu să mă bazez pe ea în fiecare zi.",punctualitate,0
SIM_040,"aspect: curatenie. text: Aplicația de urmărire a autobuzelor merge bine când merge. Adică uneori e precisă la minut, alteori arată informații complet greșite. Mi-e greu să mă bazez pe ea în fiecare zi.",curatenie,0
SIM_040,"aspect: frecventa. text: Aplicația de urmărire a autobuzelor merge bine când merge. Adică uneori e precisă la minut, alteori arată informații complet greșite. Mi-e greu să mă bazez pe ea în fiecare zi.",frecventa,0
SENT_SIM_021,aspect: informare_calatori. text: Aplicația a oferit informații aproximative despre sosire.,informare_calatori,1
SENT_SIM_021,aspect: aglomeratie. text: Aplicația a oferit informații aproximative despre sosire.,aglomeratie,0
SENT_SIM_021,aspect: punctualitate. text: Aplicația a oferit informații aproximative despre sosire.,punctualitate,0
SENT_SIM_021,aspect: pret. text: Aplicația a oferit informații aproximative despre sosire.,pret,0
SIM_006,"aspect: validare_bilete. text: Validarea biletului cu cardul a mers fără probleme de data asta. Aparatul a funcționat, a dat bonul, totul ok. Nu e mare lucru dar după atâtea probleme pe care le-am auzit de la alții e de menționat.",validare_bilete,1
SIM_006,"aspect: controlori. text: Validarea biletului cu cardul a mers fără probleme de data asta. Aparatul a funcționat, a dat bonul, totul ok. Nu e mare lucru dar după atâtea probleme pe care le-am auzit de la alții e de menționat.",controlori,0
SIM_006,"aspect: confort_termic. text: Validarea biletului cu cardul a mers fără probleme de data asta. Aparatul a funcționat, a dat bonul, totul ok. Nu e mare lucru dar după atâtea probleme pe care le-am auzit de la alții e de menționat.",confort_termic,0
SIM_006,"aspect: punctualitate. text: Validarea biletului cu cardul a mers fără probleme de data asta. Aparatul a funcționat, a dat bonul, totul ok. Nu e mare lucru dar după atâtea probleme pe care le-am auzit de la alții e de menționat.",punctualitate,0
286,"aspect: confort_termic. text: Pe autobuzele traseului 41, se pare ca pornirea aerului conditionat e la fel de complicata ca pornirea unui reactor nuclear. Le e atat de greu soferilor sa porneasca aerul ala atunci cand temperatura in autobuz e de 40?",confort_termic,1
286,"aspect: organizare. text: Pe autobuzele traseului 41, se pare ca pornirea aerului conditionat e la fel de complicata ca pornirea unui reactor nuclear. Le e atat de greu soferilor sa porneasca aerul ala atunci cand temperatura in autobuz e de 40?",organizare,0
286,"aspect: curatenie. text: Pe autobuzele traseului 41, se pare ca pornirea aerului conditionat e la fel de complicata ca pornirea unui reactor nuclear. Le e atat de greu soferilor sa porneasca aerul ala atunci cand temperatura in autobuz e de 40?",curatenie,0
286,"aspect: aglomeratie. text: Pe autobuzele traseului 41, se pare ca pornirea aerului conditionat e la fel de complicata ca pornirea unui reactor nuclear. Le e atat de greu soferilor sa porneasca aerul ala atunci cand temperatura in autobuz e de 40?",aglomeratie,0
181,aspect: organizare. text: Imbunatatiri majore in ultima vreme. Tineti-o tot asa! 👍,organizare,1
181,aspect: frecventa. text: Imbunatatiri majore in ultima vreme. Tineti-o tot asa! 👍,frecventa,0
181,aspect: stare_vehicule. text: Imbunatatiri majore in ultima vreme. Tineti-o tot asa! 👍,stare_vehicule,0
181,aspect: pret. text: Imbunatatiri majore in ultima vreme. Tineti-o tot asa! 👍,pret,0
SIM_016,aspect: frecventa. text: Doamna de la relații clienți mi-a închis telefonul în nas când am întrebat de ce nu circulă autobuzul 44 conform orarului. Nici măcar nu mi-a răspuns la întrebare. Pur și simplu a închis.,frecventa,1
SIM_016,aspect: relatii_clienti. text: Doamna de la relații clienți mi-a închis telefonul în nas când am întrebat de ce nu circulă autobuzul 44 conform orarului. Nici măcar nu mi-a răspuns la întrebare. Pur și simplu a închis.,relatii_clienti,1
SIM_016,aspect: informare_calatori. text: Doamna de la relații clienți mi-a închis telefonul în nas când am întrebat de ce nu circulă autobuzul 44 conform orarului. Nici măcar nu mi-a răspuns la întrebare. Pur și simplu a închis.,informare_calatori,0
SIM_016,aspect: aglomeratie. text: Doamna de la relații clienți mi-a închis telefonul în nas când am întrebat de ce nu circulă autobuzul 44 conform orarului. Nici măcar nu mi-a răspuns la întrebare. Pur și simplu a închis.,aglomeratie,0
SIM_016,aspect: curatenie. text: Doamna de la relații clienți mi-a închis telefonul în nas când am întrebat de ce nu circulă autobuzul 44 conform orarului. Nici măcar nu mi-a răspuns la întrebare. Pur și simplu a închis.,curatenie,0
SIM_016,aspect: punctualitate. text: Doamna de la relații clienți mi-a închis telefonul în nas când am întrebat de ce nu circulă autobuzul 44 conform orarului. Nici măcar nu mi-a răspuns la întrebare. Pur și simplu a închis.,punctualitate,0
SIM_016,aspect: controlori. text: Doamna de la relații clienți mi-a închis telefonul în nas când am întrebat de ce nu circulă autobuzul 44 conform orarului. Nici măcar nu mi-a răspuns la întrebare. Pur și simplu a închis.,controlori,0
SIM_016,aspect: infrastructura_statii. text: Doamna de la relații clienți mi-a închis telefonul în nas când am întrebat de ce nu circulă autobuzul 44 conform orarului. Nici măcar nu mi-a răspuns la întrebare. Pur și simplu a închis.,infrastructura_statii,0
179,"aspect: organizare. text: buna ziua! sunt o persoana ""dependenta"" de masina, datorita programului foarte incarcat si pentru ca intr un timp foarte scurt trebuie sa fiu in mai multe locuri.Trimit acest mesaj pentru ca vreau sa va felicit pentru IMBUNATATIRILE VIZIBILE, PENTRU INTERES SI IMPLICAE! Am 5 zile de cand folosesc mijloacele CTP, pentru ca am masina in service, si sunt 90 % multumita! Se vede ca se schimba ceva si sunt mandra ca se dovedeste ca se poate si la noi in tara! Tin sa multumesc soferilor de pe ruta 47- nr.autobuz 1924, 1930, 1933- foarte amabili si intradevar profesionisti! Multumim si succes, pentru un viitor mai bun!",organizare,1
179,"aspect: soferi_vatmani. text: buna ziua! sunt o persoana ""dependenta"" de masina, datorita programului foarte incarcat si pentru ca intr un timp foarte scurt trebuie sa fiu in mai multe locuri.Trimit acest mesaj pentru ca vreau sa va felicit pentru IMBUNATATIRILE VIZIBILE, PENTRU INTERES SI IMPLICAE! Am 5 zile de cand folosesc mijloacele CTP, pentru ca am masina in service, si sunt 90 % multumita! Se vede ca se schimba ceva si sunt mandra ca se dovedeste ca se poate si la noi in tara! Tin sa multumesc soferilor de pe ruta 47- nr.autobuz 1924, 1930, 1933- foarte amabili si intradevar profesionisti! Multumim si succes, pentru un viitor mai bun!",soferi_vatmani,1
179,"aspect: validare_bilete. text: buna ziua! sunt o persoana ""dependenta"" de masina, datorita programului foarte incarcat si pentru ca intr un timp foarte scurt trebuie sa fiu in mai multe locuri.Trimit acest mesaj pentru ca vreau sa va felicit pentru IMBUNATATIRILE VIZIBILE, PENTRU INTERES SI IMPLICAE! Am 5 zile de cand folosesc mijloacele CTP, pentru ca am masina in service, si sunt 90 % multumita! Se vede ca se schimba ceva si sunt mandra ca se dovedeste ca se poate si la noi in tara! Tin sa multumesc soferilor de pe ruta 47- nr.autobuz 1924, 1930, 1933- foarte amabili si intradevar profesionisti! Multumim si succes, pentru un viitor mai bun!",validare_bilete,0
179,"aspect: pret. text: buna ziua! sunt o persoana ""dependenta"" de masina, datorita programului foarte incarcat si pentru ca intr un timp foarte scurt trebuie sa fiu in mai multe locuri.Trimit acest mesaj pentru ca vreau sa va felicit pentru IMBUNATATIRILE VIZIBILE, PENTRU INTERES SI IMPLICAE! Am 5 zile de cand folosesc mijloacele CTP, pentru ca am masina in service, si sunt 90 % multumita! Se vede ca se schimba ceva si sunt mandra ca se dovedeste ca se poate si la noi in tara! Tin sa multumesc soferilor de pe ruta 47- nr.autobuz 1924, 1930, 1933- foarte amabili si intradevar profesionisti! Multumim si succes, pentru un viitor mai bun!",pret,0
179,"aspect: punctualitate. text: buna ziua! sunt o persoana ""dependenta"" de masina, datorita programului foarte incarcat si pentru ca intr un timp foarte scurt trebuie sa fiu in mai multe locuri.Trimit acest mesaj pentru ca vreau sa va felicit pentru IMBUNATATIRILE VIZIBILE, PENTRU INTERES SI IMPLICAE! Am 5 zile de cand folosesc mijloacele CTP, pentru ca am masina in service, si sunt 90 % multumita! Se vede ca se schimba ceva si sunt mandra ca se dovedeste ca se poate si la noi in tara! Tin sa multumesc soferilor de pe ruta 47- nr.autobuz 1924, 1930, 1933- foarte amabili si intradevar profesionisti! Multumim si succes, pentru un viitor mai bun!",punctualitate,0
179,"aspect: siguranta. text: buna ziua! sunt o persoana ""dependenta"" de masina, datorita programului foarte incarcat si pentru ca intr un timp foarte scurt trebuie sa fiu in mai multe locuri.Trimit acest mesaj pentru ca vreau sa va felicit pentru IMBUNATATIRILE VIZIBILE, PENTRU INTERES SI IMPLICAE! Am 5 zile de cand folosesc mijloacele CTP, pentru ca am masina in service, si sunt 90 % multumita! Se vede ca se schimba ceva si sunt mandra ca se dovedeste ca se poate si la noi in tara! Tin sa multumesc soferilor de pe ruta 47- nr.autobuz 1924, 1930, 1933- foarte amabili si intradevar profesionisti! Multumim si succes, pentru un viitor mai bun!",siguranta,0
179,"aspect: stare_vehicule. text: buna ziua! sunt o persoana ""dependenta"" de masina, datorita programului foarte incarcat si pentru ca intr un timp foarte scurt trebuie sa fiu in mai multe locuri.Trimit acest mesaj pentru ca vreau sa va felicit pentru IMBUNATATIRILE VIZIBILE, PENTRU INTERES SI IMPLICAE! Am 5 zile de cand folosesc mijloacele CTP, pentru ca am masina in service, si sunt 90 % multumita! Se vede ca se schimba ceva si sunt mandra ca se dovedeste ca se poate si la noi in tara! Tin sa multumesc soferilor de pe ruta 47- nr.autobuz 1924, 1930, 1933- foarte amabili si intradevar profesionisti! Multumim si succes, pentru un viitor mai bun!",stare_vehicule,0
179,"aspect: acoperire_rute. text: buna ziua! sunt o persoana ""dependenta"" de masina, datorita programului foarte incarcat si pentru ca intr un timp foarte scurt trebuie sa fiu in mai multe locuri.Trimit acest mesaj pentru ca vreau sa va felicit pentru IMBUNATATIRILE VIZIBILE, PENTRU INTERES SI IMPLICAE! Am 5 zile de cand folosesc mijloacele CTP, pentru ca am masina in service, si sunt 90 % multumita! Se vede ca se schimba ceva si sunt mandra ca se dovedeste ca se poate si la noi in tara! Tin sa multumesc soferilor de pe ruta 47- nr.autobuz 1924, 1930, 1933- foarte amabili si intradevar profesionisti! Multumim si succes, pentru un viitor mai bun!",acoperire_rute,0
180,"aspect: frecventa. text: Frecventa, lipsa unui orar care sa poata fi respectat",frecventa,1
180,"aspect: punctualitate. text: Frecventa, lipsa unui orar care sa poata fi respectat",punctualitate,0
180,"aspect: relatii_clienti. text: Frecventa, lipsa unui orar care sa poata fi respectat",relatii_clienti,0
180,"aspect: siguranta. text: Frecventa, lipsa unui orar care sa poata fi respectat",siguranta,0
SIM_068,aspect: validare_bilete. text: Validarea cu cardul a mers imediat și am primit confirmarea plății.,validare_bilete,1
SIM_068,aspect: curatenie. text: Validarea cu cardul a mers imediat și am primit confirmarea plății.,curatenie,0
SIM_068,aspect: acoperire_rute. text: Validarea cu cardul a mers imediat și am primit confirmarea plății.,acoperire_rute,0
SIM_068,aspect: confort_termic. text: Validarea cu cardul a mers imediat și am primit confirmarea plății.,confort_termic,0
18,aspect: acoperire_rute. text: cea mai proasta firma de transport. cresc preturile și se sta cate 15 20 min sa vina autobuzul/tramvaiul. foarte prost se circula mai ales pe rutele cele mai frecventate!,acoperire_rute,1
18,aspect: frecventa. text: cea mai proasta firma de transport. cresc preturile și se sta cate 15 20 min sa vina autobuzul/tramvaiul. foarte prost se circula mai ales pe rutele cele mai frecventate!,frecventa,1
18,aspect: pret. text: cea mai proasta firma de transport. cresc preturile și se sta cate 15 20 min sa vina autobuzul/tramvaiul. foarte prost se circula mai ales pe rutele cele mai frecventate!,pret,1
18,aspect: informare_calatori. text: cea mai proasta firma de transport. cresc preturile și se sta cate 15 20 min sa vina autobuzul/tramvaiul. foarte prost se circula mai ales pe rutele cele mai frecventate!,informare_calatori,0
18,aspect: stare_vehicule. text: cea mai proasta firma de transport. cresc preturile și se sta cate 15 20 min sa vina autobuzul/tramvaiul. foarte prost se circula mai ales pe rutele cele mai frecventate!,stare_vehicule,0
18,aspect: validare_bilete. text: cea mai proasta firma de transport. cresc preturile și se sta cate 15 20 min sa vina autobuzul/tramvaiul. foarte prost se circula mai ales pe rutele cele mai frecventate!,validare_bilete,0
18,aspect: infrastructura_statii. text: cea mai proasta firma de transport. cresc preturile și se sta cate 15 20 min sa vina autobuzul/tramvaiul. foarte prost se circula mai ales pe rutele cele mai frecventate!,infrastructura_statii,0
18,aspect: siguranta. text: cea mai proasta firma de transport. cresc preturile și se sta cate 15 20 min sa vina autobuzul/tramvaiul. foarte prost se circula mai ales pe rutele cele mai frecventate!,siguranta,0
18,aspect: aglomeratie. text: cea mai proasta firma de transport. cresc preturile și se sta cate 15 20 min sa vina autobuzul/tramvaiul. foarte prost se circula mai ales pe rutele cele mai frecventate!,aglomeratie,0
18,aspect: confort_termic. text: cea mai proasta firma de transport. cresc preturile și se sta cate 15 20 min sa vina autobuzul/tramvaiul. foarte prost se circula mai ales pe rutele cele mai frecventate!,confort_termic,0
18,aspect: organizare. text: cea mai proasta firma de transport. cresc preturile și se sta cate 15 20 min sa vina autobuzul/tramvaiul. foarte prost se circula mai ales pe rutele cele mai frecventate!,organizare,0
18,aspect: soferi_vatmani. text: cea mai proasta firma de transport. cresc preturile și se sta cate 15 20 min sa vina autobuzul/tramvaiul. foarte prost se circula mai ales pe rutele cele mai frecventate!,soferi_vatmani,0
SIM_127,aspect: pret. text: Prețul biletului mi se pare corect pentru distanța parcursă.,pret,1
SIM_127,aspect: relatii_clienti. text: Prețul biletului mi se pare corect pentru distanța parcursă.,relatii_clienti,0
SIM_127,aspect: informare_calatori. text: Prețul biletului mi se pare corect pentru distanța parcursă.,informare_calatori,0
SIM_127,aspect: aglomeratie. text: Prețul biletului mi se pare corect pentru distanța parcursă.,aglomeratie,0
SIM_095,aspect: infrastructura_statii. text: Stația are adăpost dar spațiul este destul de limitat.,infrastructura_statii,1
SIM_095,aspect: confort_termic. text: Stația are adăpost dar spațiul este destul de limitat.,confort_termic,0
SIM_095,aspect: siguranta. text: Stația are adăpost dar spațiul este destul de limitat.,siguranta,0
SIM_095,aspect: relatii_clienti. text: Stația are adăpost dar spațiul este destul de limitat.,relatii_clienti,0
203,"aspect: acoperire_rute. text: CEA M-AI JALNICA COMPANIE AUTOBUZELE VIN CAND VOR ELE ,OAMENI INTARZIE LA MUNCA ,CEL PUTIN 30B MERGE FF PROST RUSINE SUNTETI PLATITI DE NOI CALATORII !",acoperire_rute,1
203,"aspect: punctualitate. text: CEA M-AI JALNICA COMPANIE AUTOBUZELE VIN CAND VOR ELE ,OAMENI INTARZIE LA MUNCA ,CEL PUTIN 30B MERGE FF PROST RUSINE SUNTETI PLATITI DE NOI CALATORII !",punctualitate,1
203,"aspect: aglomeratie. text: CEA M-AI JALNICA COMPANIE AUTOBUZELE VIN CAND VOR ELE ,OAMENI INTARZIE LA MUNCA ,CEL PUTIN 30B MERGE FF PROST RUSINE SUNTETI PLATITI DE NOI CALATORII !",aglomeratie,0
203,"aspect: confort_termic. text: CEA M-AI JALNICA COMPANIE AUTOBUZELE VIN CAND VOR ELE ,OAMENI INTARZIE LA MUNCA ,CEL PUTIN 30B MERGE FF PROST RUSINE SUNTETI PLATITI DE NOI CALATORII !",confort_termic,0
203,"aspect: soferi_vatmani. text: CEA M-AI JALNICA COMPANIE AUTOBUZELE VIN CAND VOR ELE ,OAMENI INTARZIE LA MUNCA ,CEL PUTIN 30B MERGE FF PROST RUSINE SUNTETI PLATITI DE NOI CALATORII !",soferi_vatmani,0
203,"aspect: pret. text: CEA M-AI JALNICA COMPANIE AUTOBUZELE VIN CAND VOR ELE ,OAMENI INTARZIE LA MUNCA ,CEL PUTIN 30B MERGE FF PROST RUSINE SUNTETI PLATITI DE NOI CALATORII !",pret,0
203,"aspect: curatenie. text: CEA M-AI JALNICA COMPANIE AUTOBUZELE VIN CAND VOR ELE ,OAMENI INTARZIE LA MUNCA ,CEL PUTIN 30B MERGE FF PROST RUSINE SUNTETI PLATITI DE NOI CALATORII !",curatenie,0
203,"aspect: infrastructura_statii. text: CEA M-AI JALNICA COMPANIE AUTOBUZELE VIN CAND VOR ELE ,OAMENI INTARZIE LA MUNCA ,CEL PUTIN 30B MERGE FF PROST RUSINE SUNTETI PLATITI DE NOI CALATORII !",infrastructura_statii,0
144,"aspect: frecventa. text: Dispecerii de la capat Bucium nu isi fac treaba. Autobuzele nu respecta niciun program, ori pleaca la distanta de jumatate de ora, ori la distanta de 5 minute. Se ajunge in situatii in care ori nu e niciun autobuz la capat, ori sunt prea multe. In dimineata asta  sunt 4 de 46 si 2 de 30 numai in Bucium. Asa se ajunge sa stai in statii sa astepti cu zecile de minute.",frecventa,1
144,"aspect: organizare. text: Dispecerii de la capat Bucium nu isi fac treaba. Autobuzele nu respecta niciun program, ori pleaca la distanta de jumatate de ora, ori la distanta de 5 minute. Se ajunge in situatii in care ori nu e niciun autobuz la capat, ori sunt prea multe. In dimineata asta  sunt 4 de 46 si 2 de 30 numai in Bucium. Asa se ajunge sa stai in statii sa astepti cu zecile de minute.",organizare,1
144,"aspect: infrastructura_statii. text: Dispecerii de la capat Bucium nu isi fac treaba. Autobuzele nu respecta niciun program, ori pleaca la distanta de jumatate de ora, ori la distanta de 5 minute. Se ajunge in situatii in care ori nu e niciun autobuz la capat, ori sunt prea multe. In dimineata asta  sunt 4 de 46 si 2 de 30 numai in Bucium. Asa se ajunge sa stai in statii sa astepti cu zecile de minute.",infrastructura_statii,0
144,"aspect: pret. text: Dispecerii de la capat Bucium nu isi fac treaba. Autobuzele nu respecta niciun program, ori pleaca la distanta de jumatate de ora, ori la distanta de 5 minute. Se ajunge in situatii in care ori nu e niciun autobuz la capat, ori sunt prea multe. In dimineata asta  sunt 4 de 46 si 2 de 30 numai in Bucium. Asa se ajunge sa stai in statii sa astepti cu zecile de minute.",pret,0
144,"aspect: informare_calatori. text: Dispecerii de la capat Bucium nu isi fac treaba. Autobuzele nu respecta niciun program, ori pleaca la distanta de jumatate de ora, ori la distanta de 5 minute. Se ajunge in situatii in care ori nu e niciun autobuz la capat, ori sunt prea multe. In dimineata asta  sunt 4 de 46 si 2 de 30 numai in Bucium. Asa se ajunge sa stai in statii sa astepti cu zecile de minute.",informare_calatori,0
144,"aspect: confort_termic. text: Dispecerii de la capat Bucium nu isi fac treaba. Autobuzele nu respecta niciun program, ori pleaca la distanta de jumatate de ora, ori la distanta de 5 minute. Se ajunge in situatii in care ori nu e niciun autobuz la capat, ori sunt prea multe. In dimineata asta  sunt 4 de 46 si 2 de 30 numai in Bucium. Asa se ajunge sa stai in statii sa astepti cu zecile de minute.",confort_termic,0
144,"aspect: soferi_vatmani. text: Dispecerii de la capat Bucium nu isi fac treaba. Autobuzele nu respecta niciun program, ori pleaca la distanta de jumatate de ora, ori la distanta de 5 minute. Se ajunge in situatii in care ori nu e niciun autobuz la capat, ori sunt prea multe. In dimineata asta  sunt 4 de 46 si 2 de 30 numai in Bucium. Asa se ajunge sa stai in statii sa astepti cu zecile de minute.",soferi_vatmani,0
144,"aspect: curatenie. text: Dispecerii de la capat Bucium nu isi fac treaba. Autobuzele nu respecta niciun program, ori pleaca la distanta de jumatate de ora, ori la distanta de 5 minute. Se ajunge in situatii in care ori nu e niciun autobuz la capat, ori sunt prea multe. In dimineata asta  sunt 4 de 46 si 2 de 30 numai in Bucium. Asa se ajunge sa stai in statii sa astepti cu zecile de minute.",curatenie,0
SIM_140,aspect: confort_termic. text: În autobuz temperatura a fost potrivită și aerul condiționat a funcționat bine.,confort_termic,1
SIM_140,aspect: siguranta. text: În autobuz temperatura a fost potrivită și aerul condiționat a funcționat bine.,siguranta,0
SIM_140,aspect: informare_calatori. text: În autobuz temperatura a fost potrivită și aerul condiționat a funcționat bine.,informare_calatori,0
SIM_140,aspect: soferi_vatmani. text: În autobuz temperatura a fost potrivită și aerul condiționat a funcționat bine.,soferi_vatmani,0
94,"aspect: organizare. text: Puneți-vă angajații să își facă treaba! Fata mea a compostat acest bilet la ora 7:50, iar pe el scrie clar 4:50!! Dacă venea vreun controlor și primea amendă pe degeaba, nu o plătea șoferul care nu și-a făcut treaba! De ce nu îi verificați dacă își fac treaba? Doar aveți camere de supraveghere în autobuz și nu ar trebui decât să faceți câteva click-uri cu mouse-ul. V-ați schimbat voi numele dar tot incompetenți ați rămas!",organizare,1
94,"aspect: validare_bilete. text: Puneți-vă angajații să își facă treaba! Fata mea a compostat acest bilet la ora 7:50, iar pe el scrie clar 4:50!! Dacă venea vreun controlor și primea amendă pe degeaba, nu o plătea șoferul care nu și-a făcut treaba! De ce nu îi verificați dacă își fac treaba? Doar aveți camere de supraveghere în autobuz și nu ar trebui decât să faceți câteva click-uri cu mouse-ul. V-ați schimbat voi numele dar tot incompetenți ați rămas!",validare_bilete,1
94,"aspect: punctualitate. text: Puneți-vă angajații să își facă treaba! Fata mea a compostat acest bilet la ora 7:50, iar pe el scrie clar 4:50!! Dacă venea vreun controlor și primea amendă pe degeaba, nu o plătea șoferul care nu și-a făcut treaba! De ce nu îi verificați dacă își fac treaba? Doar aveți camere de supraveghere în autobuz și nu ar trebui decât să faceți câteva click-uri cu mouse-ul. V-ați schimbat voi numele dar tot incompetenți ați rămas!",punctualitate,0
94,"aspect: stare_vehicule. text: Puneți-vă angajații să își facă treaba! Fata mea a compostat acest bilet la ora 7:50, iar pe el scrie clar 4:50!! Dacă venea vreun controlor și primea amendă pe degeaba, nu o plătea șoferul care nu și-a făcut treaba! De ce nu îi verificați dacă își fac treaba? Doar aveți camere de supraveghere în autobuz și nu ar trebui decât să faceți câteva click-uri cu mouse-ul. V-ați schimbat voi numele dar tot incompetenți ați rămas!",stare_vehicule,0
94,"aspect: aglomeratie. text: Puneți-vă angajații să își facă treaba! Fata mea a compostat acest bilet la ora 7:50, iar pe el scrie clar 4:50!! Dacă venea vreun controlor și primea amendă pe degeaba, nu o plătea șoferul care nu și-a făcut treaba! De ce nu îi verificați dacă își fac treaba? Doar aveți camere de supraveghere în autobuz și nu ar trebui decât să faceți câteva click-uri cu mouse-ul. V-ați schimbat voi numele dar tot incompetenți ați rămas!",aglomeratie,0
94,"aspect: acoperire_rute. text: Puneți-vă angajații să își facă treaba! Fata mea a compostat acest bilet la ora 7:50, iar pe el scrie clar 4:50!! Dacă venea vreun controlor și primea amendă pe degeaba, nu o plătea șoferul care nu și-a făcut treaba! De ce nu îi verificați dacă își fac treaba? Doar aveți camere de supraveghere în autobuz și nu ar trebui decât să faceți câteva click-uri cu mouse-ul. V-ați schimbat voi numele dar tot incompetenți ați rămas!",acoperire_rute,0
94,"aspect: confort_termic. text: Puneți-vă angajații să își facă treaba! Fata mea a compostat acest bilet la ora 7:50, iar pe el scrie clar 4:50!! Dacă venea vreun controlor și primea amendă pe degeaba, nu o plătea șoferul care nu și-a făcut treaba! De ce nu îi verificați dacă își fac treaba? Doar aveți camere de supraveghere în autobuz și nu ar trebui decât să faceți câteva click-uri cu mouse-ul. V-ați schimbat voi numele dar tot incompetenți ați rămas!",confort_termic,0
94,"aspect: soferi_vatmani. text: Puneți-vă angajații să își facă treaba! Fata mea a compostat acest bilet la ora 7:50, iar pe el scrie clar 4:50!! Dacă venea vreun controlor și primea amendă pe degeaba, nu o plătea șoferul care nu și-a făcut treaba! De ce nu îi verificați dacă își fac treaba? Doar aveți camere de supraveghere în autobuz și nu ar trebui decât să faceți câteva click-uri cu mouse-ul. V-ați schimbat voi numele dar tot incompetenți ați rămas!",soferi_vatmani,0
13,"aspect: confort_termic. text: Mizerabil!!! Tramvaie fără AC, setezi să-ți iei bilet, ei îți iau bani în plus de pe card! 
Șoferii zici că sunt la curse!!🤢🤢🤢",confort_termic,1
13,"aspect: soferi_vatmani. text: Mizerabil!!! Tramvaie fără AC, setezi să-ți iei bilet, ei îți iau bani în plus de pe card! 
Șoferii zici că sunt la curse!!🤢🤢🤢",soferi_vatmani,1
13,"aspect: validare_bilete. text: Mizerabil!!! Tramvaie fără AC, setezi să-ți iei bilet, ei îți iau bani în plus de pe card! 
Șoferii zici că sunt la curse!!🤢🤢🤢",validare_bilete,1
13,"aspect: stare_vehicule. text: Mizerabil!!! Tramvaie fără AC, setezi să-ți iei bilet, ei îți iau bani în plus de pe card! 
Șoferii zici că sunt la curse!!🤢🤢🤢",stare_vehicule,0
13,"aspect: punctualitate. text: Mizerabil!!! Tramvaie fără AC, setezi să-ți iei bilet, ei îți iau bani în plus de pe card! 
Șoferii zici că sunt la curse!!🤢🤢🤢",punctualitate,0
13,"aspect: acoperire_rute. text: Mizerabil!!! Tramvaie fără AC, setezi să-ți iei bilet, ei îți iau bani în plus de pe card! 
Șoferii zici că sunt la curse!!🤢🤢🤢",acoperire_rute,0
13,"aspect: aglomeratie. text: Mizerabil!!! Tramvaie fără AC, setezi să-ți iei bilet, ei îți iau bani în plus de pe card! 
Șoferii zici că sunt la curse!!🤢🤢🤢",aglomeratie,0
13,"aspect: frecventa. text: Mizerabil!!! Tramvaie fără AC, setezi să-ți iei bilet, ei îți iau bani în plus de pe card! 
Șoferii zici că sunt la curse!!🤢🤢🤢",frecventa,0
13,"aspect: organizare. text: Mizerabil!!! Tramvaie fără AC, setezi să-ți iei bilet, ei îți iau bani în plus de pe card! 
Șoferii zici că sunt la curse!!🤢🤢🤢",organizare,0
13,"aspect: informare_calatori. text: Mizerabil!!! Tramvaie fără AC, setezi să-ți iei bilet, ei îți iau bani în plus de pe card! 
Șoferii zici că sunt la curse!!🤢🤢🤢",informare_calatori,0
13,"aspect: curatenie. text: Mizerabil!!! Tramvaie fără AC, setezi să-ți iei bilet, ei îți iau bani în plus de pe card! 
Șoferii zici că sunt la curse!!🤢🤢🤢",curatenie,0
13,"aspect: infrastructura_statii. text: Mizerabil!!! Tramvaie fără AC, setezi să-ți iei bilet, ei îți iau bani în plus de pe card! 
Șoferii zici că sunt la curse!!🤢🤢🤢",infrastructura_statii,0
SENT_SIM_025,aspect: siguranta. text: M-am simțit în siguranță pe durata călătoriei.,siguranta,1
SENT_SIM_025,aspect: pret. text: M-am simțit în siguranță pe durata călătoriei.,pret,0
SENT_SIM_025,aspect: infrastructura_statii. text: M-am simțit în siguranță pe durata călătoriei.,infrastructura_statii,0
SENT_SIM_025,aspect: informare_calatori. text: M-am simțit în siguranță pe durata călătoriei.,informare_calatori,0
SIM_064,aspect: punctualitate. text: Tramvaiul a venit conform orarului din aplicație.,punctualitate,1
SIM_064,aspect: curatenie. text: Tramvaiul a venit conform orarului din aplicație.,curatenie,0
SIM_064,aspect: controlori. text: Tramvaiul a venit conform orarului din aplicație.,controlori,0
SIM_064,aspect: soferi_vatmani. text: Tramvaiul a venit conform orarului din aplicație.,soferi_vatmani,0
291,"aspect: frecventa. text: Bataie de joc! Astept de 30 de minute autobuzul 30 sau 30b, de parca nu as fi in oraș si la țară. Ce fac soferii? Stau la capăt, ca să se întâlnească la o barfa? Dupa mine nu aș acorda nicio stea!",frecventa,1
291,"aspect: soferi_vatmani. text: Bataie de joc! Astept de 30 de minute autobuzul 30 sau 30b, de parca nu as fi in oraș si la țară. Ce fac soferii? Stau la capăt, ca să se întâlnească la o barfa? Dupa mine nu aș acorda nicio stea!",soferi_vatmani,1
291,"aspect: pret. text: Bataie de joc! Astept de 30 de minute autobuzul 30 sau 30b, de parca nu as fi in oraș si la țară. Ce fac soferii? Stau la capăt, ca să se întâlnească la o barfa? Dupa mine nu aș acorda nicio stea!",pret,0
291,"aspect: aglomeratie. text: Bataie de joc! Astept de 30 de minute autobuzul 30 sau 30b, de parca nu as fi in oraș si la țară. Ce fac soferii? Stau la capăt, ca să se întâlnească la o barfa? Dupa mine nu aș acorda nicio stea!",aglomeratie,0
291,"aspect: informare_calatori. text: Bataie de joc! Astept de 30 de minute autobuzul 30 sau 30b, de parca nu as fi in oraș si la țară. Ce fac soferii? Stau la capăt, ca să se întâlnească la o barfa? Dupa mine nu aș acorda nicio stea!",informare_calatori,0
291,"aspect: infrastructura_statii. text: Bataie de joc! Astept de 30 de minute autobuzul 30 sau 30b, de parca nu as fi in oraș si la țară. Ce fac soferii? Stau la capăt, ca să se întâlnească la o barfa? Dupa mine nu aș acorda nicio stea!",infrastructura_statii,0
291,"aspect: stare_vehicule. text: Bataie de joc! Astept de 30 de minute autobuzul 30 sau 30b, de parca nu as fi in oraș si la țară. Ce fac soferii? Stau la capăt, ca să se întâlnească la o barfa? Dupa mine nu aș acorda nicio stea!",stare_vehicule,0
291,"aspect: curatenie. text: Bataie de joc! Astept de 30 de minute autobuzul 30 sau 30b, de parca nu as fi in oraș si la țară. Ce fac soferii? Stau la capăt, ca să se întâlnească la o barfa? Dupa mine nu aș acorda nicio stea!",curatenie,0
95,"aspect: aglomeratie. text: Autobuzele sunt pline, calatorii isi respira unii altora in fata. Ati putea sa le suplimentati macar la orele de varf sau sa terminati lucrarile la liniile de tramvai ca sa mai decongestionati traficul acolo unde este posibil. Iar purtarea mastii peste gura si peste nas este obligatorie pentru toti, inclusiv pentru controlori!",aglomeratie,1
95,"aspect: frecventa. text: Autobuzele sunt pline, calatorii isi respira unii altora in fata. Ati putea sa le suplimentati macar la orele de varf sau sa terminati lucrarile la liniile de tramvai ca sa mai decongestionati traficul acolo unde este posibil. Iar purtarea mastii peste gura si peste nas este obligatorie pentru toti, inclusiv pentru controlori!",frecventa,1
95,"aspect: siguranta. text: Autobuzele sunt pline, calatorii isi respira unii altora in fata. Ati putea sa le suplimentati macar la orele de varf sau sa terminati lucrarile la liniile de tramvai ca sa mai decongestionati traficul acolo unde este posibil. Iar purtarea mastii peste gura si peste nas este obligatorie pentru toti, inclusiv pentru controlori!",siguranta,0
95,"aspect: validare_bilete. text: Autobuzele sunt pline, calatorii isi respira unii altora in fata. Ati putea sa le suplimentati macar la orele de varf sau sa terminati lucrarile la liniile de tramvai ca sa mai decongestionati traficul acolo unde este posibil. Iar purtarea mastii peste gura si peste nas este obligatorie pentru toti, inclusiv pentru controlori!",validare_bilete,0
95,"aspect: relatii_clienti. text: Autobuzele sunt pline, calatorii isi respira unii altora in fata. Ati putea sa le suplimentati macar la orele de varf sau sa terminati lucrarile la liniile de tramvai ca sa mai decongestionati traficul acolo unde este posibil. Iar purtarea mastii peste gura si peste nas este obligatorie pentru toti, inclusiv pentru controlori!",relatii_clienti,0
95,"aspect: pret. text: Autobuzele sunt pline, calatorii isi respira unii altora in fata. Ati putea sa le suplimentati macar la orele de varf sau sa terminati lucrarile la liniile de tramvai ca sa mai decongestionati traficul acolo unde este posibil. Iar purtarea mastii peste gura si peste nas este obligatorie pentru toti, inclusiv pentru controlori!",pret,0
95,"aspect: punctualitate. text: Autobuzele sunt pline, calatorii isi respira unii altora in fata. Ati putea sa le suplimentati macar la orele de varf sau sa terminati lucrarile la liniile de tramvai ca sa mai decongestionati traficul acolo unde este posibil. Iar purtarea mastii peste gura si peste nas este obligatorie pentru toti, inclusiv pentru controlori!",punctualitate,0
95,"aspect: informare_calatori. text: Autobuzele sunt pline, calatorii isi respira unii altora in fata. Ati putea sa le suplimentati macar la orele de varf sau sa terminati lucrarile la liniile de tramvai ca sa mai decongestionati traficul acolo unde este posibil. Iar purtarea mastii peste gura si peste nas este obligatorie pentru toti, inclusiv pentru controlori!",informare_calatori,0
SIM_103,aspect: curatenie. text: Am fost plăcut surprinsă de cât de curat era tramvaiul.,curatenie,1
SIM_103,aspect: acoperire_rute. text: Am fost plăcut surprinsă de cât de curat era tramvaiul.,acoperire_rute,0
SIM_103,aspect: controlori. text: Am fost plăcut surprinsă de cât de curat era tramvaiul.,controlori,0
SIM_103,aspect: infrastructura_statii. text: Am fost plăcut surprinsă de cât de curat era tramvaiul.,infrastructura_statii,0
293,aspect: validare_bilete. text: Automatul de bilete din tg cucu da numai un bilet atunci cand platesti pentru 2. Aveti de gand sa faceti ceva ?,validare_bilete,1
293,aspect: pret. text: Automatul de bilete din tg cucu da numai un bilet atunci cand platesti pentru 2. Aveti de gand sa faceti ceva ?,pret,0
293,aspect: acoperire_rute. text: Automatul de bilete din tg cucu da numai un bilet atunci cand platesti pentru 2. Aveti de gand sa faceti ceva ?,acoperire_rute,0
293,aspect: soferi_vatmani. text: Automatul de bilete din tg cucu da numai un bilet atunci cand platesti pentru 2. Aveti de gand sa faceti ceva ?,soferi_vatmani,0
SIM_108,aspect: acoperire_rute. text: Pot ajunge cu transportul public în majoritatea zonelor importante din Iași.,acoperire_rute,1
SIM_108,aspect: curatenie. text: Pot ajunge cu transportul public în majoritatea zonelor importante din Iași.,curatenie,0
SIM_108,aspect: frecventa. text: Pot ajunge cu transportul public în majoritatea zonelor importante din Iași.,frecventa,0
SIM_108,aspect: validare_bilete. text: Pot ajunge cu transportul public în majoritatea zonelor importante din Iași.,validare_bilete,0
SIM_098,aspect: infrastructura_statii. text: Marcajele din stație sunt clare și zona de așteptare este bine delimitată.,infrastructura_statii,1
SIM_098,aspect: soferi_vatmani. text: Marcajele din stație sunt clare și zona de așteptare este bine delimitată.,soferi_vatmani,0
SIM_098,aspect: confort_termic. text: Marcajele din stație sunt clare și zona de așteptare este bine delimitată.,confort_termic,0
SIM_098,aspect: validare_bilete. text: Marcajele din stație sunt clare și zona de așteptare este bine delimitată.,validare_bilete,0
SENT_SIM_004,aspect: punctualitate. text: Autobuzul a venit la timp și am ajuns fără întârziere.,punctualitate,1
SENT_SIM_004,aspect: curatenie. text: Autobuzul a venit la timp și am ajuns fără întârziere.,curatenie,0
SENT_SIM_004,aspect: validare_bilete. text: Autobuzul a venit la timp și am ajuns fără întârziere.,validare_bilete,0
SENT_SIM_004,aspect: frecventa. text: Autobuzul a venit la timp și am ajuns fără întârziere.,frecventa,0
21,aspect: punctualitate. text: absolut nimic mai bine mergi pe jos ajungi înaintea autobuzului la ciurea,punctualitate,1
21,aspect: aglomeratie. text: absolut nimic mai bine mergi pe jos ajungi înaintea autobuzului la ciurea,aglomeratie,0
21,aspect: acoperire_rute. text: absolut nimic mai bine mergi pe jos ajungi înaintea autobuzului la ciurea,acoperire_rute,0
21,aspect: infrastructura_statii. text: absolut nimic mai bine mergi pe jos ajungi înaintea autobuzului la ciurea,infrastructura_statii,0
185,"aspect: siguranta. text: Azi 27.02 , ora 13.35, autobuzul 1983 , pe ruta 28, trece prin două semafoare roșii , pe strada Palat spre Podu Roș.  Ce recomandări s-ar mai cuveni ?",siguranta,1
185,"aspect: soferi_vatmani. text: Azi 27.02 , ora 13.35, autobuzul 1983 , pe ruta 28, trece prin două semafoare roșii , pe strada Palat spre Podu Roș.  Ce recomandări s-ar mai cuveni ?",soferi_vatmani,1
185,"aspect: relatii_clienti. text: Azi 27.02 , ora 13.35, autobuzul 1983 , pe ruta 28, trece prin două semafoare roșii , pe strada Palat spre Podu Roș.  Ce recomandări s-ar mai cuveni ?",relatii_clienti,0
185,"aspect: informare_calatori. text: Azi 27.02 , ora 13.35, autobuzul 1983 , pe ruta 28, trece prin două semafoare roșii , pe strada Palat spre Podu Roș.  Ce recomandări s-ar mai cuveni ?",informare_calatori,0
185,"aspect: confort_termic. text: Azi 27.02 , ora 13.35, autobuzul 1983 , pe ruta 28, trece prin două semafoare roșii , pe strada Palat spre Podu Roș.  Ce recomandări s-ar mai cuveni ?",confort_termic,0
185,"aspect: validare_bilete. text: Azi 27.02 , ora 13.35, autobuzul 1983 , pe ruta 28, trece prin două semafoare roșii , pe strada Palat spre Podu Roș.  Ce recomandări s-ar mai cuveni ?",validare_bilete,0
185,"aspect: stare_vehicule. text: Azi 27.02 , ora 13.35, autobuzul 1983 , pe ruta 28, trece prin două semafoare roșii , pe strada Palat spre Podu Roș.  Ce recomandări s-ar mai cuveni ?",stare_vehicule,0
185,"aspect: organizare. text: Azi 27.02 , ora 13.35, autobuzul 1983 , pe ruta 28, trece prin două semafoare roșii , pe strada Palat spre Podu Roș.  Ce recomandări s-ar mai cuveni ?",organizare,0
SIM_128,aspect: pret. text: Abonamentul este avantajos pentru cei care merg zilnic cu autobuzul.,pret,1
SIM_128,aspect: siguranta. text: Abonamentul este avantajos pentru cei care merg zilnic cu autobuzul.,siguranta,0
SIM_128,aspect: controlori. text: Abonamentul este avantajos pentru cei care merg zilnic cu autobuzul.,controlori,0
SIM_128,aspect: organizare. text: Abonamentul este avantajos pentru cei care merg zilnic cu autobuzul.,organizare,0
SIM_056,aspect: aglomeratie. text: La orele normale aglomerația e suportabilă pe linia 41. Dimineața devreme și seara târziu autobuzele sunt aproape goale. La orele de vârf e mai aglomerat dar nu imposibil. Depinde când călătorești.,aglomeratie,1
SIM_056,aspect: frecventa. text: La orele normale aglomerația e suportabilă pe linia 41. Dimineața devreme și seara târziu autobuzele sunt aproape goale. La orele de vârf e mai aglomerat dar nu imposibil. Depinde când călătorești.,frecventa,1
SIM_056,aspect: punctualitate. text: La orele normale aglomerația e suportabilă pe linia 41. Dimineața devreme și seara târziu autobuzele sunt aproape goale. La orele de vârf e mai aglomerat dar nu imposibil. Depinde când călătorești.,punctualitate,0
SIM_056,aspect: siguranta. text: La orele normale aglomerația e suportabilă pe linia 41. Dimineața devreme și seara târziu autobuzele sunt aproape goale. La orele de vârf e mai aglomerat dar nu imposibil. Depinde când călătorești.,siguranta,0
SIM_056,aspect: infrastructura_statii. text: La orele normale aglomerația e suportabilă pe linia 41. Dimineața devreme și seara târziu autobuzele sunt aproape goale. La orele de vârf e mai aglomerat dar nu imposibil. Depinde când călătorești.,infrastructura_statii,0
SIM_056,aspect: confort_termic. text: La orele normale aglomerația e suportabilă pe linia 41. Dimineața devreme și seara târziu autobuzele sunt aproape goale. La orele de vârf e mai aglomerat dar nu imposibil. Depinde când călătorești.,confort_termic,0
SIM_056,aspect: organizare. text: La orele normale aglomerația e suportabilă pe linia 41. Dimineața devreme și seara târziu autobuzele sunt aproape goale. La orele de vârf e mai aglomerat dar nu imposibil. Depinde când călătorești.,organizare,0
SIM_056,aspect: acoperire_rute. text: La orele normale aglomerația e suportabilă pe linia 41. Dimineața devreme și seara târziu autobuzele sunt aproape goale. La orele de vârf e mai aglomerat dar nu imposibil. Depinde când călătorești.,acoperire_rute,0
320,aspect: aglomeratie. text: Aglomerate...19 pe Canta abia vine,aglomeratie,1
320,aspect: frecventa. text: Aglomerate...19 pe Canta abia vine,frecventa,1
320,aspect: organizare. text: Aglomerate...19 pe Canta abia vine,organizare,0
320,aspect: acoperire_rute. text: Aglomerate...19 pe Canta abia vine,acoperire_rute,0
320,aspect: pret. text: Aglomerate...19 pe Canta abia vine,pret,0
320,aspect: confort_termic. text: Aglomerate...19 pe Canta abia vine,confort_termic,0
320,aspect: infrastructura_statii. text: Aglomerate...19 pe Canta abia vine,infrastructura_statii,0
320,aspect: validare_bilete. text: Aglomerate...19 pe Canta abia vine,validare_bilete,0
46,"aspect: aglomeratie. text: Azi a fost o zi de coșmar- ploaie,frig și 40 de minute de așteptare ptr un 28 plin de oameni înfrigurați, nervoși, înghesuiți. 
Ați mai mărit și prețurile. Nesimțire și bătaie de joc.",aglomeratie,1
46,"aspect: frecventa. text: Azi a fost o zi de coșmar- ploaie,frig și 40 de minute de așteptare ptr un 28 plin de oameni înfrigurați, nervoși, înghesuiți. 
Ați mai mărit și prețurile. Nesimțire și bătaie de joc.",frecventa,1
46,"aspect: pret. text: Azi a fost o zi de coșmar- ploaie,frig și 40 de minute de așteptare ptr un 28 plin de oameni înfrigurați, nervoși, înghesuiți. 
Ați mai mărit și prețurile. Nesimțire și bătaie de joc.",pret,1
46,"aspect: siguranta. text: Azi a fost o zi de coșmar- ploaie,frig și 40 de minute de așteptare ptr un 28 plin de oameni înfrigurați, nervoși, înghesuiți. 
Ați mai mărit și prețurile. Nesimțire și bătaie de joc.",siguranta,0
46,"aspect: organizare. text: Azi a fost o zi de coșmar- ploaie,frig și 40 de minute de așteptare ptr un 28 plin de oameni înfrigurați, nervoși, înghesuiți. 
Ați mai mărit și prețurile. Nesimțire și bătaie de joc.",organizare,0
46,"aspect: soferi_vatmani. text: Azi a fost o zi de coșmar- ploaie,frig și 40 de minute de așteptare ptr un 28 plin de oameni înfrigurați, nervoși, înghesuiți. 
Ați mai mărit și prețurile. Nesimțire și bătaie de joc.",soferi_vatmani,0
46,"aspect: stare_vehicule. text: Azi a fost o zi de coșmar- ploaie,frig și 40 de minute de așteptare ptr un 28 plin de oameni înfrigurați, nervoși, înghesuiți. 
Ați mai mărit și prețurile. Nesimțire și bătaie de joc.",stare_vehicule,0
46,"aspect: informare_calatori. text: Azi a fost o zi de coșmar- ploaie,frig și 40 de minute de așteptare ptr un 28 plin de oameni înfrigurați, nervoși, înghesuiți. 
Ați mai mărit și prețurile. Nesimțire și bătaie de joc.",informare_calatori,0
46,"aspect: confort_termic. text: Azi a fost o zi de coșmar- ploaie,frig și 40 de minute de așteptare ptr un 28 plin de oameni înfrigurați, nervoși, înghesuiți. 
Ați mai mărit și prețurile. Nesimțire și bătaie de joc.",confort_termic,0
46,"aspect: curatenie. text: Azi a fost o zi de coșmar- ploaie,frig și 40 de minute de așteptare ptr un 28 plin de oameni înfrigurați, nervoși, înghesuiți. 
Ați mai mărit și prețurile. Nesimțire și bătaie de joc.",curatenie,0
46,"aspect: acoperire_rute. text: Azi a fost o zi de coșmar- ploaie,frig și 40 de minute de așteptare ptr un 28 plin de oameni înfrigurați, nervoși, înghesuiți. 
Ați mai mărit și prețurile. Nesimțire și bătaie de joc.",acoperire_rute,0
46,"aspect: controlori. text: Azi a fost o zi de coșmar- ploaie,frig și 40 de minute de așteptare ptr un 28 plin de oameni înfrigurați, nervoși, înghesuiți. 
Ați mai mărit și prețurile. Nesimțire și bătaie de joc.",controlori,0
98,aspect: organizare. text: Totul. Totul trebuie îmbunătățit. De la director la ultima piuliță de la Cel mai vechi tramvai.,organizare,1
98,aspect: confort_termic. text: Totul. Totul trebuie îmbunătățit. De la director la ultima piuliță de la Cel mai vechi tramvai.,confort_termic,0
98,aspect: soferi_vatmani. text: Totul. Totul trebuie îmbunătățit. De la director la ultima piuliță de la Cel mai vechi tramvai.,soferi_vatmani,0
98,aspect: punctualitate. text: Totul. Totul trebuie îmbunătățit. De la director la ultima piuliță de la Cel mai vechi tramvai.,punctualitate,0
77,"aspect: frecventa. text: Servicii de proasta calitate într-un oraș atât de mare ! 
Azi, 2 noiembrie 2021, jale în tot orașul cu transportul in comun. Aștept în stație 40 minute un autobuz, nimic....Greva nu se anunță.
In tramvaiul 6, puneți mâna și alimentați cu hârtie aparatele de plata bilete cu cardul. 
Banii ii luați dar biletul nu se da. Sigur pățesc așa multi...",frecventa,1
77,"aspect: informare_calatori. text: Servicii de proasta calitate într-un oraș atât de mare ! 
Azi, 2 noiembrie 2021, jale în tot orașul cu transportul in comun. Aștept în stație 40 minute un autobuz, nimic....Greva nu se anunță.
In tramvaiul 6, puneți mâna și alimentați cu hârtie aparatele de plata bilete cu cardul. 
Banii ii luați dar biletul nu se da. Sigur pățesc așa multi...",informare_calatori,1
77,"aspect: validare_bilete. text: Servicii de proasta calitate într-un oraș atât de mare ! 
Azi, 2 noiembrie 2021, jale în tot orașul cu transportul in comun. Aștept în stație 40 minute un autobuz, nimic....Greva nu se anunță.
In tramvaiul 6, puneți mâna și alimentați cu hârtie aparatele de plata bilete cu cardul. 
Banii ii luați dar biletul nu se da. Sigur pățesc așa multi...",validare_bilete,1
77,"aspect: pret. text: Servicii de proasta calitate într-un oraș atât de mare ! 
Azi, 2 noiembrie 2021, jale în tot orașul cu transportul in comun. Aștept în stație 40 minute un autobuz, nimic....Greva nu se anunță.
In tramvaiul 6, puneți mâna și alimentați cu hârtie aparatele de plata bilete cu cardul. 
Banii ii luați dar biletul nu se da. Sigur pățesc așa multi...",pret,0
77,"aspect: soferi_vatmani. text: Servicii de proasta calitate într-un oraș atât de mare ! 
Azi, 2 noiembrie 2021, jale în tot orașul cu transportul in comun. Aștept în stație 40 minute un autobuz, nimic....Greva nu se anunță.
In tramvaiul 6, puneți mâna și alimentați cu hârtie aparatele de plata bilete cu cardul. 
Banii ii luați dar biletul nu se da. Sigur pățesc așa multi...",soferi_vatmani,0
77,"aspect: infrastructura_statii. text: Servicii de proasta calitate într-un oraș atât de mare ! 
Azi, 2 noiembrie 2021, jale în tot orașul cu transportul in comun. Aștept în stație 40 minute un autobuz, nimic....Greva nu se anunță.
In tramvaiul 6, puneți mâna și alimentați cu hârtie aparatele de plata bilete cu cardul. 
Banii ii luați dar biletul nu se da. Sigur pățesc așa multi...",infrastructura_statii,0
77,"aspect: aglomeratie. text: Servicii de proasta calitate într-un oraș atât de mare ! 
Azi, 2 noiembrie 2021, jale în tot orașul cu transportul in comun. Aștept în stație 40 minute un autobuz, nimic....Greva nu se anunță.
In tramvaiul 6, puneți mâna și alimentați cu hârtie aparatele de plata bilete cu cardul. 
Banii ii luați dar biletul nu se da. Sigur pățesc așa multi...",aglomeratie,0
77,"aspect: organizare. text: Servicii de proasta calitate într-un oraș atât de mare ! 
Azi, 2 noiembrie 2021, jale în tot orașul cu transportul in comun. Aștept în stație 40 minute un autobuz, nimic....Greva nu se anunță.
In tramvaiul 6, puneți mâna și alimentați cu hârtie aparatele de plata bilete cu cardul. 
Banii ii luați dar biletul nu se da. Sigur pățesc așa multi...",organizare,0
77,"aspect: relatii_clienti. text: Servicii de proasta calitate într-un oraș atât de mare ! 
Azi, 2 noiembrie 2021, jale în tot orașul cu transportul in comun. Aștept în stație 40 minute un autobuz, nimic....Greva nu se anunță.
In tramvaiul 6, puneți mâna și alimentați cu hârtie aparatele de plata bilete cu cardul. 
Banii ii luați dar biletul nu se da. Sigur pățesc așa multi...",relatii_clienti,0
77,"aspect: stare_vehicule. text: Servicii de proasta calitate într-un oraș atât de mare ! 
Azi, 2 noiembrie 2021, jale în tot orașul cu transportul in comun. Aștept în stație 40 minute un autobuz, nimic....Greva nu se anunță.
In tramvaiul 6, puneți mâna și alimentați cu hârtie aparatele de plata bilete cu cardul. 
Banii ii luați dar biletul nu se da. Sigur pățesc așa multi...",stare_vehicule,0
77,"aspect: controlori. text: Servicii de proasta calitate într-un oraș atât de mare ! 
Azi, 2 noiembrie 2021, jale în tot orașul cu transportul in comun. Aștept în stație 40 minute un autobuz, nimic....Greva nu se anunță.
In tramvaiul 6, puneți mâna și alimentați cu hârtie aparatele de plata bilete cu cardul. 
Banii ii luați dar biletul nu se da. Sigur pățesc așa multi...",controlori,0
77,"aspect: curatenie. text: Servicii de proasta calitate într-un oraș atât de mare ! 
Azi, 2 noiembrie 2021, jale în tot orașul cu transportul in comun. Aștept în stație 40 minute un autobuz, nimic....Greva nu se anunță.
In tramvaiul 6, puneți mâna și alimentați cu hârtie aparatele de plata bilete cu cardul. 
Banii ii luați dar biletul nu se da. Sigur pățesc așa multi...",curatenie,0
150,"aspect: aglomeratie. text: Cel putin in privinta tramvaielor, aceleasi conditii imputite de transport ca in anii '80.
Aglomeratie maxima, om in om, respiratie in respiratie, mult jeg pe barele de care ar trebui sa te tii, geamuri care nu se deschid, lipsa aer conditionat, si multa zdranganeala. Degeaba schimbi liniile de rulare, bagi plata cu cardul, cu aplicatii pe smartphone, ai site, bla bla bla, daca circuli cu tramvaie vechi de juma' de secol.
Logoul companiei ar trebui sa fie: CTP Iasi - Nu suntem in stare. Va multumim.",aglomeratie,1
150,"aspect: confort_termic. text: Cel putin in privinta tramvaielor, aceleasi conditii imputite de transport ca in anii '80.
Aglomeratie maxima, om in om, respiratie in respiratie, mult jeg pe barele de care ar trebui sa te tii, geamuri care nu se deschid, lipsa aer conditionat, si multa zdranganeala. Degeaba schimbi liniile de rulare, bagi plata cu cardul, cu aplicatii pe smartphone, ai site, bla bla bla, daca circuli cu tramvaie vechi de juma' de secol.
Logoul companiei ar trebui sa fie: CTP Iasi - Nu suntem in stare. Va multumim.",confort_termic,1
150,"aspect: curatenie. text: Cel putin in privinta tramvaielor, aceleasi conditii imputite de transport ca in anii '80.
Aglomeratie maxima, om in om, respiratie in respiratie, mult jeg pe barele de care ar trebui sa te tii, geamuri care nu se deschid, lipsa aer conditionat, si multa zdranganeala. Degeaba schimbi liniile de rulare, bagi plata cu cardul, cu aplicatii pe smartphone, ai site, bla bla bla, daca circuli cu tramvaie vechi de juma' de secol.
Logoul companiei ar trebui sa fie: CTP Iasi - Nu suntem in stare. Va multumim.",curatenie,1
150,"aspect: stare_vehicule. text: Cel putin in privinta tramvaielor, aceleasi conditii imputite de transport ca in anii '80.
Aglomeratie maxima, om in om, respiratie in respiratie, mult jeg pe barele de care ar trebui sa te tii, geamuri care nu se deschid, lipsa aer conditionat, si multa zdranganeala. Degeaba schimbi liniile de rulare, bagi plata cu cardul, cu aplicatii pe smartphone, ai site, bla bla bla, daca circuli cu tramvaie vechi de juma' de secol.
Logoul companiei ar trebui sa fie: CTP Iasi - Nu suntem in stare. Va multumim.",stare_vehicule,1
150,"aspect: pret. text: Cel putin in privinta tramvaielor, aceleasi conditii imputite de transport ca in anii '80.
Aglomeratie maxima, om in om, respiratie in respiratie, mult jeg pe barele de care ar trebui sa te tii, geamuri care nu se deschid, lipsa aer conditionat, si multa zdranganeala. Degeaba schimbi liniile de rulare, bagi plata cu cardul, cu aplicatii pe smartphone, ai site, bla bla bla, daca circuli cu tramvaie vechi de juma' de secol.
Logoul companiei ar trebui sa fie: CTP Iasi - Nu suntem in stare. Va multumim.",pret,0
150,"aspect: relatii_clienti. text: Cel putin in privinta tramvaielor, aceleasi conditii imputite de transport ca in anii '80.
Aglomeratie maxima, om in om, respiratie in respiratie, mult jeg pe barele de care ar trebui sa te tii, geamuri care nu se deschid, lipsa aer conditionat, si multa zdranganeala. Degeaba schimbi liniile de rulare, bagi plata cu cardul, cu aplicatii pe smartphone, ai site, bla bla bla, daca circuli cu tramvaie vechi de juma' de secol.
Logoul companiei ar trebui sa fie: CTP Iasi - Nu suntem in stare. Va multumim.",relatii_clienti,0
150,"aspect: controlori. text: Cel putin in privinta tramvaielor, aceleasi conditii imputite de transport ca in anii '80.
Aglomeratie maxima, om in om, respiratie in respiratie, mult jeg pe barele de care ar trebui sa te tii, geamuri care nu se deschid, lipsa aer conditionat, si multa zdranganeala. Degeaba schimbi liniile de rulare, bagi plata cu cardul, cu aplicatii pe smartphone, ai site, bla bla bla, daca circuli cu tramvaie vechi de juma' de secol.
Logoul companiei ar trebui sa fie: CTP Iasi - Nu suntem in stare. Va multumim.",controlori,0
150,"aspect: validare_bilete. text: Cel putin in privinta tramvaielor, aceleasi conditii imputite de transport ca in anii '80.
Aglomeratie maxima, om in om, respiratie in respiratie, mult jeg pe barele de care ar trebui sa te tii, geamuri care nu se deschid, lipsa aer conditionat, si multa zdranganeala. Degeaba schimbi liniile de rulare, bagi plata cu cardul, cu aplicatii pe smartphone, ai site, bla bla bla, daca circuli cu tramvaie vechi de juma' de secol.
Logoul companiei ar trebui sa fie: CTP Iasi - Nu suntem in stare. Va multumim.",validare_bilete,0
150,"aspect: infrastructura_statii. text: Cel putin in privinta tramvaielor, aceleasi conditii imputite de transport ca in anii '80.
Aglomeratie maxima, om in om, respiratie in respiratie, mult jeg pe barele de care ar trebui sa te tii, geamuri care nu se deschid, lipsa aer conditionat, si multa zdranganeala. Degeaba schimbi liniile de rulare, bagi plata cu cardul, cu aplicatii pe smartphone, ai site, bla bla bla, daca circuli cu tramvaie vechi de juma' de secol.
Logoul companiei ar trebui sa fie: CTP Iasi - Nu suntem in stare. Va multumim.",infrastructura_statii,0
150,"aspect: organizare. text: Cel putin in privinta tramvaielor, aceleasi conditii imputite de transport ca in anii '80.
Aglomeratie maxima, om in om, respiratie in respiratie, mult jeg pe barele de care ar trebui sa te tii, geamuri care nu se deschid, lipsa aer conditionat, si multa zdranganeala. Degeaba schimbi liniile de rulare, bagi plata cu cardul, cu aplicatii pe smartphone, ai site, bla bla bla, daca circuli cu tramvaie vechi de juma' de secol.
Logoul companiei ar trebui sa fie: CTP Iasi - Nu suntem in stare. Va multumim.",organizare,0
150,"aspect: frecventa. text: Cel putin in privinta tramvaielor, aceleasi conditii imputite de transport ca in anii '80.
Aglomeratie maxima, om in om, respiratie in respiratie, mult jeg pe barele de care ar trebui sa te tii, geamuri care nu se deschid, lipsa aer conditionat, si multa zdranganeala. Degeaba schimbi liniile de rulare, bagi plata cu cardul, cu aplicatii pe smartphone, ai site, bla bla bla, daca circuli cu tramvaie vechi de juma' de secol.
Logoul companiei ar trebui sa fie: CTP Iasi - Nu suntem in stare. Va multumim.",frecventa,0
150,"aspect: siguranta. text: Cel putin in privinta tramvaielor, aceleasi conditii imputite de transport ca in anii '80.
Aglomeratie maxima, om in om, respiratie in respiratie, mult jeg pe barele de care ar trebui sa te tii, geamuri care nu se deschid, lipsa aer conditionat, si multa zdranganeala. Degeaba schimbi liniile de rulare, bagi plata cu cardul, cu aplicatii pe smartphone, ai site, bla bla bla, daca circuli cu tramvaie vechi de juma' de secol.
Logoul companiei ar trebui sa fie: CTP Iasi - Nu suntem in stare. Va multumim.",siguranta,0
150,"aspect: soferi_vatmani. text: Cel putin in privinta tramvaielor, aceleasi conditii imputite de transport ca in anii '80.
Aglomeratie maxima, om in om, respiratie in respiratie, mult jeg pe barele de care ar trebui sa te tii, geamuri care nu se deschid, lipsa aer conditionat, si multa zdranganeala. Degeaba schimbi liniile de rulare, bagi plata cu cardul, cu aplicatii pe smartphone, ai site, bla bla bla, daca circuli cu tramvaie vechi de juma' de secol.
Logoul companiei ar trebui sa fie: CTP Iasi - Nu suntem in stare. Va multumim.",soferi_vatmani,0
150,"aspect: acoperire_rute. text: Cel putin in privinta tramvaielor, aceleasi conditii imputite de transport ca in anii '80.
Aglomeratie maxima, om in om, respiratie in respiratie, mult jeg pe barele de care ar trebui sa te tii, geamuri care nu se deschid, lipsa aer conditionat, si multa zdranganeala. Degeaba schimbi liniile de rulare, bagi plata cu cardul, cu aplicatii pe smartphone, ai site, bla bla bla, daca circuli cu tramvaie vechi de juma' de secol.
Logoul companiei ar trebui sa fie: CTP Iasi - Nu suntem in stare. Va multumim.",acoperire_rute,0
150,"aspect: informare_calatori. text: Cel putin in privinta tramvaielor, aceleasi conditii imputite de transport ca in anii '80.
Aglomeratie maxima, om in om, respiratie in respiratie, mult jeg pe barele de care ar trebui sa te tii, geamuri care nu se deschid, lipsa aer conditionat, si multa zdranganeala. Degeaba schimbi liniile de rulare, bagi plata cu cardul, cu aplicatii pe smartphone, ai site, bla bla bla, daca circuli cu tramvaie vechi de juma' de secol.
Logoul companiei ar trebui sa fie: CTP Iasi - Nu suntem in stare. Va multumim.",informare_calatori,0
150,"aspect: punctualitate. text: Cel putin in privinta tramvaielor, aceleasi conditii imputite de transport ca in anii '80.
Aglomeratie maxima, om in om, respiratie in respiratie, mult jeg pe barele de care ar trebui sa te tii, geamuri care nu se deschid, lipsa aer conditionat, si multa zdranganeala. Degeaba schimbi liniile de rulare, bagi plata cu cardul, cu aplicatii pe smartphone, ai site, bla bla bla, daca circuli cu tramvaie vechi de juma' de secol.
Logoul companiei ar trebui sa fie: CTP Iasi - Nu suntem in stare. Va multumim.",punctualitate,0
164,"aspect: aglomeratie. text: Conditii inumane,caldura sufocanta,mizerie, aglomeratie, in tramvaiele din Iasi!Domnilor conducatori ai acestei companii ati calatorit vreodata cu tramvaiul la orele de varf?Va invit eu,platesc eu calatoria!Dezamagire!Nu cred sa mai existe in vreo tara europeana asemenea mizerii de mijloace de transport in comun!",aglomeratie,1
164,"aspect: confort_termic. text: Conditii inumane,caldura sufocanta,mizerie, aglomeratie, in tramvaiele din Iasi!Domnilor conducatori ai acestei companii ati calatorit vreodata cu tramvaiul la orele de varf?Va invit eu,platesc eu calatoria!Dezamagire!Nu cred sa mai existe in vreo tara europeana asemenea mizerii de mijloace de transport in comun!",confort_termic,1
164,"aspect: curatenie. text: Conditii inumane,caldura sufocanta,mizerie, aglomeratie, in tramvaiele din Iasi!Domnilor conducatori ai acestei companii ati calatorit vreodata cu tramvaiul la orele de varf?Va invit eu,platesc eu calatoria!Dezamagire!Nu cred sa mai existe in vreo tara europeana asemenea mizerii de mijloace de transport in comun!",curatenie,1
164,"aspect: stare_vehicule. text: Conditii inumane,caldura sufocanta,mizerie, aglomeratie, in tramvaiele din Iasi!Domnilor conducatori ai acestei companii ati calatorit vreodata cu tramvaiul la orele de varf?Va invit eu,platesc eu calatoria!Dezamagire!Nu cred sa mai existe in vreo tara europeana asemenea mizerii de mijloace de transport in comun!",stare_vehicule,1
164,"aspect: relatii_clienti. text: Conditii inumane,caldura sufocanta,mizerie, aglomeratie, in tramvaiele din Iasi!Domnilor conducatori ai acestei companii ati calatorit vreodata cu tramvaiul la orele de varf?Va invit eu,platesc eu calatoria!Dezamagire!Nu cred sa mai existe in vreo tara europeana asemenea mizerii de mijloace de transport in comun!",relatii_clienti,0
164,"aspect: validare_bilete. text: Conditii inumane,caldura sufocanta,mizerie, aglomeratie, in tramvaiele din Iasi!Domnilor conducatori ai acestei companii ati calatorit vreodata cu tramvaiul la orele de varf?Va invit eu,platesc eu calatoria!Dezamagire!Nu cred sa mai existe in vreo tara europeana asemenea mizerii de mijloace de transport in comun!",validare_bilete,0
164,"aspect: informare_calatori. text: Conditii inumane,caldura sufocanta,mizerie, aglomeratie, in tramvaiele din Iasi!Domnilor conducatori ai acestei companii ati calatorit vreodata cu tramvaiul la orele de varf?Va invit eu,platesc eu calatoria!Dezamagire!Nu cred sa mai existe in vreo tara europeana asemenea mizerii de mijloace de transport in comun!",informare_calatori,0
164,"aspect: organizare. text: Conditii inumane,caldura sufocanta,mizerie, aglomeratie, in tramvaiele din Iasi!Domnilor conducatori ai acestei companii ati calatorit vreodata cu tramvaiul la orele de varf?Va invit eu,platesc eu calatoria!Dezamagire!Nu cred sa mai existe in vreo tara europeana asemenea mizerii de mijloace de transport in comun!",organizare,0
164,"aspect: soferi_vatmani. text: Conditii inumane,caldura sufocanta,mizerie, aglomeratie, in tramvaiele din Iasi!Domnilor conducatori ai acestei companii ati calatorit vreodata cu tramvaiul la orele de varf?Va invit eu,platesc eu calatoria!Dezamagire!Nu cred sa mai existe in vreo tara europeana asemenea mizerii de mijloace de transport in comun!",soferi_vatmani,0
164,"aspect: punctualitate. text: Conditii inumane,caldura sufocanta,mizerie, aglomeratie, in tramvaiele din Iasi!Domnilor conducatori ai acestei companii ati calatorit vreodata cu tramvaiul la orele de varf?Va invit eu,platesc eu calatoria!Dezamagire!Nu cred sa mai existe in vreo tara europeana asemenea mizerii de mijloace de transport in comun!",punctualitate,0
164,"aspect: pret. text: Conditii inumane,caldura sufocanta,mizerie, aglomeratie, in tramvaiele din Iasi!Domnilor conducatori ai acestei companii ati calatorit vreodata cu tramvaiul la orele de varf?Va invit eu,platesc eu calatoria!Dezamagire!Nu cred sa mai existe in vreo tara europeana asemenea mizerii de mijloace de transport in comun!",pret,0
164,"aspect: controlori. text: Conditii inumane,caldura sufocanta,mizerie, aglomeratie, in tramvaiele din Iasi!Domnilor conducatori ai acestei companii ati calatorit vreodata cu tramvaiul la orele de varf?Va invit eu,platesc eu calatoria!Dezamagire!Nu cred sa mai existe in vreo tara europeana asemenea mizerii de mijloace de transport in comun!",controlori,0
164,"aspect: infrastructura_statii. text: Conditii inumane,caldura sufocanta,mizerie, aglomeratie, in tramvaiele din Iasi!Domnilor conducatori ai acestei companii ati calatorit vreodata cu tramvaiul la orele de varf?Va invit eu,platesc eu calatoria!Dezamagire!Nu cred sa mai existe in vreo tara europeana asemenea mizerii de mijloace de transport in comun!",infrastructura_statii,0
164,"aspect: acoperire_rute. text: Conditii inumane,caldura sufocanta,mizerie, aglomeratie, in tramvaiele din Iasi!Domnilor conducatori ai acestei companii ati calatorit vreodata cu tramvaiul la orele de varf?Va invit eu,platesc eu calatoria!Dezamagire!Nu cred sa mai existe in vreo tara europeana asemenea mizerii de mijloace de transport in comun!",acoperire_rute,0
164,"aspect: frecventa. text: Conditii inumane,caldura sufocanta,mizerie, aglomeratie, in tramvaiele din Iasi!Domnilor conducatori ai acestei companii ati calatorit vreodata cu tramvaiul la orele de varf?Va invit eu,platesc eu calatoria!Dezamagire!Nu cred sa mai existe in vreo tara europeana asemenea mizerii de mijloace de transport in comun!",frecventa,0
164,"aspect: siguranta. text: Conditii inumane,caldura sufocanta,mizerie, aglomeratie, in tramvaiele din Iasi!Domnilor conducatori ai acestei companii ati calatorit vreodata cu tramvaiul la orele de varf?Va invit eu,platesc eu calatoria!Dezamagire!Nu cred sa mai existe in vreo tara europeana asemenea mizerii de mijloace de transport in comun!",siguranta,0
69,"aspect: frecventa. text: Tramvaiele circula la intervale foarte mari de timp.
Astăzi am stat după tramvaiul 13, 40 de minute, apoi am fost nevoit sa iau un taxi pentru ca întârziam la serviciu. Și nu este prima data.",frecventa,1
69,"aspect: punctualitate. text: Tramvaiele circula la intervale foarte mari de timp.
Astăzi am stat după tramvaiul 13, 40 de minute, apoi am fost nevoit sa iau un taxi pentru ca întârziam la serviciu. Și nu este prima data.",punctualitate,1
69,"aspect: controlori. text: Tramvaiele circula la intervale foarte mari de timp.
Astăzi am stat după tramvaiul 13, 40 de minute, apoi am fost nevoit sa iau un taxi pentru ca întârziam la serviciu. Și nu este prima data.",controlori,0
69,"aspect: confort_termic. text: Tramvaiele circula la intervale foarte mari de timp.
Astăzi am stat după tramvaiul 13, 40 de minute, apoi am fost nevoit sa iau un taxi pentru ca întârziam la serviciu. Și nu este prima data.",confort_termic,0
69,"aspect: relatii_clienti. text: Tramvaiele circula la intervale foarte mari de timp.
Astăzi am stat după tramvaiul 13, 40 de minute, apoi am fost nevoit sa iau un taxi pentru ca întârziam la serviciu. Și nu este prima data.",relatii_clienti,0
69,"aspect: stare_vehicule. text: Tramvaiele circula la intervale foarte mari de timp.
Astăzi am stat după tramvaiul 13, 40 de minute, apoi am fost nevoit sa iau un taxi pentru ca întârziam la serviciu. Și nu este prima data.",stare_vehicule,0
69,"aspect: aglomeratie. text: Tramvaiele circula la intervale foarte mari de timp.
Astăzi am stat după tramvaiul 13, 40 de minute, apoi am fost nevoit sa iau un taxi pentru ca întârziam la serviciu. Și nu este prima data.",aglomeratie,0
69,"aspect: siguranta. text: Tramvaiele circula la intervale foarte mari de timp.
Astăzi am stat după tramvaiul 13, 40 de minute, apoi am fost nevoit sa iau un taxi pentru ca întârziam la serviciu. Și nu este prima data.",siguranta,0
