review_id,input,aspect,text,fragment,sentiment,label
1,"aspect: validare_bilete. fragment: POS-urile din tramvai nu merg, posibilitatea de a mai cumperi prin 24pay nu exista. text: POS-urile din tramvai nu merg, tramvaie pline, timp de asteptare lung,  posibilitatea de a mai cumperi prin 24pay nu exista. Cred ca am spus tot cu asta",validare_bilete,"POS-urile din tramvai nu merg, tramvaie pline, timp de asteptare lung,  posibilitatea de a mai cumperi prin 24pay nu exista. Cred ca am spus tot cu asta","POS-urile din tramvai nu merg, posibilitatea de a mai cumperi prin 24pay nu exista",negativ,0
1,"aspect: aglomeratie. fragment: tramvaie pline. text: POS-urile din tramvai nu merg, tramvaie pline, timp de asteptare lung,  posibilitatea de a mai cumperi prin 24pay nu exista. Cred ca am spus tot cu asta",aglomeratie,"POS-urile din tramvai nu merg, tramvaie pline, timp de asteptare lung,  posibilitatea de a mai cumperi prin 24pay nu exista. Cred ca am spus tot cu asta",tramvaie pline,negativ,0
1,"aspect: frecventa. fragment: timp de asteptare lung. text: POS-urile din tramvai nu merg, tramvaie pline, timp de asteptare lung,  posibilitatea de a mai cumperi prin 24pay nu exista. Cred ca am spus tot cu asta",frecventa,"POS-urile din tramvai nu merg, tramvaie pline, timp de asteptare lung,  posibilitatea de a mai cumperi prin 24pay nu exista. Cred ca am spus tot cu asta",timp de asteptare lung,negativ,0
2,aspect: validare_bilete. fragment: nu va functioneaza compostoarele de bilete din tramvaie sau autobuze. text: Buna ziua!nu va functioneaza compostoarele de bilete din tramvaie sau autobuze!Ce ne facem?Ne luam amenda?Sau daca e prea aglomerat si nu pot composta?,validare_bilete,Buna ziua!nu va functioneaza compostoarele de bilete din tramvaie sau autobuze!Ce ne facem?Ne luam amenda?Sau daca e prea aglomerat si nu pot composta?,nu va functioneaza compostoarele de bilete din tramvaie sau autobuze,negativ,0
2,aspect: aglomeratie. fragment: daca e prea aglomerat si nu pot composta. text: Buna ziua!nu va functioneaza compostoarele de bilete din tramvaie sau autobuze!Ce ne facem?Ne luam amenda?Sau daca e prea aglomerat si nu pot composta?,aglomeratie,Buna ziua!nu va functioneaza compostoarele de bilete din tramvaie sau autobuze!Ce ne facem?Ne luam amenda?Sau daca e prea aglomerat si nu pot composta?,daca e prea aglomerat si nu pot composta,negativ,0
4,"aspect: frecventa. fragment: stau de 30 minute în stație la Minerva și aștept un 28 și nu vine. text: Sincer,sa ma ..... pe transportul vostru în comun,stau de 30 minute în stație la Minerva și aștept un 28 și nu vine,recomand orice altceva dar nu CTP,rusine sa va fie,și nu e prima oara ......",frecventa,"Sincer,sa ma ..... pe transportul vostru în comun,stau de 30 minute în stație la Minerva și aștept un 28 și nu vine,recomand orice altceva dar nu CTP,rusine sa va fie,și nu e prima oara ......",stau de 30 minute în stație la Minerva și aștept un 28 și nu vine,negativ,0
4,"aspect: punctualitate. fragment: nu vine, și nu e prima oara. text: Sincer,sa ma ..... pe transportul vostru în comun,stau de 30 minute în stație la Minerva și aștept un 28 și nu vine,recomand orice altceva dar nu CTP,rusine sa va fie,și nu e prima oara ......",punctualitate,"Sincer,sa ma ..... pe transportul vostru în comun,stau de 30 minute în stație la Minerva și aștept un 28 și nu vine,recomand orice altceva dar nu CTP,rusine sa va fie,și nu e prima oara ......","nu vine, și nu e prima oara",negativ,0
5,"aspect: frecventa. fragment: Timpi de asteptare mari. text: Timpi de asteptare mari, refugii de tramvaie inguste si arhipline si nu in ultimul rand sistemul de cumpărare a biletelor foarte prost",frecventa,"Timpi de asteptare mari, refugii de tramvaie inguste si arhipline si nu in ultimul rand sistemul de cumpărare a biletelor foarte prost",Timpi de asteptare mari,negativ,0
5,"aspect: infrastructura_statii. fragment: refugii de tramvaie inguste si arhipline. text: Timpi de asteptare mari, refugii de tramvaie inguste si arhipline si nu in ultimul rand sistemul de cumpărare a biletelor foarte prost",infrastructura_statii,"Timpi de asteptare mari, refugii de tramvaie inguste si arhipline si nu in ultimul rand sistemul de cumpărare a biletelor foarte prost",refugii de tramvaie inguste si arhipline,negativ,0
5,"aspect: validare_bilete. fragment: sistemul de cumpărare a biletelor foarte prost. text: Timpi de asteptare mari, refugii de tramvaie inguste si arhipline si nu in ultimul rand sistemul de cumpărare a biletelor foarte prost",validare_bilete,"Timpi de asteptare mari, refugii de tramvaie inguste si arhipline si nu in ultimul rand sistemul de cumpărare a biletelor foarte prost",sistemul de cumpărare a biletelor foarte prost,negativ,0
6,"aspect: validare_bilete. fragment: cutia albastră, mi-a luat banii, nu am primit biletul, se blocase. text: Tramvaiul 1, cutia albastră, mi-a luat banii, nu am primit biletul, se blocase. Am mers la vatman sa anunț și mi-a zis că o să vadă la capăt. Eu a trebui sa cobor și sa schimb tramvaiul. Fara bani si",validare_bilete,"Tramvaiul 1, cutia albastră, mi-a luat banii, nu am primit biletul, se blocase. Am mers la vatman sa anunț și mi-a zis că o să vadă la capăt. Eu a trebui sa cobor și sa schimb tramvaiul. Fara bani si","cutia albastră, mi-a luat banii, nu am primit biletul, se blocase",negativ,0
6,"aspect: soferi_vatmani. fragment: Am mers la vatman sa anunț și mi-a zis că o să vadă la capăt. text: Tramvaiul 1, cutia albastră, mi-a luat banii, nu am primit biletul, se blocase. Am mers la vatman sa anunț și mi-a zis că o să vadă la capăt. Eu a trebui sa cobor și sa schimb tramvaiul. Fara bani si",soferi_vatmani,"Tramvaiul 1, cutia albastră, mi-a luat banii, nu am primit biletul, se blocase. Am mers la vatman sa anunț și mi-a zis că o să vadă la capăt. Eu a trebui sa cobor și sa schimb tramvaiul. Fara bani si",Am mers la vatman sa anunț și mi-a zis că o să vadă la capăt,negativ,0
7,"aspect: frecventa. fragment: de la un timp de așteptare cât de cât decent acum două săptămâni (15-20 minute între autobuze) s-a ajuns la 30 de minute. text: Ce se întâmplă domnilor cu traseele 42 și 43.De la un timp de așteptare cât de cât decent acum două săptămâni (15-20 minute între autobuze ) s-a ajuns la 30-…doamne ajută.Așa încurajați cetățenii să renunțe mașină?Eu ,de exemplu,revin la mașină.Oricum nu interesează pe cineva din această companie,am risipit 5 minute din viața mea.",frecventa,"Ce se întâmplă domnilor cu traseele 42 și 43.De la un timp de așteptare cât de cât decent acum două săptămâni (15-20 minute între autobuze ) s-a ajuns la 30-…doamne ajută.Așa încurajați cetățenii să renunțe mașină?Eu ,de exemplu,revin la mașină.Oricum nu interesează pe cineva din această companie,am risipit 5 minute din viața mea.",de la un timp de așteptare cât de cât decent acum două săptămâni (15-20 minute între autobuze) s-a ajuns la 30 de minute,negativ,0
7,"aspect: organizare. fragment: Așa încurajați cetățenii să renunțe mașină?. text: Ce se întâmplă domnilor cu traseele 42 și 43.De la un timp de așteptare cât de cât decent acum două săptămâni (15-20 minute între autobuze ) s-a ajuns la 30-…doamne ajută.Așa încurajați cetățenii să renunțe mașină?Eu ,de exemplu,revin la mașină.Oricum nu interesează pe cineva din această companie,am risipit 5 minute din viața mea.",organizare,"Ce se întâmplă domnilor cu traseele 42 și 43.De la un timp de așteptare cât de cât decent acum două săptămâni (15-20 minute între autobuze ) s-a ajuns la 30-…doamne ajută.Așa încurajați cetățenii să renunțe mașină?Eu ,de exemplu,revin la mașină.Oricum nu interesează pe cineva din această companie,am risipit 5 minute din viața mea.",Așa încurajați cetățenii să renunțe mașină?,negativ,0
8,"aspect: stare_vehicule. fragment: Tramvaie in anii revolutiei. text: Tranvaie in anii revolutiei, fara ac, aglomerate si vatmani nesimtiti",stare_vehicule,"Tranvaie in anii revolutiei, fara ac, aglomerate si vatmani nesimtiti",Tramvaie in anii revolutiei,negativ,0
8,"aspect: confort_termic. fragment: fara ac. text: Tranvaie in anii revolutiei, fara ac, aglomerate si vatmani nesimtiti",confort_termic,"Tranvaie in anii revolutiei, fara ac, aglomerate si vatmani nesimtiti",fara ac,negativ,0
8,"aspect: aglomeratie. fragment: aglomerate. text: Tranvaie in anii revolutiei, fara ac, aglomerate si vatmani nesimtiti",aglomeratie,"Tranvaie in anii revolutiei, fara ac, aglomerate si vatmani nesimtiti",aglomerate,negativ,0
8,"aspect: soferi_vatmani. fragment: vatmani nesimtiti. text: Tranvaie in anii revolutiei, fara ac, aglomerate si vatmani nesimtiti",soferi_vatmani,"Tranvaie in anii revolutiei, fara ac, aglomerate si vatmani nesimtiti",vatmani nesimtiti,negativ,0
9,"aspect: informare_calatori. fragment: nu ajuta lumea sa se adapteze la noile carduri. text: nu recomand ctp pentru ca sunt neseriosi, nu ajuta lumea sa se adapteze la noile carduri, misiunea si faptul ca avem transport public este un lucru genial si rutele sunt facute bine dar cum e in tramvaie si autobuze lasa foarte multe semne de întrebare. Nici nu i-au in considerare plangerile trimise pe email, ei trimit doar raspunsuri automate, rutele pentru elevi nu sunt respectate pentru ca nu este nimeni sa opreasca oameni care nu au ce cauta in aceste curse speciale (din cate am inteles politist exista la ruta 9) apreciez ca macar elevi primesc gratis dar daca era dupa ei nu cred ca primeau nimic. si nici acest mesaj nu va face vreo diferenta si nici nu pot schimba ceva peste noapte dar nici nu pare ca isi doresc sa schimbe ceva",informare_calatori,"nu recomand ctp pentru ca sunt neseriosi, nu ajuta lumea sa se adapteze la noile carduri, misiunea si faptul ca avem transport public este un lucru genial si rutele sunt facute bine dar cum e in tramvaie si autobuze lasa foarte multe semne de întrebare. Nici nu i-au in considerare plangerile trimise pe email, ei trimit doar raspunsuri automate, rutele pentru elevi nu sunt respectate pentru ca nu este nimeni sa opreasca oameni care nu au ce cauta in aceste curse speciale (din cate am inteles politist exista la ruta 9) apreciez ca macar elevi primesc gratis dar daca era dupa ei nu cred ca primeau nimic. si nici acest mesaj nu va face vreo diferenta si nici nu pot schimba ceva peste noapte dar nici nu pare ca isi doresc sa schimbe ceva",nu ajuta lumea sa se adapteze la noile carduri,negativ,0
9,"aspect: acoperire_rute. fragment: rutele sunt facute bine. text: nu recomand ctp pentru ca sunt neseriosi, nu ajuta lumea sa se adapteze la noile carduri, misiunea si faptul ca avem transport public este un lucru genial si rutele sunt facute bine dar cum e in tramvaie si autobuze lasa foarte multe semne de întrebare. Nici nu i-au in considerare plangerile trimise pe email, ei trimit doar raspunsuri automate, rutele pentru elevi nu sunt respectate pentru ca nu este nimeni sa opreasca oameni care nu au ce cauta in aceste curse speciale (din cate am inteles politist exista la ruta 9) apreciez ca macar elevi primesc gratis dar daca era dupa ei nu cred ca primeau nimic. si nici acest mesaj nu va face vreo diferenta si nici nu pot schimba ceva peste noapte dar nici nu pare ca isi doresc sa schimbe ceva",acoperire_rute,"nu recomand ctp pentru ca sunt neseriosi, nu ajuta lumea sa se adapteze la noile carduri, misiunea si faptul ca avem transport public este un lucru genial si rutele sunt facute bine dar cum e in tramvaie si autobuze lasa foarte multe semne de întrebare. Nici nu i-au in considerare plangerile trimise pe email, ei trimit doar raspunsuri automate, rutele pentru elevi nu sunt respectate pentru ca nu este nimeni sa opreasca oameni care nu au ce cauta in aceste curse speciale (din cate am inteles politist exista la ruta 9) apreciez ca macar elevi primesc gratis dar daca era dupa ei nu cred ca primeau nimic. si nici acest mesaj nu va face vreo diferenta si nici nu pot schimba ceva peste noapte dar nici nu pare ca isi doresc sa schimbe ceva",rutele sunt facute bine,pozitiv,2
9,"aspect: relatii_clienti. fragment: nu i-au in considerare plangerile trimise pe email, ei trimit doar raspunsuri automate. text: nu recomand ctp pentru ca sunt neseriosi, nu ajuta lumea sa se adapteze la noile carduri, misiunea si faptul ca avem transport public este un lucru genial si rutele sunt facute bine dar cum e in tramvaie si autobuze lasa foarte multe semne de întrebare. Nici nu i-au in considerare plangerile trimise pe email, ei trimit doar raspunsuri automate, rutele pentru elevi nu sunt respectate pentru ca nu este nimeni sa opreasca oameni care nu au ce cauta in aceste curse speciale (din cate am inteles politist exista la ruta 9) apreciez ca macar elevi primesc gratis dar daca era dupa ei nu cred ca primeau nimic. si nici acest mesaj nu va face vreo diferenta si nici nu pot schimba ceva peste noapte dar nici nu pare ca isi doresc sa schimbe ceva",relatii_clienti,"nu recomand ctp pentru ca sunt neseriosi, nu ajuta lumea sa se adapteze la noile carduri, misiunea si faptul ca avem transport public este un lucru genial si rutele sunt facute bine dar cum e in tramvaie si autobuze lasa foarte multe semne de întrebare. Nici nu i-au in considerare plangerile trimise pe email, ei trimit doar raspunsuri automate, rutele pentru elevi nu sunt respectate pentru ca nu este nimeni sa opreasca oameni care nu au ce cauta in aceste curse speciale (din cate am inteles politist exista la ruta 9) apreciez ca macar elevi primesc gratis dar daca era dupa ei nu cred ca primeau nimic. si nici acest mesaj nu va face vreo diferenta si nici nu pot schimba ceva peste noapte dar nici nu pare ca isi doresc sa schimbe ceva","nu i-au in considerare plangerile trimise pe email, ei trimit doar raspunsuri automate",negativ,0
9,"aspect: organizare. fragment: rutele pentru elevi nu sunt respectate pentru ca nu este nimeni sa opreasca oameni care nu au ce cauta in aceste curse speciale. text: nu recomand ctp pentru ca sunt neseriosi, nu ajuta lumea sa se adapteze la noile carduri, misiunea si faptul ca avem transport public este un lucru genial si rutele sunt facute bine dar cum e in tramvaie si autobuze lasa foarte multe semne de întrebare. Nici nu i-au in considerare plangerile trimise pe email, ei trimit doar raspunsuri automate, rutele pentru elevi nu sunt respectate pentru ca nu este nimeni sa opreasca oameni care nu au ce cauta in aceste curse speciale (din cate am inteles politist exista la ruta 9) apreciez ca macar elevi primesc gratis dar daca era dupa ei nu cred ca primeau nimic. si nici acest mesaj nu va face vreo diferenta si nici nu pot schimba ceva peste noapte dar nici nu pare ca isi doresc sa schimbe ceva",organizare,"nu recomand ctp pentru ca sunt neseriosi, nu ajuta lumea sa se adapteze la noile carduri, misiunea si faptul ca avem transport public este un lucru genial si rutele sunt facute bine dar cum e in tramvaie si autobuze lasa foarte multe semne de întrebare. Nici nu i-au in considerare plangerile trimise pe email, ei trimit doar raspunsuri automate, rutele pentru elevi nu sunt respectate pentru ca nu este nimeni sa opreasca oameni care nu au ce cauta in aceste curse speciale (din cate am inteles politist exista la ruta 9) apreciez ca macar elevi primesc gratis dar daca era dupa ei nu cred ca primeau nimic. si nici acest mesaj nu va face vreo diferenta si nici nu pot schimba ceva peste noapte dar nici nu pare ca isi doresc sa schimbe ceva",rutele pentru elevi nu sunt respectate pentru ca nu este nimeni sa opreasca oameni care nu au ce cauta in aceste curse speciale,negativ,0
10,aspect: soferi_vatmani. fragment: Atitudinea unor soferi lasa foarte mult de dorit. text: Atitudinea unor soferi lasa foarte mult de dorit. Abonamente scumpe si servicii de foarte slaba calitate. Management foarte prost al acestei companii care se reflecta in activitatea de zi cu zi. Cred ca Iasi-ul merita totusi ceva mai bun...,soferi_vatmani,Atitudinea unor soferi lasa foarte mult de dorit. Abonamente scumpe si servicii de foarte slaba calitate. Management foarte prost al acestei companii care se reflecta in activitatea de zi cu zi. Cred ca Iasi-ul merita totusi ceva mai bun...,Atitudinea unor soferi lasa foarte mult de dorit,negativ,0
10,aspect: pret. fragment: Abonamente scumpe si servicii de foarte slaba calitate. text: Atitudinea unor soferi lasa foarte mult de dorit. Abonamente scumpe si servicii de foarte slaba calitate. Management foarte prost al acestei companii care se reflecta in activitatea de zi cu zi. Cred ca Iasi-ul merita totusi ceva mai bun...,pret,Atitudinea unor soferi lasa foarte mult de dorit. Abonamente scumpe si servicii de foarte slaba calitate. Management foarte prost al acestei companii care se reflecta in activitatea de zi cu zi. Cred ca Iasi-ul merita totusi ceva mai bun...,Abonamente scumpe si servicii de foarte slaba calitate,negativ,0
10,aspect: organizare. fragment: Management foarte prost al acestei companii care se reflecta in activitatea de zi cu zi. text: Atitudinea unor soferi lasa foarte mult de dorit. Abonamente scumpe si servicii de foarte slaba calitate. Management foarte prost al acestei companii care se reflecta in activitatea de zi cu zi. Cred ca Iasi-ul merita totusi ceva mai bun...,organizare,Atitudinea unor soferi lasa foarte mult de dorit. Abonamente scumpe si servicii de foarte slaba calitate. Management foarte prost al acestei companii care se reflecta in activitatea de zi cu zi. Cred ca Iasi-ul merita totusi ceva mai bun...,Management foarte prost al acestei companii care se reflecta in activitatea de zi cu zi,negativ,0
12,aspect: organizare. fragment: o companie de rahat cu o conducere de rahat. text: o companie de rahat cu o conducere de rahat.Schimbati toti sau salariul minim pe economie.,organizare,o companie de rahat cu o conducere de rahat.Schimbati toti sau salariul minim pe economie.,o companie de rahat cu o conducere de rahat,negativ,0
13,"aspect: confort_termic. fragment: Tramvaie fără AC. text: Mizerabil!!! Tramvaie fără AC, setezi să-ți iei bilet, ei îți iau bani în plus de pe card! 
Șoferii zici că sunt la curse!!🤢🤢🤢",confort_termic,"Mizerabil!!! Tramvaie fără AC, setezi să-ți iei bilet, ei îți iau bani în plus de pe card! 
Șoferii zici că sunt la curse!!🤢🤢🤢",Tramvaie fără AC,negativ,0
13,"aspect: validare_bilete. fragment: setezi să-ți iei bilet, ei îți iau bani în plus de pe card. text: Mizerabil!!! Tramvaie fără AC, setezi să-ți iei bilet, ei îți iau bani în plus de pe card! 
Șoferii zici că sunt la curse!!🤢🤢🤢",validare_bilete,"Mizerabil!!! Tramvaie fără AC, setezi să-ți iei bilet, ei îți iau bani în plus de pe card! 
Șoferii zici că sunt la curse!!🤢🤢🤢","setezi să-ți iei bilet, ei îți iau bani în plus de pe card",negativ,0
13,"aspect: soferi_vatmani. fragment: Șoferii zici că sunt la curse. text: Mizerabil!!! Tramvaie fără AC, setezi să-ți iei bilet, ei îți iau bani în plus de pe card! 
Șoferii zici că sunt la curse!!🤢🤢🤢",soferi_vatmani,"Mizerabil!!! Tramvaie fără AC, setezi să-ți iei bilet, ei îți iau bani în plus de pe card! 
Șoferii zici că sunt la curse!!🤢🤢🤢",Șoferii zici că sunt la curse,negativ,0
14,"aspect: punctualitate. fragment: autobuzul de pe traseul 902 cu plecare la ora 16.45 din Canta nu a circulat. text: Nerespectarea orarului de circulație.  În data de 29.06.2025, autobuzul de pe traseul 902 cu plecare la ora 16.45 din Canta nu a circulat Eram 5 persoane care aveam  bilete de 9 lei cumpărate.",punctualitate,"Nerespectarea orarului de circulație.  În data de 29.06.2025, autobuzul de pe traseul 902 cu plecare la ora 16.45 din Canta nu a circulat Eram 5 persoane care aveam  bilete de 9 lei cumpărate.",autobuzul de pe traseul 902 cu plecare la ora 16.45 din Canta nu a circulat,negativ,0
14,"aspect: organizare. fragment: Nerespectarea orarului de circulație. text: Nerespectarea orarului de circulație.  În data de 29.06.2025, autobuzul de pe traseul 902 cu plecare la ora 16.45 din Canta nu a circulat Eram 5 persoane care aveam  bilete de 9 lei cumpărate.",organizare,"Nerespectarea orarului de circulație.  În data de 29.06.2025, autobuzul de pe traseul 902 cu plecare la ora 16.45 din Canta nu a circulat Eram 5 persoane care aveam  bilete de 9 lei cumpărate.",Nerespectarea orarului de circulație,negativ,0
17,"aspect: frecventa. fragment: stam cate 20 de minute in statii. text: Cea mai proasta companie de transport in comun, stam cate 20 de minute in statii si pe langa asta mai vin si tramvaie sau autobuze defecte si mai vreti ca cetatenii orasului sa circule in numar cat mai mare in asa conditii",frecventa,"Cea mai proasta companie de transport in comun, stam cate 20 de minute in statii si pe langa asta mai vin si tramvaie sau autobuze defecte si mai vreti ca cetatenii orasului sa circule in numar cat mai mare in asa conditii",stam cate 20 de minute in statii,negativ,0
17,"aspect: stare_vehicule. fragment: mai vin si tramvaie sau autobuze defecte. text: Cea mai proasta companie de transport in comun, stam cate 20 de minute in statii si pe langa asta mai vin si tramvaie sau autobuze defecte si mai vreti ca cetatenii orasului sa circule in numar cat mai mare in asa conditii",stare_vehicule,"Cea mai proasta companie de transport in comun, stam cate 20 de minute in statii si pe langa asta mai vin si tramvaie sau autobuze defecte si mai vreti ca cetatenii orasului sa circule in numar cat mai mare in asa conditii",mai vin si tramvaie sau autobuze defecte,negativ,0
18,aspect: pret. fragment: cresc preturile. text: cea mai proasta firma de transport. cresc preturile și se sta cate 15 20 min sa vina autobuzul/tramvaiul. foarte prost se circula mai ales pe rutele cele mai frecventate!,pret,cea mai proasta firma de transport. cresc preturile și se sta cate 15 20 min sa vina autobuzul/tramvaiul. foarte prost se circula mai ales pe rutele cele mai frecventate!,cresc preturile,negativ,0
18,aspect: frecventa. fragment: se sta cate 15 20 min sa vina autobuzul/tramvaiul. text: cea mai proasta firma de transport. cresc preturile și se sta cate 15 20 min sa vina autobuzul/tramvaiul. foarte prost se circula mai ales pe rutele cele mai frecventate!,frecventa,cea mai proasta firma de transport. cresc preturile și se sta cate 15 20 min sa vina autobuzul/tramvaiul. foarte prost se circula mai ales pe rutele cele mai frecventate!,se sta cate 15 20 min sa vina autobuzul/tramvaiul,negativ,0
18,aspect: acoperire_rute. fragment: foarte prost se circula mai ales pe rutele cele mai frecventate. text: cea mai proasta firma de transport. cresc preturile și se sta cate 15 20 min sa vina autobuzul/tramvaiul. foarte prost se circula mai ales pe rutele cele mai frecventate!,acoperire_rute,cea mai proasta firma de transport. cresc preturile și se sta cate 15 20 min sa vina autobuzul/tramvaiul. foarte prost se circula mai ales pe rutele cele mai frecventate!,foarte prost se circula mai ales pe rutele cele mai frecventate,negativ,0
19,"aspect: controlori. fragment: comportamente abuzive ale controlorilor, agresiuni verbale și fizice, lipsa însemnelor de identificare și practici ilegale în timpul controalelor. text: ⚠️ Atenție la abuzurile controlorilor din transportul public Iași!

În ultima perioadă, tot mai mulți călători semnalează comportamente abuzive ale controlorilor din cadrul companiei de transport public din Iași. Aceste abuzuri includ agresiuni verbale și fizice, lipsa însemnelor de identificare și practici ilegale în timpul controalelor. Este important să vă cunoașteți drepturile și să știți cum să reacționați într-o astfel de situație.

Ce trebuie să știți despre drepturile voastre:

1. Controlorii NU au dreptul să vă oblige să vă legitimați și nu pot reține actele dumneavoastră de identitate. Singurele autorități care pot legitima o persoană sunt poliția și jandarmeria. Controlorii pot solicita intervenția poliției, dar nu vă pot obliga să le oferiți actele.

2. Controlorii NU au voie să vă dea jos cu forța din mijlocul de transport, să vă bruscheze sau să vă rețină bunurile personale. Dacă vă confruntați cu un astfel de comportament, sunați imediat la 112 și solicitați intervenția poliției.

3. Controlorii sunt obligați să se legitimeze, prezentând o legitimație vizibilă. Dacă refuză să facă acest lucru, este un indiciu clar al unui posibil abuz.

4. Nu pot să vă rețină împotriva voinței voastre mai mult de câteva minute. Dacă sunteți ținuți forțat într-un vehicul sau în stație pentru o perioadă îndelungată, acest lucru poate fi considerat privare de libertate, faptă care se pedepsește conform Codului Penal (art. 189) cu închisoare de la 3 la 10 ani.

Ce puteți face dacă sunteți victima unui abuz:

Apelați poliția la 112 și solicitați ajutor.

Solicitați ajutorul martorilor pentru a avea susținere în cazul unei plângeri.

Filmați sau înregistrați incidentul dacă este posibil, pentru a avea dovezi.

Depuneți o plângere oficială la poliție și la compania de transport public.

Compania de Transport Public Iasi 
❌ Semnal de alarmă pentru Compania de Transport Public Iași

Solicităm conducerii Companiei de Transport Public Iași să ia măsuri urgente pentru a preveni astfel de abuzuri și pentru a asigura respectarea drepturilor călătorilor. Controlorii trebuie să fie instruiți să își desfășoare activitatea legal și civilizat, fără a intimida sau agresa călătorii.

Drepturile călătorilor trebuie respectate, iar orice abatere trebuie sancționată ferm. Dacă ați fost victima unui abuz, nu ezitați să semnalați cazul autorităților și să vă faceți vocea auzită.",controlori,"⚠️ Atenție la abuzurile controlorilor din transportul public Iași!

În ultima perioadă, tot mai mulți călători semnalează comportamente abuzive ale controlorilor din cadrul companiei de transport public din Iași. Aceste abuzuri includ agresiuni verbale și fizice, lipsa însemnelor de identificare și practici ilegale în timpul controalelor. Este important să vă cunoașteți drepturile și să știți cum să reacționați într-o astfel de situație.

Ce trebuie să știți despre drepturile voastre:

1. Controlorii NU au dreptul să vă oblige să vă legitimați și nu pot reține actele dumneavoastră de identitate. Singurele autorități care pot legitima o persoană sunt poliția și jandarmeria. Controlorii pot solicita intervenția poliției, dar nu vă pot obliga să le oferiți actele.

2. Controlorii NU au voie să vă dea jos cu forța din mijlocul de transport, să vă bruscheze sau să vă rețină bunurile personale. Dacă vă confruntați cu un astfel de comportament, sunați imediat la 112 și solicitați intervenția poliției.

3. Controlorii sunt obligați să se legitimeze, prezentând o legitimație vizibilă. Dacă refuză să facă acest lucru, este un indiciu clar al unui posibil abuz.

4. Nu pot să vă rețină împotriva voinței voastre mai mult de câteva minute. Dacă sunteți ținuți forțat într-un vehicul sau în stație pentru o perioadă îndelungată, acest lucru poate fi considerat privare de libertate, faptă care se pedepsește conform Codului Penal (art. 189) cu închisoare de la 3 la 10 ani.

Ce puteți face dacă sunteți victima unui abuz:

Apelați poliția la 112 și solicitați ajutor.

Solicitați ajutorul martorilor pentru a avea susținere în cazul unei plângeri.

Filmați sau înregistrați incidentul dacă este posibil, pentru a avea dovezi.

Depuneți o plângere oficială la poliție și la compania de transport public.

Compania de Transport Public Iasi 
❌ Semnal de alarmă pentru Compania de Transport Public Iași

Solicităm conducerii Companiei de Transport Public Iași să ia măsuri urgente pentru a preveni astfel de abuzuri și pentru a asigura respectarea drepturilor călătorilor. Controlorii trebuie să fie instruiți să își desfășoare activitatea legal și civilizat, fără a intimida sau agresa călătorii.

Drepturile călătorilor trebuie respectate, iar orice abatere trebuie sancționată ferm. Dacă ați fost victima unui abuz, nu ezitați să semnalați cazul autorităților și să vă faceți vocea auzită.","comportamente abuzive ale controlorilor, agresiuni verbale și fizice, lipsa însemnelor de identificare și practici ilegale în timpul controalelor",negativ,0
19,"aspect: siguranta. fragment: agresiuni verbale și fizice, nu vă pot obliga să le oferiți actele, nu au voie să vă dea jos cu forța. text: ⚠️ Atenție la abuzurile controlorilor din transportul public Iași!

În ultima perioadă, tot mai mulți călători semnalează comportamente abuzive ale controlorilor din cadrul companiei de transport public din Iași. Aceste abuzuri includ agresiuni verbale și fizice, lipsa însemnelor de identificare și practici ilegale în timpul controalelor. Este important să vă cunoașteți drepturile și să știți cum să reacționați într-o astfel de situație.

Ce trebuie să știți despre drepturile voastre:

1. Controlorii NU au dreptul să vă oblige să vă legitimați și nu pot reține actele dumneavoastră de identitate. Singurele autorități care pot legitima o persoană sunt poliția și jandarmeria. Controlorii pot solicita intervenția poliției, dar nu vă pot obliga să le oferiți actele.

2. Controlorii NU au voie să vă dea jos cu forța din mijlocul de transport, să vă bruscheze sau să vă rețină bunurile personale. Dacă vă confruntați cu un astfel de comportament, sunați imediat la 112 și solicitați intervenția poliției.

3. Controlorii sunt obligați să se legitimeze, prezentând o legitimație vizibilă. Dacă refuză să facă acest lucru, este un indiciu clar al unui posibil abuz.

4. Nu pot să vă rețină împotriva voinței voastre mai mult de câteva minute. Dacă sunteți ținuți forțat într-un vehicul sau în stație pentru o perioadă îndelungată, acest lucru poate fi considerat privare de libertate, faptă care se pedepsește conform Codului Penal (art. 189) cu închisoare de la 3 la 10 ani.

Ce puteți face dacă sunteți victima unui abuz:

Apelați poliția la 112 și solicitați ajutor.

Solicitați ajutorul martorilor pentru a avea susținere în cazul unei plângeri.

Filmați sau înregistrați incidentul dacă este posibil, pentru a avea dovezi.

Depuneți o plângere oficială la poliție și la compania de transport public.

Compania de Transport Public Iasi 
❌ Semnal de alarmă pentru Compania de Transport Public Iași

Solicităm conducerii Companiei de Transport Public Iași să ia măsuri urgente pentru a preveni astfel de abuzuri și pentru a asigura respectarea drepturilor călătorilor. Controlorii trebuie să fie instruiți să își desfășoare activitatea legal și civilizat, fără a intimida sau agresa călătorii.

Drepturile călătorilor trebuie respectate, iar orice abatere trebuie sancționată ferm. Dacă ați fost victima unui abuz, nu ezitați să semnalați cazul autorităților și să vă faceți vocea auzită.",siguranta,"⚠️ Atenție la abuzurile controlorilor din transportul public Iași!

În ultima perioadă, tot mai mulți călători semnalează comportamente abuzive ale controlorilor din cadrul companiei de transport public din Iași. Aceste abuzuri includ agresiuni verbale și fizice, lipsa însemnelor de identificare și practici ilegale în timpul controalelor. Este important să vă cunoașteți drepturile și să știți cum să reacționați într-o astfel de situație.

Ce trebuie să știți despre drepturile voastre:

1. Controlorii NU au dreptul să vă oblige să vă legitimați și nu pot reține actele dumneavoastră de identitate. Singurele autorități care pot legitima o persoană sunt poliția și jandarmeria. Controlorii pot solicita intervenția poliției, dar nu vă pot obliga să le oferiți actele.

2. Controlorii NU au voie să vă dea jos cu forța din mijlocul de transport, să vă bruscheze sau să vă rețină bunurile personale. Dacă vă confruntați cu un astfel de comportament, sunați imediat la 112 și solicitați intervenția poliției.

3. Controlorii sunt obligați să se legitimeze, prezentând o legitimație vizibilă. Dacă refuză să facă acest lucru, este un indiciu clar al unui posibil abuz.

4. Nu pot să vă rețină împotriva voinței voastre mai mult de câteva minute. Dacă sunteți ținuți forțat într-un vehicul sau în stație pentru o perioadă îndelungată, acest lucru poate fi considerat privare de libertate, faptă care se pedepsește conform Codului Penal (art. 189) cu închisoare de la 3 la 10 ani.

Ce puteți face dacă sunteți victima unui abuz:

Apelați poliția la 112 și solicitați ajutor.

Solicitați ajutorul martorilor pentru a avea susținere în cazul unei plângeri.

Filmați sau înregistrați incidentul dacă este posibil, pentru a avea dovezi.

Depuneți o plângere oficială la poliție și la compania de transport public.

Compania de Transport Public Iasi 
❌ Semnal de alarmă pentru Compania de Transport Public Iași

Solicităm conducerii Companiei de Transport Public Iași să ia măsuri urgente pentru a preveni astfel de abuzuri și pentru a asigura respectarea drepturilor călătorilor. Controlorii trebuie să fie instruiți să își desfășoare activitatea legal și civilizat, fără a intimida sau agresa călătorii.

Drepturile călătorilor trebuie respectate, iar orice abatere trebuie sancționată ferm. Dacă ați fost victima unui abuz, nu ezitați să semnalați cazul autorităților și să vă faceți vocea auzită.","agresiuni verbale și fizice, nu vă pot obliga să le oferiți actele, nu au voie să vă dea jos cu forța",negativ,0
20,aspect: controlori. fragment: Controlorii de pe traseul 502 agresivi si abuzatori cu femeile. text: Controlorii de pe traseul 502 ora 11:16 din 4 martie agresivi si abuzatori cu femeile,controlori,Controlorii de pe traseul 502 ora 11:16 din 4 martie agresivi si abuzatori cu femeile,Controlorii de pe traseul 502 agresivi si abuzatori cu femeile,negativ,0
21,aspect: punctualitate. fragment: mai bine mergi pe jos ajungi înaintea autobuzului la ciurea. text: absolut nimic mai bine mergi pe jos ajungi înaintea autobuzului la ciurea,punctualitate,absolut nimic mai bine mergi pe jos ajungi înaintea autobuzului la ciurea,mai bine mergi pe jos ajungi înaintea autobuzului la ciurea,negativ,0
24,"aspect: frecventa. fragment: aștepți 10 minute să sosească un tramvai într-un minut. text: Se încurajează utilizarea mijloacelor de transport în comun, însă aștepți 10 minute să sosească un tramvai într-un minut. Nu ajungi nicăieri la timp. Biletele nu își merită scumpirile.",frecventa,"Se încurajează utilizarea mijloacelor de transport în comun, însă aștepți 10 minute să sosească un tramvai într-un minut. Nu ajungi nicăieri la timp. Biletele nu își merită scumpirile.",aștepți 10 minute să sosească un tramvai într-un minut,negativ,0
24,"aspect: punctualitate. fragment: Nu ajungi nicăieri la timp. text: Se încurajează utilizarea mijloacelor de transport în comun, însă aștepți 10 minute să sosească un tramvai într-un minut. Nu ajungi nicăieri la timp. Biletele nu își merită scumpirile.",punctualitate,"Se încurajează utilizarea mijloacelor de transport în comun, însă aștepți 10 minute să sosească un tramvai într-un minut. Nu ajungi nicăieri la timp. Biletele nu își merită scumpirile.",Nu ajungi nicăieri la timp,negativ,0
24,"aspect: pret. fragment: Biletele nu își merită scumpirile. text: Se încurajează utilizarea mijloacelor de transport în comun, însă aștepți 10 minute să sosească un tramvai într-un minut. Nu ajungi nicăieri la timp. Biletele nu își merită scumpirile.",pret,"Se încurajează utilizarea mijloacelor de transport în comun, însă aștepți 10 minute să sosească un tramvai într-un minut. Nu ajungi nicăieri la timp. Biletele nu își merită scumpirile.",Biletele nu își merită scumpirile,negativ,0
25,"aspect: frecventa. fragment: Tramvaie insuficiente pe ruta lui 5 sau 11! Nu e normal sa ai mai mult de 20 de minute de când aștepți. text: Tramvaie insuficiente pe ruta lui 5 sau 11!  Nu e normal sa ai mai mult de 20 de minute de când aștepți, clepsidra de pe indicatorul electric nu arata de 20 de minute nici un timp. Scumpiti biletele dar nu oferiți nimic. Nici măcar un transport decent pe anumite rute. Nu toți iesenii locuiesc în Copou!",frecventa,"Tramvaie insuficiente pe ruta lui 5 sau 11!  Nu e normal sa ai mai mult de 20 de minute de când aștepți, clepsidra de pe indicatorul electric nu arata de 20 de minute nici un timp. Scumpiti biletele dar nu oferiți nimic. Nici măcar un transport decent pe anumite rute. Nu toți iesenii locuiesc în Copou!",Tramvaie insuficiente pe ruta lui 5 sau 11! Nu e normal sa ai mai mult de 20 de minute de când aștepți,negativ,0
25,"aspect: pret. fragment: Scumpiti biletele dar nu oferiți nimic. text: Tramvaie insuficiente pe ruta lui 5 sau 11!  Nu e normal sa ai mai mult de 20 de minute de când aștepți, clepsidra de pe indicatorul electric nu arata de 20 de minute nici un timp. Scumpiti biletele dar nu oferiți nimic. Nici măcar un transport decent pe anumite rute. Nu toți iesenii locuiesc în Copou!",pret,"Tramvaie insuficiente pe ruta lui 5 sau 11!  Nu e normal sa ai mai mult de 20 de minute de când aștepți, clepsidra de pe indicatorul electric nu arata de 20 de minute nici un timp. Scumpiti biletele dar nu oferiți nimic. Nici măcar un transport decent pe anumite rute. Nu toți iesenii locuiesc în Copou!",Scumpiti biletele dar nu oferiți nimic,negativ,0
25,"aspect: acoperire_rute. fragment: Nici un transport decent pe anumite rute. Nu toți iesenii locuiesc în Copou. text: Tramvaie insuficiente pe ruta lui 5 sau 11!  Nu e normal sa ai mai mult de 20 de minute de când aștepți, clepsidra de pe indicatorul electric nu arata de 20 de minute nici un timp. Scumpiti biletele dar nu oferiți nimic. Nici măcar un transport decent pe anumite rute. Nu toți iesenii locuiesc în Copou!",acoperire_rute,"Tramvaie insuficiente pe ruta lui 5 sau 11!  Nu e normal sa ai mai mult de 20 de minute de când aștepți, clepsidra de pe indicatorul electric nu arata de 20 de minute nici un timp. Scumpiti biletele dar nu oferiți nimic. Nici măcar un transport decent pe anumite rute. Nu toți iesenii locuiesc în Copou!",Nici un transport decent pe anumite rute. Nu toți iesenii locuiesc în Copou,negativ,0
26,"aspect: relatii_clienti. fragment: esti luat la misto de catre o duduie care parca e pe droguri cand vorbeste cu tine. text: Lipsa crasa de respect pentru calatori! Daca suni la ei sa le aduci in vedere faptul ca stai de 30 minute in frig pentru un nenorocit de autobuz,esti luat la misto de catre o duduie care parca e pe droguri cand vorbeste cu tine.Dispret maxim,tot va laudati cu achizitiile facute insa zac defecte in depou/graj..Cea mai praf companie de transport din tara...si stiu sigur ca nimic nu are sa se schimbe vreodata.Si inca ceva...ati scumpit biletul...oare sa mai intreb de ce?",relatii_clienti,"Lipsa crasa de respect pentru calatori! Daca suni la ei sa le aduci in vedere faptul ca stai de 30 minute in frig pentru un nenorocit de autobuz,esti luat la misto de catre o duduie care parca e pe droguri cand vorbeste cu tine.Dispret maxim,tot va laudati cu achizitiile facute insa zac defecte in depou/graj..Cea mai praf companie de transport din tara...si stiu sigur ca nimic nu are sa se schimbe vreodata.Si inca ceva...ati scumpit biletul...oare sa mai intreb de ce?",esti luat la misto de catre o duduie care parca e pe droguri cand vorbeste cu tine,negativ,0
26,"aspect: frecventa. fragment: stai de 30 minute in frig pentru un nenorocit de autobuz. text: Lipsa crasa de respect pentru calatori! Daca suni la ei sa le aduci in vedere faptul ca stai de 30 minute in frig pentru un nenorocit de autobuz,esti luat la misto de catre o duduie care parca e pe droguri cand vorbeste cu tine.Dispret maxim,tot va laudati cu achizitiile facute insa zac defecte in depou/graj..Cea mai praf companie de transport din tara...si stiu sigur ca nimic nu are sa se schimbe vreodata.Si inca ceva...ati scumpit biletul...oare sa mai intreb de ce?",frecventa,"Lipsa crasa de respect pentru calatori! Daca suni la ei sa le aduci in vedere faptul ca stai de 30 minute in frig pentru un nenorocit de autobuz,esti luat la misto de catre o duduie care parca e pe droguri cand vorbeste cu tine.Dispret maxim,tot va laudati cu achizitiile facute insa zac defecte in depou/graj..Cea mai praf companie de transport din tara...si stiu sigur ca nimic nu are sa se schimbe vreodata.Si inca ceva...ati scumpit biletul...oare sa mai intreb de ce?",stai de 30 minute in frig pentru un nenorocit de autobuz,negativ,0
26,"aspect: stare_vehicule. fragment: zac defecte in depou/graj. text: Lipsa crasa de respect pentru calatori! Daca suni la ei sa le aduci in vedere faptul ca stai de 30 minute in frig pentru un nenorocit de autobuz,esti luat la misto de catre o duduie care parca e pe droguri cand vorbeste cu tine.Dispret maxim,tot va laudati cu achizitiile facute insa zac defecte in depou/graj..Cea mai praf companie de transport din tara...si stiu sigur ca nimic nu are sa se schimbe vreodata.Si inca ceva...ati scumpit biletul...oare sa mai intreb de ce?",stare_vehicule,"Lipsa crasa de respect pentru calatori! Daca suni la ei sa le aduci in vedere faptul ca stai de 30 minute in frig pentru un nenorocit de autobuz,esti luat la misto de catre o duduie care parca e pe droguri cand vorbeste cu tine.Dispret maxim,tot va laudati cu achizitiile facute insa zac defecte in depou/graj..Cea mai praf companie de transport din tara...si stiu sigur ca nimic nu are sa se schimbe vreodata.Si inca ceva...ati scumpit biletul...oare sa mai intreb de ce?",zac defecte in depou/graj,negativ,0
26,"aspect: pret. fragment: ati scumpit biletul. text: Lipsa crasa de respect pentru calatori! Daca suni la ei sa le aduci in vedere faptul ca stai de 30 minute in frig pentru un nenorocit de autobuz,esti luat la misto de catre o duduie care parca e pe droguri cand vorbeste cu tine.Dispret maxim,tot va laudati cu achizitiile facute insa zac defecte in depou/graj..Cea mai praf companie de transport din tara...si stiu sigur ca nimic nu are sa se schimbe vreodata.Si inca ceva...ati scumpit biletul...oare sa mai intreb de ce?",pret,"Lipsa crasa de respect pentru calatori! Daca suni la ei sa le aduci in vedere faptul ca stai de 30 minute in frig pentru un nenorocit de autobuz,esti luat la misto de catre o duduie care parca e pe droguri cand vorbeste cu tine.Dispret maxim,tot va laudati cu achizitiile facute insa zac defecte in depou/graj..Cea mai praf companie de transport din tara...si stiu sigur ca nimic nu are sa se schimbe vreodata.Si inca ceva...ati scumpit biletul...oare sa mai intreb de ce?",ati scumpit biletul,negativ,0
28,"aspect: confort_termic. fragment: O experienta plăcută de stat în frig, ploaie sau caniculă pana vine un tramvai sau autobuz. text: Beneficiez de serviciile dvs de 4 ani, ""ireproșabil"" bine din prima zi și pana astăzi. O experienta "" plăcută "" de stat în frig, ploaie sau caniculă pana vine un tramvai sau autobuz (defect deseori). Mai aveți și pretenții la bani și dați amenzi la cei care nu au bilet din varii motive (deseori din cauza dvs ca nu aveți mentenanță pe vehicule). Semnat un beneficiar "" mulțumit "" de mijlocul de transport în comun",confort_termic,"Beneficiez de serviciile dvs de 4 ani, ""ireproșabil"" bine din prima zi și pana astăzi. O experienta "" plăcută "" de stat în frig, ploaie sau caniculă pana vine un tramvai sau autobuz (defect deseori). Mai aveți și pretenții la bani și dați amenzi la cei care nu au bilet din varii motive (deseori din cauza dvs ca nu aveți mentenanță pe vehicule). Semnat un beneficiar "" mulțumit "" de mijlocul de transport în comun","O experienta plăcută de stat în frig, ploaie sau caniculă pana vine un tramvai sau autobuz",negativ,0
28,"aspect: stare_vehicule. fragment: defect deseori. text: Beneficiez de serviciile dvs de 4 ani, ""ireproșabil"" bine din prima zi și pana astăzi. O experienta "" plăcută "" de stat în frig, ploaie sau caniculă pana vine un tramvai sau autobuz (defect deseori). Mai aveți și pretenții la bani și dați amenzi la cei care nu au bilet din varii motive (deseori din cauza dvs ca nu aveți mentenanță pe vehicule). Semnat un beneficiar "" mulțumit "" de mijlocul de transport în comun",stare_vehicule,"Beneficiez de serviciile dvs de 4 ani, ""ireproșabil"" bine din prima zi și pana astăzi. O experienta "" plăcută "" de stat în frig, ploaie sau caniculă pana vine un tramvai sau autobuz (defect deseori). Mai aveți și pretenții la bani și dați amenzi la cei care nu au bilet din varii motive (deseori din cauza dvs ca nu aveți mentenanță pe vehicule). Semnat un beneficiar "" mulțumit "" de mijlocul de transport în comun",defect deseori,negativ,0
28,"aspect: pret. fragment: Mai aveți și pretenții la bani și dați amenzi. text: Beneficiez de serviciile dvs de 4 ani, ""ireproșabil"" bine din prima zi și pana astăzi. O experienta "" plăcută "" de stat în frig, ploaie sau caniculă pana vine un tramvai sau autobuz (defect deseori). Mai aveți și pretenții la bani și dați amenzi la cei care nu au bilet din varii motive (deseori din cauza dvs ca nu aveți mentenanță pe vehicule). Semnat un beneficiar "" mulțumit "" de mijlocul de transport în comun",pret,"Beneficiez de serviciile dvs de 4 ani, ""ireproșabil"" bine din prima zi și pana astăzi. O experienta "" plăcută "" de stat în frig, ploaie sau caniculă pana vine un tramvai sau autobuz (defect deseori). Mai aveți și pretenții la bani și dați amenzi la cei care nu au bilet din varii motive (deseori din cauza dvs ca nu aveți mentenanță pe vehicule). Semnat un beneficiar "" mulțumit "" de mijlocul de transport în comun",Mai aveți și pretenții la bani și dați amenzi,negativ,0
28,"aspect: controlori. fragment: dați amenzi la cei care nu au bilet din varii motive (deseori din cauza dvs ca nu aveți mentenanță pe vehicule). text: Beneficiez de serviciile dvs de 4 ani, ""ireproșabil"" bine din prima zi și pana astăzi. O experienta "" plăcută "" de stat în frig, ploaie sau caniculă pana vine un tramvai sau autobuz (defect deseori). Mai aveți și pretenții la bani și dați amenzi la cei care nu au bilet din varii motive (deseori din cauza dvs ca nu aveți mentenanță pe vehicule). Semnat un beneficiar "" mulțumit "" de mijlocul de transport în comun",controlori,"Beneficiez de serviciile dvs de 4 ani, ""ireproșabil"" bine din prima zi și pana astăzi. O experienta "" plăcută "" de stat în frig, ploaie sau caniculă pana vine un tramvai sau autobuz (defect deseori). Mai aveți și pretenții la bani și dați amenzi la cei care nu au bilet din varii motive (deseori din cauza dvs ca nu aveți mentenanță pe vehicule). Semnat un beneficiar "" mulțumit "" de mijlocul de transport în comun",dați amenzi la cei care nu au bilet din varii motive (deseori din cauza dvs ca nu aveți mentenanță pe vehicule),negativ,0
29,"aspect: validare_bilete. fragment: din cauza unor probleme la aparatele roșii nu voi putea achiziționa bilete. text: Halal personal de la telverde,,sun sa aduc la cunoștință că din cauza unor probleme  la aparatele  roșii  nu voi putea achiziționa bilete ,dar în același timp trebuie să iau din statia respectiva tramvai ...pt a nu mă trezi că iau amenda ...pe lângă faptul că ""doamna "" a tipat efectiv la mine ,îmi ținea teorie Intr-una că se poate plati și în tramvai cu cardul,in contextul in care i am spus doamnei că nu pot plati decât cash,neavând bani pe card . A avut o atitudine care lasă de dorit ,de la începutul apelului până la sfârșit. Ați face bine să angajați personal capabili pentru lucrul cu oamenii!",validare_bilete,"Halal personal de la telverde,,sun sa aduc la cunoștință că din cauza unor probleme  la aparatele  roșii  nu voi putea achiziționa bilete ,dar în același timp trebuie să iau din statia respectiva tramvai ...pt a nu mă trezi că iau amenda ...pe lângă faptul că ""doamna "" a tipat efectiv la mine ,îmi ținea teorie Intr-una că se poate plati și în tramvai cu cardul,in contextul in care i am spus doamnei că nu pot plati decât cash,neavând bani pe card . A avut o atitudine care lasă de dorit ,de la începutul apelului până la sfârșit. Ați face bine să angajați personal capabili pentru lucrul cu oamenii!",din cauza unor probleme la aparatele roșii nu voi putea achiziționa bilete,negativ,0
29,"aspect: relatii_clienti. fragment: doamna a tipat efectiv la mine, îmi ținea teorie Intr-una, A avut o atitudine care lasă de dorit de la începutul apelului până la sfârșit. text: Halal personal de la telverde,,sun sa aduc la cunoștință că din cauza unor probleme  la aparatele  roșii  nu voi putea achiziționa bilete ,dar în același timp trebuie să iau din statia respectiva tramvai ...pt a nu mă trezi că iau amenda ...pe lângă faptul că ""doamna "" a tipat efectiv la mine ,îmi ținea teorie Intr-una că se poate plati și în tramvai cu cardul,in contextul in care i am spus doamnei că nu pot plati decât cash,neavând bani pe card . A avut o atitudine care lasă de dorit ,de la începutul apelului până la sfârșit. Ați face bine să angajați personal capabili pentru lucrul cu oamenii!",relatii_clienti,"Halal personal de la telverde,,sun sa aduc la cunoștință că din cauza unor probleme  la aparatele  roșii  nu voi putea achiziționa bilete ,dar în același timp trebuie să iau din statia respectiva tramvai ...pt a nu mă trezi că iau amenda ...pe lângă faptul că ""doamna "" a tipat efectiv la mine ,îmi ținea teorie Intr-una că se poate plati și în tramvai cu cardul,in contextul in care i am spus doamnei că nu pot plati decât cash,neavând bani pe card . A avut o atitudine care lasă de dorit ,de la începutul apelului până la sfârșit. Ați face bine să angajați personal capabili pentru lucrul cu oamenii!","doamna a tipat efectiv la mine, îmi ținea teorie Intr-una, A avut o atitudine care lasă de dorit de la începutul apelului până la sfârșit",negativ,0
31,"aspect: soferi_vatmani. fragment: vatmanul care fac reguli după cum vor, am fost coborâtă ca să merg 2 metrii în stație să urc din nou, pe motiv că se face curățenie în tramvai. Nu a făcut nimeni curat. text: Recomand compania de transport ,NU recomand vatmanul care fac reguli după cum vor la rond 11 am fost coborâtă ca să merg 2 metrii în stație să urc din nou,pe motiv că se face curățenie în tramvai.Nu a făcut nimeni curat!!!",soferi_vatmani,"Recomand compania de transport ,NU recomand vatmanul care fac reguli după cum vor la rond 11 am fost coborâtă ca să merg 2 metrii în stație să urc din nou,pe motiv că se face curățenie în tramvai.Nu a făcut nimeni curat!!!","vatmanul care fac reguli după cum vor, am fost coborâtă ca să merg 2 metrii în stație să urc din nou, pe motiv că se face curățenie în tramvai. Nu a făcut nimeni curat",negativ,0
33,"aspect: frecventa. fragment: Stau mai mult de jumătate de oră în weekend ca să vină un autobuz. text: Nu recomand. Stau mai mult de jumătate de oră în weekend ca să vină un autobuz și mai cereți si 110 lei abonamentul. Ori luați măsuri în privința condițiilor, ori aduceți prețurile la nivelul la care sunt deja condițiile.",frecventa,"Nu recomand. Stau mai mult de jumătate de oră în weekend ca să vină un autobuz și mai cereți si 110 lei abonamentul. Ori luați măsuri în privința condițiilor, ori aduceți prețurile la nivelul la care sunt deja condițiile.",Stau mai mult de jumătate de oră în weekend ca să vină un autobuz,negativ,0
33,"aspect: pret. fragment: mai cereți si 110 lei abonamentul. Ori luați măsuri în privința condițiilor, ori aduceți prețurile la nivelul la care sunt deja condițiile. text: Nu recomand. Stau mai mult de jumătate de oră în weekend ca să vină un autobuz și mai cereți si 110 lei abonamentul. Ori luați măsuri în privința condițiilor, ori aduceți prețurile la nivelul la care sunt deja condițiile.",pret,"Nu recomand. Stau mai mult de jumătate de oră în weekend ca să vină un autobuz și mai cereți si 110 lei abonamentul. Ori luați măsuri în privința condițiilor, ori aduceți prețurile la nivelul la care sunt deja condițiile.","mai cereți si 110 lei abonamentul. Ori luați măsuri în privința condițiilor, ori aduceți prețurile la nivelul la care sunt deja condițiile",negativ,0
35,"aspect: pret. fragment: bilet scump. text: bilet scump,timpul de asteptare este mare ,conditii mizere",pret,"bilet scump,timpul de asteptare este mare ,conditii mizere",bilet scump,negativ,0
35,"aspect: frecventa. fragment: timpul de asteptare este mare. text: bilet scump,timpul de asteptare este mare ,conditii mizere",frecventa,"bilet scump,timpul de asteptare este mare ,conditii mizere",timpul de asteptare este mare,negativ,0
35,"aspect: curatenie. fragment: conditii mizere. text: bilet scump,timpul de asteptare este mare ,conditii mizere",curatenie,"bilet scump,timpul de asteptare este mare ,conditii mizere",conditii mizere,negativ,0
36,aspect: relatii_clienti. fragment: sunteți niște nesimțiți de la cel care spala podeaua până la burduhosul din biroul ctp. text: sunteți niște nesimțiți de la cel care spala podeaua până la burduhosul din biroul ctp.dupa mine v-as trage in țeapă pe toți.sa aveți un an frumos așa cum stam noi prin stații iarna.,relatii_clienti,sunteți niște nesimțiți de la cel care spala podeaua până la burduhosul din biroul ctp.dupa mine v-as trage in țeapă pe toți.sa aveți un an frumos așa cum stam noi prin stații iarna.,sunteți niște nesimțiți de la cel care spala podeaua până la burduhosul din biroul ctp,negativ,0
36,aspect: infrastructura_statii. fragment: sa aveți un an frumos așa cum stam noi prin stații iarna. text: sunteți niște nesimțiți de la cel care spala podeaua până la burduhosul din biroul ctp.dupa mine v-as trage in țeapă pe toți.sa aveți un an frumos așa cum stam noi prin stații iarna.,infrastructura_statii,sunteți niște nesimțiți de la cel care spala podeaua până la burduhosul din biroul ctp.dupa mine v-as trage in țeapă pe toți.sa aveți un an frumos așa cum stam noi prin stații iarna.,sa aveți un an frumos așa cum stam noi prin stații iarna,negativ,0
37,"aspect: pret. fragment: Tarife scumpe. text: Tarife scumpe.  
Călătorii stau comprimati la orele de vârf.  Efectiv nu este aer .
Vara  nu funcționează aerul condiționat sau nu au voie sa îl folosească. 
Majoritatea șoferilor sunt nesimțiți.",pret,"Tarife scumpe.  
Călătorii stau comprimati la orele de vârf.  Efectiv nu este aer .
Vara  nu funcționează aerul condiționat sau nu au voie sa îl folosească. 
Majoritatea șoferilor sunt nesimțiți.",Tarife scumpe,negativ,0
37,"aspect: aglomeratie. fragment: Călătorii stau comprimati la orele de vârf. Efectiv nu este aer. text: Tarife scumpe.  
Călătorii stau comprimati la orele de vârf.  Efectiv nu este aer .
Vara  nu funcționează aerul condiționat sau nu au voie sa îl folosească. 
Majoritatea șoferilor sunt nesimțiți.",aglomeratie,"Tarife scumpe.  
Călătorii stau comprimati la orele de vârf.  Efectiv nu este aer .
Vara  nu funcționează aerul condiționat sau nu au voie sa îl folosească. 
Majoritatea șoferilor sunt nesimțiți.",Călătorii stau comprimati la orele de vârf. Efectiv nu este aer,negativ,0
37,"aspect: confort_termic. fragment: Vara nu funcționează aerul condiționat sau nu au voie sa îl folosească. text: Tarife scumpe.  
Călătorii stau comprimati la orele de vârf.  Efectiv nu este aer .
Vara  nu funcționează aerul condiționat sau nu au voie sa îl folosească. 
Majoritatea șoferilor sunt nesimțiți.",confort_termic,"Tarife scumpe.  
Călătorii stau comprimati la orele de vârf.  Efectiv nu este aer .
Vara  nu funcționează aerul condiționat sau nu au voie sa îl folosească. 
Majoritatea șoferilor sunt nesimțiți.",Vara nu funcționează aerul condiționat sau nu au voie sa îl folosească,negativ,0
37,"aspect: soferi_vatmani. fragment: Majoritatea șoferilor sunt nesimțiți. text: Tarife scumpe.  
Călătorii stau comprimati la orele de vârf.  Efectiv nu este aer .
Vara  nu funcționează aerul condiționat sau nu au voie sa îl folosească. 
Majoritatea șoferilor sunt nesimțiți.",soferi_vatmani,"Tarife scumpe.  
Călătorii stau comprimati la orele de vârf.  Efectiv nu este aer .
Vara  nu funcționează aerul condiționat sau nu au voie sa îl folosească. 
Majoritatea șoferilor sunt nesimțiți.",Majoritatea șoferilor sunt nesimțiți,negativ,0
38,"aspect: punctualitate. fragment: NU RESPECTA ORARUL. text: NU RECOMAND CTP DIN SIMPLUL FAPT CA SUNT NISTE MINCINOSI, AROGANTI SI NEPASATORI! 

AUTOBUZE SI TRAMVAIE NOI SUNT DOAR PE TRASEE SCURTE SI CENTRALE!

NU RESPECTA ORARUL!

NU SUNT DOTATE AUTOBUZELE DE PE CELE MAI LUNGI TRASEE CU AC, EVENTUAL BONUS CALATORIM CU CONSERVELE GALBENE CARE NICI MACAR NU AU GEAMURI CARE POT FI DESCHISE, IAR DACA AU SUNT PRINSE IN SURUBURI!

TONOMATE DE BILETE STRICATE SAU FARA HARTIE!

SA CONTINUI?",punctualitate,"NU RECOMAND CTP DIN SIMPLUL FAPT CA SUNT NISTE MINCINOSI, AROGANTI SI NEPASATORI! 

AUTOBUZE SI TRAMVAIE NOI SUNT DOAR PE TRASEE SCURTE SI CENTRALE!

NU RESPECTA ORARUL!

NU SUNT DOTATE AUTOBUZELE DE PE CELE MAI LUNGI TRASEE CU AC, EVENTUAL BONUS CALATORIM CU CONSERVELE GALBENE CARE NICI MACAR NU AU GEAMURI CARE POT FI DESCHISE, IAR DACA AU SUNT PRINSE IN SURUBURI!

TONOMATE DE BILETE STRICATE SAU FARA HARTIE!

SA CONTINUI?",NU RESPECTA ORARUL,negativ,0
38,"aspect: acoperire_rute. fragment: AUTOBUZE SI TRAMVAIE NOI SUNT DOAR PE TRASEE SCURTE SI CENTRALE. text: NU RECOMAND CTP DIN SIMPLUL FAPT CA SUNT NISTE MINCINOSI, AROGANTI SI NEPASATORI! 

AUTOBUZE SI TRAMVAIE NOI SUNT DOAR PE TRASEE SCURTE SI CENTRALE!

NU RESPECTA ORARUL!

NU SUNT DOTATE AUTOBUZELE DE PE CELE MAI LUNGI TRASEE CU AC, EVENTUAL BONUS CALATORIM CU CONSERVELE GALBENE CARE NICI MACAR NU AU GEAMURI CARE POT FI DESCHISE, IAR DACA AU SUNT PRINSE IN SURUBURI!

TONOMATE DE BILETE STRICATE SAU FARA HARTIE!

SA CONTINUI?",acoperire_rute,"NU RECOMAND CTP DIN SIMPLUL FAPT CA SUNT NISTE MINCINOSI, AROGANTI SI NEPASATORI! 

AUTOBUZE SI TRAMVAIE NOI SUNT DOAR PE TRASEE SCURTE SI CENTRALE!

NU RESPECTA ORARUL!

NU SUNT DOTATE AUTOBUZELE DE PE CELE MAI LUNGI TRASEE CU AC, EVENTUAL BONUS CALATORIM CU CONSERVELE GALBENE CARE NICI MACAR NU AU GEAMURI CARE POT FI DESCHISE, IAR DACA AU SUNT PRINSE IN SURUBURI!

TONOMATE DE BILETE STRICATE SAU FARA HARTIE!

SA CONTINUI?",AUTOBUZE SI TRAMVAIE NOI SUNT DOAR PE TRASEE SCURTE SI CENTRALE,negativ,0
38,"aspect: confort_termic. fragment: NU SUNT DOTATE AUTOBUZELE DE PE CELE MAI LUNGI TRASEE CU AC, EVENTUAL BONUS CALATORIM CU CONSERVELE GALBENE CARE NICI MACAR NU AU GEAMURI CARE POT FI DESCHISE. text: NU RECOMAND CTP DIN SIMPLUL FAPT CA SUNT NISTE MINCINOSI, AROGANTI SI NEPASATORI! 

AUTOBUZE SI TRAMVAIE NOI SUNT DOAR PE TRASEE SCURTE SI CENTRALE!

NU RESPECTA ORARUL!

NU SUNT DOTATE AUTOBUZELE DE PE CELE MAI LUNGI TRASEE CU AC, EVENTUAL BONUS CALATORIM CU CONSERVELE GALBENE CARE NICI MACAR NU AU GEAMURI CARE POT FI DESCHISE, IAR DACA AU SUNT PRINSE IN SURUBURI!

TONOMATE DE BILETE STRICATE SAU FARA HARTIE!

SA CONTINUI?",confort_termic,"NU RECOMAND CTP DIN SIMPLUL FAPT CA SUNT NISTE MINCINOSI, AROGANTI SI NEPASATORI! 

AUTOBUZE SI TRAMVAIE NOI SUNT DOAR PE TRASEE SCURTE SI CENTRALE!

NU RESPECTA ORARUL!

NU SUNT DOTATE AUTOBUZELE DE PE CELE MAI LUNGI TRASEE CU AC, EVENTUAL BONUS CALATORIM CU CONSERVELE GALBENE CARE NICI MACAR NU AU GEAMURI CARE POT FI DESCHISE, IAR DACA AU SUNT PRINSE IN SURUBURI!

TONOMATE DE BILETE STRICATE SAU FARA HARTIE!

SA CONTINUI?","NU SUNT DOTATE AUTOBUZELE DE PE CELE MAI LUNGI TRASEE CU AC, EVENTUAL BONUS CALATORIM CU CONSERVELE GALBENE CARE NICI MACAR NU AU GEAMURI CARE POT FI DESCHISE",negativ,0
38,"aspect: validare_bilete. fragment: TONOMATE DE BILETE STRICATE SAU FARA HARTIE. text: NU RECOMAND CTP DIN SIMPLUL FAPT CA SUNT NISTE MINCINOSI, AROGANTI SI NEPASATORI! 

AUTOBUZE SI TRAMVAIE NOI SUNT DOAR PE TRASEE SCURTE SI CENTRALE!

NU RESPECTA ORARUL!

NU SUNT DOTATE AUTOBUZELE DE PE CELE MAI LUNGI TRASEE CU AC, EVENTUAL BONUS CALATORIM CU CONSERVELE GALBENE CARE NICI MACAR NU AU GEAMURI CARE POT FI DESCHISE, IAR DACA AU SUNT PRINSE IN SURUBURI!

TONOMATE DE BILETE STRICATE SAU FARA HARTIE!

SA CONTINUI?",validare_bilete,"NU RECOMAND CTP DIN SIMPLUL FAPT CA SUNT NISTE MINCINOSI, AROGANTI SI NEPASATORI! 

AUTOBUZE SI TRAMVAIE NOI SUNT DOAR PE TRASEE SCURTE SI CENTRALE!

NU RESPECTA ORARUL!

NU SUNT DOTATE AUTOBUZELE DE PE CELE MAI LUNGI TRASEE CU AC, EVENTUAL BONUS CALATORIM CU CONSERVELE GALBENE CARE NICI MACAR NU AU GEAMURI CARE POT FI DESCHISE, IAR DACA AU SUNT PRINSE IN SURUBURI!

TONOMATE DE BILETE STRICATE SAU FARA HARTIE!

SA CONTINUI?",TONOMATE DE BILETE STRICATE SAU FARA HARTIE,negativ,0
39,"aspect: controlori. fragment: nu am fost lăsată să îmi achiziționez bilet și mi s-a scris amenda în nici 2 minute de la urcarea în tramvai. text: După ce că nu am fost lăsată să îmi achiziționez bilet și mi s-a scris amenda în nici 2 minute de la urcarea în tramvai, după 2 zile printr-un apel telefonic mi se comunică faptul că, defapt camerele din tramvai nici nu funcționau măcar și că ""am încercat să scanez codul QR în momentul în care am văzut că vine controlorul"", când în realitate defapt, mă chinuiam să îmi deschid aplicația și după ce am constatat că aceasta nici măcar nu se deschide (atenție, că nu se deschide, nu că nu mergea să scanez),am decis să-mi achiziționez biletul cu cardul. 
Ce să zic, foarte frumos a procedat domnul, mie mi-a spus un lucru și celor de la conducere altul, și bineînțeles că, camerele fiind nefuncționale, doar n-o să creadă un călător. 
Foarte frumos din partea dvs, ați dat dovadă de foarte mult profesionalism în acest caz. 
Personal, în momentul în care fac ceva și sunt acuzată, îmi asum acel lucru, dar în momentul în care sunt acuzată pe nedrept, nu-mi pot asuma ceea ce n-am făcut. Nu e vorba de suma de bani plătită,  ci de cum stau lucrurile și cum se procedează, de faptul ca acuzați oamenii pe nedrept. Este inadmisibil acest lucru!",controlori,"După ce că nu am fost lăsată să îmi achiziționez bilet și mi s-a scris amenda în nici 2 minute de la urcarea în tramvai, după 2 zile printr-un apel telefonic mi se comunică faptul că, defapt camerele din tramvai nici nu funcționau măcar și că ""am încercat să scanez codul QR în momentul în care am văzut că vine controlorul"", când în realitate defapt, mă chinuiam să îmi deschid aplicația și după ce am constatat că aceasta nici măcar nu se deschide (atenție, că nu se deschide, nu că nu mergea să scanez),am decis să-mi achiziționez biletul cu cardul. 
Ce să zic, foarte frumos a procedat domnul, mie mi-a spus un lucru și celor de la conducere altul, și bineînțeles că, camerele fiind nefuncționale, doar n-o să creadă un călător. 
Foarte frumos din partea dvs, ați dat dovadă de foarte mult profesionalism în acest caz. 
Personal, în momentul în care fac ceva și sunt acuzată, îmi asum acel lucru, dar în momentul în care sunt acuzată pe nedrept, nu-mi pot asuma ceea ce n-am făcut. Nu e vorba de suma de bani plătită,  ci de cum stau lucrurile și cum se procedează, de faptul ca acuzați oamenii pe nedrept. Este inadmisibil acest lucru!",nu am fost lăsată să îmi achiziționez bilet și mi s-a scris amenda în nici 2 minute de la urcarea în tramvai,negativ,0
39,"aspect: stare_vehicule. fragment: camerele din tramvai nici nu funcționau măcar. text: După ce că nu am fost lăsată să îmi achiziționez bilet și mi s-a scris amenda în nici 2 minute de la urcarea în tramvai, după 2 zile printr-un apel telefonic mi se comunică faptul că, defapt camerele din tramvai nici nu funcționau măcar și că ""am încercat să scanez codul QR în momentul în care am văzut că vine controlorul"", când în realitate defapt, mă chinuiam să îmi deschid aplicația și după ce am constatat că aceasta nici măcar nu se deschide (atenție, că nu se deschide, nu că nu mergea să scanez),am decis să-mi achiziționez biletul cu cardul. 
Ce să zic, foarte frumos a procedat domnul, mie mi-a spus un lucru și celor de la conducere altul, și bineînțeles că, camerele fiind nefuncționale, doar n-o să creadă un călător. 
Foarte frumos din partea dvs, ați dat dovadă de foarte mult profesionalism în acest caz. 
Personal, în momentul în care fac ceva și sunt acuzată, îmi asum acel lucru, dar în momentul în care sunt acuzată pe nedrept, nu-mi pot asuma ceea ce n-am făcut. Nu e vorba de suma de bani plătită,  ci de cum stau lucrurile și cum se procedează, de faptul ca acuzați oamenii pe nedrept. Este inadmisibil acest lucru!",stare_vehicule,"După ce că nu am fost lăsată să îmi achiziționez bilet și mi s-a scris amenda în nici 2 minute de la urcarea în tramvai, după 2 zile printr-un apel telefonic mi se comunică faptul că, defapt camerele din tramvai nici nu funcționau măcar și că ""am încercat să scanez codul QR în momentul în care am văzut că vine controlorul"", când în realitate defapt, mă chinuiam să îmi deschid aplicația și după ce am constatat că aceasta nici măcar nu se deschide (atenție, că nu se deschide, nu că nu mergea să scanez),am decis să-mi achiziționez biletul cu cardul. 
Ce să zic, foarte frumos a procedat domnul, mie mi-a spus un lucru și celor de la conducere altul, și bineînțeles că, camerele fiind nefuncționale, doar n-o să creadă un călător. 
Foarte frumos din partea dvs, ați dat dovadă de foarte mult profesionalism în acest caz. 
Personal, în momentul în care fac ceva și sunt acuzată, îmi asum acel lucru, dar în momentul în care sunt acuzată pe nedrept, nu-mi pot asuma ceea ce n-am făcut. Nu e vorba de suma de bani plătită,  ci de cum stau lucrurile și cum se procedează, de faptul ca acuzați oamenii pe nedrept. Este inadmisibil acest lucru!",camerele din tramvai nici nu funcționau măcar,negativ,0
39,"aspect: relatii_clienti. fragment: mie mi-a spus un lucru și celor de la conducere altul, acuzați oamenii pe nedrept. text: După ce că nu am fost lăsată să îmi achiziționez bilet și mi s-a scris amenda în nici 2 minute de la urcarea în tramvai, după 2 zile printr-un apel telefonic mi se comunică faptul că, defapt camerele din tramvai nici nu funcționau măcar și că ""am încercat să scanez codul QR în momentul în care am văzut că vine controlorul"", când în realitate defapt, mă chinuiam să îmi deschid aplicația și după ce am constatat că aceasta nici măcar nu se deschide (atenție, că nu se deschide, nu că nu mergea să scanez),am decis să-mi achiziționez biletul cu cardul. 
Ce să zic, foarte frumos a procedat domnul, mie mi-a spus un lucru și celor de la conducere altul, și bineînțeles că, camerele fiind nefuncționale, doar n-o să creadă un călător. 
Foarte frumos din partea dvs, ați dat dovadă de foarte mult profesionalism în acest caz. 
Personal, în momentul în care fac ceva și sunt acuzată, îmi asum acel lucru, dar în momentul în care sunt acuzată pe nedrept, nu-mi pot asuma ceea ce n-am făcut. Nu e vorba de suma de bani plătită,  ci de cum stau lucrurile și cum se procedează, de faptul ca acuzați oamenii pe nedrept. Este inadmisibil acest lucru!",relatii_clienti,"După ce că nu am fost lăsată să îmi achiziționez bilet și mi s-a scris amenda în nici 2 minute de la urcarea în tramvai, după 2 zile printr-un apel telefonic mi se comunică faptul că, defapt camerele din tramvai nici nu funcționau măcar și că ""am încercat să scanez codul QR în momentul în care am văzut că vine controlorul"", când în realitate defapt, mă chinuiam să îmi deschid aplicația și după ce am constatat că aceasta nici măcar nu se deschide (atenție, că nu se deschide, nu că nu mergea să scanez),am decis să-mi achiziționez biletul cu cardul. 
Ce să zic, foarte frumos a procedat domnul, mie mi-a spus un lucru și celor de la conducere altul, și bineînțeles că, camerele fiind nefuncționale, doar n-o să creadă un călător. 
Foarte frumos din partea dvs, ați dat dovadă de foarte mult profesionalism în acest caz. 
Personal, în momentul în care fac ceva și sunt acuzată, îmi asum acel lucru, dar în momentul în care sunt acuzată pe nedrept, nu-mi pot asuma ceea ce n-am făcut. Nu e vorba de suma de bani plătită,  ci de cum stau lucrurile și cum se procedează, de faptul ca acuzați oamenii pe nedrept. Este inadmisibil acest lucru!","mie mi-a spus un lucru și celor de la conducere altul, acuzați oamenii pe nedrept",negativ,0
40,aspect: acoperire_rute. fragment: cu pensionar din Iași nu mai pot circula cu autobuz 29 pina la blocuri Tomesti. text: dar am o nelămurire  cu pensionar din Iași nu mai pot circula cu autobuz 29 pina la blocuri Tomesti?,acoperire_rute,dar am o nelămurire  cu pensionar din Iași nu mai pot circula cu autobuz 29 pina la blocuri Tomesti?,cu pensionar din Iași nu mai pot circula cu autobuz 29 pina la blocuri Tomesti,negativ,0
42,"aspect: controlori. fragment: Te vad ca vrei sa iti iei bilet, si tot ele cu gura mare, incep sa comenteze, te tin de vorba, sa nu mai reusesti sa ti iei bilet. text: Cele mai proaste controloare in viata. Te vad ca  vrei sa iti iei bilet,si tot ele cu gura mare,incep sa comenteze,te tin de vorba,sa nu mai reusesti sa ti iei bilet.. De amenda pe care mi am luat o,ii urez dnei Captalan Alina un Craciun exact asa ca ea,urat si prost. Inclusiv si colegei ei.",controlori,"Cele mai proaste controloare in viata. Te vad ca  vrei sa iti iei bilet,si tot ele cu gura mare,incep sa comenteze,te tin de vorba,sa nu mai reusesti sa ti iei bilet.. De amenda pe care mi am luat o,ii urez dnei Captalan Alina un Craciun exact asa ca ea,urat si prost. Inclusiv si colegei ei.","Te vad ca vrei sa iti iei bilet, si tot ele cu gura mare, incep sa comenteze, te tin de vorba, sa nu mai reusesti sa ti iei bilet",negativ,0
43,aspect: relatii_clienti. fragment: Doamna de la bilete din rond Copou e foarte recalcitranta. Are grav nevoie de calmante. Trebuie sa fie puțin mai calma. text: Doamna de la bilete din rond Copou e foarte recalcitranta. Are grav nevoie de calmante. Trebuie sa fie puțin mai calma. Cu tot respectul doamna aveți nevoie de un concediu . O zi minunata și plină de bucurie va doresc,relatii_clienti,Doamna de la bilete din rond Copou e foarte recalcitranta. Are grav nevoie de calmante. Trebuie sa fie puțin mai calma. Cu tot respectul doamna aveți nevoie de un concediu . O zi minunata și plină de bucurie va doresc,Doamna de la bilete din rond Copou e foarte recalcitranta. Are grav nevoie de calmante. Trebuie sa fie puțin mai calma,negativ,0
44,aspect: stare_vehicule. fragment: La oleacă de pojghita deraiază toate. text: Ce cu tramvaiele alea. La oleacă de pojghita deraiază toate?,stare_vehicule,Ce cu tramvaiele alea. La oleacă de pojghita deraiază toate?,La oleacă de pojghita deraiază toate,negativ,0
45,"aspect: frecventa. fragment: am 40 de minute de când stau in statie sa aștept un autobuz 44, trec foarte rar. text: Jalnic... am 40 de minute de când stau in statie sa aștept un autobuz 44 ( din baza nautica ) trec foarte rar, pe aplicația lor de urmărire nu se potrivesc numerele autobuzelor . De exemplu mie îmi arată că vine un 27 și defapt era un 41.😡",frecventa,"Jalnic... am 40 de minute de când stau in statie sa aștept un autobuz 44 ( din baza nautica ) trec foarte rar, pe aplicația lor de urmărire nu se potrivesc numerele autobuzelor . De exemplu mie îmi arată că vine un 27 și defapt era un 41.😡","am 40 de minute de când stau in statie sa aștept un autobuz 44, trec foarte rar",negativ,0
45,"aspect: informare_calatori. fragment: pe aplicația lor de urmărire nu se potrivesc numerele autobuzelor, îmi arată că vine un 27 și defapt era un 41. text: Jalnic... am 40 de minute de când stau in statie sa aștept un autobuz 44 ( din baza nautica ) trec foarte rar, pe aplicația lor de urmărire nu se potrivesc numerele autobuzelor . De exemplu mie îmi arată că vine un 27 și defapt era un 41.😡",informare_calatori,"Jalnic... am 40 de minute de când stau in statie sa aștept un autobuz 44 ( din baza nautica ) trec foarte rar, pe aplicația lor de urmărire nu se potrivesc numerele autobuzelor . De exemplu mie îmi arată că vine un 27 și defapt era un 41.😡","pe aplicația lor de urmărire nu se potrivesc numerele autobuzelor, îmi arată că vine un 27 și defapt era un 41",negativ,0
46,"aspect: frecventa. fragment: 40 de minute de așteptare ptr un 28. text: Azi a fost o zi de coșmar- ploaie,frig și 40 de minute de așteptare ptr un 28 plin de oameni înfrigurați, nervoși, înghesuiți. 
Ați mai mărit și prețurile. Nesimțire și bătaie de joc.",frecventa,"Azi a fost o zi de coșmar- ploaie,frig și 40 de minute de așteptare ptr un 28 plin de oameni înfrigurați, nervoși, înghesuiți. 
Ați mai mărit și prețurile. Nesimțire și bătaie de joc.",40 de minute de așteptare ptr un 28,negativ,0
46,"aspect: aglomeratie. fragment: plin de oameni înfrigurați, nervoși, înghesuiți. text: Azi a fost o zi de coșmar- ploaie,frig și 40 de minute de așteptare ptr un 28 plin de oameni înfrigurați, nervoși, înghesuiți. 
Ați mai mărit și prețurile. Nesimțire și bătaie de joc.",aglomeratie,"Azi a fost o zi de coșmar- ploaie,frig și 40 de minute de așteptare ptr un 28 plin de oameni înfrigurați, nervoși, înghesuiți. 
Ați mai mărit și prețurile. Nesimțire și bătaie de joc.","plin de oameni înfrigurați, nervoși, înghesuiți",negativ,0
46,"aspect: pret. fragment: Ați mai mărit și prețurile. text: Azi a fost o zi de coșmar- ploaie,frig și 40 de minute de așteptare ptr un 28 plin de oameni înfrigurați, nervoși, înghesuiți. 
Ați mai mărit și prețurile. Nesimțire și bătaie de joc.",pret,"Azi a fost o zi de coșmar- ploaie,frig și 40 de minute de așteptare ptr un 28 plin de oameni înfrigurați, nervoși, înghesuiți. 
Ați mai mărit și prețurile. Nesimțire și bătaie de joc.",Ați mai mărit și prețurile,negativ,0
47,"aspect: stare_vehicule. fragment: tramvaie care strica, bagati toate vechiturle. text: De 2 zile blocaje in zona industriala....dimineata cand mergem la scoala si la servici.....tramvaie care strica.... bagati toate vechiturle...nu va pasa de noi....",stare_vehicule,De 2 zile blocaje in zona industriala....dimineata cand mergem la scoala si la servici.....tramvaie care strica.... bagati toate vechiturle...nu va pasa de noi....,"tramvaie care strica, bagati toate vechiturle",negativ,0
47,"aspect: organizare. fragment: De 2 zile blocaje in zona industriala, dimineata cand mergem la scoala si la servici. text: De 2 zile blocaje in zona industriala....dimineata cand mergem la scoala si la servici.....tramvaie care strica.... bagati toate vechiturle...nu va pasa de noi....",organizare,De 2 zile blocaje in zona industriala....dimineata cand mergem la scoala si la servici.....tramvaie care strica.... bagati toate vechiturle...nu va pasa de noi....,"De 2 zile blocaje in zona industriala, dimineata cand mergem la scoala si la servici",negativ,0
48,aspect: stare_vehicule. fragment: Cele mai speciale și frumose mijloace de transport public în comun noile tramvaie și autobuze electrice Solaris. text: Cele mai speciale și frumose mijloace de transport public în comun noile tramvaie și autobuze electrice Solaris ⭐️⭐️⭐️⭐️⭐️⭐️⭐️⭐️,stare_vehicule,Cele mai speciale și frumose mijloace de transport public în comun noile tramvaie și autobuze electrice Solaris ⭐️⭐️⭐️⭐️⭐️⭐️⭐️⭐️,Cele mai speciale și frumose mijloace de transport public în comun noile tramvaie și autobuze electrice Solaris,pozitiv,2
50,"aspect: aglomeratie. fragment: autobuze arhipline. text: Bătaie de joc, autobuze arhipline și timp de așteptare mult prea mare.",aglomeratie,"Bătaie de joc, autobuze arhipline și timp de așteptare mult prea mare.",autobuze arhipline,negativ,0
50,"aspect: frecventa. fragment: timp de așteptare mult prea mare. text: Bătaie de joc, autobuze arhipline și timp de așteptare mult prea mare.",frecventa,"Bătaie de joc, autobuze arhipline și timp de așteptare mult prea mare.",timp de așteptare mult prea mare,negativ,0
51,"aspect: soferi_vatmani. fragment: vatmanii stau la cafele. text: In capat Dacia, vatmanii stau la cafele si lumea asteapta un tramvai 11 sau 5 mai bine de 20 de minute!!!",soferi_vatmani,"In capat Dacia, vatmanii stau la cafele si lumea asteapta un tramvai 11 sau 5 mai bine de 20 de minute!!!",vatmanii stau la cafele,negativ,0
51,"aspect: frecventa. fragment: lumea asteapta un tramvai 11 sau 5 mai bine de 20 de minute. text: In capat Dacia, vatmanii stau la cafele si lumea asteapta un tramvai 11 sau 5 mai bine de 20 de minute!!!",frecventa,"In capat Dacia, vatmanii stau la cafele si lumea asteapta un tramvai 11 sau 5 mai bine de 20 de minute!!!",lumea asteapta un tramvai 11 sau 5 mai bine de 20 de minute,negativ,0
52,"aspect: punctualitate. fragment: Stau de 25 de minute și aștept un autobuz care pe panou zice că vine in 4 min. text: Mijloacele de transport circula greu, panourile afișează date eronate. Stau de 25 de minute și aștept un autobuz care pe panou zice că vine in 4 min.",punctualitate,"Mijloacele de transport circula greu, panourile afișează date eronate. Stau de 25 de minute și aștept un autobuz care pe panou zice că vine in 4 min.",Stau de 25 de minute și aștept un autobuz care pe panou zice că vine in 4 min,negativ,0
52,"aspect: informare_calatori. fragment: panourile afișează date eronate. text: Mijloacele de transport circula greu, panourile afișează date eronate. Stau de 25 de minute și aștept un autobuz care pe panou zice că vine in 4 min.",informare_calatori,"Mijloacele de transport circula greu, panourile afișează date eronate. Stau de 25 de minute și aștept un autobuz care pe panou zice că vine in 4 min.",panourile afișează date eronate,negativ,0
52,"aspect: stare_vehicule. fragment: Mijloacele de transport circula greu. text: Mijloacele de transport circula greu, panourile afișează date eronate. Stau de 25 de minute și aștept un autobuz care pe panou zice că vine in 4 min.",stare_vehicule,"Mijloacele de transport circula greu, panourile afișează date eronate. Stau de 25 de minute și aștept un autobuz care pe panou zice că vine in 4 min.",Mijloacele de transport circula greu,negativ,0
54,"aspect: frecventa. fragment: Stai ca fraiera in statie 50 de minute pentru un autobuz. text: EFECTIV O BATAIE DE JOC TRANSPORTUL VOSTRU IN COMUN! 
Stai ca fraiera in statie 50 de minute pentru un autobuz (nu indrazniti sa o aruncati pe aia cu ‘este trafic’ ca la 2 benzi cu 4 masini maxim circuland dinspre CUG spre Poitiers nu vad sa ai asa trafic) intarzii la munca, stai in frig si pentru ce ma rog? De altfel aveti pretentia sa platim abonament/bilet si nici aparatele nu merg tot timpul. Nu va mai lafaiti cu prezentarea autobuzelor, puneti-le in circulatie si mai efectuati controale la capat de linie ca soferii uita sa mai plece ca stau pe retele sociale! Ori faceti ceva in legatura cu aceste nereguli ori luam noi ca si calatori atitudine.",frecventa,"EFECTIV O BATAIE DE JOC TRANSPORTUL VOSTRU IN COMUN! 
Stai ca fraiera in statie 50 de minute pentru un autobuz (nu indrazniti sa o aruncati pe aia cu ‘este trafic’ ca la 2 benzi cu 4 masini maxim circuland dinspre CUG spre Poitiers nu vad sa ai asa trafic) intarzii la munca, stai in frig si pentru ce ma rog? De altfel aveti pretentia sa platim abonament/bilet si nici aparatele nu merg tot timpul. Nu va mai lafaiti cu prezentarea autobuzelor, puneti-le in circulatie si mai efectuati controale la capat de linie ca soferii uita sa mai plece ca stau pe retele sociale! Ori faceti ceva in legatura cu aceste nereguli ori luam noi ca si calatori atitudine.",Stai ca fraiera in statie 50 de minute pentru un autobuz,negativ,0
54,"aspect: validare_bilete. fragment: aveti pretentia sa platim abonament/bilet si nici aparatele nu merg tot timpul. text: EFECTIV O BATAIE DE JOC TRANSPORTUL VOSTRU IN COMUN! 
Stai ca fraiera in statie 50 de minute pentru un autobuz (nu indrazniti sa o aruncati pe aia cu ‘este trafic’ ca la 2 benzi cu 4 masini maxim circuland dinspre CUG spre Poitiers nu vad sa ai asa trafic) intarzii la munca, stai in frig si pentru ce ma rog? De altfel aveti pretentia sa platim abonament/bilet si nici aparatele nu merg tot timpul. Nu va mai lafaiti cu prezentarea autobuzelor, puneti-le in circulatie si mai efectuati controale la capat de linie ca soferii uita sa mai plece ca stau pe retele sociale! Ori faceti ceva in legatura cu aceste nereguli ori luam noi ca si calatori atitudine.",validare_bilete,"EFECTIV O BATAIE DE JOC TRANSPORTUL VOSTRU IN COMUN! 
Stai ca fraiera in statie 50 de minute pentru un autobuz (nu indrazniti sa o aruncati pe aia cu ‘este trafic’ ca la 2 benzi cu 4 masini maxim circuland dinspre CUG spre Poitiers nu vad sa ai asa trafic) intarzii la munca, stai in frig si pentru ce ma rog? De altfel aveti pretentia sa platim abonament/bilet si nici aparatele nu merg tot timpul. Nu va mai lafaiti cu prezentarea autobuzelor, puneti-le in circulatie si mai efectuati controale la capat de linie ca soferii uita sa mai plece ca stau pe retele sociale! Ori faceti ceva in legatura cu aceste nereguli ori luam noi ca si calatori atitudine.",aveti pretentia sa platim abonament/bilet si nici aparatele nu merg tot timpul,negativ,0
54,"aspect: soferi_vatmani. fragment: soferii uita sa mai plece ca stau pe retele sociale. text: EFECTIV O BATAIE DE JOC TRANSPORTUL VOSTRU IN COMUN! 
Stai ca fraiera in statie 50 de minute pentru un autobuz (nu indrazniti sa o aruncati pe aia cu ‘este trafic’ ca la 2 benzi cu 4 masini maxim circuland dinspre CUG spre Poitiers nu vad sa ai asa trafic) intarzii la munca, stai in frig si pentru ce ma rog? De altfel aveti pretentia sa platim abonament/bilet si nici aparatele nu merg tot timpul. Nu va mai lafaiti cu prezentarea autobuzelor, puneti-le in circulatie si mai efectuati controale la capat de linie ca soferii uita sa mai plece ca stau pe retele sociale! Ori faceti ceva in legatura cu aceste nereguli ori luam noi ca si calatori atitudine.",soferi_vatmani,"EFECTIV O BATAIE DE JOC TRANSPORTUL VOSTRU IN COMUN! 
Stai ca fraiera in statie 50 de minute pentru un autobuz (nu indrazniti sa o aruncati pe aia cu ‘este trafic’ ca la 2 benzi cu 4 masini maxim circuland dinspre CUG spre Poitiers nu vad sa ai asa trafic) intarzii la munca, stai in frig si pentru ce ma rog? De altfel aveti pretentia sa platim abonament/bilet si nici aparatele nu merg tot timpul. Nu va mai lafaiti cu prezentarea autobuzelor, puneti-le in circulatie si mai efectuati controale la capat de linie ca soferii uita sa mai plece ca stau pe retele sociale! Ori faceti ceva in legatura cu aceste nereguli ori luam noi ca si calatori atitudine.",soferii uita sa mai plece ca stau pe retele sociale,negativ,0
56,"aspect: validare_bilete. fragment: se pot cumpara bilete din mijlocul de transport, dacă funcționează aparatele alea. text: De ce nu sunt deschise casele de bilete in weekend? Aaaa…pentru ca se pot cumpara bilete din mijlocul de transport. Asta dacă funcționează aparatele alea. 
După ce ca aștepți o groaza in stație, te mai trezești si ca nu poți cumpara bilet. Dar amenda se da, ca doar cui ii pasa?",validare_bilete,"De ce nu sunt deschise casele de bilete in weekend? Aaaa…pentru ca se pot cumpara bilete din mijlocul de transport. Asta dacă funcționează aparatele alea. 
După ce ca aștepți o groaza in stație, te mai trezești si ca nu poți cumpara bilet. Dar amenda se da, ca doar cui ii pasa?","se pot cumpara bilete din mijlocul de transport, dacă funcționează aparatele alea",negativ,0
56,"aspect: frecventa. fragment: aștepți o groaza in stație. text: De ce nu sunt deschise casele de bilete in weekend? Aaaa…pentru ca se pot cumpara bilete din mijlocul de transport. Asta dacă funcționează aparatele alea. 
După ce ca aștepți o groaza in stație, te mai trezești si ca nu poți cumpara bilet. Dar amenda se da, ca doar cui ii pasa?",frecventa,"De ce nu sunt deschise casele de bilete in weekend? Aaaa…pentru ca se pot cumpara bilete din mijlocul de transport. Asta dacă funcționează aparatele alea. 
După ce ca aștepți o groaza in stație, te mai trezești si ca nu poți cumpara bilet. Dar amenda se da, ca doar cui ii pasa?",aștepți o groaza in stație,negativ,0
56,"aspect: controlori. fragment: amenda se da, ca doar cui ii pasa. text: De ce nu sunt deschise casele de bilete in weekend? Aaaa…pentru ca se pot cumpara bilete din mijlocul de transport. Asta dacă funcționează aparatele alea. 
După ce ca aștepți o groaza in stație, te mai trezești si ca nu poți cumpara bilet. Dar amenda se da, ca doar cui ii pasa?",controlori,"De ce nu sunt deschise casele de bilete in weekend? Aaaa…pentru ca se pot cumpara bilete din mijlocul de transport. Asta dacă funcționează aparatele alea. 
După ce ca aștepți o groaza in stație, te mai trezești si ca nu poți cumpara bilet. Dar amenda se da, ca doar cui ii pasa?","amenda se da, ca doar cui ii pasa",negativ,0
57,"aspect: controlori. fragment: Angajați ca controlori oameni care nu știu sa vorbească. Se comporta cu copii foarte urat, cu amenințări. text: Angajați ca controlori oameni care nu știu sa vorbească. 
Se comporta cu copii foarte urat,cu amenințări. 
Poate mai sunt și persoane ce vor sa se angajeze cu 12 clase promovate",controlori,"Angajați ca controlori oameni care nu știu sa vorbească. 
Se comporta cu copii foarte urat,cu amenințări. 
Poate mai sunt și persoane ce vor sa se angajeze cu 12 clase promovate","Angajați ca controlori oameni care nu știu sa vorbească. Se comporta cu copii foarte urat, cu amenințări",negativ,0
58,"aspect: frecventa. fragment: stai în stație 35 de minute. text: Se dorește sa se lase masina personala acasă și sa se circule mai mult cu mijlocul de transport în comun dar stai în stație 35 de minute
Nici în stație nu mai ai loc",frecventa,"Se dorește sa se lase masina personala acasă și sa se circule mai mult cu mijlocul de transport în comun dar stai în stație 35 de minute
Nici în stație nu mai ai loc",stai în stație 35 de minute,negativ,0
58,"aspect: infrastructura_statii. fragment: Nici în stație nu mai ai loc. text: Se dorește sa se lase masina personala acasă și sa se circule mai mult cu mijlocul de transport în comun dar stai în stație 35 de minute
Nici în stație nu mai ai loc",infrastructura_statii,"Se dorește sa se lase masina personala acasă și sa se circule mai mult cu mijlocul de transport în comun dar stai în stație 35 de minute
Nici în stație nu mai ai loc",Nici în stație nu mai ai loc,negativ,0
60,"aspect: validare_bilete. fragment: mi se composteze alte ore față de cele care erau, am compostat cu ora 17.5 deși era ora 19, a doua zi îmi compostează cu jumătate de oră în urmă. text: Am pățit de doua ori să mi se composteze   alte  ore față de cele care erau . Am urcat la gara într.un 36. în jurul orei 19 .5 și  am coborât în  Piața Unirii, imediat am urcat într-un tramvai spre Tătărași  au urcat doua doamne controlor  și când am arătat  biletul (cu încredere că este corectă ora) am avut marea surpriza să să văd că era compostat cu ora 17.5.. Am luat amendă...😠😤.
A doua zi urc într.un 20 ,cred..din Tătărași către Independenței și îmi compostează cu jumătate de oră în urmă. Nu e normal așa  ceva. 
Trimit  un mesaj firmei și mi se răspunde  ca nu se poate verifica și doamnele de la control au procedat  corect.😒🙄🙄🤯",validare_bilete,"Am pățit de doua ori să mi se composteze   alte  ore față de cele care erau . Am urcat la gara într.un 36. în jurul orei 19 .5 și  am coborât în  Piața Unirii, imediat am urcat într-un tramvai spre Tătărași  au urcat doua doamne controlor  și când am arătat  biletul (cu încredere că este corectă ora) am avut marea surpriza să să văd că era compostat cu ora 17.5.. Am luat amendă...😠😤.
A doua zi urc într.un 20 ,cred..din Tătărași către Independenței și îmi compostează cu jumătate de oră în urmă. Nu e normal așa  ceva. 
Trimit  un mesaj firmei și mi se răspunde  ca nu se poate verifica și doamnele de la control au procedat  corect.😒🙄🙄🤯","mi se composteze alte ore față de cele care erau, am compostat cu ora 17.5 deși era ora 19, a doua zi îmi compostează cu jumătate de oră în urmă",negativ,0
60,"aspect: controlori. fragment: doamnele de la control au procedat corect, nu se poate verifica. text: Am pățit de doua ori să mi se composteze   alte  ore față de cele care erau . Am urcat la gara într.un 36. în jurul orei 19 .5 și  am coborât în  Piața Unirii, imediat am urcat într-un tramvai spre Tătărași  au urcat doua doamne controlor  și când am arătat  biletul (cu încredere că este corectă ora) am avut marea surpriza să să văd că era compostat cu ora 17.5.. Am luat amendă...😠😤.
A doua zi urc într.un 20 ,cred..din Tătărași către Independenței și îmi compostează cu jumătate de oră în urmă. Nu e normal așa  ceva. 
Trimit  un mesaj firmei și mi se răspunde  ca nu se poate verifica și doamnele de la control au procedat  corect.😒🙄🙄🤯",controlori,"Am pățit de doua ori să mi se composteze   alte  ore față de cele care erau . Am urcat la gara într.un 36. în jurul orei 19 .5 și  am coborât în  Piața Unirii, imediat am urcat într-un tramvai spre Tătărași  au urcat doua doamne controlor  și când am arătat  biletul (cu încredere că este corectă ora) am avut marea surpriza să să văd că era compostat cu ora 17.5.. Am luat amendă...😠😤.
A doua zi urc într.un 20 ,cred..din Tătărași către Independenței și îmi compostează cu jumătate de oră în urmă. Nu e normal așa  ceva. 
Trimit  un mesaj firmei și mi se răspunde  ca nu se poate verifica și doamnele de la control au procedat  corect.😒🙄🙄🤯","doamnele de la control au procedat corect, nu se poate verifica",negativ,0
60,"aspect: relatii_clienti. fragment: trimit un mesaj firmei și mi se răspunde ca nu se poate verifica și doamnele de la control au procedat corect. text: Am pățit de doua ori să mi se composteze   alte  ore față de cele care erau . Am urcat la gara într.un 36. în jurul orei 19 .5 și  am coborât în  Piața Unirii, imediat am urcat într-un tramvai spre Tătărași  au urcat doua doamne controlor  și când am arătat  biletul (cu încredere că este corectă ora) am avut marea surpriza să să văd că era compostat cu ora 17.5.. Am luat amendă...😠😤.
A doua zi urc într.un 20 ,cred..din Tătărași către Independenței și îmi compostează cu jumătate de oră în urmă. Nu e normal așa  ceva. 
Trimit  un mesaj firmei și mi se răspunde  ca nu se poate verifica și doamnele de la control au procedat  corect.😒🙄🙄🤯",relatii_clienti,"Am pățit de doua ori să mi se composteze   alte  ore față de cele care erau . Am urcat la gara într.un 36. în jurul orei 19 .5 și  am coborât în  Piața Unirii, imediat am urcat într-un tramvai spre Tătărași  au urcat doua doamne controlor  și când am arătat  biletul (cu încredere că este corectă ora) am avut marea surpriza să să văd că era compostat cu ora 17.5.. Am luat amendă...😠😤.
A doua zi urc într.un 20 ,cred..din Tătărași către Independenței și îmi compostează cu jumătate de oră în urmă. Nu e normal așa  ceva. 
Trimit  un mesaj firmei și mi se răspunde  ca nu se poate verifica și doamnele de la control au procedat  corect.😒🙄🙄🤯",trimit un mesaj firmei și mi se răspunde ca nu se poate verifica și doamnele de la control au procedat corect,negativ,0
61,aspect: frecventa. fragment: aștept tramvaiul 7 în Baza 3 de 40 minute. text: Încă 2 minute și aștept tramvaiul 7 în Baza 3 de 40 minute. Felicitări!!!!,frecventa,Încă 2 minute și aștept tramvaiul 7 în Baza 3 de 40 minute. Felicitări!!!!,aștept tramvaiul 7 în Baza 3 de 40 minute,negativ,0
64,"aspect: validare_bilete. fragment: șoferii să schimbe ora la compostorul de bilete, am compostat azi la 10:35 și pe bilet era 7:35. text: de ce naiba nu au grijă șoferii să schimbe ora la compostorul de bilete? am compostat azi la 10:35 și pe bilet era 7:35",validare_bilete,de ce naiba nu au grijă șoferii să schimbe ora la compostorul de bilete? am compostat azi la 10:35 și pe bilet era 7:35,"șoferii să schimbe ora la compostorul de bilete, am compostat azi la 10:35 și pe bilet era 7:35",negativ,0
65,"aspect: informare_calatori. fragment: Ar trebui ca la capăt de linii sa se pună panouri de informare cu privire la plecarea autobuzelor sau tramvaielor. text: Ar trebui ca la capăt de linii sa se pună panouri de informare cu privire la placarea autobuzelor sau tramvaielor.  E  foarte neplăcut sa te urci într-un mijloc de transport și sa constați ca pleacă altul înainte, care poate a venit după ce te-ai urcat deja(și poate ai și compostat).
E MULT LOC DE ÎMBUNĂTĂȚIRI din toate punctele de vedere.",informare_calatori,"Ar trebui ca la capăt de linii sa se pună panouri de informare cu privire la placarea autobuzelor sau tramvaielor.  E  foarte neplăcut sa te urci într-un mijloc de transport și sa constați ca pleacă altul înainte, care poate a venit după ce te-ai urcat deja(și poate ai și compostat).
E MULT LOC DE ÎMBUNĂTĂȚIRI din toate punctele de vedere.",Ar trebui ca la capăt de linii sa se pună panouri de informare cu privire la plecarea autobuzelor sau tramvaielor,negativ,0
65,"aspect: organizare. fragment: te urci într-un mijloc de transport și sa constați ca pleacă altul înainte, care poate a venit după ce te-ai urcat deja. text: Ar trebui ca la capăt de linii sa se pună panouri de informare cu privire la placarea autobuzelor sau tramvaielor.  E  foarte neplăcut sa te urci într-un mijloc de transport și sa constați ca pleacă altul înainte, care poate a venit după ce te-ai urcat deja(și poate ai și compostat).
E MULT LOC DE ÎMBUNĂTĂȚIRI din toate punctele de vedere.",organizare,"Ar trebui ca la capăt de linii sa se pună panouri de informare cu privire la placarea autobuzelor sau tramvaielor.  E  foarte neplăcut sa te urci într-un mijloc de transport și sa constați ca pleacă altul înainte, care poate a venit după ce te-ai urcat deja(și poate ai și compostat).
E MULT LOC DE ÎMBUNĂTĂȚIRI din toate punctele de vedere.","te urci într-un mijloc de transport și sa constați ca pleacă altul înainte, care poate a venit după ce te-ai urcat deja",negativ,0
68,"aspect: frecventa. fragment: stai în stație 25 minute, la ora 7 dimineața, la -15 grade sa vina un amarat de tramvai. text: Sunteți mizerabili,sunteți o rușine pentru orașul Iași, cum e posibil sa stai în stație(stație Flora), 25 minute, la ora 7 dimineața, la - 15 grade sa vina un amarat de tramvai care și ala plin de oameni! Sunteți încă o data MIZERABILI!",frecventa,"Sunteți mizerabili,sunteți o rușine pentru orașul Iași, cum e posibil sa stai în stație(stație Flora), 25 minute, la ora 7 dimineața, la - 15 grade sa vina un amarat de tramvai care și ala plin de oameni! Sunteți încă o data MIZERABILI!","stai în stație 25 minute, la ora 7 dimineața, la -15 grade sa vina un amarat de tramvai",negativ,0
68,"aspect: aglomeratie. fragment: care și ala plin de oameni. text: Sunteți mizerabili,sunteți o rușine pentru orașul Iași, cum e posibil sa stai în stație(stație Flora), 25 minute, la ora 7 dimineața, la - 15 grade sa vina un amarat de tramvai care și ala plin de oameni! Sunteți încă o data MIZERABILI!",aglomeratie,"Sunteți mizerabili,sunteți o rușine pentru orașul Iași, cum e posibil sa stai în stație(stație Flora), 25 minute, la ora 7 dimineața, la - 15 grade sa vina un amarat de tramvai care și ala plin de oameni! Sunteți încă o data MIZERABILI!",care și ala plin de oameni,negativ,0
68,"aspect: confort_termic. fragment: la -15 grade sa vina un amarat de tramvai. text: Sunteți mizerabili,sunteți o rușine pentru orașul Iași, cum e posibil sa stai în stație(stație Flora), 25 minute, la ora 7 dimineața, la - 15 grade sa vina un amarat de tramvai care și ala plin de oameni! Sunteți încă o data MIZERABILI!",confort_termic,"Sunteți mizerabili,sunteți o rușine pentru orașul Iași, cum e posibil sa stai în stație(stație Flora), 25 minute, la ora 7 dimineața, la - 15 grade sa vina un amarat de tramvai care și ala plin de oameni! Sunteți încă o data MIZERABILI!",la -15 grade sa vina un amarat de tramvai,negativ,0
69,"aspect: frecventa. fragment: Tramvaiele circula la intervale foarte mari de timp, am stat după tramvaiul 13, 40 de minute. text: Tramvaiele circula la intervale foarte mari de timp.
Astăzi am stat după tramvaiul 13, 40 de minute, apoi am fost nevoit sa iau un taxi pentru ca întârziam la serviciu. Și nu este prima data.",frecventa,"Tramvaiele circula la intervale foarte mari de timp.
Astăzi am stat după tramvaiul 13, 40 de minute, apoi am fost nevoit sa iau un taxi pentru ca întârziam la serviciu. Și nu este prima data.","Tramvaiele circula la intervale foarte mari de timp, am stat după tramvaiul 13, 40 de minute",negativ,0
69,"aspect: punctualitate. fragment: am fost nevoit sa iau un taxi pentru ca întârziam la serviciu. text: Tramvaiele circula la intervale foarte mari de timp.
Astăzi am stat după tramvaiul 13, 40 de minute, apoi am fost nevoit sa iau un taxi pentru ca întârziam la serviciu. Și nu este prima data.",punctualitate,"Tramvaiele circula la intervale foarte mari de timp.
Astăzi am stat după tramvaiul 13, 40 de minute, apoi am fost nevoit sa iau un taxi pentru ca întârziam la serviciu. Și nu este prima data.",am fost nevoit sa iau un taxi pentru ca întârziam la serviciu,negativ,0
70,"aspect: stare_vehicule. fragment: am mers cu noul tramvai Pesa. text: Transport urban modern și curat... azi am mers cu noul tramvai Pesa.. toate bune și frumoase, dar cind sa plătesc bilet.. surpriza nu au automat pentru plata cu cardul..",stare_vehicule,"Transport urban modern și curat... azi am mers cu noul tramvai Pesa.. toate bune și frumoase, dar cind sa plătesc bilet.. surpriza nu au automat pentru plata cu cardul..",am mers cu noul tramvai Pesa,pozitiv,2
70,"aspect: validare_bilete. fragment: cind sa plătesc bilet, surpriza nu au automat pentru plata cu cardul. text: Transport urban modern și curat... azi am mers cu noul tramvai Pesa.. toate bune și frumoase, dar cind sa plătesc bilet.. surpriza nu au automat pentru plata cu cardul..",validare_bilete,"Transport urban modern și curat... azi am mers cu noul tramvai Pesa.. toate bune și frumoase, dar cind sa plătesc bilet.. surpriza nu au automat pentru plata cu cardul..","cind sa plătesc bilet, surpriza nu au automat pentru plata cu cardul",negativ,0
71,"aspect: soferi_vatmani. fragment: Felicitări șoferului de pe 1081, pt evitarea bizonului cu numere de Bulgaria. A evitat o tragedie. text: Felicitări șoferului de pe 1081, pt evitarea bizonului cu numere de Bulgaria. A evitat o tragedie în fata la Palat",soferi_vatmani,"Felicitări șoferului de pe 1081, pt evitarea bizonului cu numere de Bulgaria. A evitat o tragedie în fata la Palat","Felicitări șoferului de pe 1081, pt evitarea bizonului cu numere de Bulgaria. A evitat o tragedie",pozitiv,2
72,"aspect: controlori. fragment: m-a amendat de îndată ce autobuzul a pornit din loc, și mi-a blocat accesul la POS, se creează senzația că persoanele au de îndeplinit o normă de amenzi cu orice preț. text: Mai mult de un an circul cu transportul public în Iași și îmi părea ok. Dar azi (24/11, ora 9:30) am avut un incident neplăcut pe linia 23 cu controlorul 11494, care m-a amendat de îndată ce autobuzul (Nr. 1918) a pornit din loc, și mi-a blocat accesul la POS. Consider acest fapt o depășire a atribuțiilor și lipsă de omenie. Se creează senzația că persoanele au de îndeplinit o ”normă” de amenzi cu orice preț. De râsul câinilor...

Update.
Odată cu această postare am scris și un mesaj cu același conținut pe pagina web a CTP Iași.
Abia o lună mai târziu am fost contactat doar ca să mi se spună că e cuvântul meu împotriva controlorului. La întrebarea mea dacă a verificat înregistrările video, mi s-a spus că nu. Pentru a afla care e scopul apelului, am întrebat: ""mă sunați doar să-mi spuneți că ați procesat plângerea și dacă doresc ceva mai mult, trebuie să mă adresez în instanță"" și a zis da.
Lipsă totală de autosesizare. Atât timp cât CTP Iași e orientată pe controlori ce au de realizat planuri, nu prea au să fie schimbări.
PS: în schimb, cel ce a apelat a spus că a vorbit cu controlorul care i-a explicat situația și i-a dat dreptate. 🙃",controlori,"Mai mult de un an circul cu transportul public în Iași și îmi părea ok. Dar azi (24/11, ora 9:30) am avut un incident neplăcut pe linia 23 cu controlorul 11494, care m-a amendat de îndată ce autobuzul (Nr. 1918) a pornit din loc, și mi-a blocat accesul la POS. Consider acest fapt o depășire a atribuțiilor și lipsă de omenie. Se creează senzația că persoanele au de îndeplinit o ”normă” de amenzi cu orice preț. De râsul câinilor...

Update.
Odată cu această postare am scris și un mesaj cu același conținut pe pagina web a CTP Iași.
Abia o lună mai târziu am fost contactat doar ca să mi se spună că e cuvântul meu împotriva controlorului. La întrebarea mea dacă a verificat înregistrările video, mi s-a spus că nu. Pentru a afla care e scopul apelului, am întrebat: ""mă sunați doar să-mi spuneți că ați procesat plângerea și dacă doresc ceva mai mult, trebuie să mă adresez în instanță"" și a zis da.
Lipsă totală de autosesizare. Atât timp cât CTP Iași e orientată pe controlori ce au de realizat planuri, nu prea au să fie schimbări.
PS: în schimb, cel ce a apelat a spus că a vorbit cu controlorul care i-a explicat situația și i-a dat dreptate. 🙃","m-a amendat de îndată ce autobuzul a pornit din loc, și mi-a blocat accesul la POS, se creează senzația că persoanele au de îndeplinit o normă de amenzi cu orice preț",negativ,0
72,"aspect: relatii_clienti. fragment: abia o lună mai târziu am fost contactat doar ca să mi se spună că e cuvântul meu împotriva controlorului, la întrebarea mea dacă a verificat înregistrările video, mi s-a spus că nu. text: Mai mult de un an circul cu transportul public în Iași și îmi părea ok. Dar azi (24/11, ora 9:30) am avut un incident neplăcut pe linia 23 cu controlorul 11494, care m-a amendat de îndată ce autobuzul (Nr. 1918) a pornit din loc, și mi-a blocat accesul la POS. Consider acest fapt o depășire a atribuțiilor și lipsă de omenie. Se creează senzația că persoanele au de îndeplinit o ”normă” de amenzi cu orice preț. De râsul câinilor...

Update.
Odată cu această postare am scris și un mesaj cu același conținut pe pagina web a CTP Iași.
Abia o lună mai târziu am fost contactat doar ca să mi se spună că e cuvântul meu împotriva controlorului. La întrebarea mea dacă a verificat înregistrările video, mi s-a spus că nu. Pentru a afla care e scopul apelului, am întrebat: ""mă sunați doar să-mi spuneți că ați procesat plângerea și dacă doresc ceva mai mult, trebuie să mă adresez în instanță"" și a zis da.
Lipsă totală de autosesizare. Atât timp cât CTP Iași e orientată pe controlori ce au de realizat planuri, nu prea au să fie schimbări.
PS: în schimb, cel ce a apelat a spus că a vorbit cu controlorul care i-a explicat situația și i-a dat dreptate. 🙃",relatii_clienti,"Mai mult de un an circul cu transportul public în Iași și îmi părea ok. Dar azi (24/11, ora 9:30) am avut un incident neplăcut pe linia 23 cu controlorul 11494, care m-a amendat de îndată ce autobuzul (Nr. 1918) a pornit din loc, și mi-a blocat accesul la POS. Consider acest fapt o depășire a atribuțiilor și lipsă de omenie. Se creează senzația că persoanele au de îndeplinit o ”normă” de amenzi cu orice preț. De râsul câinilor...

Update.
Odată cu această postare am scris și un mesaj cu același conținut pe pagina web a CTP Iași.
Abia o lună mai târziu am fost contactat doar ca să mi se spună că e cuvântul meu împotriva controlorului. La întrebarea mea dacă a verificat înregistrările video, mi s-a spus că nu. Pentru a afla care e scopul apelului, am întrebat: ""mă sunați doar să-mi spuneți că ați procesat plângerea și dacă doresc ceva mai mult, trebuie să mă adresez în instanță"" și a zis da.
Lipsă totală de autosesizare. Atât timp cât CTP Iași e orientată pe controlori ce au de realizat planuri, nu prea au să fie schimbări.
PS: în schimb, cel ce a apelat a spus că a vorbit cu controlorul care i-a explicat situația și i-a dat dreptate. 🙃","abia o lună mai târziu am fost contactat doar ca să mi se spună că e cuvântul meu împotriva controlorului, la întrebarea mea dacă a verificat înregistrările video, mi s-a spus că nu",negativ,0
73,aspect: soferi_vatmani. fragment: șoferi nesimțiți care nu opresc în fiecare stație. text: Cea mai proasta companie de transport persoane din România motive șoferi nesimțiți care nu opresc în fiecare stație  JEG în autobuze  curatenia lasa de dorit controlori care miroase de la o posta a băutură și se cred mari zmei vorbind la modul serios angajează orce...cocalar..Cu 8 clase tot neamuri intre ei acolo și mai nou le tai din salariu dacă nu își fac norma intro...luna au cote fixe câți trebuie sa prindă pe zi îi vezi dimineață până la 12 ..1 și după gata cu ei ...Și tupeu pe ei cheamă politia locala la intimidare drag doamne tot așa și aia mana în mana cu ei doar își iau și ei cota de la ctp iași trebuie sa mai aducă și ei ceva la bugetul local nu au Cum sa justifice salariu dacă nu au activitate așa ca dacă vrei sa mergi cu travaliul sau autobuzul cumpăra un bilet 2.5 lei și dale frate muflex la jeguri ăsta care își bat joc de oameni civilizați din iasi😊🤗🤗😍și apropo se întoarce odată roata și pt ei ce se cred controlori zmei când sunt la munca da săi vezi ce morcov au în fund când merg acasă singuri 😆😅😄😄😄😀😁😁😂😂😂,soferi_vatmani,Cea mai proasta companie de transport persoane din România motive șoferi nesimțiți care nu opresc în fiecare stație  JEG în autobuze  curatenia lasa de dorit controlori care miroase de la o posta a băutură și se cred mari zmei vorbind la modul serios angajează orce...cocalar..Cu 8 clase tot neamuri intre ei acolo și mai nou le tai din salariu dacă nu își fac norma intro...luna au cote fixe câți trebuie sa prindă pe zi îi vezi dimineață până la 12 ..1 și după gata cu ei ...Și tupeu pe ei cheamă politia locala la intimidare drag doamne tot așa și aia mana în mana cu ei doar își iau și ei cota de la ctp iași trebuie sa mai aducă și ei ceva la bugetul local nu au Cum sa justifice salariu dacă nu au activitate așa ca dacă vrei sa mergi cu travaliul sau autobuzul cumpăra un bilet 2.5 lei și dale frate muflex la jeguri ăsta care își bat joc de oameni civilizați din iasi😊🤗🤗😍și apropo se întoarce odată roata și pt ei ce se cred controlori zmei când sunt la munca da săi vezi ce morcov au în fund când merg acasă singuri 😆😅😄😄😄😀😁😁😂😂😂,șoferi nesimțiți care nu opresc în fiecare stație,negativ,0
73,"aspect: curatenie. fragment: JEG în autobuze, curatenia lasa de dorit. text: Cea mai proasta companie de transport persoane din România motive șoferi nesimțiți care nu opresc în fiecare stație  JEG în autobuze  curatenia lasa de dorit controlori care miroase de la o posta a băutură și se cred mari zmei vorbind la modul serios angajează orce...cocalar..Cu 8 clase tot neamuri intre ei acolo și mai nou le tai din salariu dacă nu își fac norma intro...luna au cote fixe câți trebuie sa prindă pe zi îi vezi dimineață până la 12 ..1 și după gata cu ei ...Și tupeu pe ei cheamă politia locala la intimidare drag doamne tot așa și aia mana în mana cu ei doar își iau și ei cota de la ctp iași trebuie sa mai aducă și ei ceva la bugetul local nu au Cum sa justifice salariu dacă nu au activitate așa ca dacă vrei sa mergi cu travaliul sau autobuzul cumpăra un bilet 2.5 lei și dale frate muflex la jeguri ăsta care își bat joc de oameni civilizați din iasi😊🤗🤗😍și apropo se întoarce odată roata și pt ei ce se cred controlori zmei când sunt la munca da săi vezi ce morcov au în fund când merg acasă singuri 😆😅😄😄😄😀😁😁😂😂😂",curatenie,Cea mai proasta companie de transport persoane din România motive șoferi nesimțiți care nu opresc în fiecare stație  JEG în autobuze  curatenia lasa de dorit controlori care miroase de la o posta a băutură și se cred mari zmei vorbind la modul serios angajează orce...cocalar..Cu 8 clase tot neamuri intre ei acolo și mai nou le tai din salariu dacă nu își fac norma intro...luna au cote fixe câți trebuie sa prindă pe zi îi vezi dimineață până la 12 ..1 și după gata cu ei ...Și tupeu pe ei cheamă politia locala la intimidare drag doamne tot așa și aia mana în mana cu ei doar își iau și ei cota de la ctp iași trebuie sa mai aducă și ei ceva la bugetul local nu au Cum sa justifice salariu dacă nu au activitate așa ca dacă vrei sa mergi cu travaliul sau autobuzul cumpăra un bilet 2.5 lei și dale frate muflex la jeguri ăsta care își bat joc de oameni civilizați din iasi😊🤗🤗😍și apropo se întoarce odată roata și pt ei ce se cred controlori zmei când sunt la munca da săi vezi ce morcov au în fund când merg acasă singuri 😆😅😄😄😄😀😁😁😂😂😂,"JEG în autobuze, curatenia lasa de dorit",negativ,0
73,"aspect: controlori. fragment: controlori care miroase de la o posta a băutură și se cred mari zmei, au cote fixe câți trebuie sa prindă pe zi. text: Cea mai proasta companie de transport persoane din România motive șoferi nesimțiți care nu opresc în fiecare stație  JEG în autobuze  curatenia lasa de dorit controlori care miroase de la o posta a băutură și se cred mari zmei vorbind la modul serios angajează orce...cocalar..Cu 8 clase tot neamuri intre ei acolo și mai nou le tai din salariu dacă nu își fac norma intro...luna au cote fixe câți trebuie sa prindă pe zi îi vezi dimineață până la 12 ..1 și după gata cu ei ...Și tupeu pe ei cheamă politia locala la intimidare drag doamne tot așa și aia mana în mana cu ei doar își iau și ei cota de la ctp iași trebuie sa mai aducă și ei ceva la bugetul local nu au Cum sa justifice salariu dacă nu au activitate așa ca dacă vrei sa mergi cu travaliul sau autobuzul cumpăra un bilet 2.5 lei și dale frate muflex la jeguri ăsta care își bat joc de oameni civilizați din iasi😊🤗🤗😍și apropo se întoarce odată roata și pt ei ce se cred controlori zmei când sunt la munca da săi vezi ce morcov au în fund când merg acasă singuri 😆😅😄😄😄😀😁😁😂😂😂",controlori,Cea mai proasta companie de transport persoane din România motive șoferi nesimțiți care nu opresc în fiecare stație  JEG în autobuze  curatenia lasa de dorit controlori care miroase de la o posta a băutură și se cred mari zmei vorbind la modul serios angajează orce...cocalar..Cu 8 clase tot neamuri intre ei acolo și mai nou le tai din salariu dacă nu își fac norma intro...luna au cote fixe câți trebuie sa prindă pe zi îi vezi dimineață până la 12 ..1 și după gata cu ei ...Și tupeu pe ei cheamă politia locala la intimidare drag doamne tot așa și aia mana în mana cu ei doar își iau și ei cota de la ctp iași trebuie sa mai aducă și ei ceva la bugetul local nu au Cum sa justifice salariu dacă nu au activitate așa ca dacă vrei sa mergi cu travaliul sau autobuzul cumpăra un bilet 2.5 lei și dale frate muflex la jeguri ăsta care își bat joc de oameni civilizați din iasi😊🤗🤗😍și apropo se întoarce odată roata și pt ei ce se cred controlori zmei când sunt la munca da săi vezi ce morcov au în fund când merg acasă singuri 😆😅😄😄😄😀😁😁😂😂😂,"controlori care miroase de la o posta a băutură și se cred mari zmei, au cote fixe câți trebuie sa prindă pe zi",negativ,0
74,"aspect: controlori. fragment: tipul care blocheaza zona de platit cu cardul e controlul și cum ma vede ca tot caut bilet ma ia direct la intrebari, gasesc biletul dar zice ca e prea tarziu, imi da amenda si imi mai ia si biletul. text: ->Urc in autobuz. 
->Zic ca platesc cu cardul dar il blocheaza cineva, nu-i nimic caut biletul. 
->Nici nu pleaca bine autobuzl, tipul care blocheaza zona de platit cu cardul e controlul si cum ma vede ca tot caut bilet ma ia direct la intrebari.
->Gasesc biletul dar zice ca e prea tarziu.
-> Imi da amenda si imi mai ia si biletul. 
->De ce am mai luat bilet nici nu stiu
->Sa ma ia dracu daca va mai folosesc servicile",controlori,"->Urc in autobuz. 
->Zic ca platesc cu cardul dar il blocheaza cineva, nu-i nimic caut biletul. 
->Nici nu pleaca bine autobuzl, tipul care blocheaza zona de platit cu cardul e controlul si cum ma vede ca tot caut bilet ma ia direct la intrebari.
->Gasesc biletul dar zice ca e prea tarziu.
-> Imi da amenda si imi mai ia si biletul. 
->De ce am mai luat bilet nici nu stiu
->Sa ma ia dracu daca va mai folosesc servicile","tipul care blocheaza zona de platit cu cardul e controlul și cum ma vede ca tot caut bilet ma ia direct la intrebari, gasesc biletul dar zice ca e prea tarziu, imi da amenda si imi mai ia si biletul",negativ,0
75,"aspect: stare_vehicule. fragment: ragalie de autobuz de abia urca pasarela la cat de plin e, mașini mizere. text: Vrei sa ajungi la munca? Teapa, a batut putin vantu si au cazut liniile de tramvai.
Vrei sa mergi la facultate? Teapa, linia unica e facuta mai mult pentru taxiuri pe Nicolina. Stai 30m pentru o ragalie de autobuz de abia urca pasarela la cat de plin e.

In plina pandemie imparti jumatate de metru patrat cu inca 5 oameni, nu poti cobora pentru ca in alea 30 sec de sta șoferul grăbit in statie trebuie sa treci de 30 de oameni.

Șoferii nu mai spun, am dat de prea mulți marlani care se cred zmei. Șicanează, pun niște frâne ca mna, și ele tre testate ocazional, se uita în ochii tai cand fugi dupa ragalia lor de vine intr o luna albastra.

In loc sa dai banii pe un abonament faci un credit la o bicicleta, iti lipești un 9 sau 41 in frunte si i dai pe unica, ca și asa e libera. 

Este o bătaie de joc. Sunt oameni care depind de transportul în comun ca sa ajungă la serviciu, scoala, spital, etc. De cand a fost mereu CTP a fost o bătaie de joc. De la mașini mizere la angajați grabiti sa prindă cafeluta de la rond.

Recomand o pereche bună de adidasi, sau bocanci ca atunci când ploua e și mai grav, și sa ii dai la pas ca ajungi mai repede.",stare_vehicule,"Vrei sa ajungi la munca? Teapa, a batut putin vantu si au cazut liniile de tramvai.
Vrei sa mergi la facultate? Teapa, linia unica e facuta mai mult pentru taxiuri pe Nicolina. Stai 30m pentru o ragalie de autobuz de abia urca pasarela la cat de plin e.

In plina pandemie imparti jumatate de metru patrat cu inca 5 oameni, nu poti cobora pentru ca in alea 30 sec de sta șoferul grăbit in statie trebuie sa treci de 30 de oameni.

Șoferii nu mai spun, am dat de prea mulți marlani care se cred zmei. Șicanează, pun niște frâne ca mna, și ele tre testate ocazional, se uita în ochii tai cand fugi dupa ragalia lor de vine intr o luna albastra.

In loc sa dai banii pe un abonament faci un credit la o bicicleta, iti lipești un 9 sau 41 in frunte si i dai pe unica, ca și asa e libera. 

Este o bătaie de joc. Sunt oameni care depind de transportul în comun ca sa ajungă la serviciu, scoala, spital, etc. De cand a fost mereu CTP a fost o bătaie de joc. De la mașini mizere la angajați grabiti sa prindă cafeluta de la rond.

Recomand o pereche bună de adidasi, sau bocanci ca atunci când ploua e și mai grav, și sa ii dai la pas ca ajungi mai repede.","ragalie de autobuz de abia urca pasarela la cat de plin e, mașini mizere",negativ,0
75,"aspect: aglomeratie. fragment: stai 30m pentru o ragalie de autobuz de abia urca pasarela la cat de plin e, în plina pandemie imparti jumatate de metru patrat cu inca 5 oameni. text: Vrei sa ajungi la munca? Teapa, a batut putin vantu si au cazut liniile de tramvai.
Vrei sa mergi la facultate? Teapa, linia unica e facuta mai mult pentru taxiuri pe Nicolina. Stai 30m pentru o ragalie de autobuz de abia urca pasarela la cat de plin e.

In plina pandemie imparti jumatate de metru patrat cu inca 5 oameni, nu poti cobora pentru ca in alea 30 sec de sta șoferul grăbit in statie trebuie sa treci de 30 de oameni.

Șoferii nu mai spun, am dat de prea mulți marlani care se cred zmei. Șicanează, pun niște frâne ca mna, și ele tre testate ocazional, se uita în ochii tai cand fugi dupa ragalia lor de vine intr o luna albastra.

In loc sa dai banii pe un abonament faci un credit la o bicicleta, iti lipești un 9 sau 41 in frunte si i dai pe unica, ca și asa e libera. 

Este o bătaie de joc. Sunt oameni care depind de transportul în comun ca sa ajungă la serviciu, scoala, spital, etc. De cand a fost mereu CTP a fost o bătaie de joc. De la mașini mizere la angajați grabiti sa prindă cafeluta de la rond.

Recomand o pereche bună de adidasi, sau bocanci ca atunci când ploua e și mai grav, și sa ii dai la pas ca ajungi mai repede.",aglomeratie,"Vrei sa ajungi la munca? Teapa, a batut putin vantu si au cazut liniile de tramvai.
Vrei sa mergi la facultate? Teapa, linia unica e facuta mai mult pentru taxiuri pe Nicolina. Stai 30m pentru o ragalie de autobuz de abia urca pasarela la cat de plin e.

In plina pandemie imparti jumatate de metru patrat cu inca 5 oameni, nu poti cobora pentru ca in alea 30 sec de sta șoferul grăbit in statie trebuie sa treci de 30 de oameni.

Șoferii nu mai spun, am dat de prea mulți marlani care se cred zmei. Șicanează, pun niște frâne ca mna, și ele tre testate ocazional, se uita în ochii tai cand fugi dupa ragalia lor de vine intr o luna albastra.

In loc sa dai banii pe un abonament faci un credit la o bicicleta, iti lipești un 9 sau 41 in frunte si i dai pe unica, ca și asa e libera. 

Este o bătaie de joc. Sunt oameni care depind de transportul în comun ca sa ajungă la serviciu, scoala, spital, etc. De cand a fost mereu CTP a fost o bătaie de joc. De la mașini mizere la angajați grabiti sa prindă cafeluta de la rond.

Recomand o pereche bună de adidasi, sau bocanci ca atunci când ploua e și mai grav, și sa ii dai la pas ca ajungi mai repede.","stai 30m pentru o ragalie de autobuz de abia urca pasarela la cat de plin e, în plina pandemie imparti jumatate de metru patrat cu inca 5 oameni",negativ,0
75,"aspect: soferi_vatmani. fragment: am dat de prea mulți marlani care se cred zmei, șicanează, pun niște frâne ca mna, se uita în ochii tai cand fugi dupa ragalia lor. text: Vrei sa ajungi la munca? Teapa, a batut putin vantu si au cazut liniile de tramvai.
Vrei sa mergi la facultate? Teapa, linia unica e facuta mai mult pentru taxiuri pe Nicolina. Stai 30m pentru o ragalie de autobuz de abia urca pasarela la cat de plin e.

In plina pandemie imparti jumatate de metru patrat cu inca 5 oameni, nu poti cobora pentru ca in alea 30 sec de sta șoferul grăbit in statie trebuie sa treci de 30 de oameni.

Șoferii nu mai spun, am dat de prea mulți marlani care se cred zmei. Șicanează, pun niște frâne ca mna, și ele tre testate ocazional, se uita în ochii tai cand fugi dupa ragalia lor de vine intr o luna albastra.

In loc sa dai banii pe un abonament faci un credit la o bicicleta, iti lipești un 9 sau 41 in frunte si i dai pe unica, ca și asa e libera. 

Este o bătaie de joc. Sunt oameni care depind de transportul în comun ca sa ajungă la serviciu, scoala, spital, etc. De cand a fost mereu CTP a fost o bătaie de joc. De la mașini mizere la angajați grabiti sa prindă cafeluta de la rond.

Recomand o pereche bună de adidasi, sau bocanci ca atunci când ploua e și mai grav, și sa ii dai la pas ca ajungi mai repede.",soferi_vatmani,"Vrei sa ajungi la munca? Teapa, a batut putin vantu si au cazut liniile de tramvai.
Vrei sa mergi la facultate? Teapa, linia unica e facuta mai mult pentru taxiuri pe Nicolina. Stai 30m pentru o ragalie de autobuz de abia urca pasarela la cat de plin e.

In plina pandemie imparti jumatate de metru patrat cu inca 5 oameni, nu poti cobora pentru ca in alea 30 sec de sta șoferul grăbit in statie trebuie sa treci de 30 de oameni.

Șoferii nu mai spun, am dat de prea mulți marlani care se cred zmei. Șicanează, pun niște frâne ca mna, și ele tre testate ocazional, se uita în ochii tai cand fugi dupa ragalia lor de vine intr o luna albastra.

In loc sa dai banii pe un abonament faci un credit la o bicicleta, iti lipești un 9 sau 41 in frunte si i dai pe unica, ca și asa e libera. 

Este o bătaie de joc. Sunt oameni care depind de transportul în comun ca sa ajungă la serviciu, scoala, spital, etc. De cand a fost mereu CTP a fost o bătaie de joc. De la mașini mizere la angajați grabiti sa prindă cafeluta de la rond.

Recomand o pereche bună de adidasi, sau bocanci ca atunci când ploua e și mai grav, și sa ii dai la pas ca ajungi mai repede.","am dat de prea mulți marlani care se cred zmei, șicanează, pun niște frâne ca mna, se uita în ochii tai cand fugi dupa ragalia lor",negativ,0
75,"aspect: acoperire_rute. fragment: linia unica e facuta mai mult pentru taxiuri pe Nicolina. text: Vrei sa ajungi la munca? Teapa, a batut putin vantu si au cazut liniile de tramvai.
Vrei sa mergi la facultate? Teapa, linia unica e facuta mai mult pentru taxiuri pe Nicolina. Stai 30m pentru o ragalie de autobuz de abia urca pasarela la cat de plin e.

In plina pandemie imparti jumatate de metru patrat cu inca 5 oameni, nu poti cobora pentru ca in alea 30 sec de sta șoferul grăbit in statie trebuie sa treci de 30 de oameni.

Șoferii nu mai spun, am dat de prea mulți marlani care se cred zmei. Șicanează, pun niște frâne ca mna, și ele tre testate ocazional, se uita în ochii tai cand fugi dupa ragalia lor de vine intr o luna albastra.

In loc sa dai banii pe un abonament faci un credit la o bicicleta, iti lipești un 9 sau 41 in frunte si i dai pe unica, ca și asa e libera. 

Este o bătaie de joc. Sunt oameni care depind de transportul în comun ca sa ajungă la serviciu, scoala, spital, etc. De cand a fost mereu CTP a fost o bătaie de joc. De la mașini mizere la angajați grabiti sa prindă cafeluta de la rond.

Recomand o pereche bună de adidasi, sau bocanci ca atunci când ploua e și mai grav, și sa ii dai la pas ca ajungi mai repede.",acoperire_rute,"Vrei sa ajungi la munca? Teapa, a batut putin vantu si au cazut liniile de tramvai.
Vrei sa mergi la facultate? Teapa, linia unica e facuta mai mult pentru taxiuri pe Nicolina. Stai 30m pentru o ragalie de autobuz de abia urca pasarela la cat de plin e.

In plina pandemie imparti jumatate de metru patrat cu inca 5 oameni, nu poti cobora pentru ca in alea 30 sec de sta șoferul grăbit in statie trebuie sa treci de 30 de oameni.

Șoferii nu mai spun, am dat de prea mulți marlani care se cred zmei. Șicanează, pun niște frâne ca mna, și ele tre testate ocazional, se uita în ochii tai cand fugi dupa ragalia lor de vine intr o luna albastra.

In loc sa dai banii pe un abonament faci un credit la o bicicleta, iti lipești un 9 sau 41 in frunte si i dai pe unica, ca și asa e libera. 

Este o bătaie de joc. Sunt oameni care depind de transportul în comun ca sa ajungă la serviciu, scoala, spital, etc. De cand a fost mereu CTP a fost o bătaie de joc. De la mașini mizere la angajați grabiti sa prindă cafeluta de la rond.

Recomand o pereche bună de adidasi, sau bocanci ca atunci când ploua e și mai grav, și sa ii dai la pas ca ajungi mai repede.",linia unica e facuta mai mult pentru taxiuri pe Nicolina,negativ,0
76,"aspect: frecventa. fragment: Mijloace de transport în comun care circula foarte rar la ore de vârf. Sa aștepți 30-40 de minute un autobuz, dimineața când trebuie sa ajungi la serviciu. text: Mijloace de transport în comun care circula foarte rar la ore de vârf. Sa aștepți 30 - 40 de minute un autobuz, dimineața când trebuie sa ajungi la serviciu, nu e tocmai ce aștepți de la ratp",frecventa,"Mijloace de transport în comun care circula foarte rar la ore de vârf. Sa aștepți 30 - 40 de minute un autobuz, dimineața când trebuie sa ajungi la serviciu, nu e tocmai ce aștepți de la ratp","Mijloace de transport în comun care circula foarte rar la ore de vârf. Sa aștepți 30-40 de minute un autobuz, dimineața când trebuie sa ajungi la serviciu",negativ,0
77,"aspect: frecventa. fragment: Aștept în stație 40 minute un autobuz, nimic. text: Servicii de proasta calitate într-un oraș atât de mare ! 
Azi, 2 noiembrie 2021, jale în tot orașul cu transportul in comun. Aștept în stație 40 minute un autobuz, nimic....Greva nu se anunță.
In tramvaiul 6, puneți mâna și alimentați cu hârtie aparatele de plata bilete cu cardul. 
Banii ii luați dar biletul nu se da. Sigur pățesc așa multi...",frecventa,"Servicii de proasta calitate într-un oraș atât de mare ! 
Azi, 2 noiembrie 2021, jale în tot orașul cu transportul in comun. Aștept în stație 40 minute un autobuz, nimic....Greva nu se anunță.
In tramvaiul 6, puneți mâna și alimentați cu hârtie aparatele de plata bilete cu cardul. 
Banii ii luați dar biletul nu se da. Sigur pățesc așa multi...","Aștept în stație 40 minute un autobuz, nimic",negativ,0
77,"aspect: informare_calatori. fragment: Greva nu se anunță. text: Servicii de proasta calitate într-un oraș atât de mare ! 
Azi, 2 noiembrie 2021, jale în tot orașul cu transportul in comun. Aștept în stație 40 minute un autobuz, nimic....Greva nu se anunță.
In tramvaiul 6, puneți mâna și alimentați cu hârtie aparatele de plata bilete cu cardul. 
Banii ii luați dar biletul nu se da. Sigur pățesc așa multi...",informare_calatori,"Servicii de proasta calitate într-un oraș atât de mare ! 
Azi, 2 noiembrie 2021, jale în tot orașul cu transportul in comun. Aștept în stație 40 minute un autobuz, nimic....Greva nu se anunță.
In tramvaiul 6, puneți mâna și alimentați cu hârtie aparatele de plata bilete cu cardul. 
Banii ii luați dar biletul nu se da. Sigur pățesc așa multi...",Greva nu se anunță,negativ,0
77,"aspect: validare_bilete. fragment: puneți mâna și alimentați cu hârtie aparatele de plata bilete cu cardul, banii ii luați dar biletul nu se da. text: Servicii de proasta calitate într-un oraș atât de mare ! 
Azi, 2 noiembrie 2021, jale în tot orașul cu transportul in comun. Aștept în stație 40 minute un autobuz, nimic....Greva nu se anunță.
In tramvaiul 6, puneți mâna și alimentați cu hârtie aparatele de plata bilete cu cardul. 
Banii ii luați dar biletul nu se da. Sigur pățesc așa multi...",validare_bilete,"Servicii de proasta calitate într-un oraș atât de mare ! 
Azi, 2 noiembrie 2021, jale în tot orașul cu transportul in comun. Aștept în stație 40 minute un autobuz, nimic....Greva nu se anunță.
In tramvaiul 6, puneți mâna și alimentați cu hârtie aparatele de plata bilete cu cardul. 
Banii ii luați dar biletul nu se da. Sigur pățesc așa multi...","puneți mâna și alimentați cu hârtie aparatele de plata bilete cu cardul, banii ii luați dar biletul nu se da",negativ,0
79,"aspect: organizare. fragment: Proastă organizare a unităților de transport, zeci de minute de așteptat în stație. text: Proastă organizare a unităților de transport, zeci de minute de așteptat în stație, nu doar elevii au prioritate dimineața, ci și salariații!!!! Nemulțumirea este foarte mare! Să vă fie rușine!",organizare,"Proastă organizare a unităților de transport, zeci de minute de așteptat în stație, nu doar elevii au prioritate dimineața, ci și salariații!!!! Nemulțumirea este foarte mare! Să vă fie rușine!","Proastă organizare a unităților de transport, zeci de minute de așteptat în stație",negativ,0
80,"aspect: controlori. fragment: stau lângă mine, mă văd că se încarcă aplicația și sunt lângă aparatul de scanat codul QR, să-mi spună apoi că am mers jumătate de stație fără bilet, una dintre doamne a mers cu mine chiar la bancomat, să se asigure că scot banii, să și-i pună în buzunar. text: Controlorii CTP sunt sub orice critică, vorbesc cu tine de parcă lucrează la NASA, nu sunt niște simpli controlori de bilete. Am nimerit ieri două ""doamne"" în autobuz, stau lângă mine, mă văd că se încarcă aplicația și sunt lângă aparatul de scanat codul QR, să-mi spună apoi că am mers jumătate de stație fără bilet. Ar fi recomandat să-și pună ochelari dacă nu văd la câțiva centimetri distanță.
Și aș vrea să întreb unde se duc banii din amenzi? Una dintre ""doamne"" a mers cu mine chiar la bancomat, să se asigure că scot banii, să și-i pună în buzunar sau să-i împartă cu cealaltă ""doamnă"".
Nu recomand CTP tocmai pentru acest motiv. Angajați niște controlori mai profesioniști, că sunt sub ori critică. Și sper să mi se răspundă la întrebare, nu de alta, dar să știu cum abordez următoarea situație.",controlori,"Controlorii CTP sunt sub orice critică, vorbesc cu tine de parcă lucrează la NASA, nu sunt niște simpli controlori de bilete. Am nimerit ieri două ""doamne"" în autobuz, stau lângă mine, mă văd că se încarcă aplicația și sunt lângă aparatul de scanat codul QR, să-mi spună apoi că am mers jumătate de stație fără bilet. Ar fi recomandat să-și pună ochelari dacă nu văd la câțiva centimetri distanță.
Și aș vrea să întreb unde se duc banii din amenzi? Una dintre ""doamne"" a mers cu mine chiar la bancomat, să se asigure că scot banii, să și-i pună în buzunar sau să-i împartă cu cealaltă ""doamnă"".
Nu recomand CTP tocmai pentru acest motiv. Angajați niște controlori mai profesioniști, că sunt sub ori critică. Și sper să mi se răspundă la întrebare, nu de alta, dar să știu cum abordez următoarea situație.","stau lângă mine, mă văd că se încarcă aplicația și sunt lângă aparatul de scanat codul QR, să-mi spună apoi că am mers jumătate de stație fără bilet, una dintre doamne a mers cu mine chiar la bancomat, să se asigure că scot banii, să și-i pună în buzunar",negativ,0
81,"aspect: soferi_vatmani. fragment: cand te vad alergând si mai ai 2 pași sa ajungi, efectiv se uita la tine, închid usa si pleaca. text: Dc 90 la suta din șoferii de la CTP  cand te vad alergând si mai ai 2 pași sa ajungi,efectiv se uita la tine , închid usa si pleaca??????? Cat de meschin sa fii?? Sigur li se fac niste teste psihologice?? Ma indoiesc ...",soferi_vatmani,"Dc 90 la suta din șoferii de la CTP  cand te vad alergând si mai ai 2 pași sa ajungi,efectiv se uita la tine , închid usa si pleaca??????? Cat de meschin sa fii?? Sigur li se fac niste teste psihologice?? Ma indoiesc ...","cand te vad alergând si mai ai 2 pași sa ajungi, efectiv se uita la tine, închid usa si pleaca",negativ,0
82,aspect: punctualitate. fragment: Nu se respecta programul autobuzelor. text: Nu se respecta programul autobuzelor. Scoateți autobuzul  30 simplu și lăsați l doar pe 30 B.,punctualitate,Nu se respecta programul autobuzelor. Scoateți autobuzul  30 simplu și lăsați l doar pe 30 B.,Nu se respecta programul autobuzelor,negativ,0
83,"aspect: frecventa. fragment: tramvai 9 sa vina la 10 minute, pe ceas, venea full, în stație full si la urmatoarea aceeași poveste. text: Cum este posibil ca un tramvai 9 sa vina la 10 minute, pe ceas?? In condițiile in care deja venea full, în stație full si la urmatoarea aceeași poveste.
De asemenea, se presupune ca este pandemie și trebuie sa păstrăm distanta, iar noi stam ca sardinele in tramvai.
Pentru experienta de azi dimineata,0 stele!
Bataie de joc!",frecventa,"Cum este posibil ca un tramvai 9 sa vina la 10 minute, pe ceas?? In condițiile in care deja venea full, în stație full si la urmatoarea aceeași poveste.
De asemenea, se presupune ca este pandemie și trebuie sa păstrăm distanta, iar noi stam ca sardinele in tramvai.
Pentru experienta de azi dimineata,0 stele!
Bataie de joc!","tramvai 9 sa vina la 10 minute, pe ceas, venea full, în stație full si la urmatoarea aceeași poveste",negativ,0
83,"aspect: aglomeratie. fragment: stam ca sardinele in tramvai. text: Cum este posibil ca un tramvai 9 sa vina la 10 minute, pe ceas?? In condițiile in care deja venea full, în stație full si la urmatoarea aceeași poveste.
De asemenea, se presupune ca este pandemie și trebuie sa păstrăm distanta, iar noi stam ca sardinele in tramvai.
Pentru experienta de azi dimineata,0 stele!
Bataie de joc!",aglomeratie,"Cum este posibil ca un tramvai 9 sa vina la 10 minute, pe ceas?? In condițiile in care deja venea full, în stație full si la urmatoarea aceeași poveste.
De asemenea, se presupune ca este pandemie și trebuie sa păstrăm distanta, iar noi stam ca sardinele in tramvai.
Pentru experienta de azi dimineata,0 stele!
Bataie de joc!",stam ca sardinele in tramvai,negativ,0
84,aspect: organizare. fragment: Worst public transportation system of all the big cities in this country. text: Worst public transportation system of all the big cities in this country. Deplorable.,organizare,Worst public transportation system of all the big cities in this country. Deplorable.,Worst public transportation system of all the big cities in this country,negativ,0
86,"aspect: soferi_vatmani. fragment: tramvaiul nr 1, cand a oprit la stație, imediat a pornit, nici n-am reusit sa apas butonul, cred ca se grăbea șoferul. text: Chiar acum tramvaiul nr 1, cand a oprit la stație,  imediat a pornit, nici n-am reusit sa apas butonul, cred ca se grăbea șoferul.  

putine accidente avem? cum naibii sa pornești?  Si daca paseam cu un picior?  închidea usile si ma purta pe asfalt pana la următoarea stație? se ce șoferul bine asigura?  un adolescent în comă este puțin ?",soferi_vatmani,"Chiar acum tramvaiul nr 1, cand a oprit la stație,  imediat a pornit, nici n-am reusit sa apas butonul, cred ca se grăbea șoferul.  

putine accidente avem? cum naibii sa pornești?  Si daca paseam cu un picior?  închidea usile si ma purta pe asfalt pana la următoarea stație? se ce șoferul bine asigura?  un adolescent în comă este puțin ?","tramvaiul nr 1, cand a oprit la stație, imediat a pornit, nici n-am reusit sa apas butonul, cred ca se grăbea șoferul",negativ,0
86,"aspect: siguranta. fragment: cum naibii sa pornești? Si daca paseam cu un picior? închidea usile si ma purta pe asfalt pana la următoarea stație. text: Chiar acum tramvaiul nr 1, cand a oprit la stație,  imediat a pornit, nici n-am reusit sa apas butonul, cred ca se grăbea șoferul.  

putine accidente avem? cum naibii sa pornești?  Si daca paseam cu un picior?  închidea usile si ma purta pe asfalt pana la următoarea stație? se ce șoferul bine asigura?  un adolescent în comă este puțin ?",siguranta,"Chiar acum tramvaiul nr 1, cand a oprit la stație,  imediat a pornit, nici n-am reusit sa apas butonul, cred ca se grăbea șoferul.  

putine accidente avem? cum naibii sa pornești?  Si daca paseam cu un picior?  închidea usile si ma purta pe asfalt pana la următoarea stație? se ce șoferul bine asigura?  un adolescent în comă este puțin ?",cum naibii sa pornești? Si daca paseam cu un picior? închidea usile si ma purta pe asfalt pana la următoarea stație,negativ,0
87,aspect: soferi_vatmani. fragment: nu sunt atenți și pleacă repede din stații mai ales la tramvaie. text: nu sunt atenți și pleacă repede din stații mai ales la tramvaie.uneori pot pleca cu mana pasagerului și sa îl taraie .rusine,soferi_vatmani,nu sunt atenți și pleacă repede din stații mai ales la tramvaie.uneori pot pleca cu mana pasagerului și sa îl taraie .rusine,nu sunt atenți și pleacă repede din stații mai ales la tramvaie,negativ,0
87,aspect: siguranta. fragment: uneori pot pleca cu mana pasagerului și sa îl taraie. text: nu sunt atenți și pleacă repede din stații mai ales la tramvaie.uneori pot pleca cu mana pasagerului și sa îl taraie .rusine,siguranta,nu sunt atenți și pleacă repede din stații mai ales la tramvaie.uneori pot pleca cu mana pasagerului și sa îl taraie .rusine,uneori pot pleca cu mana pasagerului și sa îl taraie,negativ,0
88,"aspect: soferi_vatmani. fragment: Alerg să prind tramvaiul la capăt de linie, apăs de 10 ori pe buton, mai stau vreo 10 secunde și pleacă. text: Niște șoferi de-al dreptu nesimțiți.Alerg să prind tramvaiul la capăt de linie,apăs de 10 ori pe buton,mai stau vreo 10 secunde și pleacă.Nesimtire mare.",soferi_vatmani,"Niște șoferi de-al dreptu nesimțiți.Alerg să prind tramvaiul la capăt de linie,apăs de 10 ori pe buton,mai stau vreo 10 secunde și pleacă.Nesimtire mare.","Alerg să prind tramvaiul la capăt de linie, apăs de 10 ori pe buton, mai stau vreo 10 secunde și pleacă",negativ,0
90,"aspect: frecventa. fragment: câte jumătate de oră sa aștepți un autobuz, pe orice traseu, a devenit o obișnuință să treacă extrem de rar câte un autobuz. text: Cum sa se stea in fiecare zi câte jumătate de oră sa aștepți un autobuz, pe orice traseu și sa nu se ia masuri? Înțelegem, ore de vârf, aglomerația din anumite zone... Dar a devenit o obișnuință să treacă extrem de rar câte un autobuz...si acela plin, bineînțeles. Groaznice servicii oferiți în ultima vreme!",frecventa,"Cum sa se stea in fiecare zi câte jumătate de oră sa aștepți un autobuz, pe orice traseu și sa nu se ia masuri? Înțelegem, ore de vârf, aglomerația din anumite zone... Dar a devenit o obișnuință să treacă extrem de rar câte un autobuz...si acela plin, bineînțeles. Groaznice servicii oferiți în ultima vreme!","câte jumătate de oră sa aștepți un autobuz, pe orice traseu, a devenit o obișnuință să treacă extrem de rar câte un autobuz",negativ,0
90,"aspect: aglomeratie. fragment: acela plin, bineînțeles. text: Cum sa se stea in fiecare zi câte jumătate de oră sa aștepți un autobuz, pe orice traseu și sa nu se ia masuri? Înțelegem, ore de vârf, aglomerația din anumite zone... Dar a devenit o obișnuință să treacă extrem de rar câte un autobuz...si acela plin, bineînțeles. Groaznice servicii oferiți în ultima vreme!",aglomeratie,"Cum sa se stea in fiecare zi câte jumătate de oră sa aștepți un autobuz, pe orice traseu și sa nu se ia masuri? Înțelegem, ore de vârf, aglomerația din anumite zone... Dar a devenit o obișnuință să treacă extrem de rar câte un autobuz...si acela plin, bineînțeles. Groaznice servicii oferiți în ultima vreme!","acela plin, bineînțeles",negativ,0
91,"aspect: frecventa. fragment: 50-60 de minute, timpul de așteptare pentru un 27, o oră moartă pe traseul respectiv. text: 50-60 de minute, timpul de așteptare pentru un 27. Oră în care nu trece nici 41, nici 44, deci o oră moartã pe traseul respectiv. Când suni să faci reclamație ți se răspunde sec: domnul primar a dispus să circule autobuzele  din jumătate în jumătate de oră doar după ora 9. Mna. Oricui a fost ideea, felicitări. Ești ""omul "" zilei!",frecventa,"50-60 de minute, timpul de așteptare pentru un 27. Oră în care nu trece nici 41, nici 44, deci o oră moartã pe traseul respectiv. Când suni să faci reclamație ți se răspunde sec: domnul primar a dispus să circule autobuzele  din jumătate în jumătate de oră doar după ora 9. Mna. Oricui a fost ideea, felicitări. Ești ""omul "" zilei!","50-60 de minute, timpul de așteptare pentru un 27, o oră moartă pe traseul respectiv",negativ,0
91,"aspect: relatii_clienti. fragment: când suni să faci reclamație ți se răspunde sec: domnul primar a dispus să circule autobuzele din jumătate în jumătate de oră doar după ora 9. text: 50-60 de minute, timpul de așteptare pentru un 27. Oră în care nu trece nici 41, nici 44, deci o oră moartã pe traseul respectiv. Când suni să faci reclamație ți se răspunde sec: domnul primar a dispus să circule autobuzele  din jumătate în jumătate de oră doar după ora 9. Mna. Oricui a fost ideea, felicitări. Ești ""omul "" zilei!",relatii_clienti,"50-60 de minute, timpul de așteptare pentru un 27. Oră în care nu trece nici 41, nici 44, deci o oră moartã pe traseul respectiv. Când suni să faci reclamație ți se răspunde sec: domnul primar a dispus să circule autobuzele  din jumătate în jumătate de oră doar după ora 9. Mna. Oricui a fost ideea, felicitări. Ești ""omul "" zilei!",când suni să faci reclamație ți se răspunde sec: domnul primar a dispus să circule autobuzele din jumătate în jumătate de oră doar după ora 9,negativ,0
92,"aspect: frecventa. fragment: Autobuze care vin din 30 in 30 de minute pe orice ruta. text: Deplorabil... Cel mai prost serviciu de transport public. S-a redus numarul de autobuze? Autobuze care vin din 30 in 30 de minute pe orice ruta si supra mega aglomerate. Peste masura sa mergi din Tomesti in Pacurari ai nevoie de 2 h.
Nu luati masuri? Nu face nimeni nimic spre a fi mai bine, eventual reduceti numarul de autobuze ca nu aveti buget.",frecventa,"Deplorabil... Cel mai prost serviciu de transport public. S-a redus numarul de autobuze? Autobuze care vin din 30 in 30 de minute pe orice ruta si supra mega aglomerate. Peste masura sa mergi din Tomesti in Pacurari ai nevoie de 2 h.
Nu luati masuri? Nu face nimeni nimic spre a fi mai bine, eventual reduceti numarul de autobuze ca nu aveti buget.",Autobuze care vin din 30 in 30 de minute pe orice ruta,negativ,0
92,"aspect: aglomeratie. fragment: supra mega aglomerate. text: Deplorabil... Cel mai prost serviciu de transport public. S-a redus numarul de autobuze? Autobuze care vin din 30 in 30 de minute pe orice ruta si supra mega aglomerate. Peste masura sa mergi din Tomesti in Pacurari ai nevoie de 2 h.
Nu luati masuri? Nu face nimeni nimic spre a fi mai bine, eventual reduceti numarul de autobuze ca nu aveti buget.",aglomeratie,"Deplorabil... Cel mai prost serviciu de transport public. S-a redus numarul de autobuze? Autobuze care vin din 30 in 30 de minute pe orice ruta si supra mega aglomerate. Peste masura sa mergi din Tomesti in Pacurari ai nevoie de 2 h.
Nu luati masuri? Nu face nimeni nimic spre a fi mai bine, eventual reduceti numarul de autobuze ca nu aveti buget.",supra mega aglomerate,negativ,0
92,"aspect: organizare. fragment: S-a redus numarul de autobuze, nu luati masuri. text: Deplorabil... Cel mai prost serviciu de transport public. S-a redus numarul de autobuze? Autobuze care vin din 30 in 30 de minute pe orice ruta si supra mega aglomerate. Peste masura sa mergi din Tomesti in Pacurari ai nevoie de 2 h.
Nu luati masuri? Nu face nimeni nimic spre a fi mai bine, eventual reduceti numarul de autobuze ca nu aveti buget.",organizare,"Deplorabil... Cel mai prost serviciu de transport public. S-a redus numarul de autobuze? Autobuze care vin din 30 in 30 de minute pe orice ruta si supra mega aglomerate. Peste masura sa mergi din Tomesti in Pacurari ai nevoie de 2 h.
Nu luati masuri? Nu face nimeni nimic spre a fi mai bine, eventual reduceti numarul de autobuze ca nu aveti buget.","S-a redus numarul de autobuze, nu luati masuri",negativ,0
93,"aspect: frecventa. fragment: Timp de așteptare pentru un autobuz spre independentei 25 minute, trec doua spre canta unul după celălalt. text: Timp de așteptare pentru un autobuz spre independentei 25 minute?!? Dar trec doua spre canta unul după celălalt. Șoferii nu poarta masca și nu respecta calatorii!!",frecventa,Timp de așteptare pentru un autobuz spre independentei 25 minute?!? Dar trec doua spre canta unul după celălalt. Șoferii nu poarta masca și nu respecta calatorii!!,"Timp de așteptare pentru un autobuz spre independentei 25 minute, trec doua spre canta unul după celălalt",negativ,0
93,aspect: soferi_vatmani. fragment: Șoferii nu poarta masca și nu respecta calatorii. text: Timp de așteptare pentru un autobuz spre independentei 25 minute?!? Dar trec doua spre canta unul după celălalt. Șoferii nu poarta masca și nu respecta calatorii!!,soferi_vatmani,Timp de așteptare pentru un autobuz spre independentei 25 minute?!? Dar trec doua spre canta unul după celălalt. Șoferii nu poarta masca și nu respecta calatorii!!,Șoferii nu poarta masca și nu respecta calatorii,negativ,0
94,"aspect: validare_bilete. fragment: fata mea a compostat biletul la ora 7:50, iar pe el scrie clar 4:50. text: Puneți-vă angajații să își facă treaba! Fata mea a compostat acest bilet la ora 7:50, iar pe el scrie clar 4:50!! Dacă venea vreun controlor și primea amendă pe degeaba, nu o plătea șoferul care nu și-a făcut treaba! De ce nu îi verificați dacă își fac treaba? Doar aveți camere de supraveghere în autobuz și nu ar trebui decât să faceți câteva click-uri cu mouse-ul. V-ați schimbat voi numele dar tot incompetenți ați rămas!",validare_bilete,"Puneți-vă angajații să își facă treaba! Fata mea a compostat acest bilet la ora 7:50, iar pe el scrie clar 4:50!! Dacă venea vreun controlor și primea amendă pe degeaba, nu o plătea șoferul care nu și-a făcut treaba! De ce nu îi verificați dacă își fac treaba? Doar aveți camere de supraveghere în autobuz și nu ar trebui decât să faceți câteva click-uri cu mouse-ul. V-ați schimbat voi numele dar tot incompetenți ați rămas!","fata mea a compostat biletul la ora 7:50, iar pe el scrie clar 4:50",negativ,0
94,"aspect: organizare. fragment: De ce nu îi verificați dacă își fac treaba? Doar aveți camere de supraveghere în autobuz. text: Puneți-vă angajații să își facă treaba! Fata mea a compostat acest bilet la ora 7:50, iar pe el scrie clar 4:50!! Dacă venea vreun controlor și primea amendă pe degeaba, nu o plătea șoferul care nu și-a făcut treaba! De ce nu îi verificați dacă își fac treaba? Doar aveți camere de supraveghere în autobuz și nu ar trebui decât să faceți câteva click-uri cu mouse-ul. V-ați schimbat voi numele dar tot incompetenți ați rămas!",organizare,"Puneți-vă angajații să își facă treaba! Fata mea a compostat acest bilet la ora 7:50, iar pe el scrie clar 4:50!! Dacă venea vreun controlor și primea amendă pe degeaba, nu o plătea șoferul care nu și-a făcut treaba! De ce nu îi verificați dacă își fac treaba? Doar aveți camere de supraveghere în autobuz și nu ar trebui decât să faceți câteva click-uri cu mouse-ul. V-ați schimbat voi numele dar tot incompetenți ați rămas!",De ce nu îi verificați dacă își fac treaba? Doar aveți camere de supraveghere în autobuz,negativ,0
95,"aspect: aglomeratie. fragment: Autobuzele sunt pline, calatorii isi respira unii altora in fata. text: Autobuzele sunt pline, calatorii isi respira unii altora in fata. Ati putea sa le suplimentati macar la orele de varf sau sa terminati lucrarile la liniile de tramvai ca sa mai decongestionati traficul acolo unde este posibil. Iar purtarea mastii peste gura si peste nas este obligatorie pentru toti, inclusiv pentru controlori!",aglomeratie,"Autobuzele sunt pline, calatorii isi respira unii altora in fata. Ati putea sa le suplimentati macar la orele de varf sau sa terminati lucrarile la liniile de tramvai ca sa mai decongestionati traficul acolo unde este posibil. Iar purtarea mastii peste gura si peste nas este obligatorie pentru toti, inclusiv pentru controlori!","Autobuzele sunt pline, calatorii isi respira unii altora in fata",negativ,0
95,"aspect: frecventa. fragment: suplimentati macar la orele de varf. text: Autobuzele sunt pline, calatorii isi respira unii altora in fata. Ati putea sa le suplimentati macar la orele de varf sau sa terminati lucrarile la liniile de tramvai ca sa mai decongestionati traficul acolo unde este posibil. Iar purtarea mastii peste gura si peste nas este obligatorie pentru toti, inclusiv pentru controlori!",frecventa,"Autobuzele sunt pline, calatorii isi respira unii altora in fata. Ati putea sa le suplimentati macar la orele de varf sau sa terminati lucrarile la liniile de tramvai ca sa mai decongestionati traficul acolo unde este posibil. Iar purtarea mastii peste gura si peste nas este obligatorie pentru toti, inclusiv pentru controlori!",suplimentati macar la orele de varf,negativ,0
98,aspect: organizare. fragment: Totul trebuie îmbunătățit. De la director la ultima piuliță de la cel mai vechi tramvai. text: Totul. Totul trebuie îmbunătățit. De la director la ultima piuliță de la Cel mai vechi tramvai.,organizare,Totul. Totul trebuie îmbunătățit. De la director la ultima piuliță de la Cel mai vechi tramvai.,Totul trebuie îmbunătățit. De la director la ultima piuliță de la cel mai vechi tramvai,negativ,0
99,"aspect: validare_bilete. fragment: nu aveți case deschise, aparatele nu vă merg, în aplicație nu pot lua abonament pentru 30 de zile. Merg jumătate de oraș pentru un abonament sau un set de bilete. text: Da-o in mă-sa, nu aveți case deschise, aparatele nu vă merg, în aplicație nu pot lua abonament pentru 30 de zile. Merg jumătate de oraș pentru un abonament sau un set de bilete.",validare_bilete,"Da-o in mă-sa, nu aveți case deschise, aparatele nu vă merg, în aplicație nu pot lua abonament pentru 30 de zile. Merg jumătate de oraș pentru un abonament sau un set de bilete.","nu aveți case deschise, aparatele nu vă merg, în aplicație nu pot lua abonament pentru 30 de zile. Merg jumătate de oraș pentru un abonament sau un set de bilete",negativ,0
100,"aspect: soferi_vatmani. fragment: mi se inchide usa in fata, autobuzul pornit, nu-mi deschide usa, imi transmite sa cobor d******i mai repede. text: Buna seara. Astazi, 15.08.2020, in jurul orei 23.00, am ajuns la Capat Dancu, in statia de tramvai, mergând cu cursa speciala ce merge înspre Dancu.. Eram impreuna cu sora mea si cu logodnica mea, ajungem in statie, moment in care le las pe ele doua sa coboare, iar in clipa in care dau si eu sa cobor, mi se inchide usa in fata, imi retrag repede piciorul incat sa nu-mi fie prins intre cele doua usi, iar autobuzul incepe usor a merge, pleca.. In acel moment am tot încercat sa apăs pe fiece buton încât sa mi se poata deschide usa si sa cobor... Usa nu s-a deschis iar autobuzul a pornit.. Incep sa-l strig pe soferul in cauza, sa-l rog sa-mi deschida usa, moment in care el mi-a raspuns cu nonșalanță, initial, sa ma îndrept spre ieșirea din mijloc, eu fiind in partea din spate a masini.. Ma îndrept repede spre ieșirea din mijloc iar acesta tot nu-mi deschide usa.. Incerc iarasi sa insist, ca mai apoi, speriat fiind si totodata indignat, nervos, pe situația in cauza, am ridicat vocea incat sa ma auda soferul si l-am rugat din nou sa oprească mijlocul de transport... Acesta imi raspunde cu "" nu se coboară aici! "" , fapt ce m-a deranjat si mai tare si i-am spus acestuia ca am vrut, dat, sa cobor in Dancu, dar ca acesta mi-a închis usa in nas, si am insistat din nou, mai tare, ca acesta sa-mi deschisă usa... Intr-un final ma lasa la o oarecare distanta si imi transmite sa "" cobor d******i mai repede.. 
Nu mi se pare normal sa se întâmple astfel de situații in cadrul unei firme de transport public ce ar trebui, teoretic, sa ofere călătorilor ideea de siguranta, cat si călătoria intr-un mediu decent, si totodata nu este deloc ok faptul ca am ajuns sa fiu jignit, fara moriv, de acest individ, mai ales avand in vedere cati bani investeste fiece persoana in aceasta firma, lunar, incat sa poata calatori... 
Aceasta nu este prima situatie de genul peste care am dat in cadrul Ctp-ului, dar garantat o sa fie ultima. 
Din pacate o sa fiu nevoit sa fac o plângere, reclamatie, in urma acestor intamplari pentru ca nu este deloc ok ce s-a intamplat.... Si daca nu se întâmplă nimic, in caz contrar, sunt dispus sa merg mai departe.",soferi_vatmani,"Buna seara. Astazi, 15.08.2020, in jurul orei 23.00, am ajuns la Capat Dancu, in statia de tramvai, mergând cu cursa speciala ce merge înspre Dancu.. Eram impreuna cu sora mea si cu logodnica mea, ajungem in statie, moment in care le las pe ele doua sa coboare, iar in clipa in care dau si eu sa cobor, mi se inchide usa in fata, imi retrag repede piciorul incat sa nu-mi fie prins intre cele doua usi, iar autobuzul incepe usor a merge, pleca.. In acel moment am tot încercat sa apăs pe fiece buton încât sa mi se poata deschide usa si sa cobor... Usa nu s-a deschis iar autobuzul a pornit.. Incep sa-l strig pe soferul in cauza, sa-l rog sa-mi deschida usa, moment in care el mi-a raspuns cu nonșalanță, initial, sa ma îndrept spre ieșirea din mijloc, eu fiind in partea din spate a masini.. Ma îndrept repede spre ieșirea din mijloc iar acesta tot nu-mi deschide usa.. Incerc iarasi sa insist, ca mai apoi, speriat fiind si totodata indignat, nervos, pe situația in cauza, am ridicat vocea incat sa ma auda soferul si l-am rugat din nou sa oprească mijlocul de transport... Acesta imi raspunde cu "" nu se coboară aici! "" , fapt ce m-a deranjat si mai tare si i-am spus acestuia ca am vrut, dat, sa cobor in Dancu, dar ca acesta mi-a închis usa in nas, si am insistat din nou, mai tare, ca acesta sa-mi deschisă usa... Intr-un final ma lasa la o oarecare distanta si imi transmite sa "" cobor d******i mai repede.. 
Nu mi se pare normal sa se întâmple astfel de situații in cadrul unei firme de transport public ce ar trebui, teoretic, sa ofere călătorilor ideea de siguranta, cat si călătoria intr-un mediu decent, si totodata nu este deloc ok faptul ca am ajuns sa fiu jignit, fara moriv, de acest individ, mai ales avand in vedere cati bani investeste fiece persoana in aceasta firma, lunar, incat sa poata calatori... 
Aceasta nu este prima situatie de genul peste care am dat in cadrul Ctp-ului, dar garantat o sa fie ultima. 
Din pacate o sa fiu nevoit sa fac o plângere, reclamatie, in urma acestor intamplari pentru ca nu este deloc ok ce s-a intamplat.... Si daca nu se întâmplă nimic, in caz contrar, sunt dispus sa merg mai departe.","mi se inchide usa in fata, autobuzul pornit, nu-mi deschide usa, imi transmite sa cobor d******i mai repede",negativ,0
100,"aspect: siguranta. fragment: in clipa in care dau si eu sa cobor, mi se inchide usa in fata, imi retrag repede piciorul incat sa nu-mi fie prins intre cele doua usi. text: Buna seara. Astazi, 15.08.2020, in jurul orei 23.00, am ajuns la Capat Dancu, in statia de tramvai, mergând cu cursa speciala ce merge înspre Dancu.. Eram impreuna cu sora mea si cu logodnica mea, ajungem in statie, moment in care le las pe ele doua sa coboare, iar in clipa in care dau si eu sa cobor, mi se inchide usa in fata, imi retrag repede piciorul incat sa nu-mi fie prins intre cele doua usi, iar autobuzul incepe usor a merge, pleca.. In acel moment am tot încercat sa apăs pe fiece buton încât sa mi se poata deschide usa si sa cobor... Usa nu s-a deschis iar autobuzul a pornit.. Incep sa-l strig pe soferul in cauza, sa-l rog sa-mi deschida usa, moment in care el mi-a raspuns cu nonșalanță, initial, sa ma îndrept spre ieșirea din mijloc, eu fiind in partea din spate a masini.. Ma îndrept repede spre ieșirea din mijloc iar acesta tot nu-mi deschide usa.. Incerc iarasi sa insist, ca mai apoi, speriat fiind si totodata indignat, nervos, pe situația in cauza, am ridicat vocea incat sa ma auda soferul si l-am rugat din nou sa oprească mijlocul de transport... Acesta imi raspunde cu "" nu se coboară aici! "" , fapt ce m-a deranjat si mai tare si i-am spus acestuia ca am vrut, dat, sa cobor in Dancu, dar ca acesta mi-a închis usa in nas, si am insistat din nou, mai tare, ca acesta sa-mi deschisă usa... Intr-un final ma lasa la o oarecare distanta si imi transmite sa "" cobor d******i mai repede.. 
Nu mi se pare normal sa se întâmple astfel de situații in cadrul unei firme de transport public ce ar trebui, teoretic, sa ofere călătorilor ideea de siguranta, cat si călătoria intr-un mediu decent, si totodata nu este deloc ok faptul ca am ajuns sa fiu jignit, fara moriv, de acest individ, mai ales avand in vedere cati bani investeste fiece persoana in aceasta firma, lunar, incat sa poata calatori... 
Aceasta nu este prima situatie de genul peste care am dat in cadrul Ctp-ului, dar garantat o sa fie ultima. 
Din pacate o sa fiu nevoit sa fac o plângere, reclamatie, in urma acestor intamplari pentru ca nu este deloc ok ce s-a intamplat.... Si daca nu se întâmplă nimic, in caz contrar, sunt dispus sa merg mai departe.",siguranta,"Buna seara. Astazi, 15.08.2020, in jurul orei 23.00, am ajuns la Capat Dancu, in statia de tramvai, mergând cu cursa speciala ce merge înspre Dancu.. Eram impreuna cu sora mea si cu logodnica mea, ajungem in statie, moment in care le las pe ele doua sa coboare, iar in clipa in care dau si eu sa cobor, mi se inchide usa in fata, imi retrag repede piciorul incat sa nu-mi fie prins intre cele doua usi, iar autobuzul incepe usor a merge, pleca.. In acel moment am tot încercat sa apăs pe fiece buton încât sa mi se poata deschide usa si sa cobor... Usa nu s-a deschis iar autobuzul a pornit.. Incep sa-l strig pe soferul in cauza, sa-l rog sa-mi deschida usa, moment in care el mi-a raspuns cu nonșalanță, initial, sa ma îndrept spre ieșirea din mijloc, eu fiind in partea din spate a masini.. Ma îndrept repede spre ieșirea din mijloc iar acesta tot nu-mi deschide usa.. Incerc iarasi sa insist, ca mai apoi, speriat fiind si totodata indignat, nervos, pe situația in cauza, am ridicat vocea incat sa ma auda soferul si l-am rugat din nou sa oprească mijlocul de transport... Acesta imi raspunde cu "" nu se coboară aici! "" , fapt ce m-a deranjat si mai tare si i-am spus acestuia ca am vrut, dat, sa cobor in Dancu, dar ca acesta mi-a închis usa in nas, si am insistat din nou, mai tare, ca acesta sa-mi deschisă usa... Intr-un final ma lasa la o oarecare distanta si imi transmite sa "" cobor d******i mai repede.. 
Nu mi se pare normal sa se întâmple astfel de situații in cadrul unei firme de transport public ce ar trebui, teoretic, sa ofere călătorilor ideea de siguranta, cat si călătoria intr-un mediu decent, si totodata nu este deloc ok faptul ca am ajuns sa fiu jignit, fara moriv, de acest individ, mai ales avand in vedere cati bani investeste fiece persoana in aceasta firma, lunar, incat sa poata calatori... 
Aceasta nu este prima situatie de genul peste care am dat in cadrul Ctp-ului, dar garantat o sa fie ultima. 
Din pacate o sa fiu nevoit sa fac o plângere, reclamatie, in urma acestor intamplari pentru ca nu este deloc ok ce s-a intamplat.... Si daca nu se întâmplă nimic, in caz contrar, sunt dispus sa merg mai departe.","in clipa in care dau si eu sa cobor, mi se inchide usa in fata, imi retrag repede piciorul incat sa nu-mi fie prins intre cele doua usi",negativ,0
101,"aspect: frecventa. fragment: stau jumătate de ora in stație și sa fiu nevoită in final sa iau un taxi pentru a ajunge la munca la timp. text: Va rog sa suplimentați autobuzele dacă tot aveți aceasta regula de urca doar 10 oameni. Nu mi se pare firesc sa stau jumătate de ora in stație și sa fiu nevoită in final sa iau in taxi pentru a ajunge la munca la timp. Am sa vin sa îmi decontati abonamentul, pentru ca ce sa vedeți.... nu am ocazia sa îl folosesc... merg cu taxi sau pe jos. 

Căutați o modalitate de a soluționa probelma asta pentru ca este un disconfort foarte mare pentru locuitorii orașului și un motiv in plus de stres și nervi dimineața.",frecventa,"Va rog sa suplimentați autobuzele dacă tot aveți aceasta regula de urca doar 10 oameni. Nu mi se pare firesc sa stau jumătate de ora in stație și sa fiu nevoită in final sa iau in taxi pentru a ajunge la munca la timp. Am sa vin sa îmi decontati abonamentul, pentru ca ce sa vedeți.... nu am ocazia sa îl folosesc... merg cu taxi sau pe jos. 

Căutați o modalitate de a soluționa probelma asta pentru ca este un disconfort foarte mare pentru locuitorii orașului și un motiv in plus de stres și nervi dimineața.",stau jumătate de ora in stație și sa fiu nevoită in final sa iau un taxi pentru a ajunge la munca la timp,negativ,0
101,"aspect: aglomeratie. fragment: aveți aceasta regula de urca doar 10 oameni. text: Va rog sa suplimentați autobuzele dacă tot aveți aceasta regula de urca doar 10 oameni. Nu mi se pare firesc sa stau jumătate de ora in stație și sa fiu nevoită in final sa iau in taxi pentru a ajunge la munca la timp. Am sa vin sa îmi decontati abonamentul, pentru ca ce sa vedeți.... nu am ocazia sa îl folosesc... merg cu taxi sau pe jos. 

Căutați o modalitate de a soluționa probelma asta pentru ca este un disconfort foarte mare pentru locuitorii orașului și un motiv in plus de stres și nervi dimineața.",aglomeratie,"Va rog sa suplimentați autobuzele dacă tot aveți aceasta regula de urca doar 10 oameni. Nu mi se pare firesc sa stau jumătate de ora in stație și sa fiu nevoită in final sa iau in taxi pentru a ajunge la munca la timp. Am sa vin sa îmi decontati abonamentul, pentru ca ce sa vedeți.... nu am ocazia sa îl folosesc... merg cu taxi sau pe jos. 

Căutați o modalitate de a soluționa probelma asta pentru ca este un disconfort foarte mare pentru locuitorii orașului și un motiv in plus de stres și nervi dimineața.",aveți aceasta regula de urca doar 10 oameni,negativ,0
102,"aspect: validare_bilete. fragment: Tonomatele voastre de bilete nu fac altceva decât să mănânce banii, fără a primi biletul. text: Tonomatele.voastre de bilete nu fac altceva decât să mănânce banii , fără a primi biletul...Nu mai zic de faptul că poți pleca si cu o oră de acasă către serviciu,  tot întârzii..ati băgat o regulă imposibilă...azi am coborât ca ati dat bătrânii jos din 28 pe.motiv ca doar cine are loc pe scaun stă, am înțeles,  dar suplimentati autobuzele !",validare_bilete,"Tonomatele.voastre de bilete nu fac altceva decât să mănânce banii , fără a primi biletul...Nu mai zic de faptul că poți pleca si cu o oră de acasă către serviciu,  tot întârzii..ati băgat o regulă imposibilă...azi am coborât ca ati dat bătrânii jos din 28 pe.motiv ca doar cine are loc pe scaun stă, am înțeles,  dar suplimentati autobuzele !","Tonomatele voastre de bilete nu fac altceva decât să mănânce banii, fără a primi biletul",negativ,0
102,"aspect: punctualitate. fragment: poți pleca si cu o oră de acasă către serviciu, tot întârzii. text: Tonomatele.voastre de bilete nu fac altceva decât să mănânce banii , fără a primi biletul...Nu mai zic de faptul că poți pleca si cu o oră de acasă către serviciu,  tot întârzii..ati băgat o regulă imposibilă...azi am coborât ca ati dat bătrânii jos din 28 pe.motiv ca doar cine are loc pe scaun stă, am înțeles,  dar suplimentati autobuzele !",punctualitate,"Tonomatele.voastre de bilete nu fac altceva decât să mănânce banii , fără a primi biletul...Nu mai zic de faptul că poți pleca si cu o oră de acasă către serviciu,  tot întârzii..ati băgat o regulă imposibilă...azi am coborât ca ati dat bătrânii jos din 28 pe.motiv ca doar cine are loc pe scaun stă, am înțeles,  dar suplimentati autobuzele !","poți pleca si cu o oră de acasă către serviciu, tot întârzii",negativ,0
102,"aspect: frecventa. fragment: suplimentati autobuzele. text: Tonomatele.voastre de bilete nu fac altceva decât să mănânce banii , fără a primi biletul...Nu mai zic de faptul că poți pleca si cu o oră de acasă către serviciu,  tot întârzii..ati băgat o regulă imposibilă...azi am coborât ca ati dat bătrânii jos din 28 pe.motiv ca doar cine are loc pe scaun stă, am înțeles,  dar suplimentati autobuzele !",frecventa,"Tonomatele.voastre de bilete nu fac altceva decât să mănânce banii , fără a primi biletul...Nu mai zic de faptul că poți pleca si cu o oră de acasă către serviciu,  tot întârzii..ati băgat o regulă imposibilă...azi am coborât ca ati dat bătrânii jos din 28 pe.motiv ca doar cine are loc pe scaun stă, am înțeles,  dar suplimentati autobuzele !",suplimentati autobuzele,negativ,0
103,"aspect: aglomeratie. fragment: Se face concurs de prins locuri pe scaune, suplimentati numarul de autobuze pe traseele aglomerate. text: Proasta organizare! Se face concurs de prins locuri pe scaune...Incredibil! Suplimentati numarul de autobuze pe traseele aglomerate!!!",aglomeratie,Proasta organizare! Se face concurs de prins locuri pe scaune...Incredibil! Suplimentati numarul de autobuze pe traseele aglomerate!!!,"Se face concurs de prins locuri pe scaune, suplimentati numarul de autobuze pe traseele aglomerate",negativ,0
104,"aspect: organizare. fragment: nu se adapteaza nevoilor cetatenilor, restrictii fara creearea conditiilor respectarii legii. text: o companie de tot cacatul.
nu se adapteaza nevoilor cetatenilor
restrictii fara creearea conditiilor respectarii legii",organizare,"o companie de tot cacatul.
nu se adapteaza nevoilor cetatenilor
restrictii fara creearea conditiilor respectarii legii","nu se adapteaza nevoilor cetatenilor, restrictii fara creearea conditiilor respectarii legii",negativ,0
105,"aspect: validare_bilete. fragment: Deschideți dracu tonetele cu bilete, nu toată lumea are card si nu in orice stație este pus automat de bilete. text: Deschideți dracu tonetele cu bilete, daca tot urca jegoșii de controlori, nu nu toată lumea are card si nu in orice stație este pus automat de bilete.",validare_bilete,"Deschideți dracu tonetele cu bilete, daca tot urca jegoșii de controlori, nu nu toată lumea are card si nu in orice stație este pus automat de bilete.","Deschideți dracu tonetele cu bilete, nu toată lumea are card si nu in orice stație este pus automat de bilete",negativ,0
106,"aspect: frecventa. fragment: In fiecare zi aștept in stație 30-45 minute ca să vina un tramvai în care sa nu am loc sa urc. text: In fiecare zi aștept in stație 30-45 minute ca să vina un tramvai în care sa nu am loc sa urc. Aloo!!!! Treziți-vă la realitate... Ce modernizare?! Fiecare face ce vrea în tramvai sau autobuz.. Nu se respecta regulile distantare și nici măcar cele de bun simt. Oamenii urca fără mănuși, iar masca a devenit un accesoriu pentru gușă. Ca sa existe distantare între oameni de ce nu suplimentati numărul de mijloace de transport? Dacă stam deja piele lângă piele cu omul care urca fără mănuși și cu masca sub nas este ceva normal? Normal este sa vina tramvaiul mai des ca să poată exista posibilitatea de a mai sta încă 10 minute în stație, dar sa știi ca nu trebuie sa suporți condițiile actuale de transport (zero aer condiționat, zero siguranță în condițiile actuale). În fiecare dimineață la ora 6:30-7:30 toti își arunca injurii pentru ca nu au loc în tramvai. Deci cand o sa avem mijloc transport civilizat și cu condiții de un oraș ce se crede a fi unul important?",frecventa,"In fiecare zi aștept in stație 30-45 minute ca să vina un tramvai în care sa nu am loc sa urc. Aloo!!!! Treziți-vă la realitate... Ce modernizare?! Fiecare face ce vrea în tramvai sau autobuz.. Nu se respecta regulile distantare și nici măcar cele de bun simt. Oamenii urca fără mănuși, iar masca a devenit un accesoriu pentru gușă. Ca sa existe distantare între oameni de ce nu suplimentati numărul de mijloace de transport? Dacă stam deja piele lângă piele cu omul care urca fără mănuși și cu masca sub nas este ceva normal? Normal este sa vina tramvaiul mai des ca să poată exista posibilitatea de a mai sta încă 10 minute în stație, dar sa știi ca nu trebuie sa suporți condițiile actuale de transport (zero aer condiționat, zero siguranță în condițiile actuale). În fiecare dimineață la ora 6:30-7:30 toti își arunca injurii pentru ca nu au loc în tramvai. Deci cand o sa avem mijloc transport civilizat și cu condiții de un oraș ce se crede a fi unul important?",In fiecare zi aștept in stație 30-45 minute ca să vina un tramvai în care sa nu am loc sa urc,negativ,0
106,"aspect: aglomeratie. fragment: stam piele lângă piele cu omul care urca fără mănuși și cu masca sub nas. text: In fiecare zi aștept in stație 30-45 minute ca să vina un tramvai în care sa nu am loc sa urc. Aloo!!!! Treziți-vă la realitate... Ce modernizare?! Fiecare face ce vrea în tramvai sau autobuz.. Nu se respecta regulile distantare și nici măcar cele de bun simt. Oamenii urca fără mănuși, iar masca a devenit un accesoriu pentru gușă. Ca sa existe distantare între oameni de ce nu suplimentati numărul de mijloace de transport? Dacă stam deja piele lângă piele cu omul care urca fără mănuși și cu masca sub nas este ceva normal? Normal este sa vina tramvaiul mai des ca să poată exista posibilitatea de a mai sta încă 10 minute în stație, dar sa știi ca nu trebuie sa suporți condițiile actuale de transport (zero aer condiționat, zero siguranță în condițiile actuale). În fiecare dimineață la ora 6:30-7:30 toti își arunca injurii pentru ca nu au loc în tramvai. Deci cand o sa avem mijloc transport civilizat și cu condiții de un oraș ce se crede a fi unul important?",aglomeratie,"In fiecare zi aștept in stație 30-45 minute ca să vina un tramvai în care sa nu am loc sa urc. Aloo!!!! Treziți-vă la realitate... Ce modernizare?! Fiecare face ce vrea în tramvai sau autobuz.. Nu se respecta regulile distantare și nici măcar cele de bun simt. Oamenii urca fără mănuși, iar masca a devenit un accesoriu pentru gușă. Ca sa existe distantare între oameni de ce nu suplimentati numărul de mijloace de transport? Dacă stam deja piele lângă piele cu omul care urca fără mănuși și cu masca sub nas este ceva normal? Normal este sa vina tramvaiul mai des ca să poată exista posibilitatea de a mai sta încă 10 minute în stație, dar sa știi ca nu trebuie sa suporți condițiile actuale de transport (zero aer condiționat, zero siguranță în condițiile actuale). În fiecare dimineață la ora 6:30-7:30 toti își arunca injurii pentru ca nu au loc în tramvai. Deci cand o sa avem mijloc transport civilizat și cu condiții de un oraș ce se crede a fi unul important?",stam piele lângă piele cu omul care urca fără mănuși și cu masca sub nas,negativ,0
106,"aspect: confort_termic. fragment: zero aer condiționat. text: In fiecare zi aștept in stație 30-45 minute ca să vina un tramvai în care sa nu am loc sa urc. Aloo!!!! Treziți-vă la realitate... Ce modernizare?! Fiecare face ce vrea în tramvai sau autobuz.. Nu se respecta regulile distantare și nici măcar cele de bun simt. Oamenii urca fără mănuși, iar masca a devenit un accesoriu pentru gușă. Ca sa existe distantare între oameni de ce nu suplimentati numărul de mijloace de transport? Dacă stam deja piele lângă piele cu omul care urca fără mănuși și cu masca sub nas este ceva normal? Normal este sa vina tramvaiul mai des ca să poată exista posibilitatea de a mai sta încă 10 minute în stație, dar sa știi ca nu trebuie sa suporți condițiile actuale de transport (zero aer condiționat, zero siguranță în condițiile actuale). În fiecare dimineață la ora 6:30-7:30 toti își arunca injurii pentru ca nu au loc în tramvai. Deci cand o sa avem mijloc transport civilizat și cu condiții de un oraș ce se crede a fi unul important?",confort_termic,"In fiecare zi aștept in stație 30-45 minute ca să vina un tramvai în care sa nu am loc sa urc. Aloo!!!! Treziți-vă la realitate... Ce modernizare?! Fiecare face ce vrea în tramvai sau autobuz.. Nu se respecta regulile distantare și nici măcar cele de bun simt. Oamenii urca fără mănuși, iar masca a devenit un accesoriu pentru gușă. Ca sa existe distantare între oameni de ce nu suplimentati numărul de mijloace de transport? Dacă stam deja piele lângă piele cu omul care urca fără mănuși și cu masca sub nas este ceva normal? Normal este sa vina tramvaiul mai des ca să poată exista posibilitatea de a mai sta încă 10 minute în stație, dar sa știi ca nu trebuie sa suporți condițiile actuale de transport (zero aer condiționat, zero siguranță în condițiile actuale). În fiecare dimineață la ora 6:30-7:30 toti își arunca injurii pentru ca nu au loc în tramvai. Deci cand o sa avem mijloc transport civilizat și cu condiții de un oraș ce se crede a fi unul important?",zero aer condiționat,negativ,0
108,"aspect: soferi_vatmani. fragment: nu s-a sinchisit sa opreasca cateva secunde in statia dr. Savini, era mult prea grabit sa ajunga la depou. text: multumesc domnului vatman care la ora asta tarzie din noapte (22:10) nu s-a sinchisit sa opreasca cateva secunde in statia dr. Savini. era mult prea grabit sa ajunga la depou. degeaba ai masca, degeaba ai manusi, degeaba ai cardul pregatit si degeaba esti inghetat de frig dupa vreo 20 de minute de asteptat. nu-i bai, in restul minutelor cat mai am de asteptat o sa ma sterg de praful care mi s-a pus pe haine, dupa ce a ridicat mare colb, la ce viteza avea. pe timp de criza sunteti mare leguma (varza).",soferi_vatmani,"multumesc domnului vatman care la ora asta tarzie din noapte (22:10) nu s-a sinchisit sa opreasca cateva secunde in statia dr. Savini. era mult prea grabit sa ajunga la depou. degeaba ai masca, degeaba ai manusi, degeaba ai cardul pregatit si degeaba esti inghetat de frig dupa vreo 20 de minute de asteptat. nu-i bai, in restul minutelor cat mai am de asteptat o sa ma sterg de praful care mi s-a pus pe haine, dupa ce a ridicat mare colb, la ce viteza avea. pe timp de criza sunteti mare leguma (varza).","nu s-a sinchisit sa opreasca cateva secunde in statia dr. Savini, era mult prea grabit sa ajunga la depou",negativ,0
108,"aspect: frecventa. fragment: degeaba esti inghetat de frig dupa vreo 20 de minute de asteptat. text: multumesc domnului vatman care la ora asta tarzie din noapte (22:10) nu s-a sinchisit sa opreasca cateva secunde in statia dr. Savini. era mult prea grabit sa ajunga la depou. degeaba ai masca, degeaba ai manusi, degeaba ai cardul pregatit si degeaba esti inghetat de frig dupa vreo 20 de minute de asteptat. nu-i bai, in restul minutelor cat mai am de asteptat o sa ma sterg de praful care mi s-a pus pe haine, dupa ce a ridicat mare colb, la ce viteza avea. pe timp de criza sunteti mare leguma (varza).",frecventa,"multumesc domnului vatman care la ora asta tarzie din noapte (22:10) nu s-a sinchisit sa opreasca cateva secunde in statia dr. Savini. era mult prea grabit sa ajunga la depou. degeaba ai masca, degeaba ai manusi, degeaba ai cardul pregatit si degeaba esti inghetat de frig dupa vreo 20 de minute de asteptat. nu-i bai, in restul minutelor cat mai am de asteptat o sa ma sterg de praful care mi s-a pus pe haine, dupa ce a ridicat mare colb, la ce viteza avea. pe timp de criza sunteti mare leguma (varza).",degeaba esti inghetat de frig dupa vreo 20 de minute de asteptat,negativ,0
108,"aspect: confort_termic. fragment: inghetat de frig dupa vreo 20 de minute de asteptat. text: multumesc domnului vatman care la ora asta tarzie din noapte (22:10) nu s-a sinchisit sa opreasca cateva secunde in statia dr. Savini. era mult prea grabit sa ajunga la depou. degeaba ai masca, degeaba ai manusi, degeaba ai cardul pregatit si degeaba esti inghetat de frig dupa vreo 20 de minute de asteptat. nu-i bai, in restul minutelor cat mai am de asteptat o sa ma sterg de praful care mi s-a pus pe haine, dupa ce a ridicat mare colb, la ce viteza avea. pe timp de criza sunteti mare leguma (varza).",confort_termic,"multumesc domnului vatman care la ora asta tarzie din noapte (22:10) nu s-a sinchisit sa opreasca cateva secunde in statia dr. Savini. era mult prea grabit sa ajunga la depou. degeaba ai masca, degeaba ai manusi, degeaba ai cardul pregatit si degeaba esti inghetat de frig dupa vreo 20 de minute de asteptat. nu-i bai, in restul minutelor cat mai am de asteptat o sa ma sterg de praful care mi s-a pus pe haine, dupa ce a ridicat mare colb, la ce viteza avea. pe timp de criza sunteti mare leguma (varza).",inghetat de frig dupa vreo 20 de minute de asteptat,negativ,0
110,aspect: punctualitate. fragment: Program de criza pana la ora 8 și autobuzele se retrag la garaj de la 7 jum. text: Program de criza pana la ora 8 și autobuzele se retrag la garaj de la 7 jum. Va bateti joc de oameni. Soferi care ne iau in ras ca stam in statii. Pic de respect nu aveti pentru cetățeni!!!,punctualitate,Program de criza pana la ora 8 și autobuzele se retrag la garaj de la 7 jum. Va bateti joc de oameni. Soferi care ne iau in ras ca stam in statii. Pic de respect nu aveti pentru cetățeni!!!,Program de criza pana la ora 8 și autobuzele se retrag la garaj de la 7 jum,negativ,0
110,aspect: soferi_vatmani. fragment: Soferi care ne iau in ras ca stam in statii. text: Program de criza pana la ora 8 și autobuzele se retrag la garaj de la 7 jum. Va bateti joc de oameni. Soferi care ne iau in ras ca stam in statii. Pic de respect nu aveti pentru cetățeni!!!,soferi_vatmani,Program de criza pana la ora 8 și autobuzele se retrag la garaj de la 7 jum. Va bateti joc de oameni. Soferi care ne iau in ras ca stam in statii. Pic de respect nu aveti pentru cetățeni!!!,Soferi care ne iau in ras ca stam in statii,negativ,0
112,aspect: validare_bilete. fragment: Cei care nu lucreaza la tonete in weekend merita sa li se ia din salariu. text: Cei care nu lucreaza la tonete in weekend merita sa li se ia din salariu!,validare_bilete,Cei care nu lucreaza la tonete in weekend merita sa li se ia din salariu!,Cei care nu lucreaza la tonete in weekend merita sa li se ia din salariu,negativ,0
115,"aspect: stare_vehicule. fragment: în zona CUG circula aproape numai autobuze vechi, în restul zonelor vad autobuze noi, în mare parte, dar in zona Cug numai vechituri. text: Nu pot sa recomand din cauza situației din zona CUG, este singura zona în care circula aproape numai  autobuze vechi(pe toate rutele), este de neînțeles, în restul zonelor vad autobuze noi, în mare parte, dar in zona Cug numai vechituri. Nu pot sa înțeleg căre i motivul...",stare_vehicule,"Nu pot sa recomand din cauza situației din zona CUG, este singura zona în care circula aproape numai  autobuze vechi(pe toate rutele), este de neînțeles, în restul zonelor vad autobuze noi, în mare parte, dar in zona Cug numai vechituri. Nu pot sa înțeleg căre i motivul...","în zona CUG circula aproape numai autobuze vechi, în restul zonelor vad autobuze noi, în mare parte, dar in zona Cug numai vechituri",negativ,0
116,"aspect: soferi_vatmani. fragment: Autobuzul pe linia 42 nu a oprit în stația de la sindicate, deși avea călători. A intrat în alveola, oamenii s-au îndreptat spre uși și apoi a plecat. text: Autobuzul pe linia 42 cu nr de înmatriculare   IS 11 XKI nu a oprit în stația de la sindicate, deși avea călători. A intrat în alveola pentru autobuze, moment în care oamenii din stație s-au îndreptat spre uși și apoi a plecat, manevră deloc sigură pentru acei călători.",soferi_vatmani,"Autobuzul pe linia 42 cu nr de înmatriculare   IS 11 XKI nu a oprit în stația de la sindicate, deși avea călători. A intrat în alveola pentru autobuze, moment în care oamenii din stație s-au îndreptat spre uși și apoi a plecat, manevră deloc sigură pentru acei călători.","Autobuzul pe linia 42 nu a oprit în stația de la sindicate, deși avea călători. A intrat în alveola, oamenii s-au îndreptat spre uși și apoi a plecat",negativ,0
116,"aspect: siguranta. fragment: manevră deloc sigură pentru acei călători. text: Autobuzul pe linia 42 cu nr de înmatriculare   IS 11 XKI nu a oprit în stația de la sindicate, deși avea călători. A intrat în alveola pentru autobuze, moment în care oamenii din stație s-au îndreptat spre uși și apoi a plecat, manevră deloc sigură pentru acei călători.",siguranta,"Autobuzul pe linia 42 cu nr de înmatriculare   IS 11 XKI nu a oprit în stația de la sindicate, deși avea călători. A intrat în alveola pentru autobuze, moment în care oamenii din stație s-au îndreptat spre uși și apoi a plecat, manevră deloc sigură pentru acei călători.",manevră deloc sigură pentru acei călători,negativ,0
117,"aspect: siguranta. fragment: calatorii care au gratuitati sau care circula fraudulos deterioreaza scaunele si agreseaza calatorii, le sustrag obiecte. text: Sa nu fie indiferenta la calatorii care au gratuitati sau care circula fraudulos deoarece acestia sunt primii care deterioreaza scaunele si agreseaza calatorii,le sustrag obiecte...",siguranta,"Sa nu fie indiferenta la calatorii care au gratuitati sau care circula fraudulos deoarece acestia sunt primii care deterioreaza scaunele si agreseaza calatorii,le sustrag obiecte...","calatorii care au gratuitati sau care circula fraudulos deterioreaza scaunele si agreseaza calatorii, le sustrag obiecte",negativ,0
117,"aspect: controlori. fragment: Sa nu fie indiferenta la calatorii care circula fraudulos. text: Sa nu fie indiferenta la calatorii care au gratuitati sau care circula fraudulos deoarece acestia sunt primii care deterioreaza scaunele si agreseaza calatorii,le sustrag obiecte...",controlori,"Sa nu fie indiferenta la calatorii care au gratuitati sau care circula fraudulos deoarece acestia sunt primii care deterioreaza scaunele si agreseaza calatorii,le sustrag obiecte...",Sa nu fie indiferenta la calatorii care circula fraudulos,negativ,0
118,aspect: curatenie. fragment: era fortefffffff murdar cu un miros puternic. text: Pentru ca m-am urcat chiar azi intrav141 și era fortefffffff murdar cu un miros puternic și vatmanu state de vorba cu o persona 5 stați cit am mers  Nu este de mers cu așa mijloce de traport,curatenie,Pentru ca m-am urcat chiar azi intrav141 și era fortefffffff murdar cu un miros puternic și vatmanu state de vorba cu o persona 5 stați cit am mers  Nu este de mers cu așa mijloce de traport,era fortefffffff murdar cu un miros puternic,negativ,0
118,aspect: soferi_vatmani. fragment: vatmanu state de vorba cu o persona 5 stați cit am mers. text: Pentru ca m-am urcat chiar azi intrav141 și era fortefffffff murdar cu un miros puternic și vatmanu state de vorba cu o persona 5 stați cit am mers  Nu este de mers cu așa mijloce de traport,soferi_vatmani,Pentru ca m-am urcat chiar azi intrav141 și era fortefffffff murdar cu un miros puternic și vatmanu state de vorba cu o persona 5 stați cit am mers  Nu este de mers cu așa mijloce de traport,vatmanu state de vorba cu o persona 5 stați cit am mers,negativ,0
119,aspect: confort_termic. fragment: Nici macar caldura nu vor sa dea. text: Nici macar caldura nu vor sa dea!!!!!! 😠 😠 😠 😠 😠 😠 😠 😠 😠 😠 😠 😠 😠 😠 😠 😠 😠 😠 😠 😠 😠 😠 😠,confort_termic,Nici macar caldura nu vor sa dea!!!!!! 😠 😠 😠 😠 😠 😠 😠 😠 😠 😠 😠 😠 😠 😠 😠 😠 😠 😠 😠 😠 😠 😠 😠,Nici macar caldura nu vor sa dea,negativ,0
120,"aspect: relatii_clienti. fragment: Nu sunt respectate persoanele care folosesc transportul în comun. Înainte de a face angajări, asigurați-vă că noii angajați au respect față de oameni. text: Oameni incapabili de a lucra în acest domeniu! Nu sunt respectate persoanele care folosesc transportul în comun. Înainte de a face angajări, asigurați-vă că noii angajați au respect față de oameni!",relatii_clienti,"Oameni incapabili de a lucra în acest domeniu! Nu sunt respectate persoanele care folosesc transportul în comun. Înainte de a face angajări, asigurați-vă că noii angajați au respect față de oameni!","Nu sunt respectate persoanele care folosesc transportul în comun. Înainte de a face angajări, asigurați-vă că noii angajați au respect față de oameni",negativ,0
121,"aspect: frecventa. fragment: Stau de 30 de min in statia podul de piatră și nu a trecut nici un 5, intre timp trece numai autobuzul 19 de 4 ori. text: Stau de 30 de min in statia  podul de piatră  și nu a trecut nici un 5. Unde stati nebunilor. Intre  timp trece numai autobuzul 19 de 4 ori pana acum .",frecventa,Stau de 30 de min in statia  podul de piatră  și nu a trecut nici un 5. Unde stati nebunilor. Intre  timp trece numai autobuzul 19 de 4 ori pana acum .,"Stau de 30 de min in statia podul de piatră și nu a trecut nici un 5, intre timp trece numai autobuzul 19 de 4 ori",negativ,0
123,"aspect: pret. fragment: tarife bune. text: Servicii bune, tarife bune, bine gandit sistemul insa exista o mare problema ce ar merita mai multa atentie.
Autobuzul nr. 36, unul dintre cele mai aglomerate si utilizate din Iasi circula foarte greu! De fiecare data autobuzul este plin, mai ales atunci cand coboara Copoul si cand pleaca de la gara iar oamenii sunt nevoiti sa astepte chiar si 2 3 autobuze pentru a reusi sa urce. Eu personal am patit sa pierd trenul de 2 ori desi eram in statie cu o ora mai devreme si sa dureze o ora sa ajung de la gara in Copou datorita acestei probleme. Ar trebui suplimentat numai de cat nr autobuzelor pe acest traseu pentru ca desi sunt mereu pline, circula foarte foarte greu!",pret,"Servicii bune, tarife bune, bine gandit sistemul insa exista o mare problema ce ar merita mai multa atentie.
Autobuzul nr. 36, unul dintre cele mai aglomerate si utilizate din Iasi circula foarte greu! De fiecare data autobuzul este plin, mai ales atunci cand coboara Copoul si cand pleaca de la gara iar oamenii sunt nevoiti sa astepte chiar si 2 3 autobuze pentru a reusi sa urce. Eu personal am patit sa pierd trenul de 2 ori desi eram in statie cu o ora mai devreme si sa dureze o ora sa ajung de la gara in Copou datorita acestei probleme. Ar trebui suplimentat numai de cat nr autobuzelor pe acest traseu pentru ca desi sunt mereu pline, circula foarte foarte greu!",tarife bune,pozitiv,2
123,"aspect: frecventa. fragment: autobuzul este plin, oamenii sunt nevoiti sa astepte chiar si 2 3 autobuze pentru a reusi sa urce, circula foarte foarte greu. text: Servicii bune, tarife bune, bine gandit sistemul insa exista o mare problema ce ar merita mai multa atentie.
Autobuzul nr. 36, unul dintre cele mai aglomerate si utilizate din Iasi circula foarte greu! De fiecare data autobuzul este plin, mai ales atunci cand coboara Copoul si cand pleaca de la gara iar oamenii sunt nevoiti sa astepte chiar si 2 3 autobuze pentru a reusi sa urce. Eu personal am patit sa pierd trenul de 2 ori desi eram in statie cu o ora mai devreme si sa dureze o ora sa ajung de la gara in Copou datorita acestei probleme. Ar trebui suplimentat numai de cat nr autobuzelor pe acest traseu pentru ca desi sunt mereu pline, circula foarte foarte greu!",frecventa,"Servicii bune, tarife bune, bine gandit sistemul insa exista o mare problema ce ar merita mai multa atentie.
Autobuzul nr. 36, unul dintre cele mai aglomerate si utilizate din Iasi circula foarte greu! De fiecare data autobuzul este plin, mai ales atunci cand coboara Copoul si cand pleaca de la gara iar oamenii sunt nevoiti sa astepte chiar si 2 3 autobuze pentru a reusi sa urce. Eu personal am patit sa pierd trenul de 2 ori desi eram in statie cu o ora mai devreme si sa dureze o ora sa ajung de la gara in Copou datorita acestei probleme. Ar trebui suplimentat numai de cat nr autobuzelor pe acest traseu pentru ca desi sunt mereu pline, circula foarte foarte greu!","autobuzul este plin, oamenii sunt nevoiti sa astepte chiar si 2 3 autobuze pentru a reusi sa urce, circula foarte foarte greu",negativ,0
123,"aspect: aglomeratie. fragment: De fiecare data autobuzul este plin, mai ales atunci cand coboara Copoul si cand pleaca de la gara. text: Servicii bune, tarife bune, bine gandit sistemul insa exista o mare problema ce ar merita mai multa atentie.
Autobuzul nr. 36, unul dintre cele mai aglomerate si utilizate din Iasi circula foarte greu! De fiecare data autobuzul este plin, mai ales atunci cand coboara Copoul si cand pleaca de la gara iar oamenii sunt nevoiti sa astepte chiar si 2 3 autobuze pentru a reusi sa urce. Eu personal am patit sa pierd trenul de 2 ori desi eram in statie cu o ora mai devreme si sa dureze o ora sa ajung de la gara in Copou datorita acestei probleme. Ar trebui suplimentat numai de cat nr autobuzelor pe acest traseu pentru ca desi sunt mereu pline, circula foarte foarte greu!",aglomeratie,"Servicii bune, tarife bune, bine gandit sistemul insa exista o mare problema ce ar merita mai multa atentie.
Autobuzul nr. 36, unul dintre cele mai aglomerate si utilizate din Iasi circula foarte greu! De fiecare data autobuzul este plin, mai ales atunci cand coboara Copoul si cand pleaca de la gara iar oamenii sunt nevoiti sa astepte chiar si 2 3 autobuze pentru a reusi sa urce. Eu personal am patit sa pierd trenul de 2 ori desi eram in statie cu o ora mai devreme si sa dureze o ora sa ajung de la gara in Copou datorita acestei probleme. Ar trebui suplimentat numai de cat nr autobuzelor pe acest traseu pentru ca desi sunt mereu pline, circula foarte foarte greu!","De fiecare data autobuzul este plin, mai ales atunci cand coboara Copoul si cand pleaca de la gara",negativ,0
124,"aspect: frecventa. fragment: Sa fie puse in circulatie autobuze mai multe, la intervale mai scurte. E groaznic ce se intampla dimineata in intervalul 7-8. text: Sa fie puse in circulatie autobuze mai multe, la intervale mai scurte. E groaznic ce se intampla dimineata in intervalul 7-8!!!",frecventa,"Sa fie puse in circulatie autobuze mai multe, la intervale mai scurte. E groaznic ce se intampla dimineata in intervalul 7-8!!!","Sa fie puse in circulatie autobuze mai multe, la intervale mai scurte. E groaznic ce se intampla dimineata in intervalul 7-8",negativ,0
125,aspect: frecventa. fragment: poti sa mergi oriunde vrei si nu astepti mult in statie. text: poti sa mergi oriunde vrei si nu astepti mult in stati am si eu o intrebare poate la anul o sa avem si noi autobuze pe ruta Iasi-Rediu cum au cei din Miroslava,frecventa,poti sa mergi oriunde vrei si nu astepti mult in stati am si eu o intrebare poate la anul o sa avem si noi autobuze pe ruta Iasi-Rediu cum au cei din Miroslava,poti sa mergi oriunde vrei si nu astepti mult in statie,pozitiv,2
125,aspect: acoperire_rute. fragment: poate la anul o sa avem si noi autobuze pe ruta Iasi-Rediu. text: poti sa mergi oriunde vrei si nu astepti mult in stati am si eu o intrebare poate la anul o sa avem si noi autobuze pe ruta Iasi-Rediu cum au cei din Miroslava,acoperire_rute,poti sa mergi oriunde vrei si nu astepti mult in stati am si eu o intrebare poate la anul o sa avem si noi autobuze pe ruta Iasi-Rediu cum au cei din Miroslava,poate la anul o sa avem si noi autobuze pe ruta Iasi-Rediu,negativ,0
127,"aspect: frecventa. fragment: Dacă vrei să iti bați joc de cineva, il obligi sa circule cu autobuzul 28 la ora 8 dimineața, îl obligi să aștepte un autobuz pe ruta Mircea cel Bătrân-Galata-Gara Internațională Nicolina. text: Dacă vrei să iti bați joc de cineva,  il obligi sa circule cu autobuzul 28 la ora 8 dimineața pe ruta Galata - Podu Roș.
Dacă vrei  să îți bați oricum joc de cineva, îl obligi să aștepte un autobuz pe ruta Mircea cel Bătrân- Galata - Gara Internațională  Nicolina ..Podu Roș.",frecventa,"Dacă vrei să iti bați joc de cineva,  il obligi sa circule cu autobuzul 28 la ora 8 dimineața pe ruta Galata - Podu Roș.
Dacă vrei  să îți bați oricum joc de cineva, îl obligi să aștepte un autobuz pe ruta Mircea cel Bătrân- Galata - Gara Internațională  Nicolina ..Podu Roș.","Dacă vrei să iti bați joc de cineva, il obligi sa circule cu autobuzul 28 la ora 8 dimineața, îl obligi să aștepte un autobuz pe ruta Mircea cel Bătrân-Galata-Gara Internațională Nicolina",negativ,0
128,"aspect: punctualitate. fragment: să vină la timp, nu la un interval de timp aiurea. text: nu mă interesează cum ar putea fi îmbunătățită o pagină de facebook,  mă interesează să circul cu un autobuz decent, care să vină la timp, nu la un interval de timp aiurea, aș vrea să nu îmi între tocul prin podeaua autobuzului, să nu îngheț într o  stație minute în șir,  așteptând",punctualitate,"nu mă interesează cum ar putea fi îmbunătățită o pagină de facebook,  mă interesează să circul cu un autobuz decent, care să vină la timp, nu la un interval de timp aiurea, aș vrea să nu îmi între tocul prin podeaua autobuzului, să nu îngheț într o  stație minute în șir,  așteptând","să vină la timp, nu la un interval de timp aiurea",negativ,0
128,"aspect: stare_vehicule. fragment: aș vrea să nu îmi între tocul prin podeaua autobuzului. text: nu mă interesează cum ar putea fi îmbunătățită o pagină de facebook,  mă interesează să circul cu un autobuz decent, care să vină la timp, nu la un interval de timp aiurea, aș vrea să nu îmi între tocul prin podeaua autobuzului, să nu îngheț într o  stație minute în șir,  așteptând",stare_vehicule,"nu mă interesează cum ar putea fi îmbunătățită o pagină de facebook,  mă interesează să circul cu un autobuz decent, care să vină la timp, nu la un interval de timp aiurea, aș vrea să nu îmi între tocul prin podeaua autobuzului, să nu îngheț într o  stație minute în șir,  așteptând",aș vrea să nu îmi între tocul prin podeaua autobuzului,negativ,0
128,"aspect: confort_termic. fragment: să nu îngheț într o stație minute în șir, așteptând. text: nu mă interesează cum ar putea fi îmbunătățită o pagină de facebook,  mă interesează să circul cu un autobuz decent, care să vină la timp, nu la un interval de timp aiurea, aș vrea să nu îmi între tocul prin podeaua autobuzului, să nu îngheț într o  stație minute în șir,  așteptând",confort_termic,"nu mă interesează cum ar putea fi îmbunătățită o pagină de facebook,  mă interesează să circul cu un autobuz decent, care să vină la timp, nu la un interval de timp aiurea, aș vrea să nu îmi între tocul prin podeaua autobuzului, să nu îngheț într o  stație minute în șir,  așteptând","să nu îngheț într o stație minute în șir, așteptând",negativ,0
129,"aspect: frecventa. fragment: Stai jumatate de ora in statie, dupa care vin 2 autobuze ambele 30 unul dupa altul. text: 27 noiembrie.Stai jumatate de ora in statie,dupa care vin 2 autobuze ambele 30 unul dupa altul,primul foarte aglomerat,astept sa opreasca celalalt care este mai liber,dar surpriza,celalalt nu mai opreste,sau poate inteleg eu gresit ca este datoria lor sa opreasca in fiecare statie!Frumos!",frecventa,"27 noiembrie.Stai jumatate de ora in statie,dupa care vin 2 autobuze ambele 30 unul dupa altul,primul foarte aglomerat,astept sa opreasca celalalt care este mai liber,dar surpriza,celalalt nu mai opreste,sau poate inteleg eu gresit ca este datoria lor sa opreasca in fiecare statie!Frumos!","Stai jumatate de ora in statie, dupa care vin 2 autobuze ambele 30 unul dupa altul",negativ,0
129,"aspect: aglomeratie. fragment: primul foarte aglomerat. text: 27 noiembrie.Stai jumatate de ora in statie,dupa care vin 2 autobuze ambele 30 unul dupa altul,primul foarte aglomerat,astept sa opreasca celalalt care este mai liber,dar surpriza,celalalt nu mai opreste,sau poate inteleg eu gresit ca este datoria lor sa opreasca in fiecare statie!Frumos!",aglomeratie,"27 noiembrie.Stai jumatate de ora in statie,dupa care vin 2 autobuze ambele 30 unul dupa altul,primul foarte aglomerat,astept sa opreasca celalalt care este mai liber,dar surpriza,celalalt nu mai opreste,sau poate inteleg eu gresit ca este datoria lor sa opreasca in fiecare statie!Frumos!",primul foarte aglomerat,negativ,0
129,"aspect: soferi_vatmani. fragment: celalalt nu mai opreste, poate inteleg eu gresit ca este datoria lor sa opreasca in fiecare statie. text: 27 noiembrie.Stai jumatate de ora in statie,dupa care vin 2 autobuze ambele 30 unul dupa altul,primul foarte aglomerat,astept sa opreasca celalalt care este mai liber,dar surpriza,celalalt nu mai opreste,sau poate inteleg eu gresit ca este datoria lor sa opreasca in fiecare statie!Frumos!",soferi_vatmani,"27 noiembrie.Stai jumatate de ora in statie,dupa care vin 2 autobuze ambele 30 unul dupa altul,primul foarte aglomerat,astept sa opreasca celalalt care este mai liber,dar surpriza,celalalt nu mai opreste,sau poate inteleg eu gresit ca este datoria lor sa opreasca in fiecare statie!Frumos!","celalalt nu mai opreste, poate inteleg eu gresit ca este datoria lor sa opreasca in fiecare statie",negativ,0
130,"aspect: controlori. fragment: niste hahalere controlori la ctp. text: Bata-va dumnezeu toti controlorii , niste hahalere 🖕🖕",controlori,"Bata-va dumnezeu toti controlorii , niste hahalere 🖕🖕",niste hahalere controlori la ctp,negativ,0
131,"aspect: frecventa. fragment: Am piersut programarea la medic asteptand 30 de minute tramvaiul 7. text: Am piersut programarea la medic asteptand 30 de minute tramvaiul 7. Am vrut sa fiu eco, sa nu iau masina. M am lamurit.",frecventa,"Am piersut programarea la medic asteptand 30 de minute tramvaiul 7. Am vrut sa fiu eco, sa nu iau masina. M am lamurit.",Am piersut programarea la medic asteptand 30 de minute tramvaiul 7,negativ,0
132,"aspect: validare_bilete. fragment: dacă vă urcați într-un mijloc de transport și credeți că vă puteți plăti călătoria cu cardul bancar vă înșelați amarnic. Dacă POS-ul nu funcționează din vina Compania de Transport Public Iasi sunteți pasibili de amendă. text: Stimați călători,
Aș vrea să vă anunț că dacă vă urcați într-un mijloc de transport în comun și credeți că vă puteți plăti călătoria cu cardul bancar vă înșelați amarnic. Dacă POS-ul nu funcționează din vina Compania de Transport Public Iasi sunteți pasibili de amendă că nu v-ați gândit să vă cumpărați și bilet de la tonetă și să vă instalați și aplicația care necesită înrolarea unui card bancar. Am obținut acest răspuns de la cei ce se ocupă de pagina de FB. 
Cu plăcere!",validare_bilete,"Stimați călători,
Aș vrea să vă anunț că dacă vă urcați într-un mijloc de transport în comun și credeți că vă puteți plăti călătoria cu cardul bancar vă înșelați amarnic. Dacă POS-ul nu funcționează din vina Compania de Transport Public Iasi sunteți pasibili de amendă că nu v-ați gândit să vă cumpărați și bilet de la tonetă și să vă instalați și aplicația care necesită înrolarea unui card bancar. Am obținut acest răspuns de la cei ce se ocupă de pagina de FB. 
Cu plăcere!",dacă vă urcați într-un mijloc de transport și credeți că vă puteți plăti călătoria cu cardul bancar vă înșelați amarnic. Dacă POS-ul nu funcționează din vina Compania de Transport Public Iasi sunteți pasibili de amendă,negativ,0
132,"aspect: relatii_clienti. fragment: Am obținut acest răspuns de la cei ce se ocupă de pagina de FB. text: Stimați călători,
Aș vrea să vă anunț că dacă vă urcați într-un mijloc de transport în comun și credeți că vă puteți plăti călătoria cu cardul bancar vă înșelați amarnic. Dacă POS-ul nu funcționează din vina Compania de Transport Public Iasi sunteți pasibili de amendă că nu v-ați gândit să vă cumpărați și bilet de la tonetă și să vă instalați și aplicația care necesită înrolarea unui card bancar. Am obținut acest răspuns de la cei ce se ocupă de pagina de FB. 
Cu plăcere!",relatii_clienti,"Stimați călători,
Aș vrea să vă anunț că dacă vă urcați într-un mijloc de transport în comun și credeți că vă puteți plăti călătoria cu cardul bancar vă înșelați amarnic. Dacă POS-ul nu funcționează din vina Compania de Transport Public Iasi sunteți pasibili de amendă că nu v-ați gândit să vă cumpărați și bilet de la tonetă și să vă instalați și aplicația care necesită înrolarea unui card bancar. Am obținut acest răspuns de la cei ce se ocupă de pagina de FB. 
Cu plăcere!",Am obținut acest răspuns de la cei ce se ocupă de pagina de FB,negativ,0
133,"aspect: soferi_vatmani. fragment: vatmanului din tramvaiul 13, număr de parc 102, astăzi a fost un erou pentru mine, acesta mi-a găsit portofelul și mi l-a înapoiat. text: Îi mulțumesc mult vatmanului din tramvaiul 13, număr de parc 102, astăzi a fost un erou pentru mine, acesta mi-a găsit portofelul și mi l-a înapoiat. Este un exemplu de cetățean  care trebuie urmat!",soferi_vatmani,"Îi mulțumesc mult vatmanului din tramvaiul 13, număr de parc 102, astăzi a fost un erou pentru mine, acesta mi-a găsit portofelul și mi l-a înapoiat. Este un exemplu de cetățean  care trebuie urmat!","vatmanului din tramvaiul 13, număr de parc 102, astăzi a fost un erou pentru mine, acesta mi-a găsit portofelul și mi l-a înapoiat",pozitiv,2
134,"aspect: frecventa. fragment: putine autobuze pe trasee aglomerate. text: putine autobuze pe trasee aglomerate, respectiv siferii ce nu doresc sa deschida usa din fata",frecventa,"putine autobuze pe trasee aglomerate, respectiv siferii ce nu doresc sa deschida usa din fata",putine autobuze pe trasee aglomerate,negativ,0
134,"aspect: soferi_vatmani. fragment: soferii ce nu doresc sa deschida usa din fata. text: putine autobuze pe trasee aglomerate, respectiv siferii ce nu doresc sa deschida usa din fata",soferi_vatmani,"putine autobuze pe trasee aglomerate, respectiv siferii ce nu doresc sa deschida usa din fata",soferii ce nu doresc sa deschida usa din fata,negativ,0
135,"aspect: aglomeratie. fragment: ne calcăm în picioare și ne înghesuim în tramvai dimineața, că nu stăm decât în picioare tot drumul, că nu putem să respirăm. text: Știți că ne calcăm în picioare și ne înghesuim în tramvai dimineața, că nu stăm decât în picioare tot drumul, că nu putem să respirăm, că îl luăm pe al doilea sau al treilea care vine (asta pe banii noștri)? Și știți de ce vă întreb dacă știți? Pentru că nu cred că voi, conducerea sau cine sunteți, circulați cu tramvaiul. Sunteți groaznici, pe bune. Luați o poză cu tramvaiele alea încărcate din comunism și priviți un pic cât așteptați cu mașina la stop. Ăia suntem noi, doar că azi. Sper ca într-o zi chiar să conteze că suntem mai mulți decât voi.",aglomeratie,"Știți că ne calcăm în picioare și ne înghesuim în tramvai dimineața, că nu stăm decât în picioare tot drumul, că nu putem să respirăm, că îl luăm pe al doilea sau al treilea care vine (asta pe banii noștri)? Și știți de ce vă întreb dacă știți? Pentru că nu cred că voi, conducerea sau cine sunteți, circulați cu tramvaiul. Sunteți groaznici, pe bune. Luați o poză cu tramvaiele alea încărcate din comunism și priviți un pic cât așteptați cu mașina la stop. Ăia suntem noi, doar că azi. Sper ca într-o zi chiar să conteze că suntem mai mulți decât voi.","ne calcăm în picioare și ne înghesuim în tramvai dimineața, că nu stăm decât în picioare tot drumul, că nu putem să respirăm",negativ,0
135,"aspect: stare_vehicule. fragment: tramvaiele alea încărcate din comunism. text: Știți că ne calcăm în picioare și ne înghesuim în tramvai dimineața, că nu stăm decât în picioare tot drumul, că nu putem să respirăm, că îl luăm pe al doilea sau al treilea care vine (asta pe banii noștri)? Și știți de ce vă întreb dacă știți? Pentru că nu cred că voi, conducerea sau cine sunteți, circulați cu tramvaiul. Sunteți groaznici, pe bune. Luați o poză cu tramvaiele alea încărcate din comunism și priviți un pic cât așteptați cu mașina la stop. Ăia suntem noi, doar că azi. Sper ca într-o zi chiar să conteze că suntem mai mulți decât voi.",stare_vehicule,"Știți că ne calcăm în picioare și ne înghesuim în tramvai dimineața, că nu stăm decât în picioare tot drumul, că nu putem să respirăm, că îl luăm pe al doilea sau al treilea care vine (asta pe banii noștri)? Și știți de ce vă întreb dacă știți? Pentru că nu cred că voi, conducerea sau cine sunteți, circulați cu tramvaiul. Sunteți groaznici, pe bune. Luați o poză cu tramvaiele alea încărcate din comunism și priviți un pic cât așteptați cu mașina la stop. Ăia suntem noi, doar că azi. Sper ca într-o zi chiar să conteze că suntem mai mulți decât voi.",tramvaiele alea încărcate din comunism,negativ,0
136,"aspect: frecventa. fragment: astepti in statia Viticola 25-30 minute un autobuz si imediat dupa primul autobuz, vine alt 36, vin unul dupa altul. text: Nu este prima data cand, pe traseul 36, astepti in statia Viticola 25-30 minute un autobuz si imediat dupa primul autobuz, vine alt 36. Eu stiam ca autobuzele ar trebui sa aiba program diferit astfel incat, daca ai ratat un autobuz (pt ca oricum programul nu se respecta absolut deloc), macar sa prinzi altul la 10-15 minute diferenta. Nu e prima data cand sunt pusa in situatia de a alege in care autobuz sa intru, din moment ce vin unul dupa altul. Soferii sunt asa prieteni de nedespartit incat nu se pot desparti macar cand parcurg ruta? Ori unul dintre ei ii da blanao prin oras, iar celalalt nu scoate autobuzul din 20km/h? Pai nu va mai mirati ca oamenii isi cumpără “tigăile” alea de care se plange toata lumea. Intr-un oras universitar, sa fac acumulat 50-60 minute ca sa ajung la munca cu autobuzul, mai degraba las masina pe liber pe Copou, ies mai ieftin.",frecventa,"Nu este prima data cand, pe traseul 36, astepti in statia Viticola 25-30 minute un autobuz si imediat dupa primul autobuz, vine alt 36. Eu stiam ca autobuzele ar trebui sa aiba program diferit astfel incat, daca ai ratat un autobuz (pt ca oricum programul nu se respecta absolut deloc), macar sa prinzi altul la 10-15 minute diferenta. Nu e prima data cand sunt pusa in situatia de a alege in care autobuz sa intru, din moment ce vin unul dupa altul. Soferii sunt asa prieteni de nedespartit incat nu se pot desparti macar cand parcurg ruta? Ori unul dintre ei ii da blanao prin oras, iar celalalt nu scoate autobuzul din 20km/h? Pai nu va mai mirati ca oamenii isi cumpără “tigăile” alea de care se plange toata lumea. Intr-un oras universitar, sa fac acumulat 50-60 minute ca sa ajung la munca cu autobuzul, mai degraba las masina pe liber pe Copou, ies mai ieftin.","astepti in statia Viticola 25-30 minute un autobuz si imediat dupa primul autobuz, vine alt 36, vin unul dupa altul",negativ,0
136,"aspect: punctualitate. fragment: programul nu se respecta absolut deloc. text: Nu este prima data cand, pe traseul 36, astepti in statia Viticola 25-30 minute un autobuz si imediat dupa primul autobuz, vine alt 36. Eu stiam ca autobuzele ar trebui sa aiba program diferit astfel incat, daca ai ratat un autobuz (pt ca oricum programul nu se respecta absolut deloc), macar sa prinzi altul la 10-15 minute diferenta. Nu e prima data cand sunt pusa in situatia de a alege in care autobuz sa intru, din moment ce vin unul dupa altul. Soferii sunt asa prieteni de nedespartit incat nu se pot desparti macar cand parcurg ruta? Ori unul dintre ei ii da blanao prin oras, iar celalalt nu scoate autobuzul din 20km/h? Pai nu va mai mirati ca oamenii isi cumpără “tigăile” alea de care se plange toata lumea. Intr-un oras universitar, sa fac acumulat 50-60 minute ca sa ajung la munca cu autobuzul, mai degraba las masina pe liber pe Copou, ies mai ieftin.",punctualitate,"Nu este prima data cand, pe traseul 36, astepti in statia Viticola 25-30 minute un autobuz si imediat dupa primul autobuz, vine alt 36. Eu stiam ca autobuzele ar trebui sa aiba program diferit astfel incat, daca ai ratat un autobuz (pt ca oricum programul nu se respecta absolut deloc), macar sa prinzi altul la 10-15 minute diferenta. Nu e prima data cand sunt pusa in situatia de a alege in care autobuz sa intru, din moment ce vin unul dupa altul. Soferii sunt asa prieteni de nedespartit incat nu se pot desparti macar cand parcurg ruta? Ori unul dintre ei ii da blanao prin oras, iar celalalt nu scoate autobuzul din 20km/h? Pai nu va mai mirati ca oamenii isi cumpără “tigăile” alea de care se plange toata lumea. Intr-un oras universitar, sa fac acumulat 50-60 minute ca sa ajung la munca cu autobuzul, mai degraba las masina pe liber pe Copou, ies mai ieftin.",programul nu se respecta absolut deloc,negativ,0
136,"aspect: soferi_vatmani. fragment: Soferii sunt asa prieteni de nedespartit incat nu se pot desparti, unul dintre ei ii da blanao prin oras, iar celalalt nu scoate autobuzul din 20km/h. text: Nu este prima data cand, pe traseul 36, astepti in statia Viticola 25-30 minute un autobuz si imediat dupa primul autobuz, vine alt 36. Eu stiam ca autobuzele ar trebui sa aiba program diferit astfel incat, daca ai ratat un autobuz (pt ca oricum programul nu se respecta absolut deloc), macar sa prinzi altul la 10-15 minute diferenta. Nu e prima data cand sunt pusa in situatia de a alege in care autobuz sa intru, din moment ce vin unul dupa altul. Soferii sunt asa prieteni de nedespartit incat nu se pot desparti macar cand parcurg ruta? Ori unul dintre ei ii da blanao prin oras, iar celalalt nu scoate autobuzul din 20km/h? Pai nu va mai mirati ca oamenii isi cumpără “tigăile” alea de care se plange toata lumea. Intr-un oras universitar, sa fac acumulat 50-60 minute ca sa ajung la munca cu autobuzul, mai degraba las masina pe liber pe Copou, ies mai ieftin.",soferi_vatmani,"Nu este prima data cand, pe traseul 36, astepti in statia Viticola 25-30 minute un autobuz si imediat dupa primul autobuz, vine alt 36. Eu stiam ca autobuzele ar trebui sa aiba program diferit astfel incat, daca ai ratat un autobuz (pt ca oricum programul nu se respecta absolut deloc), macar sa prinzi altul la 10-15 minute diferenta. Nu e prima data cand sunt pusa in situatia de a alege in care autobuz sa intru, din moment ce vin unul dupa altul. Soferii sunt asa prieteni de nedespartit incat nu se pot desparti macar cand parcurg ruta? Ori unul dintre ei ii da blanao prin oras, iar celalalt nu scoate autobuzul din 20km/h? Pai nu va mai mirati ca oamenii isi cumpără “tigăile” alea de care se plange toata lumea. Intr-un oras universitar, sa fac acumulat 50-60 minute ca sa ajung la munca cu autobuzul, mai degraba las masina pe liber pe Copou, ies mai ieftin.","Soferii sunt asa prieteni de nedespartit incat nu se pot desparti, unul dintre ei ii da blanao prin oras, iar celalalt nu scoate autobuzul din 20km/h",negativ,0
137,aspect: relatii_clienti. fragment: Change the mentality of its workers. They are not living in a communist country anymore. text: Change the mentality of its  workers. They are not living in a communist country anymore,relatii_clienti,Change the mentality of its  workers. They are not living in a communist country anymore,Change the mentality of its workers. They are not living in a communist country anymore,negativ,0
138,"aspect: punctualitate. fragment: Dacă vrei sa întârzii la munca și nu ai o scuza pentru sefu', ia tramvaiul. text: Dacă vrei sa întârzii la munca și nu ai o scuza pentru sefu', ia tramvaiul! Dacă vrei să începi munca mai târziu decât de obicei, ia tramvaiul! Dacă te-ai saturat de stat în mașină în cozi infernale, ia tramvaiul și stai în el la aceleași cozi! Din păcate nu prea vad nici o soluție care s-ar putea aplica pentru fluidizarea circulației mijloacelor de transport în comun... Vrem aer curat!? De unde sa îl scoatem daca transportul în comun e ""la pământ""?! Mașini, tată ! Sa plouă cu mașini! Nu e vina oamenilor ca iau mașina, ca trebuie sa ajungă si ei cu ceva la munca, iar atâta timp cât nu au un transport în comun cu care sa ajungă la timp la munca... Atunci iau mașinile, normal! Numai bine!",punctualitate,"Dacă vrei sa întârzii la munca și nu ai o scuza pentru sefu', ia tramvaiul! Dacă vrei să începi munca mai târziu decât de obicei, ia tramvaiul! Dacă te-ai saturat de stat în mașină în cozi infernale, ia tramvaiul și stai în el la aceleași cozi! Din păcate nu prea vad nici o soluție care s-ar putea aplica pentru fluidizarea circulației mijloacelor de transport în comun... Vrem aer curat!? De unde sa îl scoatem daca transportul în comun e ""la pământ""?! Mașini, tată ! Sa plouă cu mașini! Nu e vina oamenilor ca iau mașina, ca trebuie sa ajungă si ei cu ceva la munca, iar atâta timp cât nu au un transport în comun cu care sa ajungă la timp la munca... Atunci iau mașinile, normal! Numai bine!","Dacă vrei sa întârzii la munca și nu ai o scuza pentru sefu', ia tramvaiul",negativ,0
138,"aspect: organizare. fragment: nu prea vad nici o soluție care s-ar putea aplica pentru fluidizarea circulației mijloacelor de transport în comun. text: Dacă vrei sa întârzii la munca și nu ai o scuza pentru sefu', ia tramvaiul! Dacă vrei să începi munca mai târziu decât de obicei, ia tramvaiul! Dacă te-ai saturat de stat în mașină în cozi infernale, ia tramvaiul și stai în el la aceleași cozi! Din păcate nu prea vad nici o soluție care s-ar putea aplica pentru fluidizarea circulației mijloacelor de transport în comun... Vrem aer curat!? De unde sa îl scoatem daca transportul în comun e ""la pământ""?! Mașini, tată ! Sa plouă cu mașini! Nu e vina oamenilor ca iau mașina, ca trebuie sa ajungă si ei cu ceva la munca, iar atâta timp cât nu au un transport în comun cu care sa ajungă la timp la munca... Atunci iau mașinile, normal! Numai bine!",organizare,"Dacă vrei sa întârzii la munca și nu ai o scuza pentru sefu', ia tramvaiul! Dacă vrei să începi munca mai târziu decât de obicei, ia tramvaiul! Dacă te-ai saturat de stat în mașină în cozi infernale, ia tramvaiul și stai în el la aceleași cozi! Din păcate nu prea vad nici o soluție care s-ar putea aplica pentru fluidizarea circulației mijloacelor de transport în comun... Vrem aer curat!? De unde sa îl scoatem daca transportul în comun e ""la pământ""?! Mașini, tată ! Sa plouă cu mașini! Nu e vina oamenilor ca iau mașina, ca trebuie sa ajungă si ei cu ceva la munca, iar atâta timp cât nu au un transport în comun cu care sa ajungă la timp la munca... Atunci iau mașinile, normal! Numai bine!",nu prea vad nici o soluție care s-ar putea aplica pentru fluidizarea circulației mijloacelor de transport în comun,negativ,0
139,"aspect: relatii_clienti. fragment: sunt prompti si raspund fiecarui om care are nevoie de informatii. text: Recomand CTP deoarece sunt prompti si raspund fiecarui om care are nevoie de informatii, iar conditiile de transport sunt excelente!
10/10.",relatii_clienti,"Recomand CTP deoarece sunt prompti si raspund fiecarui om care are nevoie de informatii, iar conditiile de transport sunt excelente!
10/10.",sunt prompti si raspund fiecarui om care are nevoie de informatii,pozitiv,2
139,"aspect: confort_termic. fragment: conditiile de transport sunt excelente. text: Recomand CTP deoarece sunt prompti si raspund fiecarui om care are nevoie de informatii, iar conditiile de transport sunt excelente!
10/10.",confort_termic,"Recomand CTP deoarece sunt prompti si raspund fiecarui om care are nevoie de informatii, iar conditiile de transport sunt excelente!
10/10.",conditiile de transport sunt excelente,pozitiv,2
140,"aspect: frecventa. fragment: Primul autobuz 20, a ajuns in statie la 1 Decembrie, după mai bine de 40 de minute. text: 02/10/19. Ora 07/40. Primul autobuz 20, a ajuns in statie la 1 Decembrie, după mai bine de 40 de minute. Șoferul nici nu a mai deschis ușile, ca era prea plin. Între timp, in sens opus, au trecut 3 autobuze...",frecventa,"02/10/19. Ora 07/40. Primul autobuz 20, a ajuns in statie la 1 Decembrie, după mai bine de 40 de minute. Șoferul nici nu a mai deschis ușile, ca era prea plin. Între timp, in sens opus, au trecut 3 autobuze...","Primul autobuz 20, a ajuns in statie la 1 Decembrie, după mai bine de 40 de minute",negativ,0
140,"aspect: soferi_vatmani. fragment: Șoferul nici nu a mai deschis ușile, ca era prea plin. text: 02/10/19. Ora 07/40. Primul autobuz 20, a ajuns in statie la 1 Decembrie, după mai bine de 40 de minute. Șoferul nici nu a mai deschis ușile, ca era prea plin. Între timp, in sens opus, au trecut 3 autobuze...",soferi_vatmani,"02/10/19. Ora 07/40. Primul autobuz 20, a ajuns in statie la 1 Decembrie, după mai bine de 40 de minute. Șoferul nici nu a mai deschis ușile, ca era prea plin. Între timp, in sens opus, au trecut 3 autobuze...","Șoferul nici nu a mai deschis ușile, ca era prea plin",negativ,0
141,"aspect: frecventa. fragment: astepti un 20 in Valea Lupului timp de 40 de minute, dimineata, la ora 7. text: Este inadmisibil sa astepti un 20 in Valea Lupului timp de 40 de minute (dimineata, la ora 7), sa vina, intr-un final, un autobuz plin, iar soferul sa nu deschida usa. Iasi, oras european, secolul XXI.",frecventa,"Este inadmisibil sa astepti un 20 in Valea Lupului timp de 40 de minute (dimineata, la ora 7), sa vina, intr-un final, un autobuz plin, iar soferul sa nu deschida usa. Iasi, oras european, secolul XXI.","astepti un 20 in Valea Lupului timp de 40 de minute, dimineata, la ora 7",negativ,0
141,"aspect: soferi_vatmani. fragment: soferul sa nu deschida usa. text: Este inadmisibil sa astepti un 20 in Valea Lupului timp de 40 de minute (dimineata, la ora 7), sa vina, intr-un final, un autobuz plin, iar soferul sa nu deschida usa. Iasi, oras european, secolul XXI.",soferi_vatmani,"Este inadmisibil sa astepti un 20 in Valea Lupului timp de 40 de minute (dimineata, la ora 7), sa vina, intr-un final, un autobuz plin, iar soferul sa nu deschida usa. Iasi, oras european, secolul XXI.",soferul sa nu deschida usa,negativ,0
142,"aspect: frecventa. fragment: autobuze ce vin arhipline in 40-50 min. text: Sa faci 2 ore din Mircea pana in Pacurari, e putin spus bataie de joc...Plus autobuze ce vin arhipline in 40-50 min...",frecventa,"Sa faci 2 ore din Mircea pana in Pacurari, e putin spus bataie de joc...Plus autobuze ce vin arhipline in 40-50 min...",autobuze ce vin arhipline in 40-50 min,negativ,0
142,"aspect: aglomeratie. fragment: autobuze ce vin arhipline. text: Sa faci 2 ore din Mircea pana in Pacurari, e putin spus bataie de joc...Plus autobuze ce vin arhipline in 40-50 min...",aglomeratie,"Sa faci 2 ore din Mircea pana in Pacurari, e putin spus bataie de joc...Plus autobuze ce vin arhipline in 40-50 min...",autobuze ce vin arhipline,negativ,0
142,"aspect: organizare. fragment: Sa faci 2 ore din Mircea pana in Pacurari, e putin spus bataie de joc. text: Sa faci 2 ore din Mircea pana in Pacurari, e putin spus bataie de joc...Plus autobuze ce vin arhipline in 40-50 min...",organizare,"Sa faci 2 ore din Mircea pana in Pacurari, e putin spus bataie de joc...Plus autobuze ce vin arhipline in 40-50 min...","Sa faci 2 ore din Mircea pana in Pacurari, e putin spus bataie de joc",negativ,0
143,"aspect: relatii_clienti. fragment: felicitari pentru pagina fb care ne tine la curent, asculta parerile utilizatorilor, considera opiniile acestora si incearca sa imbunatateasca serviciile oferite. text: in primul rand felicitari pentru pagina fb care ne tine la curent cu multiplele activitati alle CTP Iasi, in al doilea rand pentru ca asculta parerile utilizatorilor, considera opiniile acestora si incearca sa imbunatateasca serviciile oferite.",relatii_clienti,"in primul rand felicitari pentru pagina fb care ne tine la curent cu multiplele activitati alle CTP Iasi, in al doilea rand pentru ca asculta parerile utilizatorilor, considera opiniile acestora si incearca sa imbunatateasca serviciile oferite.","felicitari pentru pagina fb care ne tine la curent, asculta parerile utilizatorilor, considera opiniile acestora si incearca sa imbunatateasca serviciile oferite",pozitiv,2
144,"aspect: organizare. fragment: Dispecerii de la capat Bucium nu isi fac treaba. Autobuzele nu respecta niciun program, ori pleaca la distanta de jumatate de ora, ori la distanta de 5 minute. text: Dispecerii de la capat Bucium nu isi fac treaba. Autobuzele nu respecta niciun program, ori pleaca la distanta de jumatate de ora, ori la distanta de 5 minute. Se ajunge in situatii in care ori nu e niciun autobuz la capat, ori sunt prea multe. In dimineata asta  sunt 4 de 46 si 2 de 30 numai in Bucium. Asa se ajunge sa stai in statii sa astepti cu zecile de minute.",organizare,"Dispecerii de la capat Bucium nu isi fac treaba. Autobuzele nu respecta niciun program, ori pleaca la distanta de jumatate de ora, ori la distanta de 5 minute. Se ajunge in situatii in care ori nu e niciun autobuz la capat, ori sunt prea multe. In dimineata asta  sunt 4 de 46 si 2 de 30 numai in Bucium. Asa se ajunge sa stai in statii sa astepti cu zecile de minute.","Dispecerii de la capat Bucium nu isi fac treaba. Autobuzele nu respecta niciun program, ori pleaca la distanta de jumatate de ora, ori la distanta de 5 minute",negativ,0
144,"aspect: frecventa. fragment: stai in statii sa astepti cu zecile de minute. text: Dispecerii de la capat Bucium nu isi fac treaba. Autobuzele nu respecta niciun program, ori pleaca la distanta de jumatate de ora, ori la distanta de 5 minute. Se ajunge in situatii in care ori nu e niciun autobuz la capat, ori sunt prea multe. In dimineata asta  sunt 4 de 46 si 2 de 30 numai in Bucium. Asa se ajunge sa stai in statii sa astepti cu zecile de minute.",frecventa,"Dispecerii de la capat Bucium nu isi fac treaba. Autobuzele nu respecta niciun program, ori pleaca la distanta de jumatate de ora, ori la distanta de 5 minute. Se ajunge in situatii in care ori nu e niciun autobuz la capat, ori sunt prea multe. In dimineata asta  sunt 4 de 46 si 2 de 30 numai in Bucium. Asa se ajunge sa stai in statii sa astepti cu zecile de minute.",stai in statii sa astepti cu zecile de minute,negativ,0
145,aspect: organizare. fragment: vin cate 3 autobuze 20 la rand la interval de cateva minute. text: Stiti macar ce flow au autobuzele voastre ? Stiti ca vin cate 3 autobuze 20 la rand la interval de cateva minute ? Cica ati suplimentat cu inceperea anului scolar si ele tot full sunt. Veniti dimineata la ora 7:30 in statie la Moara de foc si vedeti daca puteti lua un 46 sa ajungeti in Tudor. Puneti-va odata GPS-uri pe autobuze sa stim cu totii cand ajung si unde sunt cele 3 autobuze 20.,organizare,Stiti macar ce flow au autobuzele voastre ? Stiti ca vin cate 3 autobuze 20 la rand la interval de cateva minute ? Cica ati suplimentat cu inceperea anului scolar si ele tot full sunt. Veniti dimineata la ora 7:30 in statie la Moara de foc si vedeti daca puteti lua un 46 sa ajungeti in Tudor. Puneti-va odata GPS-uri pe autobuze sa stim cu totii cand ajung si unde sunt cele 3 autobuze 20.,vin cate 3 autobuze 20 la rand la interval de cateva minute,negativ,0
145,aspect: aglomeratie. fragment: ati suplimentat cu inceperea anului scolar si ele tot full sunt. text: Stiti macar ce flow au autobuzele voastre ? Stiti ca vin cate 3 autobuze 20 la rand la interval de cateva minute ? Cica ati suplimentat cu inceperea anului scolar si ele tot full sunt. Veniti dimineata la ora 7:30 in statie la Moara de foc si vedeti daca puteti lua un 46 sa ajungeti in Tudor. Puneti-va odata GPS-uri pe autobuze sa stim cu totii cand ajung si unde sunt cele 3 autobuze 20.,aglomeratie,Stiti macar ce flow au autobuzele voastre ? Stiti ca vin cate 3 autobuze 20 la rand la interval de cateva minute ? Cica ati suplimentat cu inceperea anului scolar si ele tot full sunt. Veniti dimineata la ora 7:30 in statie la Moara de foc si vedeti daca puteti lua un 46 sa ajungeti in Tudor. Puneti-va odata GPS-uri pe autobuze sa stim cu totii cand ajung si unde sunt cele 3 autobuze 20.,ati suplimentat cu inceperea anului scolar si ele tot full sunt,negativ,0
145,aspect: informare_calatori. fragment: Puneti-va odata GPS-uri pe autobuze sa stim cu totii cand ajung si unde sunt. text: Stiti macar ce flow au autobuzele voastre ? Stiti ca vin cate 3 autobuze 20 la rand la interval de cateva minute ? Cica ati suplimentat cu inceperea anului scolar si ele tot full sunt. Veniti dimineata la ora 7:30 in statie la Moara de foc si vedeti daca puteti lua un 46 sa ajungeti in Tudor. Puneti-va odata GPS-uri pe autobuze sa stim cu totii cand ajung si unde sunt cele 3 autobuze 20.,informare_calatori,Stiti macar ce flow au autobuzele voastre ? Stiti ca vin cate 3 autobuze 20 la rand la interval de cateva minute ? Cica ati suplimentat cu inceperea anului scolar si ele tot full sunt. Veniti dimineata la ora 7:30 in statie la Moara de foc si vedeti daca puteti lua un 46 sa ajungeti in Tudor. Puneti-va odata GPS-uri pe autobuze sa stim cu totii cand ajung si unde sunt cele 3 autobuze 20.,Puneti-va odata GPS-uri pe autobuze sa stim cu totii cand ajung si unde sunt,negativ,0
150,"aspect: aglomeratie. fragment: Aglomeratie maxima, om in om, respiratie in respiratie. text: Cel putin in privinta tramvaielor, aceleasi conditii imputite de transport ca in anii '80.
Aglomeratie maxima, om in om, respiratie in respiratie, mult jeg pe barele de care ar trebui sa te tii, geamuri care nu se deschid, lipsa aer conditionat, si multa zdranganeala. Degeaba schimbi liniile de rulare, bagi plata cu cardul, cu aplicatii pe smartphone, ai site, bla bla bla, daca circuli cu tramvaie vechi de juma' de secol.
Logoul companiei ar trebui sa fie: CTP Iasi - Nu suntem in stare. Va multumim.",aglomeratie,"Cel putin in privinta tramvaielor, aceleasi conditii imputite de transport ca in anii '80.
Aglomeratie maxima, om in om, respiratie in respiratie, mult jeg pe barele de care ar trebui sa te tii, geamuri care nu se deschid, lipsa aer conditionat, si multa zdranganeala. Degeaba schimbi liniile de rulare, bagi plata cu cardul, cu aplicatii pe smartphone, ai site, bla bla bla, daca circuli cu tramvaie vechi de juma' de secol.
Logoul companiei ar trebui sa fie: CTP Iasi - Nu suntem in stare. Va multumim.","Aglomeratie maxima, om in om, respiratie in respiratie",negativ,0
150,"aspect: curatenie. fragment: mult jeg pe barele de care ar trebui sa te tii. text: Cel putin in privinta tramvaielor, aceleasi conditii imputite de transport ca in anii '80.
Aglomeratie maxima, om in om, respiratie in respiratie, mult jeg pe barele de care ar trebui sa te tii, geamuri care nu se deschid, lipsa aer conditionat, si multa zdranganeala. Degeaba schimbi liniile de rulare, bagi plata cu cardul, cu aplicatii pe smartphone, ai site, bla bla bla, daca circuli cu tramvaie vechi de juma' de secol.
Logoul companiei ar trebui sa fie: CTP Iasi - Nu suntem in stare. Va multumim.",curatenie,"Cel putin in privinta tramvaielor, aceleasi conditii imputite de transport ca in anii '80.
Aglomeratie maxima, om in om, respiratie in respiratie, mult jeg pe barele de care ar trebui sa te tii, geamuri care nu se deschid, lipsa aer conditionat, si multa zdranganeala. Degeaba schimbi liniile de rulare, bagi plata cu cardul, cu aplicatii pe smartphone, ai site, bla bla bla, daca circuli cu tramvaie vechi de juma' de secol.
Logoul companiei ar trebui sa fie: CTP Iasi - Nu suntem in stare. Va multumim.",mult jeg pe barele de care ar trebui sa te tii,negativ,0
150,"aspect: stare_vehicule. fragment: tramvaie vechi de juma de secol, geamuri care nu se deschid, multa zdranganeala. text: Cel putin in privinta tramvaielor, aceleasi conditii imputite de transport ca in anii '80.
Aglomeratie maxima, om in om, respiratie in respiratie, mult jeg pe barele de care ar trebui sa te tii, geamuri care nu se deschid, lipsa aer conditionat, si multa zdranganeala. Degeaba schimbi liniile de rulare, bagi plata cu cardul, cu aplicatii pe smartphone, ai site, bla bla bla, daca circuli cu tramvaie vechi de juma' de secol.
Logoul companiei ar trebui sa fie: CTP Iasi - Nu suntem in stare. Va multumim.",stare_vehicule,"Cel putin in privinta tramvaielor, aceleasi conditii imputite de transport ca in anii '80.
Aglomeratie maxima, om in om, respiratie in respiratie, mult jeg pe barele de care ar trebui sa te tii, geamuri care nu se deschid, lipsa aer conditionat, si multa zdranganeala. Degeaba schimbi liniile de rulare, bagi plata cu cardul, cu aplicatii pe smartphone, ai site, bla bla bla, daca circuli cu tramvaie vechi de juma' de secol.
Logoul companiei ar trebui sa fie: CTP Iasi - Nu suntem in stare. Va multumim.","tramvaie vechi de juma de secol, geamuri care nu se deschid, multa zdranganeala",negativ,0
150,"aspect: confort_termic. fragment: lipsa aer conditionat. text: Cel putin in privinta tramvaielor, aceleasi conditii imputite de transport ca in anii '80.
Aglomeratie maxima, om in om, respiratie in respiratie, mult jeg pe barele de care ar trebui sa te tii, geamuri care nu se deschid, lipsa aer conditionat, si multa zdranganeala. Degeaba schimbi liniile de rulare, bagi plata cu cardul, cu aplicatii pe smartphone, ai site, bla bla bla, daca circuli cu tramvaie vechi de juma' de secol.
Logoul companiei ar trebui sa fie: CTP Iasi - Nu suntem in stare. Va multumim.",confort_termic,"Cel putin in privinta tramvaielor, aceleasi conditii imputite de transport ca in anii '80.
Aglomeratie maxima, om in om, respiratie in respiratie, mult jeg pe barele de care ar trebui sa te tii, geamuri care nu se deschid, lipsa aer conditionat, si multa zdranganeala. Degeaba schimbi liniile de rulare, bagi plata cu cardul, cu aplicatii pe smartphone, ai site, bla bla bla, daca circuli cu tramvaie vechi de juma' de secol.
Logoul companiei ar trebui sa fie: CTP Iasi - Nu suntem in stare. Va multumim.",lipsa aer conditionat,negativ,0
151,"aspect: confort_termic. fragment: gunoaiele de autobuze fara aer conditionat sunt pe zona 2 a Iasului. text: Toate gunoaiele de autobuze fara aer conditionat sunt pe zona 2 a Iasului, suntem transportati ca niste animale...",confort_termic,"Toate gunoaiele de autobuze fara aer conditionat sunt pe zona 2 a Iasului, suntem transportati ca niste animale...",gunoaiele de autobuze fara aer conditionat sunt pe zona 2 a Iasului,negativ,0
151,"aspect: acoperire_rute. fragment: Toate gunoaiele de autobuze fara aer conditionat sunt pe zona 2 a Iasului. text: Toate gunoaiele de autobuze fara aer conditionat sunt pe zona 2 a Iasului, suntem transportati ca niste animale...",acoperire_rute,"Toate gunoaiele de autobuze fara aer conditionat sunt pe zona 2 a Iasului, suntem transportati ca niste animale...",Toate gunoaiele de autobuze fara aer conditionat sunt pe zona 2 a Iasului,negativ,0
152,"aspect: frecventa. fragment: Seara dupa 22:30 sa nu cumva sa crezi ca mai prinzi vreun autobuz pe rutele 19 sau 30 de la gara spre Podu Ros. text: Seara dupa 22:30 sa nu cumva sa crezi ca mai prinzi vreun autobuz pe rutele 19 sau 30 de la gara spre Podu Ros. Trec toate pe langa tine “curse speciale”, se grabesc sa se duca la garaj. Chiar nu pot lua pasageri, nu? Doar e in drum. Din an in pasti mai e cate un sofer care e ok si face exceptie (in general pe ruta 30b), dar restul, nu se poate, dom’le.",frecventa,"Seara dupa 22:30 sa nu cumva sa crezi ca mai prinzi vreun autobuz pe rutele 19 sau 30 de la gara spre Podu Ros. Trec toate pe langa tine “curse speciale”, se grabesc sa se duca la garaj. Chiar nu pot lua pasageri, nu? Doar e in drum. Din an in pasti mai e cate un sofer care e ok si face exceptie (in general pe ruta 30b), dar restul, nu se poate, dom’le.",Seara dupa 22:30 sa nu cumva sa crezi ca mai prinzi vreun autobuz pe rutele 19 sau 30 de la gara spre Podu Ros,negativ,0
152,"aspect: soferi_vatmani. fragment: Trec toate pe langa tine curse speciale, se grabesc sa se duca la garaj. Chiar nu pot lua pasageri. text: Seara dupa 22:30 sa nu cumva sa crezi ca mai prinzi vreun autobuz pe rutele 19 sau 30 de la gara spre Podu Ros. Trec toate pe langa tine “curse speciale”, se grabesc sa se duca la garaj. Chiar nu pot lua pasageri, nu? Doar e in drum. Din an in pasti mai e cate un sofer care e ok si face exceptie (in general pe ruta 30b), dar restul, nu se poate, dom’le.",soferi_vatmani,"Seara dupa 22:30 sa nu cumva sa crezi ca mai prinzi vreun autobuz pe rutele 19 sau 30 de la gara spre Podu Ros. Trec toate pe langa tine “curse speciale”, se grabesc sa se duca la garaj. Chiar nu pot lua pasageri, nu? Doar e in drum. Din an in pasti mai e cate un sofer care e ok si face exceptie (in general pe ruta 30b), dar restul, nu se poate, dom’le.","Trec toate pe langa tine curse speciale, se grabesc sa se duca la garaj. Chiar nu pot lua pasageri",negativ,0
152,"aspect: soferi_vatmani. fragment: Din an in pasti mai e cate un sofer care e ok si face exceptie. text: Seara dupa 22:30 sa nu cumva sa crezi ca mai prinzi vreun autobuz pe rutele 19 sau 30 de la gara spre Podu Ros. Trec toate pe langa tine “curse speciale”, se grabesc sa se duca la garaj. Chiar nu pot lua pasageri, nu? Doar e in drum. Din an in pasti mai e cate un sofer care e ok si face exceptie (in general pe ruta 30b), dar restul, nu se poate, dom’le.",soferi_vatmani,"Seara dupa 22:30 sa nu cumva sa crezi ca mai prinzi vreun autobuz pe rutele 19 sau 30 de la gara spre Podu Ros. Trec toate pe langa tine “curse speciale”, se grabesc sa se duca la garaj. Chiar nu pot lua pasageri, nu? Doar e in drum. Din an in pasti mai e cate un sofer care e ok si face exceptie (in general pe ruta 30b), dar restul, nu se poate, dom’le.",Din an in pasti mai e cate un sofer care e ok si face exceptie,pozitiv,2
154,"aspect: frecventa. fragment: am stat la capat Dacia un sfert de ora asteptand autobuzul 5 si nu e prima data. text: Am stat in aceasta dimineata,la capat Dacia un sfert de ora asteptand autopbuzul 5 si nu e prima data.Unde sunt afisate graficul plecarilor ,poate asa nu mai intarzii la servici din cauza voastra.",frecventa,"Am stat in aceasta dimineata,la capat Dacia un sfert de ora asteptand autopbuzul 5 si nu e prima data.Unde sunt afisate graficul plecarilor ,poate asa nu mai intarzii la servici din cauza voastra.",am stat la capat Dacia un sfert de ora asteptand autobuzul 5 si nu e prima data,negativ,0
154,"aspect: informare_calatori. fragment: Unde sunt afisate graficul plecarilor, poate asa nu mai intarzii la servici din cauza voastra. text: Am stat in aceasta dimineata,la capat Dacia un sfert de ora asteptand autopbuzul 5 si nu e prima data.Unde sunt afisate graficul plecarilor ,poate asa nu mai intarzii la servici din cauza voastra.",informare_calatori,"Am stat in aceasta dimineata,la capat Dacia un sfert de ora asteptand autopbuzul 5 si nu e prima data.Unde sunt afisate graficul plecarilor ,poate asa nu mai intarzii la servici din cauza voastra.","Unde sunt afisate graficul plecarilor, poate asa nu mai intarzii la servici din cauza voastra",negativ,0
155,"aspect: stare_vehicule. fragment: epavele de tramvaie, hodorogeala de zici ca esti cu o caruta de 100 de ani. text: 1. Nu recomand epavele de tramvaie!
(Bani ingropati aiurea in linie de proasta calitate...si hodorogeala de zici ca esti cu o caruta de 100 de ani)
2. Recomand autobuzele, care dpdv al meu sunt net superioare.
3. Decat sa ingropam bani in linii de tramvai mai bine introducem troleibuze... (macar nu mai avem ce sa ingropam)...",stare_vehicule,"1. Nu recomand epavele de tramvaie!
(Bani ingropati aiurea in linie de proasta calitate...si hodorogeala de zici ca esti cu o caruta de 100 de ani)
2. Recomand autobuzele, care dpdv al meu sunt net superioare.
3. Decat sa ingropam bani in linii de tramvai mai bine introducem troleibuze... (macar nu mai avem ce sa ingropam)...","epavele de tramvaie, hodorogeala de zici ca esti cu o caruta de 100 de ani",negativ,0
155,"aspect: stare_vehicule. fragment: autobuzele, care dpdv al meu sunt net superioare. text: 1. Nu recomand epavele de tramvaie!
(Bani ingropati aiurea in linie de proasta calitate...si hodorogeala de zici ca esti cu o caruta de 100 de ani)
2. Recomand autobuzele, care dpdv al meu sunt net superioare.
3. Decat sa ingropam bani in linii de tramvai mai bine introducem troleibuze... (macar nu mai avem ce sa ingropam)...",stare_vehicule,"1. Nu recomand epavele de tramvaie!
(Bani ingropati aiurea in linie de proasta calitate...si hodorogeala de zici ca esti cu o caruta de 100 de ani)
2. Recomand autobuzele, care dpdv al meu sunt net superioare.
3. Decat sa ingropam bani in linii de tramvai mai bine introducem troleibuze... (macar nu mai avem ce sa ingropam)...","autobuzele, care dpdv al meu sunt net superioare",pozitiv,2
156,"aspect: frecventa. fragment: vine la 20-40 de min chiar, azi am asteptat 42 de minute. text: Cu autobuzul 27 aveti o serioasa problema. Pe Moovit scrie ca vine in 20 de min. In realitate, el vine la 20-40 de min chiar. Azi am asteptat 42 de minute in soare la frigorifer. Alteori mai mult. Si nu sunt singura care se plange, am auzit ca s-au mai facut reclamatii.
Rezolvati problema !",frecventa,"Cu autobuzul 27 aveti o serioasa problema. Pe Moovit scrie ca vine in 20 de min. In realitate, el vine la 20-40 de min chiar. Azi am asteptat 42 de minute in soare la frigorifer. Alteori mai mult. Si nu sunt singura care se plange, am auzit ca s-au mai facut reclamatii.
Rezolvati problema !","vine la 20-40 de min chiar, azi am asteptat 42 de minute",negativ,0
156,"aspect: informare_calatori. fragment: Pe Moovit scrie ca vine in 20 de min. In realitate, el vine la 20-40 de min. text: Cu autobuzul 27 aveti o serioasa problema. Pe Moovit scrie ca vine in 20 de min. In realitate, el vine la 20-40 de min chiar. Azi am asteptat 42 de minute in soare la frigorifer. Alteori mai mult. Si nu sunt singura care se plange, am auzit ca s-au mai facut reclamatii.
Rezolvati problema !",informare_calatori,"Cu autobuzul 27 aveti o serioasa problema. Pe Moovit scrie ca vine in 20 de min. In realitate, el vine la 20-40 de min chiar. Azi am asteptat 42 de minute in soare la frigorifer. Alteori mai mult. Si nu sunt singura care se plange, am auzit ca s-au mai facut reclamatii.
Rezolvati problema !","Pe Moovit scrie ca vine in 20 de min. In realitate, el vine la 20-40 de min",negativ,0
157,aspect: validare_bilete. fragment: Aplicația 24pay este jalnica. Mi-am cumpărat un abonament pt o saptamana si am observat ca expirase a doua zi. text: Aplicația 24pay este jalnica. Mi-am cumpărat un abonament pt o saptamana si am observat ca expirase a doua zi.,validare_bilete,Aplicația 24pay este jalnica. Mi-am cumpărat un abonament pt o saptamana si am observat ca expirase a doua zi.,Aplicația 24pay este jalnica. Mi-am cumpărat un abonament pt o saptamana si am observat ca expirase a doua zi,negativ,0
158,"aspect: frecventa. fragment: am stat azi dupa un 44 atat de mult in statie, incat la un moment dat ma gandeam ca poate au desfiintat linia. text: Am stat azi dupa un 44 atat de mult in statie,incat la un moment dat ma gandeam ca poate au desfiintat linia si au uitat sa anunte...si nici ceilalti soferi din celelalte autobuze nu au fost in stare sa anunte.

Ar trebui sa faceti un sistem prin care sa urmariti pozitia autobuzelor si sa puneti o harta online sa o putem urmari live.Nu e ca si cum am fi in 2019 si  tehnologia nu ii disponibila...",frecventa,"Am stat azi dupa un 44 atat de mult in statie,incat la un moment dat ma gandeam ca poate au desfiintat linia si au uitat sa anunte...si nici ceilalti soferi din celelalte autobuze nu au fost in stare sa anunte.

Ar trebui sa faceti un sistem prin care sa urmariti pozitia autobuzelor si sa puneti o harta online sa o putem urmari live.Nu e ca si cum am fi in 2019 si  tehnologia nu ii disponibila...","am stat azi dupa un 44 atat de mult in statie, incat la un moment dat ma gandeam ca poate au desfiintat linia",negativ,0
158,"aspect: informare_calatori. fragment: Ar trebui sa faceti un sistem prin care sa urmariti pozitia autobuzelor si sa puneti o harta online sa o putem urmari live. text: Am stat azi dupa un 44 atat de mult in statie,incat la un moment dat ma gandeam ca poate au desfiintat linia si au uitat sa anunte...si nici ceilalti soferi din celelalte autobuze nu au fost in stare sa anunte.

Ar trebui sa faceti un sistem prin care sa urmariti pozitia autobuzelor si sa puneti o harta online sa o putem urmari live.Nu e ca si cum am fi in 2019 si  tehnologia nu ii disponibila...",informare_calatori,"Am stat azi dupa un 44 atat de mult in statie,incat la un moment dat ma gandeam ca poate au desfiintat linia si au uitat sa anunte...si nici ceilalti soferi din celelalte autobuze nu au fost in stare sa anunte.

Ar trebui sa faceti un sistem prin care sa urmariti pozitia autobuzelor si sa puneti o harta online sa o putem urmari live.Nu e ca si cum am fi in 2019 si  tehnologia nu ii disponibila...",Ar trebui sa faceti un sistem prin care sa urmariti pozitia autobuzelor si sa puneti o harta online sa o putem urmari live,negativ,0
159,"aspect: soferi_vatmani. fragment: ușile au rămas închise, fiind nevoită să cobor la următoarea stație, am fost si jignită de vatman. text: Am avut astăzi, 13 iulie 2019, parte de o experiență cel puțin nefastă cu această companie. În jurul orei 17:45 am vrut să cobor din tramvaiul 3 în stația de la Filarmonică, și fiind foarte ocupate ușile de pe mijloc, m-am îndreptat spre ușa din față. Deși am apăsat de nenumărate ori pe buton pentru a le deschide și am apelat și la ajutorului vatmanului, ușile au rămas închise, fiind nevoită să cobor la următoarea stație, ba mai mult am fost si jignită de vatman. Voi atașa fotografii cu tramvaiul cu pricina și cu 'vatmanul' pentru a lua măsuri în acest caz. Nu este normal ca o persoană care plătește bilet pentru un serviciu să fie umilită de un personal de etnie care nici nu știe să articuleze bine câteva vorbe în română. Am rămas profund dezamăgită si dacă nu se vor lua măsuri, voi apela cu încredere la autoritățile care se ocupă cu astfel de spețe. nu este normal ca un astfel de personaj să își bată joc de cei ce îi pun pâinea pe masă.",soferi_vatmani,"Am avut astăzi, 13 iulie 2019, parte de o experiență cel puțin nefastă cu această companie. În jurul orei 17:45 am vrut să cobor din tramvaiul 3 în stația de la Filarmonică, și fiind foarte ocupate ușile de pe mijloc, m-am îndreptat spre ușa din față. Deși am apăsat de nenumărate ori pe buton pentru a le deschide și am apelat și la ajutorului vatmanului, ușile au rămas închise, fiind nevoită să cobor la următoarea stație, ba mai mult am fost si jignită de vatman. Voi atașa fotografii cu tramvaiul cu pricina și cu 'vatmanul' pentru a lua măsuri în acest caz. Nu este normal ca o persoană care plătește bilet pentru un serviciu să fie umilită de un personal de etnie care nici nu știe să articuleze bine câteva vorbe în română. Am rămas profund dezamăgită si dacă nu se vor lua măsuri, voi apela cu încredere la autoritățile care se ocupă cu astfel de spețe. nu este normal ca un astfel de personaj să își bată joc de cei ce îi pun pâinea pe masă.","ușile au rămas închise, fiind nevoită să cobor la următoarea stație, am fost si jignită de vatman",negativ,0
159,"aspect: siguranta. fragment: ușile au rămas închise, neputând coborî la stația dorită. text: Am avut astăzi, 13 iulie 2019, parte de o experiență cel puțin nefastă cu această companie. În jurul orei 17:45 am vrut să cobor din tramvaiul 3 în stația de la Filarmonică, și fiind foarte ocupate ușile de pe mijloc, m-am îndreptat spre ușa din față. Deși am apăsat de nenumărate ori pe buton pentru a le deschide și am apelat și la ajutorului vatmanului, ușile au rămas închise, fiind nevoită să cobor la următoarea stație, ba mai mult am fost si jignită de vatman. Voi atașa fotografii cu tramvaiul cu pricina și cu 'vatmanul' pentru a lua măsuri în acest caz. Nu este normal ca o persoană care plătește bilet pentru un serviciu să fie umilită de un personal de etnie care nici nu știe să articuleze bine câteva vorbe în română. Am rămas profund dezamăgită si dacă nu se vor lua măsuri, voi apela cu încredere la autoritățile care se ocupă cu astfel de spețe. nu este normal ca un astfel de personaj să își bată joc de cei ce îi pun pâinea pe masă.",siguranta,"Am avut astăzi, 13 iulie 2019, parte de o experiență cel puțin nefastă cu această companie. În jurul orei 17:45 am vrut să cobor din tramvaiul 3 în stația de la Filarmonică, și fiind foarte ocupate ușile de pe mijloc, m-am îndreptat spre ușa din față. Deși am apăsat de nenumărate ori pe buton pentru a le deschide și am apelat și la ajutorului vatmanului, ușile au rămas închise, fiind nevoită să cobor la următoarea stație, ba mai mult am fost si jignită de vatman. Voi atașa fotografii cu tramvaiul cu pricina și cu 'vatmanul' pentru a lua măsuri în acest caz. Nu este normal ca o persoană care plătește bilet pentru un serviciu să fie umilită de un personal de etnie care nici nu știe să articuleze bine câteva vorbe în română. Am rămas profund dezamăgită si dacă nu se vor lua măsuri, voi apela cu încredere la autoritățile care se ocupă cu astfel de spețe. nu este normal ca un astfel de personaj să își bată joc de cei ce îi pun pâinea pe masă.","ușile au rămas închise, neputând coborî la stația dorită",negativ,0
160,aspect: pret. fragment: 7 lei biletul ca sa stau in piciare. text: 7 lei biletul ca sa stau in piciare in mirosul mosnegilor??cele mai proaste servicii,pret,7 lei biletul ca sa stau in piciare in mirosul mosnegilor??cele mai proaste servicii,7 lei biletul ca sa stau in piciare,negativ,0
160,aspect: curatenie. fragment: stau in piciare in mirosul mosnegilor. text: 7 lei biletul ca sa stau in piciare in mirosul mosnegilor??cele mai proaste servicii,curatenie,7 lei biletul ca sa stau in piciare in mirosul mosnegilor??cele mai proaste servicii,stau in piciare in mirosul mosnegilor,negativ,0
161,"aspect: relatii_clienti. fragment: De ce nu pot beneficia de reducere dacă nu am carnet de student, dar în schimb am legitimația? Doar cu carnet aveți reducere, acest răspuns L-am primit la casa de bilete. text: De ce nu pot beneficia de reducere dacă nu am carnet de student, dar în schimb am legitimația? 
""Doar cu carnet aveți reducere!""  acest răspuns L-am primit la casa de bilete din stația Octav Bancila",relatii_clienti,"De ce nu pot beneficia de reducere dacă nu am carnet de student, dar în schimb am legitimația? 
""Doar cu carnet aveți reducere!""  acest răspuns L-am primit la casa de bilete din stația Octav Bancila","De ce nu pot beneficia de reducere dacă nu am carnet de student, dar în schimb am legitimația? Doar cu carnet aveți reducere, acest răspuns L-am primit la casa de bilete",negativ,0
162,aspect: stare_vehicule. fragment: Mijloacele de transport sunt sub orice critica iar conditiile din autobuze si din tramvaie sunt foarte proaste. text: Servicii precare. Mijloacele de transport sunt sub orice critica iar conditiile din autobuze si din tramvaie sunt foarte proaste.,stare_vehicule,Servicii precare. Mijloacele de transport sunt sub orice critica iar conditiile din autobuze si din tramvaie sunt foarte proaste.,Mijloacele de transport sunt sub orice critica iar conditiile din autobuze si din tramvaie sunt foarte proaste,negativ,0
164,"aspect: confort_termic. fragment: caldura sufocanta. text: Conditii inumane,caldura sufocanta,mizerie, aglomeratie, in tramvaiele din Iasi!Domnilor conducatori ai acestei companii ati calatorit vreodata cu tramvaiul la orele de varf?Va invit eu,platesc eu calatoria!Dezamagire!Nu cred sa mai existe in vreo tara europeana asemenea mizerii de mijloace de transport in comun!",confort_termic,"Conditii inumane,caldura sufocanta,mizerie, aglomeratie, in tramvaiele din Iasi!Domnilor conducatori ai acestei companii ati calatorit vreodata cu tramvaiul la orele de varf?Va invit eu,platesc eu calatoria!Dezamagire!Nu cred sa mai existe in vreo tara europeana asemenea mizerii de mijloace de transport in comun!",caldura sufocanta,negativ,0
164,"aspect: curatenie. fragment: mizerie. text: Conditii inumane,caldura sufocanta,mizerie, aglomeratie, in tramvaiele din Iasi!Domnilor conducatori ai acestei companii ati calatorit vreodata cu tramvaiul la orele de varf?Va invit eu,platesc eu calatoria!Dezamagire!Nu cred sa mai existe in vreo tara europeana asemenea mizerii de mijloace de transport in comun!",curatenie,"Conditii inumane,caldura sufocanta,mizerie, aglomeratie, in tramvaiele din Iasi!Domnilor conducatori ai acestei companii ati calatorit vreodata cu tramvaiul la orele de varf?Va invit eu,platesc eu calatoria!Dezamagire!Nu cred sa mai existe in vreo tara europeana asemenea mizerii de mijloace de transport in comun!",mizerie,negativ,0
164,"aspect: aglomeratie. fragment: aglomeratie in tramvaiele din Iasi la orele de varf. text: Conditii inumane,caldura sufocanta,mizerie, aglomeratie, in tramvaiele din Iasi!Domnilor conducatori ai acestei companii ati calatorit vreodata cu tramvaiul la orele de varf?Va invit eu,platesc eu calatoria!Dezamagire!Nu cred sa mai existe in vreo tara europeana asemenea mizerii de mijloace de transport in comun!",aglomeratie,"Conditii inumane,caldura sufocanta,mizerie, aglomeratie, in tramvaiele din Iasi!Domnilor conducatori ai acestei companii ati calatorit vreodata cu tramvaiul la orele de varf?Va invit eu,platesc eu calatoria!Dezamagire!Nu cred sa mai existe in vreo tara europeana asemenea mizerii de mijloace de transport in comun!",aglomeratie in tramvaiele din Iasi la orele de varf,negativ,0
164,"aspect: stare_vehicule. fragment: nu cred sa mai existe in vreo tara europeana asemenea mizerii de mijloace de transport in comun. text: Conditii inumane,caldura sufocanta,mizerie, aglomeratie, in tramvaiele din Iasi!Domnilor conducatori ai acestei companii ati calatorit vreodata cu tramvaiul la orele de varf?Va invit eu,platesc eu calatoria!Dezamagire!Nu cred sa mai existe in vreo tara europeana asemenea mizerii de mijloace de transport in comun!",stare_vehicule,"Conditii inumane,caldura sufocanta,mizerie, aglomeratie, in tramvaiele din Iasi!Domnilor conducatori ai acestei companii ati calatorit vreodata cu tramvaiul la orele de varf?Va invit eu,platesc eu calatoria!Dezamagire!Nu cred sa mai existe in vreo tara europeana asemenea mizerii de mijloace de transport in comun!",nu cred sa mai existe in vreo tara europeana asemenea mizerii de mijloace de transport in comun,negativ,0
166,"aspect: controlori. fragment: De ce controlorii nu au uniforme? Si legitimatii care sa le poarte la vedere? De ce au preferinte la anumite persoane de etnie roma si nu li se cere si alora biletul la control. text: De ce controlorii nu au uniforme? Si legitimatii care sa le poarte la vedere?
De ce au preferinte la anumite persoane de etnie roma si nu li se cere si alora biletul la control?",controlori,"De ce controlorii nu au uniforme? Si legitimatii care sa le poarte la vedere?
De ce au preferinte la anumite persoane de etnie roma si nu li se cere si alora biletul la control?",De ce controlorii nu au uniforme? Si legitimatii care sa le poarte la vedere? De ce au preferinte la anumite persoane de etnie roma si nu li se cere si alora biletul la control,negativ,0
167,"aspect: confort_termic. fragment: nu exista aer condiționat în tramvaie, ne sufocam de căldură. text: nu exista aer condiționat în tramvaie ... ne sufocam de căldură ...",confort_termic,nu exista aer condiționat în tramvaie ... ne sufocam de căldură ...,"nu exista aer condiționat în tramvaie, ne sufocam de căldură",negativ,0
168,"aspect: frecventa. fragment: Stau jumătăți de ore, 40 de minute, ca să văd cum trec pe lângă mine vreo 4 de 20, 4 de 28, 3 de 42, 4 de 43. Iar 46, nimic. text: Bă! Cum morții mei!!??? Stau jumătăți de ore, 40 de minute, ca să văd cum trec pe lângă mine vreo 4 de 20, 4 de 28, 3 de 42, 4 de 43.. Iar 46, nimic!! Plătesc abonament ca să vă stau eu în picioare pișa-m-as pe compania voastră! Lăsați babele care merg până-n Dacia și băgați dracului autobuze pe Bucium!!",frecventa,"Bă! Cum morții mei!!??? Stau jumătăți de ore, 40 de minute, ca să văd cum trec pe lângă mine vreo 4 de 20, 4 de 28, 3 de 42, 4 de 43.. Iar 46, nimic!! Plătesc abonament ca să vă stau eu în picioare pișa-m-as pe compania voastră! Lăsați babele care merg până-n Dacia și băgați dracului autobuze pe Bucium!!","Stau jumătăți de ore, 40 de minute, ca să văd cum trec pe lângă mine vreo 4 de 20, 4 de 28, 3 de 42, 4 de 43. Iar 46, nimic",negativ,0
168,"aspect: acoperire_rute. fragment: Lăsați babele care merg până-n Dacia și băgați dracului autobuze pe Bucium. text: Bă! Cum morții mei!!??? Stau jumătăți de ore, 40 de minute, ca să văd cum trec pe lângă mine vreo 4 de 20, 4 de 28, 3 de 42, 4 de 43.. Iar 46, nimic!! Plătesc abonament ca să vă stau eu în picioare pișa-m-as pe compania voastră! Lăsați babele care merg până-n Dacia și băgați dracului autobuze pe Bucium!!",acoperire_rute,"Bă! Cum morții mei!!??? Stau jumătăți de ore, 40 de minute, ca să văd cum trec pe lângă mine vreo 4 de 20, 4 de 28, 3 de 42, 4 de 43.. Iar 46, nimic!! Plătesc abonament ca să vă stau eu în picioare pișa-m-as pe compania voastră! Lăsați babele care merg până-n Dacia și băgați dracului autobuze pe Bucium!!",Lăsați babele care merg până-n Dacia și băgați dracului autobuze pe Bucium,negativ,0
169,"aspect: frecventa. fragment: De 25 minute asteptam un autobuz 41, la Tehnopolis, intervalul de urmărire e de 10 minute, teoretic. text: De 25 minute asteptam un autobuz 41, la Tehnopolis, intr-o zi in care intervalul de urmărire e de 10 minute, teoretic. In precedentul 41 nu am avut loc sa urcam, de plin ce era. Si pe acela l-am așteptat vreo 15 minute. Rușine sa va fie mincinosilor!",frecventa,"De 25 minute asteptam un autobuz 41, la Tehnopolis, intr-o zi in care intervalul de urmărire e de 10 minute, teoretic. In precedentul 41 nu am avut loc sa urcam, de plin ce era. Si pe acela l-am așteptat vreo 15 minute. Rușine sa va fie mincinosilor!","De 25 minute asteptam un autobuz 41, la Tehnopolis, intervalul de urmărire e de 10 minute, teoretic",negativ,0
169,"aspect: aglomeratie. fragment: In precedentul 41 nu am avut loc sa urcam, de plin ce era. text: De 25 minute asteptam un autobuz 41, la Tehnopolis, intr-o zi in care intervalul de urmărire e de 10 minute, teoretic. In precedentul 41 nu am avut loc sa urcam, de plin ce era. Si pe acela l-am așteptat vreo 15 minute. Rușine sa va fie mincinosilor!",aglomeratie,"De 25 minute asteptam un autobuz 41, la Tehnopolis, intr-o zi in care intervalul de urmărire e de 10 minute, teoretic. In precedentul 41 nu am avut loc sa urcam, de plin ce era. Si pe acela l-am așteptat vreo 15 minute. Rușine sa va fie mincinosilor!","In precedentul 41 nu am avut loc sa urcam, de plin ce era",negativ,0
170,"aspect: validare_bilete. fragment: plata cu cardul s-a efectuat la unul din tonomate insa bonul valabil pentru bilet nu s-a eliberat, biletele de la tonomate nu merg mereu compostate. text: Acum trei zile, intr-un tramvai cu numarul 7 (nu am retinut exact numarul deoarece nu doream sa semnalez dar m-am razgandit intre timp) : plata cu cardul s-a efectuat la unul din tonomate insa bonul valabil pentru bilet nu s-a eliberat.De asemenea, biletele de la tonomate, cele cu alb si banda aurie , sunt dintr-o hartie putin mai groasa si nu merg mereu compostate.Pe tigani ii lasati in pace si ii coborati frumos din tramvai fara vreo consecinta,chiar si fara bilet, insa un cetatean normal intr-o astfel de situatie, care are bilet si nu poate composta oricat incearca, pana se indoaie biletul, nu l-ati intelege.Abia asteapta controlorul sa prinda astfel de cazuri.Acestia ar putea spune :''Biletul va rog. '' Dar asa ceva nu se intampla, urca in mijlocul de transport si isi scot legitimatia la vedere in doua secunde.S-a intamplat sa ma uit pe geam si dintr-o data sa vad cu coada ochiului un volum masiv, intorc capul si aproape am retezat burta domnului care,aparent, sub nicio forma nu putea sa ma atentioneze de prezenta sa prin simpla vorba:''Biletul va rog.''",validare_bilete,"Acum trei zile, intr-un tramvai cu numarul 7 (nu am retinut exact numarul deoarece nu doream sa semnalez dar m-am razgandit intre timp) : plata cu cardul s-a efectuat la unul din tonomate insa bonul valabil pentru bilet nu s-a eliberat.De asemenea, biletele de la tonomate, cele cu alb si banda aurie , sunt dintr-o hartie putin mai groasa si nu merg mereu compostate.Pe tigani ii lasati in pace si ii coborati frumos din tramvai fara vreo consecinta,chiar si fara bilet, insa un cetatean normal intr-o astfel de situatie, care are bilet si nu poate composta oricat incearca, pana se indoaie biletul, nu l-ati intelege.Abia asteapta controlorul sa prinda astfel de cazuri.Acestia ar putea spune :''Biletul va rog. '' Dar asa ceva nu se intampla, urca in mijlocul de transport si isi scot legitimatia la vedere in doua secunde.S-a intamplat sa ma uit pe geam si dintr-o data sa vad cu coada ochiului un volum masiv, intorc capul si aproape am retezat burta domnului care,aparent, sub nicio forma nu putea sa ma atentioneze de prezenta sa prin simpla vorba:''Biletul va rog.''","plata cu cardul s-a efectuat la unul din tonomate insa bonul valabil pentru bilet nu s-a eliberat, biletele de la tonomate nu merg mereu compostate",negativ,0
170,"aspect: controlori. fragment: Abia asteapta controlorul sa prinda astfel de cazuri, urca in mijlocul de transport si isi scot legitimatia la vedere in doua secunde fara sa anunte. text: Acum trei zile, intr-un tramvai cu numarul 7 (nu am retinut exact numarul deoarece nu doream sa semnalez dar m-am razgandit intre timp) : plata cu cardul s-a efectuat la unul din tonomate insa bonul valabil pentru bilet nu s-a eliberat.De asemenea, biletele de la tonomate, cele cu alb si banda aurie , sunt dintr-o hartie putin mai groasa si nu merg mereu compostate.Pe tigani ii lasati in pace si ii coborati frumos din tramvai fara vreo consecinta,chiar si fara bilet, insa un cetatean normal intr-o astfel de situatie, care are bilet si nu poate composta oricat incearca, pana se indoaie biletul, nu l-ati intelege.Abia asteapta controlorul sa prinda astfel de cazuri.Acestia ar putea spune :''Biletul va rog. '' Dar asa ceva nu se intampla, urca in mijlocul de transport si isi scot legitimatia la vedere in doua secunde.S-a intamplat sa ma uit pe geam si dintr-o data sa vad cu coada ochiului un volum masiv, intorc capul si aproape am retezat burta domnului care,aparent, sub nicio forma nu putea sa ma atentioneze de prezenta sa prin simpla vorba:''Biletul va rog.''",controlori,"Acum trei zile, intr-un tramvai cu numarul 7 (nu am retinut exact numarul deoarece nu doream sa semnalez dar m-am razgandit intre timp) : plata cu cardul s-a efectuat la unul din tonomate insa bonul valabil pentru bilet nu s-a eliberat.De asemenea, biletele de la tonomate, cele cu alb si banda aurie , sunt dintr-o hartie putin mai groasa si nu merg mereu compostate.Pe tigani ii lasati in pace si ii coborati frumos din tramvai fara vreo consecinta,chiar si fara bilet, insa un cetatean normal intr-o astfel de situatie, care are bilet si nu poate composta oricat incearca, pana se indoaie biletul, nu l-ati intelege.Abia asteapta controlorul sa prinda astfel de cazuri.Acestia ar putea spune :''Biletul va rog. '' Dar asa ceva nu se intampla, urca in mijlocul de transport si isi scot legitimatia la vedere in doua secunde.S-a intamplat sa ma uit pe geam si dintr-o data sa vad cu coada ochiului un volum masiv, intorc capul si aproape am retezat burta domnului care,aparent, sub nicio forma nu putea sa ma atentioneze de prezenta sa prin simpla vorba:''Biletul va rog.''","Abia asteapta controlorul sa prinda astfel de cazuri, urca in mijlocul de transport si isi scot legitimatia la vedere in doua secunde fara sa anunte",negativ,0
171,"aspect: soferi_vatmani. fragment: șoferul voia să închidă ușa înainte ca oamenii să urce, în stația Zimbru soferul pornește autobuzul când lumea urca. text: 22 Mai, ora 9:40,autobuz 52
Era loc in autobuz pentru toată lumea însă șoferul ""Haideți mai repede că ne trece viața"" și voia să închidă bineînteles ușa înainte ca oamenii să urce (stație Minerva). În plus, în stația Zimbru soferul pornește autobuzul când lumea urca :) Daca vi se pare normal, nu pot spune decât felicitări CTP Iași !!!",soferi_vatmani,"22 Mai, ora 9:40,autobuz 52
Era loc in autobuz pentru toată lumea însă șoferul ""Haideți mai repede că ne trece viața"" și voia să închidă bineînteles ușa înainte ca oamenii să urce (stație Minerva). În plus, în stația Zimbru soferul pornește autobuzul când lumea urca :) Daca vi se pare normal, nu pot spune decât felicitări CTP Iași !!!","șoferul voia să închidă ușa înainte ca oamenii să urce, în stația Zimbru soferul pornește autobuzul când lumea urca",negativ,0
171,"aspect: siguranta. fragment: în stația Zimbru soferul pornește autobuzul când lumea urca. text: 22 Mai, ora 9:40,autobuz 52
Era loc in autobuz pentru toată lumea însă șoferul ""Haideți mai repede că ne trece viața"" și voia să închidă bineînteles ușa înainte ca oamenii să urce (stație Minerva). În plus, în stația Zimbru soferul pornește autobuzul când lumea urca :) Daca vi se pare normal, nu pot spune decât felicitări CTP Iași !!!",siguranta,"22 Mai, ora 9:40,autobuz 52
Era loc in autobuz pentru toată lumea însă șoferul ""Haideți mai repede că ne trece viața"" și voia să închidă bineînteles ușa înainte ca oamenii să urce (stație Minerva). În plus, în stația Zimbru soferul pornește autobuzul când lumea urca :) Daca vi se pare normal, nu pot spune decât felicitări CTP Iași !!!",în stația Zimbru soferul pornește autobuzul când lumea urca,negativ,0
172,"aspect: relatii_clienti. fragment: Lupsita de respect pentru pasageri. Nu au nici cele mai vagi noțiuni de conduită morală, fac legea după placul lor, fara sa tina cont de problemele cetățenilor. text: Lupsita de respect pentru pasageri. Nu au nici cele mai vagi noțiuni de conduită morală. Fiind singurii care se ocupă de transportul public urban , fac legea după placul lor, fara sa tina cont de problemele cetățenilor.",relatii_clienti,"Lupsita de respect pentru pasageri. Nu au nici cele mai vagi noțiuni de conduită morală. Fiind singurii care se ocupă de transportul public urban , fac legea după placul lor, fara sa tina cont de problemele cetățenilor.","Lupsita de respect pentru pasageri. Nu au nici cele mai vagi noțiuni de conduită morală, fac legea după placul lor, fara sa tina cont de problemele cetățenilor",negativ,0
173,aspect: frecventa. fragment: Am așteptat 30 minute tramvaiul 13 in stația 2 Băieți. text: Am așteptat 30’ tramvaiul 13 in stația 2 Băieți!!! 😡😡😡,frecventa,Am așteptat 30’ tramvaiul 13 in stația 2 Băieți!!! 😡😡😡,Am așteptat 30 minute tramvaiul 13 in stația 2 Băieți,negativ,0
174,"aspect: frecventa. fragment: stai și câte 40 minute dimineața în stație, sa îți treacă prin stație un autobuz la 8 fix și apoi următorul sa vina la 08:40. text: Poate cu atâtea feedback-uri negative legate de intervalul prost al autobuzelor(în special cele de pe traseul 44) veți încerca și voi sa remediați ceva. Pe lângă faptul ca toate rablele de autobuze circulă pe acest traseu, ca miroase de la o poștă a motorină /benzină când urci în ele mai stai și câte 40 minute dimineața în stație la Vama 2 poate, poate vine ceva. Sa îți treacă prin stație un autobuz prin stație la 8 fix și apoi următorul sa vina la 08:40 mi se pare inadmisibil, în condițiile în care raportați 15-20 minute interval de circulație( în orele de vârf). Unul dintre cele mai proaste trasee și mai rău că nu faceți nimic. Luați-o mai degrabă ca pe o reclamație, ca de feedback-uri probabil sunteți sufocați.",frecventa,"Poate cu atâtea feedback-uri negative legate de intervalul prost al autobuzelor(în special cele de pe traseul 44) veți încerca și voi sa remediați ceva. Pe lângă faptul ca toate rablele de autobuze circulă pe acest traseu, ca miroase de la o poștă a motorină /benzină când urci în ele mai stai și câte 40 minute dimineața în stație la Vama 2 poate, poate vine ceva. Sa îți treacă prin stație un autobuz prin stație la 8 fix și apoi următorul sa vina la 08:40 mi se pare inadmisibil, în condițiile în care raportați 15-20 minute interval de circulație( în orele de vârf). Unul dintre cele mai proaste trasee și mai rău că nu faceți nimic. Luați-o mai degrabă ca pe o reclamație, ca de feedback-uri probabil sunteți sufocați.","stai și câte 40 minute dimineața în stație, sa îți treacă prin stație un autobuz la 8 fix și apoi următorul sa vina la 08:40",negativ,0
174,"aspect: stare_vehicule. fragment: toate rablele de autobuze circulă pe acest traseu. text: Poate cu atâtea feedback-uri negative legate de intervalul prost al autobuzelor(în special cele de pe traseul 44) veți încerca și voi sa remediați ceva. Pe lângă faptul ca toate rablele de autobuze circulă pe acest traseu, ca miroase de la o poștă a motorină /benzină când urci în ele mai stai și câte 40 minute dimineața în stație la Vama 2 poate, poate vine ceva. Sa îți treacă prin stație un autobuz prin stație la 8 fix și apoi următorul sa vina la 08:40 mi se pare inadmisibil, în condițiile în care raportați 15-20 minute interval de circulație( în orele de vârf). Unul dintre cele mai proaste trasee și mai rău că nu faceți nimic. Luați-o mai degrabă ca pe o reclamație, ca de feedback-uri probabil sunteți sufocați.",stare_vehicule,"Poate cu atâtea feedback-uri negative legate de intervalul prost al autobuzelor(în special cele de pe traseul 44) veți încerca și voi sa remediați ceva. Pe lângă faptul ca toate rablele de autobuze circulă pe acest traseu, ca miroase de la o poștă a motorină /benzină când urci în ele mai stai și câte 40 minute dimineața în stație la Vama 2 poate, poate vine ceva. Sa îți treacă prin stație un autobuz prin stație la 8 fix și apoi următorul sa vina la 08:40 mi se pare inadmisibil, în condițiile în care raportați 15-20 minute interval de circulație( în orele de vârf). Unul dintre cele mai proaste trasee și mai rău că nu faceți nimic. Luați-o mai degrabă ca pe o reclamație, ca de feedback-uri probabil sunteți sufocați.",toate rablele de autobuze circulă pe acest traseu,negativ,0
174,"aspect: curatenie. fragment: miroase de la o poștă a motorină/benzină când urci în ele. text: Poate cu atâtea feedback-uri negative legate de intervalul prost al autobuzelor(în special cele de pe traseul 44) veți încerca și voi sa remediați ceva. Pe lângă faptul ca toate rablele de autobuze circulă pe acest traseu, ca miroase de la o poștă a motorină /benzină când urci în ele mai stai și câte 40 minute dimineața în stație la Vama 2 poate, poate vine ceva. Sa îți treacă prin stație un autobuz prin stație la 8 fix și apoi următorul sa vina la 08:40 mi se pare inadmisibil, în condițiile în care raportați 15-20 minute interval de circulație( în orele de vârf). Unul dintre cele mai proaste trasee și mai rău că nu faceți nimic. Luați-o mai degrabă ca pe o reclamație, ca de feedback-uri probabil sunteți sufocați.",curatenie,"Poate cu atâtea feedback-uri negative legate de intervalul prost al autobuzelor(în special cele de pe traseul 44) veți încerca și voi sa remediați ceva. Pe lângă faptul ca toate rablele de autobuze circulă pe acest traseu, ca miroase de la o poștă a motorină /benzină când urci în ele mai stai și câte 40 minute dimineața în stație la Vama 2 poate, poate vine ceva. Sa îți treacă prin stație un autobuz prin stație la 8 fix și apoi următorul sa vina la 08:40 mi se pare inadmisibil, în condițiile în care raportați 15-20 minute interval de circulație( în orele de vârf). Unul dintre cele mai proaste trasee și mai rău că nu faceți nimic. Luați-o mai degrabă ca pe o reclamație, ca de feedback-uri probabil sunteți sufocați.",miroase de la o poștă a motorină/benzină când urci în ele,negativ,0
174,"aspect: informare_calatori. fragment: raportați 15-20 minute interval de circulație în orele de vârf, în realitate intervalul e de 40 minute. text: Poate cu atâtea feedback-uri negative legate de intervalul prost al autobuzelor(în special cele de pe traseul 44) veți încerca și voi sa remediați ceva. Pe lângă faptul ca toate rablele de autobuze circulă pe acest traseu, ca miroase de la o poștă a motorină /benzină când urci în ele mai stai și câte 40 minute dimineața în stație la Vama 2 poate, poate vine ceva. Sa îți treacă prin stație un autobuz prin stație la 8 fix și apoi următorul sa vina la 08:40 mi se pare inadmisibil, în condițiile în care raportați 15-20 minute interval de circulație( în orele de vârf). Unul dintre cele mai proaste trasee și mai rău că nu faceți nimic. Luați-o mai degrabă ca pe o reclamație, ca de feedback-uri probabil sunteți sufocați.",informare_calatori,"Poate cu atâtea feedback-uri negative legate de intervalul prost al autobuzelor(în special cele de pe traseul 44) veți încerca și voi sa remediați ceva. Pe lângă faptul ca toate rablele de autobuze circulă pe acest traseu, ca miroase de la o poștă a motorină /benzină când urci în ele mai stai și câte 40 minute dimineața în stație la Vama 2 poate, poate vine ceva. Sa îți treacă prin stație un autobuz prin stație la 8 fix și apoi următorul sa vina la 08:40 mi se pare inadmisibil, în condițiile în care raportați 15-20 minute interval de circulație( în orele de vârf). Unul dintre cele mai proaste trasee și mai rău că nu faceți nimic. Luați-o mai degrabă ca pe o reclamație, ca de feedback-uri probabil sunteți sufocați.","raportați 15-20 minute interval de circulație în orele de vârf, în realitate intervalul e de 40 minute",negativ,0
175,aspect: organizare. fragment: Cea mai proasta organizare posibila! In amestec cu nepăsare și indolenta. text: Cea mai proasta organizare posibila! In amestec cu nepăsare și indolenta! Tipic!,organizare,Cea mai proasta organizare posibila! In amestec cu nepăsare și indolenta! Tipic!,Cea mai proasta organizare posibila! In amestec cu nepăsare și indolenta,negativ,0
176,"aspect: validare_bilete. fragment: Degeaba avem sisteme inteligente de plată a călătoriilor, pentru ca nu avem unde sa le folosim. text: Degeaba avem sisteme inteligente de plată a călătoriilor, pentru ca nu avem unde sa le folosim. Se așteaptă după un autobuz 30 dimineața, timp de 25 de minute când toată lumea merge la serviciu.",validare_bilete,"Degeaba avem sisteme inteligente de plată a călătoriilor, pentru ca nu avem unde sa le folosim. Se așteaptă după un autobuz 30 dimineața, timp de 25 de minute când toată lumea merge la serviciu.","Degeaba avem sisteme inteligente de plată a călătoriilor, pentru ca nu avem unde sa le folosim",negativ,0
176,"aspect: frecventa. fragment: Se așteaptă după un autobuz 30 dimineața, timp de 25 de minute când toată lumea merge la serviciu. text: Degeaba avem sisteme inteligente de plată a călătoriilor, pentru ca nu avem unde sa le folosim. Se așteaptă după un autobuz 30 dimineața, timp de 25 de minute când toată lumea merge la serviciu.",frecventa,"Degeaba avem sisteme inteligente de plată a călătoriilor, pentru ca nu avem unde sa le folosim. Se așteaptă după un autobuz 30 dimineața, timp de 25 de minute când toată lumea merge la serviciu.","Se așteaptă după un autobuz 30 dimineața, timp de 25 de minute când toată lumea merge la serviciu",negativ,0
177,"aspect: frecventa. fragment: vine de la Vaslui de am ajuns sa stăm și câte 30-40 de minute in așteptare, mereu se așteaptă o veșnicie până vine. text: Autobuzul 44 mai exista? sau vine de la Vaslui de am ajuns sa stăm și câte 30-40 de minute in așteptare? mereu se așteaptă o veșnicie până vine.",frecventa,Autobuzul 44 mai exista? sau vine de la Vaslui de am ajuns sa stăm și câte 30-40 de minute in așteptare? mereu se așteaptă o veșnicie până vine.,"vine de la Vaslui de am ajuns sa stăm și câte 30-40 de minute in așteptare, mereu se așteaptă o veșnicie până vine",negativ,0
178,aspect: punctualitate. fragment: Programul nu se respecta si e doar bataie de joc. text: Jalnic! Peogramul nu se respecta si e doar bataie de joc!,punctualitate,Jalnic! Peogramul nu se respecta si e doar bataie de joc!,Programul nu se respecta si e doar bataie de joc,negativ,0
179,"aspect: soferi_vatmani. fragment: tin sa multumesc soferilor de pe ruta 47, nr autobuz 1924, 1930, 1933, foarte amabili si intradevar profesionisti. text: buna ziua! sunt o persoana ""dependenta"" de masina, datorita programului foarte incarcat si pentru ca intr un timp foarte scurt trebuie sa fiu in mai multe locuri.Trimit acest mesaj pentru ca vreau sa va felicit pentru IMBUNATATIRILE VIZIBILE, PENTRU INTERES SI IMPLICAE! Am 5 zile de cand folosesc mijloacele CTP, pentru ca am masina in service, si sunt 90 % multumita! Se vede ca se schimba ceva si sunt mandra ca se dovedeste ca se poate si la noi in tara! Tin sa multumesc soferilor de pe ruta 47- nr.autobuz 1924, 1930, 1933- foarte amabili si intradevar profesionisti! Multumim si succes, pentru un viitor mai bun!",soferi_vatmani,"buna ziua! sunt o persoana ""dependenta"" de masina, datorita programului foarte incarcat si pentru ca intr un timp foarte scurt trebuie sa fiu in mai multe locuri.Trimit acest mesaj pentru ca vreau sa va felicit pentru IMBUNATATIRILE VIZIBILE, PENTRU INTERES SI IMPLICAE! Am 5 zile de cand folosesc mijloacele CTP, pentru ca am masina in service, si sunt 90 % multumita! Se vede ca se schimba ceva si sunt mandra ca se dovedeste ca se poate si la noi in tara! Tin sa multumesc soferilor de pe ruta 47- nr.autobuz 1924, 1930, 1933- foarte amabili si intradevar profesionisti! Multumim si succes, pentru un viitor mai bun!","tin sa multumesc soferilor de pe ruta 47, nr autobuz 1924, 1930, 1933, foarte amabili si intradevar profesionisti",pozitiv,2
179,"aspect: organizare. fragment: IMBUNATATIRILE VIZIBILE, PENTRU INTERES SI IMPLICARE, se vede ca se schimba ceva. text: buna ziua! sunt o persoana ""dependenta"" de masina, datorita programului foarte incarcat si pentru ca intr un timp foarte scurt trebuie sa fiu in mai multe locuri.Trimit acest mesaj pentru ca vreau sa va felicit pentru IMBUNATATIRILE VIZIBILE, PENTRU INTERES SI IMPLICAE! Am 5 zile de cand folosesc mijloacele CTP, pentru ca am masina in service, si sunt 90 % multumita! Se vede ca se schimba ceva si sunt mandra ca se dovedeste ca se poate si la noi in tara! Tin sa multumesc soferilor de pe ruta 47- nr.autobuz 1924, 1930, 1933- foarte amabili si intradevar profesionisti! Multumim si succes, pentru un viitor mai bun!",organizare,"buna ziua! sunt o persoana ""dependenta"" de masina, datorita programului foarte incarcat si pentru ca intr un timp foarte scurt trebuie sa fiu in mai multe locuri.Trimit acest mesaj pentru ca vreau sa va felicit pentru IMBUNATATIRILE VIZIBILE, PENTRU INTERES SI IMPLICAE! Am 5 zile de cand folosesc mijloacele CTP, pentru ca am masina in service, si sunt 90 % multumita! Se vede ca se schimba ceva si sunt mandra ca se dovedeste ca se poate si la noi in tara! Tin sa multumesc soferilor de pe ruta 47- nr.autobuz 1924, 1930, 1933- foarte amabili si intradevar profesionisti! Multumim si succes, pentru un viitor mai bun!","IMBUNATATIRILE VIZIBILE, PENTRU INTERES SI IMPLICARE, se vede ca se schimba ceva",pozitiv,2
180,"aspect: frecventa. fragment: Frecventa, lipsa unui orar care sa poata fi respectat. text: Frecventa, lipsa unui orar care sa poata fi respectat",frecventa,"Frecventa, lipsa unui orar care sa poata fi respectat","Frecventa, lipsa unui orar care sa poata fi respectat",negativ,0
181,aspect: organizare. fragment: Imbunatatiri majore in ultima vreme. Tineti-o tot asa. text: Imbunatatiri majore in ultima vreme. Tineti-o tot asa! 👍,organizare,Imbunatatiri majore in ultima vreme. Tineti-o tot asa! 👍,Imbunatatiri majore in ultima vreme. Tineti-o tot asa,pozitiv,2
182,"aspect: organizare. fragment: stau 3 tramvaie degeaba, trebuie să coboare toată lumea că se schimba tramvaiul cu unul mai mic, asa e cam in fiecare dimineață pe traseul 9. text: Neseriozitate. Deși la capăt linie 9 cug este statia plina, stau 3 tramvaie degeaba. Dupa ce vine unul din tramvaie (mai mare) in statie și urcă lumea, trebuie să coboare toată lumea că se schimba tramvaiul (cu unul mai mic). Bineînțeles pe traseu toate stațiile sunt full (pt că nici 41 nu a trecut) și tramvaiul e plin după numai 2 stații. Așa e cam in fiecare dimineață pe traseul 9, și nu din cauza traficului ci din cauza serviciilor ctp.",organizare,"Neseriozitate. Deși la capăt linie 9 cug este statia plina, stau 3 tramvaie degeaba. Dupa ce vine unul din tramvaie (mai mare) in statie și urcă lumea, trebuie să coboare toată lumea că se schimba tramvaiul (cu unul mai mic). Bineînțeles pe traseu toate stațiile sunt full (pt că nici 41 nu a trecut) și tramvaiul e plin după numai 2 stații. Așa e cam in fiecare dimineață pe traseul 9, și nu din cauza traficului ci din cauza serviciilor ctp.","stau 3 tramvaie degeaba, trebuie să coboare toată lumea că se schimba tramvaiul cu unul mai mic, asa e cam in fiecare dimineață pe traseul 9",negativ,0
182,"aspect: aglomeratie. fragment: tramvaiul e plin după numai 2 stații, toate stațiile sunt full. text: Neseriozitate. Deși la capăt linie 9 cug este statia plina, stau 3 tramvaie degeaba. Dupa ce vine unul din tramvaie (mai mare) in statie și urcă lumea, trebuie să coboare toată lumea că se schimba tramvaiul (cu unul mai mic). Bineînțeles pe traseu toate stațiile sunt full (pt că nici 41 nu a trecut) și tramvaiul e plin după numai 2 stații. Așa e cam in fiecare dimineață pe traseul 9, și nu din cauza traficului ci din cauza serviciilor ctp.",aglomeratie,"Neseriozitate. Deși la capăt linie 9 cug este statia plina, stau 3 tramvaie degeaba. Dupa ce vine unul din tramvaie (mai mare) in statie și urcă lumea, trebuie să coboare toată lumea că se schimba tramvaiul (cu unul mai mic). Bineînțeles pe traseu toate stațiile sunt full (pt că nici 41 nu a trecut) și tramvaiul e plin după numai 2 stații. Așa e cam in fiecare dimineață pe traseul 9, și nu din cauza traficului ci din cauza serviciilor ctp.","tramvaiul e plin după numai 2 stații, toate stațiile sunt full",negativ,0
185,"aspect: soferi_vatmani. fragment: autobuzul 1983, pe ruta 28, trece prin două semafoare roșii, pe strada Palat spre Podu Roș. text: Azi 27.02 , ora 13.35, autobuzul 1983 , pe ruta 28, trece prin două semafoare roșii , pe strada Palat spre Podu Roș.  Ce recomandări s-ar mai cuveni ?",soferi_vatmani,"Azi 27.02 , ora 13.35, autobuzul 1983 , pe ruta 28, trece prin două semafoare roșii , pe strada Palat spre Podu Roș.  Ce recomandări s-ar mai cuveni ?","autobuzul 1983, pe ruta 28, trece prin două semafoare roșii, pe strada Palat spre Podu Roș",negativ,0
185,"aspect: siguranta. fragment: trece prin două semafoare roșii. text: Azi 27.02 , ora 13.35, autobuzul 1983 , pe ruta 28, trece prin două semafoare roșii , pe strada Palat spre Podu Roș.  Ce recomandări s-ar mai cuveni ?",siguranta,"Azi 27.02 , ora 13.35, autobuzul 1983 , pe ruta 28, trece prin două semafoare roșii , pe strada Palat spre Podu Roș.  Ce recomandări s-ar mai cuveni ?",trece prin două semafoare roșii,negativ,0
186,"aspect: frecventa. fragment: stai 35 de minute in statie la Sere Ciurea sa vezi cum trec 3 de 27 si 2 de 44 iar 41 deloc. text: Este inadmisibil sa stai 35 de minute in statie la Sere Ciurea sa vezi cum trec 3 de 27 si 2 de 44 iar 41 deloc. Răspunsul doamnei de centrală este ""traficul aglomerat""!!",frecventa,"Este inadmisibil sa stai 35 de minute in statie la Sere Ciurea sa vezi cum trec 3 de 27 si 2 de 44 iar 41 deloc. Răspunsul doamnei de centrală este ""traficul aglomerat""!!",stai 35 de minute in statie la Sere Ciurea sa vezi cum trec 3 de 27 si 2 de 44 iar 41 deloc,negativ,0
186,"aspect: relatii_clienti. fragment: Răspunsul doamnei de centrală este traficul aglomerat. text: Este inadmisibil sa stai 35 de minute in statie la Sere Ciurea sa vezi cum trec 3 de 27 si 2 de 44 iar 41 deloc. Răspunsul doamnei de centrală este ""traficul aglomerat""!!",relatii_clienti,"Este inadmisibil sa stai 35 de minute in statie la Sere Ciurea sa vezi cum trec 3 de 27 si 2 de 44 iar 41 deloc. Răspunsul doamnei de centrală este ""traficul aglomerat""!!",Răspunsul doamnei de centrală este traficul aglomerat,negativ,0
187,"aspect: organizare. fragment: O companie care este în continuă dezvoltare, Modernizarea transportului ieșean a început odata cu CTP. text: O companie care este în continuă dezvoltare, spre deosebire de RATP care oferea niște condiții inumane.
Modernizarea transportului ieșean a început odata cu CTP și chiar dacă există loc de îmbunătățiri, observ că acestea nu încetează să apară. Totodată, compania este receptivă la sugestiile călătorilor.",organizare,"O companie care este în continuă dezvoltare, spre deosebire de RATP care oferea niște condiții inumane.
Modernizarea transportului ieșean a început odata cu CTP și chiar dacă există loc de îmbunătățiri, observ că acestea nu încetează să apară. Totodată, compania este receptivă la sugestiile călătorilor.","O companie care este în continuă dezvoltare, Modernizarea transportului ieșean a început odata cu CTP",pozitiv,2
187,"aspect: relatii_clienti. fragment: compania este receptivă la sugestiile călătorilor. text: O companie care este în continuă dezvoltare, spre deosebire de RATP care oferea niște condiții inumane.
Modernizarea transportului ieșean a început odata cu CTP și chiar dacă există loc de îmbunătățiri, observ că acestea nu încetează să apară. Totodată, compania este receptivă la sugestiile călătorilor.",relatii_clienti,"O companie care este în continuă dezvoltare, spre deosebire de RATP care oferea niște condiții inumane.
Modernizarea transportului ieșean a început odata cu CTP și chiar dacă există loc de îmbunătățiri, observ că acestea nu încetează să apară. Totodată, compania este receptivă la sugestiile călătorilor.",compania este receptivă la sugestiile călătorilor,pozitiv,2
188,aspect: frecventa. fragment: Autobuze mai dese. text: Autobuze mai dese și șoferi mai educați..,frecventa,Autobuze mai dese și șoferi mai educați..,Autobuze mai dese,negativ,0
188,aspect: soferi_vatmani. fragment: șoferi mai educați. text: Autobuze mai dese și șoferi mai educați..,soferi_vatmani,Autobuze mai dese și șoferi mai educați..,șoferi mai educați,negativ,0
189,aspect: controlori. fragment: Sa nu mai angajeze toți gunoierii ca și controlori. text: În primul rand. Sa nu mai angajeze toți gunoierii ca și controlori!,controlori,În primul rand. Sa nu mai angajeze toți gunoierii ca și controlori!,Sa nu mai angajeze toți gunoierii ca și controlori,negativ,0
190,"aspect: informare_calatori. fragment: De ce nu se folosesc monitoarele din autobuze unde ar trebui sa se afiseze statia curenta si statiile urmatoare? In 9 autobuze din 10 nu se afiseaza nimic sau cand se afiseaza, e gresit. text: Buna ziua domnilor. De ce nu se folosesc monitoarele din autobuze, acelea unde ar trebui sa se afiseze statia curenta si statiile urmatoare? In 9 autobuze din 10 nu se afiseaza nimic pe acel monitor sau cand se afiseaza, e gresit, cu statii in urma. La fel cu mesajele audio - ""statia x ... urmeaza statia y"". Daca tot exista, de ce nu se folosesc? Deranjeaza cumva soferii din auditia muzicii populare in ""cabina"", pentru ca asta e prezenta pe tot traseul? Ca sa nu mai zic de frecventa rarisima a anumitor autobuze, doua exemple rapide - 5 si 19?",informare_calatori,"Buna ziua domnilor. De ce nu se folosesc monitoarele din autobuze, acelea unde ar trebui sa se afiseze statia curenta si statiile urmatoare? In 9 autobuze din 10 nu se afiseaza nimic pe acel monitor sau cand se afiseaza, e gresit, cu statii in urma. La fel cu mesajele audio - ""statia x ... urmeaza statia y"". Daca tot exista, de ce nu se folosesc? Deranjeaza cumva soferii din auditia muzicii populare in ""cabina"", pentru ca asta e prezenta pe tot traseul? Ca sa nu mai zic de frecventa rarisima a anumitor autobuze, doua exemple rapide - 5 si 19?","De ce nu se folosesc monitoarele din autobuze unde ar trebui sa se afiseze statia curenta si statiile urmatoare? In 9 autobuze din 10 nu se afiseaza nimic sau cand se afiseaza, e gresit",negativ,0
190,"aspect: soferi_vatmani. fragment: muzicii populare in cabina prezenta pe tot traseul. text: Buna ziua domnilor. De ce nu se folosesc monitoarele din autobuze, acelea unde ar trebui sa se afiseze statia curenta si statiile urmatoare? In 9 autobuze din 10 nu se afiseaza nimic pe acel monitor sau cand se afiseaza, e gresit, cu statii in urma. La fel cu mesajele audio - ""statia x ... urmeaza statia y"". Daca tot exista, de ce nu se folosesc? Deranjeaza cumva soferii din auditia muzicii populare in ""cabina"", pentru ca asta e prezenta pe tot traseul? Ca sa nu mai zic de frecventa rarisima a anumitor autobuze, doua exemple rapide - 5 si 19?",soferi_vatmani,"Buna ziua domnilor. De ce nu se folosesc monitoarele din autobuze, acelea unde ar trebui sa se afiseze statia curenta si statiile urmatoare? In 9 autobuze din 10 nu se afiseaza nimic pe acel monitor sau cand se afiseaza, e gresit, cu statii in urma. La fel cu mesajele audio - ""statia x ... urmeaza statia y"". Daca tot exista, de ce nu se folosesc? Deranjeaza cumva soferii din auditia muzicii populare in ""cabina"", pentru ca asta e prezenta pe tot traseul? Ca sa nu mai zic de frecventa rarisima a anumitor autobuze, doua exemple rapide - 5 si 19?",muzicii populare in cabina prezenta pe tot traseul,negativ,0
190,"aspect: frecventa. fragment: frecventa rarisima a anumitor autobuze, doua exemple rapide, 5 si 19. text: Buna ziua domnilor. De ce nu se folosesc monitoarele din autobuze, acelea unde ar trebui sa se afiseze statia curenta si statiile urmatoare? In 9 autobuze din 10 nu se afiseaza nimic pe acel monitor sau cand se afiseaza, e gresit, cu statii in urma. La fel cu mesajele audio - ""statia x ... urmeaza statia y"". Daca tot exista, de ce nu se folosesc? Deranjeaza cumva soferii din auditia muzicii populare in ""cabina"", pentru ca asta e prezenta pe tot traseul? Ca sa nu mai zic de frecventa rarisima a anumitor autobuze, doua exemple rapide - 5 si 19?",frecventa,"Buna ziua domnilor. De ce nu se folosesc monitoarele din autobuze, acelea unde ar trebui sa se afiseze statia curenta si statiile urmatoare? In 9 autobuze din 10 nu se afiseaza nimic pe acel monitor sau cand se afiseaza, e gresit, cu statii in urma. La fel cu mesajele audio - ""statia x ... urmeaza statia y"". Daca tot exista, de ce nu se folosesc? Deranjeaza cumva soferii din auditia muzicii populare in ""cabina"", pentru ca asta e prezenta pe tot traseul? Ca sa nu mai zic de frecventa rarisima a anumitor autobuze, doua exemple rapide - 5 si 19?","frecventa rarisima a anumitor autobuze, doua exemple rapide, 5 si 19",negativ,0
191,"aspect: soferi_vatmani. fragment: A devenit un obicei ca in sezonul rece soferii de pe autobuze sa nu deschida usa din fata, indiferent de numarul de calatori care asteapta sa urce. text: A devenit un obicei ca in sezonul rece soferii de pe autobuze sa nu deschida usa din fata, indiferent de numarul de calatori care asteapta sa urce. Este cazul si soferului de pe autobuzul nu nr IS-09-RLO, de pe traseul 19, care a refuzat in nenumarate randuri sa permita accesul prin usa din fata a numerosi calatori, mai ales elevi. Cazul nu este singular, mai multi soferi de pe traseele 19, 30 si 20 avand acelasi comportament. Daca se doreste un transport public civilizat, in primul rand, ar trebui eduxati soferii. Desi nu exista alternativa in Iasi, nu recomand transportul public.",soferi_vatmani,"A devenit un obicei ca in sezonul rece soferii de pe autobuze sa nu deschida usa din fata, indiferent de numarul de calatori care asteapta sa urce. Este cazul si soferului de pe autobuzul nu nr IS-09-RLO, de pe traseul 19, care a refuzat in nenumarate randuri sa permita accesul prin usa din fata a numerosi calatori, mai ales elevi. Cazul nu este singular, mai multi soferi de pe traseele 19, 30 si 20 avand acelasi comportament. Daca se doreste un transport public civilizat, in primul rand, ar trebui eduxati soferii. Desi nu exista alternativa in Iasi, nu recomand transportul public.","A devenit un obicei ca in sezonul rece soferii de pe autobuze sa nu deschida usa din fata, indiferent de numarul de calatori care asteapta sa urce",negativ,0
192,"aspect: soferi_vatmani. fragment: stimabilul sofer al autobuzului 19 n-a binevoit a deschide usa in conditiile in care statiile erau pline de oameni asteptand. text: De ce nu schimbati  regula cu prima usa care se deschide  doar pt coborare, regula carre se respecta cand vrea soferul??? In dimineata asta, 14 ian 2019 ,stimabilul sofer al autobuzului 19 ,Is 11 VWH ,n a binevoit a deschide usa in conditiile in care statiile erau pline de oameni asteptan si autobuzul plin la mijloc si in spate,iar in fata gol.platim bilete zilnic,conditiile sunt jalnice,autob vine la jum de ora la orele cand multa lume circula cu mijlacele de tranaport public...si mai este ai regula asta stupida .Instruiti angajatii sa fie mai umani si sa fie corecti si sa ia atitudine cand chiar este nwvoie.",soferi_vatmani,"De ce nu schimbati  regula cu prima usa care se deschide  doar pt coborare, regula carre se respecta cand vrea soferul??? In dimineata asta, 14 ian 2019 ,stimabilul sofer al autobuzului 19 ,Is 11 VWH ,n a binevoit a deschide usa in conditiile in care statiile erau pline de oameni asteptan si autobuzul plin la mijloc si in spate,iar in fata gol.platim bilete zilnic,conditiile sunt jalnice,autob vine la jum de ora la orele cand multa lume circula cu mijlacele de tranaport public...si mai este ai regula asta stupida .Instruiti angajatii sa fie mai umani si sa fie corecti si sa ia atitudine cand chiar este nwvoie.",stimabilul sofer al autobuzului 19 n-a binevoit a deschide usa in conditiile in care statiile erau pline de oameni asteptand,negativ,0
192,"aspect: frecventa. fragment: autobuzul vine la jum de ora la orele cand multa lume circula cu mijloacele de transport public. text: De ce nu schimbati  regula cu prima usa care se deschide  doar pt coborare, regula carre se respecta cand vrea soferul??? In dimineata asta, 14 ian 2019 ,stimabilul sofer al autobuzului 19 ,Is 11 VWH ,n a binevoit a deschide usa in conditiile in care statiile erau pline de oameni asteptan si autobuzul plin la mijloc si in spate,iar in fata gol.platim bilete zilnic,conditiile sunt jalnice,autob vine la jum de ora la orele cand multa lume circula cu mijlacele de tranaport public...si mai este ai regula asta stupida .Instruiti angajatii sa fie mai umani si sa fie corecti si sa ia atitudine cand chiar este nwvoie.",frecventa,"De ce nu schimbati  regula cu prima usa care se deschide  doar pt coborare, regula carre se respecta cand vrea soferul??? In dimineata asta, 14 ian 2019 ,stimabilul sofer al autobuzului 19 ,Is 11 VWH ,n a binevoit a deschide usa in conditiile in care statiile erau pline de oameni asteptan si autobuzul plin la mijloc si in spate,iar in fata gol.platim bilete zilnic,conditiile sunt jalnice,autob vine la jum de ora la orele cand multa lume circula cu mijlacele de tranaport public...si mai este ai regula asta stupida .Instruiti angajatii sa fie mai umani si sa fie corecti si sa ia atitudine cand chiar este nwvoie.",autobuzul vine la jum de ora la orele cand multa lume circula cu mijloacele de transport public,negativ,0
194,"aspect: acoperire_rute. fragment: Cum pot face și eu să am tramvai? Să mă aducă până pe Vasile Lupu 93. text: Cum pot face și eu să am tramvai? Să mă aducă până pe Vasile Lupu 93, așa cum îl aduce pe un nene cărunt tramvaiul pe la 23:48, în mod repetat. Nu de alta, dar mai ies și eu la băut cu prietenii și nu vreau să mai plătesc taxi. Vreau un abonament de ăsta all inclusive. Să mă lase tramvaiul în sufragerie.",acoperire_rute,"Cum pot face și eu să am tramvai? Să mă aducă până pe Vasile Lupu 93, așa cum îl aduce pe un nene cărunt tramvaiul pe la 23:48, în mod repetat. Nu de alta, dar mai ies și eu la băut cu prietenii și nu vreau să mai plătesc taxi. Vreau un abonament de ăsta all inclusive. Să mă lase tramvaiul în sufragerie.",Cum pot face și eu să am tramvai? Să mă aducă până pe Vasile Lupu 93,negativ,0
196,"aspect: frecventa. fragment: Tramvaiul 7 vine foarte greu, din ora in ora. text: Tramvaiul 7 vine foarte greu (șoseaua Moara de Foc ) . Din ora in ora . Este inadmisibil așa ceva !",frecventa,Tramvaiul 7 vine foarte greu (șoseaua Moara de Foc ) . Din ora in ora . Este inadmisibil așa ceva !,"Tramvaiul 7 vine foarte greu, din ora in ora",negativ,0
197,aspect: stare_vehicule. fragment: S-au adus autobuze noi. text: S-au adus autobuze noi si totusi asteptam cate 20-30 minute in statii!,stare_vehicule,S-au adus autobuze noi si totusi asteptam cate 20-30 minute in statii!,S-au adus autobuze noi,pozitiv,2
197,aspect: frecventa. fragment: totusi asteptam cate 20-30 minute in statii. text: S-au adus autobuze noi si totusi asteptam cate 20-30 minute in statii!,frecventa,S-au adus autobuze noi si totusi asteptam cate 20-30 minute in statii!,totusi asteptam cate 20-30 minute in statii,negativ,0
198,"aspect: acoperire_rute. fragment: Linia 20 este sub orice critica, alte trasee 46/43/42 circula si cu 5 calatori in intervalul orar 07-08. text: Trasee facute seara din pat cu gandul la vacanta sau de persoane care nu au circulat niciodata cu mijloace de transport in comun. Linia 20 este sub orice critica, daca ar fi suplimentata si  cu 2 carute ar fi mai buna. Bataie de joc! Unul sau 2 autobuze/ora, pline mereu, in timp ce alte trasee 46/43/42, in intervalul orar 07-08, circula si cu 5 calatori.  Sa NU ne traiasca primarul din acest pct d vdr!",acoperire_rute,"Trasee facute seara din pat cu gandul la vacanta sau de persoane care nu au circulat niciodata cu mijloace de transport in comun. Linia 20 este sub orice critica, daca ar fi suplimentata si  cu 2 carute ar fi mai buna. Bataie de joc! Unul sau 2 autobuze/ora, pline mereu, in timp ce alte trasee 46/43/42, in intervalul orar 07-08, circula si cu 5 calatori.  Sa NU ne traiasca primarul din acest pct d vdr!","Linia 20 este sub orice critica, alte trasee 46/43/42 circula si cu 5 calatori in intervalul orar 07-08",negativ,0
198,"aspect: aglomeratie. fragment: Unul sau 2 autobuze/ora, pline mereu. text: Trasee facute seara din pat cu gandul la vacanta sau de persoane care nu au circulat niciodata cu mijloace de transport in comun. Linia 20 este sub orice critica, daca ar fi suplimentata si  cu 2 carute ar fi mai buna. Bataie de joc! Unul sau 2 autobuze/ora, pline mereu, in timp ce alte trasee 46/43/42, in intervalul orar 07-08, circula si cu 5 calatori.  Sa NU ne traiasca primarul din acest pct d vdr!",aglomeratie,"Trasee facute seara din pat cu gandul la vacanta sau de persoane care nu au circulat niciodata cu mijloace de transport in comun. Linia 20 este sub orice critica, daca ar fi suplimentata si  cu 2 carute ar fi mai buna. Bataie de joc! Unul sau 2 autobuze/ora, pline mereu, in timp ce alte trasee 46/43/42, in intervalul orar 07-08, circula si cu 5 calatori.  Sa NU ne traiasca primarul din acest pct d vdr!","Unul sau 2 autobuze/ora, pline mereu",negativ,0
198,"aspect: organizare. fragment: Trasee facute seara din pat cu gandul la vacanta sau de persoane care nu au circulat niciodata cu mijloace de transport in comun. text: Trasee facute seara din pat cu gandul la vacanta sau de persoane care nu au circulat niciodata cu mijloace de transport in comun. Linia 20 este sub orice critica, daca ar fi suplimentata si  cu 2 carute ar fi mai buna. Bataie de joc! Unul sau 2 autobuze/ora, pline mereu, in timp ce alte trasee 46/43/42, in intervalul orar 07-08, circula si cu 5 calatori.  Sa NU ne traiasca primarul din acest pct d vdr!",organizare,"Trasee facute seara din pat cu gandul la vacanta sau de persoane care nu au circulat niciodata cu mijloace de transport in comun. Linia 20 este sub orice critica, daca ar fi suplimentata si  cu 2 carute ar fi mai buna. Bataie de joc! Unul sau 2 autobuze/ora, pline mereu, in timp ce alte trasee 46/43/42, in intervalul orar 07-08, circula si cu 5 calatori.  Sa NU ne traiasca primarul din acest pct d vdr!",Trasee facute seara din pat cu gandul la vacanta sau de persoane care nu au circulat niciodata cu mijloace de transport in comun,negativ,0
199,"aspect: organizare. fragment: Vad schimbari in bine. Le apreciez si cred ca trebuie incurajate. text: Vad schimbari in bine. Le apreciez si cred ca trebuie incurajate. Multumesc CTP, succes la si mai bine!",organizare,"Vad schimbari in bine. Le apreciez si cred ca trebuie incurajate. Multumesc CTP, succes la si mai bine!",Vad schimbari in bine. Le apreciez si cred ca trebuie incurajate,pozitiv,2
200,"aspect: siguranta. fragment: colindători din tramvaie care fac călătoria un coșmar, poluează vizual, olfactiv și mai ales fonic, circulă într-o veselie fără bilet. text: Domnii mei (sau doamne), faceți ceva în legătură cu așa-zișii colindători (indiferent de etnie) din tramvaie care fac călătoria un coșmar! Dacă nu vi se pare că poluează vizual, olfactiv și mai ales fonic (ceea ce fac, fără tăgadă), gândiți-vă măcar că circulă într-o veselie fără bilet!",siguranta,"Domnii mei (sau doamne), faceți ceva în legătură cu așa-zișii colindători (indiferent de etnie) din tramvaie care fac călătoria un coșmar! Dacă nu vi se pare că poluează vizual, olfactiv și mai ales fonic (ceea ce fac, fără tăgadă), gândiți-vă măcar că circulă într-o veselie fără bilet!","colindători din tramvaie care fac călătoria un coșmar, poluează vizual, olfactiv și mai ales fonic, circulă într-o veselie fără bilet",negativ,0
200,"aspect: controlori. fragment: circulă într-o veselie fără bilet, fără nicio intervenție. text: Domnii mei (sau doamne), faceți ceva în legătură cu așa-zișii colindători (indiferent de etnie) din tramvaie care fac călătoria un coșmar! Dacă nu vi se pare că poluează vizual, olfactiv și mai ales fonic (ceea ce fac, fără tăgadă), gândiți-vă măcar că circulă într-o veselie fără bilet!",controlori,"Domnii mei (sau doamne), faceți ceva în legătură cu așa-zișii colindători (indiferent de etnie) din tramvaie care fac călătoria un coșmar! Dacă nu vi se pare că poluează vizual, olfactiv și mai ales fonic (ceea ce fac, fără tăgadă), gândiți-vă măcar că circulă într-o veselie fără bilet!","circulă într-o veselie fără bilet, fără nicio intervenție",negativ,0
201,"aspect: frecventa. fragment: Se sta foarte mult in statie la ore de varf. text: Se sta foarte mult in statie la ore de varf, iar cand vine autobuzul, e ticsit de oameni! Servicii sub orice critica!",frecventa,"Se sta foarte mult in statie la ore de varf, iar cand vine autobuzul, e ticsit de oameni! Servicii sub orice critica!",Se sta foarte mult in statie la ore de varf,negativ,0
201,"aspect: aglomeratie. fragment: cand vine autobuzul, e ticsit de oameni. text: Se sta foarte mult in statie la ore de varf, iar cand vine autobuzul, e ticsit de oameni! Servicii sub orice critica!",aglomeratie,"Se sta foarte mult in statie la ore de varf, iar cand vine autobuzul, e ticsit de oameni! Servicii sub orice critica!","cand vine autobuzul, e ticsit de oameni",negativ,0
203,"aspect: punctualitate. fragment: AUTOBUZELE VIN CAND VOR ELE, OAMENI INTARZIE LA MUNCA. text: CEA M-AI JALNICA COMPANIE AUTOBUZELE VIN CAND VOR ELE ,OAMENI INTARZIE LA MUNCA ,CEL PUTIN 30B MERGE FF PROST RUSINE SUNTETI PLATITI DE NOI CALATORII !",punctualitate,"CEA M-AI JALNICA COMPANIE AUTOBUZELE VIN CAND VOR ELE ,OAMENI INTARZIE LA MUNCA ,CEL PUTIN 30B MERGE FF PROST RUSINE SUNTETI PLATITI DE NOI CALATORII !","AUTOBUZELE VIN CAND VOR ELE, OAMENI INTARZIE LA MUNCA",negativ,0
203,"aspect: acoperire_rute. fragment: CEL PUTIN 30B MERGE FF PROST. text: CEA M-AI JALNICA COMPANIE AUTOBUZELE VIN CAND VOR ELE ,OAMENI INTARZIE LA MUNCA ,CEL PUTIN 30B MERGE FF PROST RUSINE SUNTETI PLATITI DE NOI CALATORII !",acoperire_rute,"CEA M-AI JALNICA COMPANIE AUTOBUZELE VIN CAND VOR ELE ,OAMENI INTARZIE LA MUNCA ,CEL PUTIN 30B MERGE FF PROST RUSINE SUNTETI PLATITI DE NOI CALATORII !",CEL PUTIN 30B MERGE FF PROST,negativ,0
204,"aspect: infrastructura_statii. fragment: reintroducerea statiei de la chimicale in alexandru, solutie absolut fiabila in dauna a 2 locuri de parcare. text: Am facut sesizare pe net pt reintroducerea statiei de la chimicale in alexandru, solutie absolut fiabila in dauna a 2 locuri de parcare pe fiecare parte a strazii. Probabil trebuia facuta sesizarea la forurile UE pentru ca abuzul s a facut cand mafia unui primar vechi a sanctionat cartierul ca nu se voteaza cu psd iar fondurile au venit de la ue pt reabilitare",infrastructura_statii,"Am facut sesizare pe net pt reintroducerea statiei de la chimicale in alexandru, solutie absolut fiabila in dauna a 2 locuri de parcare pe fiecare parte a strazii. Probabil trebuia facuta sesizarea la forurile UE pentru ca abuzul s a facut cand mafia unui primar vechi a sanctionat cartierul ca nu se voteaza cu psd iar fondurile au venit de la ue pt reabilitare","reintroducerea statiei de la chimicale in alexandru, solutie absolut fiabila in dauna a 2 locuri de parcare",negativ,0
205,"aspect: frecventa. fragment: Aștepți o oră să vină un autobuz când ar trebui să vină din 15 in 15 minute, stai în frig sau ploaie câte o oră. text: Cea mai neserioasă companie de transport. Aștepți o oră să vină un autobuz  când ar trebui să vină din 15 in 15 minute .Și când vine e full autobuzul. Pe lângă asta dacă esti cu copil mic nu ai unde să ții copilul pe scaun, sau spațiul unde se ține căruciorul nu se poate pune pt ca e foarte plim. Pe lângă ca nu vine la timp nici nu exista un orar sau niște intervale de unde te poți orienta . Stai în frig sau ploaie câte  o oră , întârzii la serviciu  din cauza unor incompetenți  și neserioși.",frecventa,"Cea mai neserioasă companie de transport. Aștepți o oră să vină un autobuz  când ar trebui să vină din 15 in 15 minute .Și când vine e full autobuzul. Pe lângă asta dacă esti cu copil mic nu ai unde să ții copilul pe scaun, sau spațiul unde se ține căruciorul nu se poate pune pt ca e foarte plim. Pe lângă ca nu vine la timp nici nu exista un orar sau niște intervale de unde te poți orienta . Stai în frig sau ploaie câte  o oră , întârzii la serviciu  din cauza unor incompetenți  și neserioși.","Aștepți o oră să vină un autobuz când ar trebui să vină din 15 in 15 minute, stai în frig sau ploaie câte o oră",negativ,0
205,"aspect: aglomeratie. fragment: când vine e full autobuzul, spațiul unde se ține căruciorul nu se poate pune pt ca e foarte plin. text: Cea mai neserioasă companie de transport. Aștepți o oră să vină un autobuz  când ar trebui să vină din 15 in 15 minute .Și când vine e full autobuzul. Pe lângă asta dacă esti cu copil mic nu ai unde să ții copilul pe scaun, sau spațiul unde se ține căruciorul nu se poate pune pt ca e foarte plim. Pe lângă ca nu vine la timp nici nu exista un orar sau niște intervale de unde te poți orienta . Stai în frig sau ploaie câte  o oră , întârzii la serviciu  din cauza unor incompetenți  și neserioși.",aglomeratie,"Cea mai neserioasă companie de transport. Aștepți o oră să vină un autobuz  când ar trebui să vină din 15 in 15 minute .Și când vine e full autobuzul. Pe lângă asta dacă esti cu copil mic nu ai unde să ții copilul pe scaun, sau spațiul unde se ține căruciorul nu se poate pune pt ca e foarte plim. Pe lângă ca nu vine la timp nici nu exista un orar sau niște intervale de unde te poți orienta . Stai în frig sau ploaie câte  o oră , întârzii la serviciu  din cauza unor incompetenți  și neserioși.","când vine e full autobuzul, spațiul unde se ține căruciorul nu se poate pune pt ca e foarte plin",negativ,0
205,"aspect: informare_calatori. fragment: nu exista un orar sau niște intervale de unde te poți orienta. text: Cea mai neserioasă companie de transport. Aștepți o oră să vină un autobuz  când ar trebui să vină din 15 in 15 minute .Și când vine e full autobuzul. Pe lângă asta dacă esti cu copil mic nu ai unde să ții copilul pe scaun, sau spațiul unde se ține căruciorul nu se poate pune pt ca e foarte plim. Pe lângă ca nu vine la timp nici nu exista un orar sau niște intervale de unde te poți orienta . Stai în frig sau ploaie câte  o oră , întârzii la serviciu  din cauza unor incompetenți  și neserioși.",informare_calatori,"Cea mai neserioasă companie de transport. Aștepți o oră să vină un autobuz  când ar trebui să vină din 15 in 15 minute .Și când vine e full autobuzul. Pe lângă asta dacă esti cu copil mic nu ai unde să ții copilul pe scaun, sau spațiul unde se ține căruciorul nu se poate pune pt ca e foarte plim. Pe lângă ca nu vine la timp nici nu exista un orar sau niște intervale de unde te poți orienta . Stai în frig sau ploaie câte  o oră , întârzii la serviciu  din cauza unor incompetenți  și neserioși.",nu exista un orar sau niște intervale de unde te poți orienta,negativ,0
206,"aspect: controlori. fragment: controlori sa abuzeze in felul ăsta, controlori ating fetele chiar și sub 18 ani, invocă că nu este bun biletul chiar daca acesta este, un bărbat tine oameni în autobuz. text: Astăzi am fost părtașă la abuzuri direct în autobuzul 29.  Credeți că e normal controlori sa abuzeze in felul ăsta și să fie protejați de companie? Pai a doua zi la rand când controlori ating fetele chair și sub 18 ani , și invocă că nu este bun biletul chiar daca acesta este. Astăzi un bărbat în vârstă cu burta că altfel nu l pot descrie tine oameni în autobuz. Politia spune că are voie sa te țină obligat în autobuz până te legitimezi. Dar controlorul nu se legitimează . Dar până și poliția ia partea controlorilor. Vai de steaua voastră.",controlori,"Astăzi am fost părtașă la abuzuri direct în autobuzul 29.  Credeți că e normal controlori sa abuzeze in felul ăsta și să fie protejați de companie? Pai a doua zi la rand când controlori ating fetele chair și sub 18 ani , și invocă că nu este bun biletul chiar daca acesta este. Astăzi un bărbat în vârstă cu burta că altfel nu l pot descrie tine oameni în autobuz. Politia spune că are voie sa te țină obligat în autobuz până te legitimezi. Dar controlorul nu se legitimează . Dar până și poliția ia partea controlorilor. Vai de steaua voastră.","controlori sa abuzeze in felul ăsta, controlori ating fetele chiar și sub 18 ani, invocă că nu este bun biletul chiar daca acesta este, un bărbat tine oameni în autobuz",negativ,0
206,"aspect: siguranta. fragment: controlori ating fetele chiar și sub 18 ani. text: Astăzi am fost părtașă la abuzuri direct în autobuzul 29.  Credeți că e normal controlori sa abuzeze in felul ăsta și să fie protejați de companie? Pai a doua zi la rand când controlori ating fetele chair și sub 18 ani , și invocă că nu este bun biletul chiar daca acesta este. Astăzi un bărbat în vârstă cu burta că altfel nu l pot descrie tine oameni în autobuz. Politia spune că are voie sa te țină obligat în autobuz până te legitimezi. Dar controlorul nu se legitimează . Dar până și poliția ia partea controlorilor. Vai de steaua voastră.",siguranta,"Astăzi am fost părtașă la abuzuri direct în autobuzul 29.  Credeți că e normal controlori sa abuzeze in felul ăsta și să fie protejați de companie? Pai a doua zi la rand când controlori ating fetele chair și sub 18 ani , și invocă că nu este bun biletul chiar daca acesta este. Astăzi un bărbat în vârstă cu burta că altfel nu l pot descrie tine oameni în autobuz. Politia spune că are voie sa te țină obligat în autobuz până te legitimezi. Dar controlorul nu se legitimează . Dar până și poliția ia partea controlorilor. Vai de steaua voastră.",controlori ating fetele chiar și sub 18 ani,negativ,0
206,"aspect: relatii_clienti. fragment: să fie protejați de companie. text: Astăzi am fost părtașă la abuzuri direct în autobuzul 29.  Credeți că e normal controlori sa abuzeze in felul ăsta și să fie protejați de companie? Pai a doua zi la rand când controlori ating fetele chair și sub 18 ani , și invocă că nu este bun biletul chiar daca acesta este. Astăzi un bărbat în vârstă cu burta că altfel nu l pot descrie tine oameni în autobuz. Politia spune că are voie sa te țină obligat în autobuz până te legitimezi. Dar controlorul nu se legitimează . Dar până și poliția ia partea controlorilor. Vai de steaua voastră.",relatii_clienti,"Astăzi am fost părtașă la abuzuri direct în autobuzul 29.  Credeți că e normal controlori sa abuzeze in felul ăsta și să fie protejați de companie? Pai a doua zi la rand când controlori ating fetele chair și sub 18 ani , și invocă că nu este bun biletul chiar daca acesta este. Astăzi un bărbat în vârstă cu burta că altfel nu l pot descrie tine oameni în autobuz. Politia spune că are voie sa te țină obligat în autobuz până te legitimezi. Dar controlorul nu se legitimează . Dar până și poliția ia partea controlorilor. Vai de steaua voastră.",să fie protejați de companie,negativ,0
207,aspect: informare_calatori. fragment: Nu se respecta timpii de pe tabela. text: Nu se respecta timpii de pe tabela.,informare_calatori,Nu se respecta timpii de pe tabela.,Nu se respecta timpii de pe tabela,negativ,0
208,"aspect: controlori. fragment: they didn't accept it, the guy was threatening me, he also didn't know English, he said they didn't accept card because he probably wanted to take the money himself. text: I had a paper ticket and they didn't accept it. The guy was threatening me and he also didn't know English so I couldn't explain to him that I already had a ticket. He said they didn't accept card because he probably wanted to take the money himself... disappointing.  I noticed a lot of people are complaining about the same thing. I would take legal action because the guy was literally threatening to hit me but 20 euros are neither enough to go trough all this nor to beat the guy up. If I could I would give you zero stars... shame on you",controlori,I had a paper ticket and they didn't accept it. The guy was threatening me and he also didn't know English so I couldn't explain to him that I already had a ticket. He said they didn't accept card because he probably wanted to take the money himself... disappointing.  I noticed a lot of people are complaining about the same thing. I would take legal action because the guy was literally threatening to hit me but 20 euros are neither enough to go trough all this nor to beat the guy up. If I could I would give you zero stars... shame on you,"they didn't accept it, the guy was threatening me, he also didn't know English, he said they didn't accept card because he probably wanted to take the money himself",negativ,0
208,aspect: validare_bilete. fragment: I had a paper ticket and they didn't accept it. text: I had a paper ticket and they didn't accept it. The guy was threatening me and he also didn't know English so I couldn't explain to him that I already had a ticket. He said they didn't accept card because he probably wanted to take the money himself... disappointing.  I noticed a lot of people are complaining about the same thing. I would take legal action because the guy was literally threatening to hit me but 20 euros are neither enough to go trough all this nor to beat the guy up. If I could I would give you zero stars... shame on you,validare_bilete,I had a paper ticket and they didn't accept it. The guy was threatening me and he also didn't know English so I couldn't explain to him that I already had a ticket. He said they didn't accept card because he probably wanted to take the money himself... disappointing.  I noticed a lot of people are complaining about the same thing. I would take legal action because the guy was literally threatening to hit me but 20 euros are neither enough to go trough all this nor to beat the guy up. If I could I would give you zero stars... shame on you,I had a paper ticket and they didn't accept it,negativ,0
209,"aspect: stare_vehicule. fragment: there are some new buses and trams. text: We appreciate the fact that there are some new buses and trams, but the old ones are horrible, they should get rid of them. Plus, people who check the tickerts/cards are pretty subjective to say the least ... they sometimes pick on high school students but simply pass by members of a certain .... portion of the population, I will say no more, who NEVER validate any ticket or card, and are never asked, checked or let alone fined! I think this is unfair.",stare_vehicule,"We appreciate the fact that there are some new buses and trams, but the old ones are horrible, they should get rid of them. Plus, people who check the tickerts/cards are pretty subjective to say the least ... they sometimes pick on high school students but simply pass by members of a certain .... portion of the population, I will say no more, who NEVER validate any ticket or card, and are never asked, checked or let alone fined! I think this is unfair.",there are some new buses and trams,pozitiv,2
209,"aspect: stare_vehicule. fragment: the old ones are horrible, they should get rid of them. text: We appreciate the fact that there are some new buses and trams, but the old ones are horrible, they should get rid of them. Plus, people who check the tickerts/cards are pretty subjective to say the least ... they sometimes pick on high school students but simply pass by members of a certain .... portion of the population, I will say no more, who NEVER validate any ticket or card, and are never asked, checked or let alone fined! I think this is unfair.",stare_vehicule,"We appreciate the fact that there are some new buses and trams, but the old ones are horrible, they should get rid of them. Plus, people who check the tickerts/cards are pretty subjective to say the least ... they sometimes pick on high school students but simply pass by members of a certain .... portion of the population, I will say no more, who NEVER validate any ticket or card, and are never asked, checked or let alone fined! I think this is unfair.","the old ones are horrible, they should get rid of them",negativ,0
209,"aspect: controlori. fragment: people who check the tickets/cards are pretty subjective, they sometimes pick on high school students but simply pass by members of a certain portion of the population who NEVER validate any ticket or card. text: We appreciate the fact that there are some new buses and trams, but the old ones are horrible, they should get rid of them. Plus, people who check the tickerts/cards are pretty subjective to say the least ... they sometimes pick on high school students but simply pass by members of a certain .... portion of the population, I will say no more, who NEVER validate any ticket or card, and are never asked, checked or let alone fined! I think this is unfair.",controlori,"We appreciate the fact that there are some new buses and trams, but the old ones are horrible, they should get rid of them. Plus, people who check the tickerts/cards are pretty subjective to say the least ... they sometimes pick on high school students but simply pass by members of a certain .... portion of the population, I will say no more, who NEVER validate any ticket or card, and are never asked, checked or let alone fined! I think this is unfair.","people who check the tickets/cards are pretty subjective, they sometimes pick on high school students but simply pass by members of a certain portion of the population who NEVER validate any ticket or card",negativ,0
210,"aspect: frecventa. fragment: Timpi de așteptare de peste 30-40 de minute. text: Cea mai jalnica companie de transport în comun! Timpi de așteptare de peste 30-40 de minute, personal lipsit de orice urma de bun simt (mai ales controlorii care au o atitudine de recuperator). As fi dat 0 stele daca s- a r fi putut.",frecventa,"Cea mai jalnica companie de transport în comun! Timpi de așteptare de peste 30-40 de minute, personal lipsit de orice urma de bun simt (mai ales controlorii care au o atitudine de recuperator). As fi dat 0 stele daca s- a r fi putut.",Timpi de așteptare de peste 30-40 de minute,negativ,0
210,"aspect: controlori. fragment: personal lipsit de orice urma de bun simt, mai ales controlorii care au o atitudine de recuperator. text: Cea mai jalnica companie de transport în comun! Timpi de așteptare de peste 30-40 de minute, personal lipsit de orice urma de bun simt (mai ales controlorii care au o atitudine de recuperator). As fi dat 0 stele daca s- a r fi putut.",controlori,"Cea mai jalnica companie de transport în comun! Timpi de așteptare de peste 30-40 de minute, personal lipsit de orice urma de bun simt (mai ales controlorii care au o atitudine de recuperator). As fi dat 0 stele daca s- a r fi putut.","personal lipsit de orice urma de bun simt, mai ales controlorii care au o atitudine de recuperator",negativ,0
211,aspect: frecventa. fragment: Am așteptat 52 mai mult de o oră. Un singur autobuz pe traseu. text: Am așteptat 52  mai mult de o orâ.Un singur autobuz pe traseu vă bateți joc,frecventa,Am așteptat 52  mai mult de o orâ.Un singur autobuz pe traseu vă bateți joc,Am așteptat 52 mai mult de o oră. Un singur autobuz pe traseu,negativ,0
212,"aspect: controlori. fragment: ati angajat ultimele jeguri care incearcă să flirteze sau sa atingă fetele din autobuze sau metrouri, fie ca sunt minore, uneori chiar sa se ajunga la abuzuri fizice. text: Schimbați vă controlorii !

Pe scurt, ati angajat ultimele jeguri care incearcă să flirteze sau sa atingă fetele din autobuze sau metrouri (fie ca sunt minore), iar uneori chiar sa se ajunga la abuzuri fizice.",controlori,"Schimbați vă controlorii !

Pe scurt, ati angajat ultimele jeguri care incearcă să flirteze sau sa atingă fetele din autobuze sau metrouri (fie ca sunt minore), iar uneori chiar sa se ajunga la abuzuri fizice.","ati angajat ultimele jeguri care incearcă să flirteze sau sa atingă fetele din autobuze sau metrouri, fie ca sunt minore, uneori chiar sa se ajunga la abuzuri fizice",negativ,0
212,"aspect: siguranta. fragment: să atingă fetele din autobuze sau metrouri, fie ca sunt minore, uneori chiar sa se ajunga la abuzuri fizice. text: Schimbați vă controlorii !

Pe scurt, ati angajat ultimele jeguri care incearcă să flirteze sau sa atingă fetele din autobuze sau metrouri (fie ca sunt minore), iar uneori chiar sa se ajunga la abuzuri fizice.",siguranta,"Schimbați vă controlorii !

Pe scurt, ati angajat ultimele jeguri care incearcă să flirteze sau sa atingă fetele din autobuze sau metrouri (fie ca sunt minore), iar uneori chiar sa se ajunga la abuzuri fizice.","să atingă fetele din autobuze sau metrouri, fie ca sunt minore, uneori chiar sa se ajunga la abuzuri fizice",negativ,0
213,"aspect: frecventa. fragment: am stat cu mult peste 10-15 minute dupa un autobuz, 15 minute dupa autobuz. text: Ca turist, in 3 zile de stat am ajuns sa merg prin frig pe jos pentru ca am stat cu mult peste 10-15 minute dupa un autobuz.Mai mult, am stat 15 minute dupa autobuz in conditiile in care nu am putut merge cu tramvaiul pentru ca S-A DEFECTAT SI AM FOST DATI JOS. Nici macar loc sa urci in autobuz nu ai, mai ales daca ai bagaj. Evident,dupa o calatorie cu tramvaiul pierduta si 15 minute asteptat in frig ( in total am pierdut mai mult de jumatate de ora din cauza defectiunii) am ajuns la destinatie tot pe jos!!!",frecventa,"Ca turist, in 3 zile de stat am ajuns sa merg prin frig pe jos pentru ca am stat cu mult peste 10-15 minute dupa un autobuz.Mai mult, am stat 15 minute dupa autobuz in conditiile in care nu am putut merge cu tramvaiul pentru ca S-A DEFECTAT SI AM FOST DATI JOS. Nici macar loc sa urci in autobuz nu ai, mai ales daca ai bagaj. Evident,dupa o calatorie cu tramvaiul pierduta si 15 minute asteptat in frig ( in total am pierdut mai mult de jumatate de ora din cauza defectiunii) am ajuns la destinatie tot pe jos!!!","am stat cu mult peste 10-15 minute dupa un autobuz, 15 minute dupa autobuz",negativ,0
213,"aspect: stare_vehicule. fragment: nu am putut merge cu tramvaiul pentru ca S-A DEFECTAT SI AM FOST DATI JOS. text: Ca turist, in 3 zile de stat am ajuns sa merg prin frig pe jos pentru ca am stat cu mult peste 10-15 minute dupa un autobuz.Mai mult, am stat 15 minute dupa autobuz in conditiile in care nu am putut merge cu tramvaiul pentru ca S-A DEFECTAT SI AM FOST DATI JOS. Nici macar loc sa urci in autobuz nu ai, mai ales daca ai bagaj. Evident,dupa o calatorie cu tramvaiul pierduta si 15 minute asteptat in frig ( in total am pierdut mai mult de jumatate de ora din cauza defectiunii) am ajuns la destinatie tot pe jos!!!",stare_vehicule,"Ca turist, in 3 zile de stat am ajuns sa merg prin frig pe jos pentru ca am stat cu mult peste 10-15 minute dupa un autobuz.Mai mult, am stat 15 minute dupa autobuz in conditiile in care nu am putut merge cu tramvaiul pentru ca S-A DEFECTAT SI AM FOST DATI JOS. Nici macar loc sa urci in autobuz nu ai, mai ales daca ai bagaj. Evident,dupa o calatorie cu tramvaiul pierduta si 15 minute asteptat in frig ( in total am pierdut mai mult de jumatate de ora din cauza defectiunii) am ajuns la destinatie tot pe jos!!!",nu am putut merge cu tramvaiul pentru ca S-A DEFECTAT SI AM FOST DATI JOS,negativ,0
213,"aspect: aglomeratie. fragment: Nici macar loc sa urci in autobuz nu ai, mai ales daca ai bagaj. text: Ca turist, in 3 zile de stat am ajuns sa merg prin frig pe jos pentru ca am stat cu mult peste 10-15 minute dupa un autobuz.Mai mult, am stat 15 minute dupa autobuz in conditiile in care nu am putut merge cu tramvaiul pentru ca S-A DEFECTAT SI AM FOST DATI JOS. Nici macar loc sa urci in autobuz nu ai, mai ales daca ai bagaj. Evident,dupa o calatorie cu tramvaiul pierduta si 15 minute asteptat in frig ( in total am pierdut mai mult de jumatate de ora din cauza defectiunii) am ajuns la destinatie tot pe jos!!!",aglomeratie,"Ca turist, in 3 zile de stat am ajuns sa merg prin frig pe jos pentru ca am stat cu mult peste 10-15 minute dupa un autobuz.Mai mult, am stat 15 minute dupa autobuz in conditiile in care nu am putut merge cu tramvaiul pentru ca S-A DEFECTAT SI AM FOST DATI JOS. Nici macar loc sa urci in autobuz nu ai, mai ales daca ai bagaj. Evident,dupa o calatorie cu tramvaiul pierduta si 15 minute asteptat in frig ( in total am pierdut mai mult de jumatate de ora din cauza defectiunii) am ajuns la destinatie tot pe jos!!!","Nici macar loc sa urci in autobuz nu ai, mai ales daca ai bagaj",negativ,0
214,"aspect: punctualitate. fragment: La CTP un minut e egal cu 30 de minute, dacă întârzie 3 ore e tot vina ta cumva. text: Neseriozitate totală
La CTP un minut e egal cu 30 de minute
În Japonia dacă întârzie o secundă transportul public compania își cere scuze 3 săptămâni
Aici dacă întârzie 3 ore e tot vina ta cumva",punctualitate,"Neseriozitate totală
La CTP un minut e egal cu 30 de minute
În Japonia dacă întârzie o secundă transportul public compania își cere scuze 3 săptămâni
Aici dacă întârzie 3 ore e tot vina ta cumva","La CTP un minut e egal cu 30 de minute, dacă întârzie 3 ore e tot vina ta cumva",negativ,0
215,"aspect: confort_termic. fragment: Sa transporti oameni dintre-un capat în altul al Iașului la 40°C, nu fii capabil să găsești un om să ți repare aerul condiționat. text: Sa transporti oameni dintre-un capat în altul al Iașului la 40°C , denotă o mare lipsă de respect și bun simt. Mai rău ca animalele. Sa te lauzi cu autobuze și tramvaie din fonduri europene dar sa nu fii capabil să găsești un om să ți repare aerul condiționat ! RUSINE ! Sunteți o pata neagră pe fata acestui oraș frumos :(",confort_termic,"Sa transporti oameni dintre-un capat în altul al Iașului la 40°C , denotă o mare lipsă de respect și bun simt. Mai rău ca animalele. Sa te lauzi cu autobuze și tramvaie din fonduri europene dar sa nu fii capabil să găsești un om să ți repare aerul condiționat ! RUSINE ! Sunteți o pata neagră pe fata acestui oraș frumos :(","Sa transporti oameni dintre-un capat în altul al Iașului la 40°C, nu fii capabil să găsești un om să ți repare aerul condiționat",negativ,0
216,"aspect: stare_vehicule. fragment: Tramvaiele vechi trebuie scoase din uz, s-a stricat iar tramvaiul. text: Tramvaiele vechi trebuie scoase din uz. Am platit bilet sa ajung la munca, si nu am mai ajuns ca s-a stricat iar tramvaiul. Am fost nevoit sa merg cu taxiul. Cine imi deconteaza biletul? Nu am beneficiat de serviciu. Urmeaza sa ma adresez catre ANPC.",stare_vehicule,"Tramvaiele vechi trebuie scoase din uz. Am platit bilet sa ajung la munca, si nu am mai ajuns ca s-a stricat iar tramvaiul. Am fost nevoit sa merg cu taxiul. Cine imi deconteaza biletul? Nu am beneficiat de serviciu. Urmeaza sa ma adresez catre ANPC.","Tramvaiele vechi trebuie scoase din uz, s-a stricat iar tramvaiul",negativ,0
216,"aspect: pret. fragment: Am platit bilet sa ajung la munca, si nu am mai ajuns ca s-a stricat iar tramvaiul. Cine imi deconteaza biletul? Nu am beneficiat de serviciu. text: Tramvaiele vechi trebuie scoase din uz. Am platit bilet sa ajung la munca, si nu am mai ajuns ca s-a stricat iar tramvaiul. Am fost nevoit sa merg cu taxiul. Cine imi deconteaza biletul? Nu am beneficiat de serviciu. Urmeaza sa ma adresez catre ANPC.",pret,"Tramvaiele vechi trebuie scoase din uz. Am platit bilet sa ajung la munca, si nu am mai ajuns ca s-a stricat iar tramvaiul. Am fost nevoit sa merg cu taxiul. Cine imi deconteaza biletul? Nu am beneficiat de serviciu. Urmeaza sa ma adresez catre ANPC.","Am platit bilet sa ajung la munca, si nu am mai ajuns ca s-a stricat iar tramvaiul. Cine imi deconteaza biletul? Nu am beneficiat de serviciu",negativ,0
218,"aspect: pret. fragment: Pentru ce se scumpesc biletele si abonamentele. text: Jalnic. Pentru ce se scumpesc biletele si abonamentele daca de la 7:25 abia la 08:00 a venit un tramvai? Bataie de joc, mai aveți și nesimțirea sa vă promovați ca asigurând un transport in comun de lăudat.",pret,"Jalnic. Pentru ce se scumpesc biletele si abonamentele daca de la 7:25 abia la 08:00 a venit un tramvai? Bataie de joc, mai aveți și nesimțirea sa vă promovați ca asigurând un transport in comun de lăudat.",Pentru ce se scumpesc biletele si abonamentele,negativ,0
218,"aspect: frecventa. fragment: de la 7:25 abia la 08:00 a venit un tramvai. text: Jalnic. Pentru ce se scumpesc biletele si abonamentele daca de la 7:25 abia la 08:00 a venit un tramvai? Bataie de joc, mai aveți și nesimțirea sa vă promovați ca asigurând un transport in comun de lăudat.",frecventa,"Jalnic. Pentru ce se scumpesc biletele si abonamentele daca de la 7:25 abia la 08:00 a venit un tramvai? Bataie de joc, mai aveți și nesimțirea sa vă promovați ca asigurând un transport in comun de lăudat.",de la 7:25 abia la 08:00 a venit un tramvai,negativ,0
219,"aspect: informare_calatori. fragment: cel mai prost si dezorganizat sistem pentru afisarea mijloacelor de transport, ai mai multe sanse la 6 din 49 decat sa vina ce iti arata ei pe ecran, un minut poate insemna o ora, acuratetea informatiilor e ca si cum ai pune un caine orb sa-ti ghiceasca culori, ordinea sosirilor e facuta pe random.org. text: cel mai prost si dezorganizat sistem pentru afisarea mijloacelor de transport, ai mai multe sanse la 6 din 49 decat sa vina ce iti arata ei pe ecran… timpul afisat probabil e calculat in functie de curentii polari, azi un minut poate insemna o ora, maine poate fi o secunda. acuratetea informatiilor e ca si cum ai pune un caine orb sa-ti ghiceasca culori, ordinea sosirilor e facuta pe random.org.",informare_calatori,"cel mai prost si dezorganizat sistem pentru afisarea mijloacelor de transport, ai mai multe sanse la 6 din 49 decat sa vina ce iti arata ei pe ecran… timpul afisat probabil e calculat in functie de curentii polari, azi un minut poate insemna o ora, maine poate fi o secunda. acuratetea informatiilor e ca si cum ai pune un caine orb sa-ti ghiceasca culori, ordinea sosirilor e facuta pe random.org.","cel mai prost si dezorganizat sistem pentru afisarea mijloacelor de transport, ai mai multe sanse la 6 din 49 decat sa vina ce iti arata ei pe ecran, un minut poate insemna o ora, acuratetea informatiilor e ca si cum ai pune un caine orb sa-ti ghiceasca culori, ordinea sosirilor e facuta pe random.org",negativ,0
220,"aspect: stare_vehicule. fragment: Serviciul de transport s-a imbunatatit in ultima vreme cu autobuze electrice si tramvaie noi. text: Serviciul de transpor s-a inbunatatit in ultima vreme cu autobuze electrice si tramvaie noi. Totusi cea mai mare problema pe care eu nu o pot tolera sunt soferii agresivi in trafic si verbal. Serviciul de reclamatii CTP ii apara. Serviciul de telverde este sub orice critica ,abuz verbal la fel ca soferii, iti inchid telefonul in nas daca le ceri explicatii si nu iti mai raspund dupa. Primaria ar trebuie sa faca reguli clare si transparente pentru soferii nedisciplinati.",stare_vehicule,"Serviciul de transpor s-a inbunatatit in ultima vreme cu autobuze electrice si tramvaie noi. Totusi cea mai mare problema pe care eu nu o pot tolera sunt soferii agresivi in trafic si verbal. Serviciul de reclamatii CTP ii apara. Serviciul de telverde este sub orice critica ,abuz verbal la fel ca soferii, iti inchid telefonul in nas daca le ceri explicatii si nu iti mai raspund dupa. Primaria ar trebuie sa faca reguli clare si transparente pentru soferii nedisciplinati.",Serviciul de transport s-a imbunatatit in ultima vreme cu autobuze electrice si tramvaie noi,pozitiv,2
220,"aspect: soferi_vatmani. fragment: soferii agresivi in trafic si verbal. text: Serviciul de transpor s-a inbunatatit in ultima vreme cu autobuze electrice si tramvaie noi. Totusi cea mai mare problema pe care eu nu o pot tolera sunt soferii agresivi in trafic si verbal. Serviciul de reclamatii CTP ii apara. Serviciul de telverde este sub orice critica ,abuz verbal la fel ca soferii, iti inchid telefonul in nas daca le ceri explicatii si nu iti mai raspund dupa. Primaria ar trebuie sa faca reguli clare si transparente pentru soferii nedisciplinati.",soferi_vatmani,"Serviciul de transpor s-a inbunatatit in ultima vreme cu autobuze electrice si tramvaie noi. Totusi cea mai mare problema pe care eu nu o pot tolera sunt soferii agresivi in trafic si verbal. Serviciul de reclamatii CTP ii apara. Serviciul de telverde este sub orice critica ,abuz verbal la fel ca soferii, iti inchid telefonul in nas daca le ceri explicatii si nu iti mai raspund dupa. Primaria ar trebuie sa faca reguli clare si transparente pentru soferii nedisciplinati.",soferii agresivi in trafic si verbal,negativ,0
220,"aspect: relatii_clienti. fragment: Serviciul de reclamatii CTP ii apara. Serviciul de telverde este sub orice critica, abuz verbal la fel ca soferii, iti inchid telefonul in nas daca le ceri explicatii si nu iti mai raspund dupa. text: Serviciul de transpor s-a inbunatatit in ultima vreme cu autobuze electrice si tramvaie noi. Totusi cea mai mare problema pe care eu nu o pot tolera sunt soferii agresivi in trafic si verbal. Serviciul de reclamatii CTP ii apara. Serviciul de telverde este sub orice critica ,abuz verbal la fel ca soferii, iti inchid telefonul in nas daca le ceri explicatii si nu iti mai raspund dupa. Primaria ar trebuie sa faca reguli clare si transparente pentru soferii nedisciplinati.",relatii_clienti,"Serviciul de transpor s-a inbunatatit in ultima vreme cu autobuze electrice si tramvaie noi. Totusi cea mai mare problema pe care eu nu o pot tolera sunt soferii agresivi in trafic si verbal. Serviciul de reclamatii CTP ii apara. Serviciul de telverde este sub orice critica ,abuz verbal la fel ca soferii, iti inchid telefonul in nas daca le ceri explicatii si nu iti mai raspund dupa. Primaria ar trebuie sa faca reguli clare si transparente pentru soferii nedisciplinati.","Serviciul de reclamatii CTP ii apara. Serviciul de telverde este sub orice critica, abuz verbal la fel ca soferii, iti inchid telefonul in nas daca le ceri explicatii si nu iti mai raspund dupa",negativ,0
222,"aspect: siguranta. fragment: lasă câinii să atace oameni care trec prin fața curții. text: O locație care nu are finanțare cât să își permită pază, așa că lasă câinii să atace oameni care trec prin fața curții.",siguranta,"O locație care nu are finanțare cât să își permită pază, așa că lasă câinii să atace oameni care trec prin fața curții.",lasă câinii să atace oameni care trec prin fața curții,negativ,0
224,aspect: punctualitate. fragment: Minutul ctp durează și jumătate de ora. text: Minutul ctp durează și jumătate de ora. Niște incompetenți!,punctualitate,Minutul ctp durează și jumătate de ora. Niște incompetenți!,Minutul ctp durează și jumătate de ora,negativ,0
225,"aspect: aglomeratie. fragment: mijloacele de transport supra-aglomerate. text: Mulțumim, CTP, pentru sentimentul de coeziune socială pe care îl simt în mijloacele de transport supra-aglomerate și unde compostoarele de bilete se află în capetele vehiculului. Într-adevăr, există riscul de a nu se mai întoarce biletul sau să nu fie compostat conform cerințelor unor controlori, dar ce ar fi viața fără riscuri?!",aglomeratie,"Mulțumim, CTP, pentru sentimentul de coeziune socială pe care îl simt în mijloacele de transport supra-aglomerate și unde compostoarele de bilete se află în capetele vehiculului. Într-adevăr, există riscul de a nu se mai întoarce biletul sau să nu fie compostat conform cerințelor unor controlori, dar ce ar fi viața fără riscuri?!",mijloacele de transport supra-aglomerate,negativ,0
225,"aspect: validare_bilete. fragment: compostoarele de bilete se află în capetele vehiculului, există riscul de a nu se mai întoarce biletul sau să nu fie compostat conform cerințelor unor controlori. text: Mulțumim, CTP, pentru sentimentul de coeziune socială pe care îl simt în mijloacele de transport supra-aglomerate și unde compostoarele de bilete se află în capetele vehiculului. Într-adevăr, există riscul de a nu se mai întoarce biletul sau să nu fie compostat conform cerințelor unor controlori, dar ce ar fi viața fără riscuri?!",validare_bilete,"Mulțumim, CTP, pentru sentimentul de coeziune socială pe care îl simt în mijloacele de transport supra-aglomerate și unde compostoarele de bilete se află în capetele vehiculului. Într-adevăr, există riscul de a nu se mai întoarce biletul sau să nu fie compostat conform cerințelor unor controlori, dar ce ar fi viața fără riscuri?!","compostoarele de bilete se află în capetele vehiculului, există riscul de a nu se mai întoarce biletul sau să nu fie compostat conform cerințelor unor controlori",negativ,0
226,aspect: organizare. fragment: O instituție incompetentă condusă de niște căpușe. text: O instituție incompetentă condusă de niște căpușe.,organizare,O instituție incompetentă condusă de niște căpușe.,O instituție incompetentă condusă de niște căpușe,negativ,0
228,"aspect: relatii_clienti. fragment: este imposibil, nu vă jucați cu legea. text: Bună ziua! Domnie director, V-am rugat să-mi ziceți, dacă ați primit hotărârea judecătorească ptr angajatul Neculau Mihai Valeriu, ptr că este imposibil, nu vă jucați cu legea! Cei de la birourile d-voastră de juridică tb să știe!",relatii_clienti,"Bună ziua! Domnie director, V-am rugat să-mi ziceți, dacă ați primit hotărârea judecătorească ptr angajatul Neculau Mihai Valeriu, ptr că este imposibil, nu vă jucați cu legea! Cei de la birourile d-voastră de juridică tb să știe!","este imposibil, nu vă jucați cu legea",negativ,0
229,"aspect: controlori. fragment: au început să urle la mine ca am luat bilet greșit, nu accept atitudine sălbatică față de mine și copilul meu. text: Dezamăgitoare atitudinea celor care controlează biletele. Având în vedere ca eram cu un copil în brațe au început să urle la mine ca am luat bilet greșit pentru ca nu mă aflam în zona care era pe bilet. Eu îmi asum greșelile dar nu accept atitudine sălbatică față de mine și copilul meu. Eu cred ca se poate vorbi civilizat, dar nu este cazul unora. Poate ar fi bine să sancționăm și noi, nu doar să fim sancționați.
Mai mult respect!!!",controlori,"Dezamăgitoare atitudinea celor care controlează biletele. Având în vedere ca eram cu un copil în brațe au început să urle la mine ca am luat bilet greșit pentru ca nu mă aflam în zona care era pe bilet. Eu îmi asum greșelile dar nu accept atitudine sălbatică față de mine și copilul meu. Eu cred ca se poate vorbi civilizat, dar nu este cazul unora. Poate ar fi bine să sancționăm și noi, nu doar să fim sancționați.
Mai mult respect!!!","au început să urle la mine ca am luat bilet greșit, nu accept atitudine sălbatică față de mine și copilul meu",negativ,0
230,"aspect: frecventa. fragment: Am stat să aștept 30 de minute în stație. text: Foarte slab, CTP Iași.

Am stat să aștept 30 de minunte în stație, iar când a venit un vehicul CTP (Autobuz cu nr. de indentificare E14, pe ruta 42) era foarte plin.

Nu o să îmi schimb recenzia, ca să vă treziți o dată să vedeți realitate.

Edit: Și  mai lăsați o dată decoratul tramvaielor și mai degrabă reparați o dată tramvaiele și autobuzele la tot ce au probleme, că unele zici că sunt tramvai/autobuze fantomă sau că îți este frică ca nu cumva scaunul din tramvai care vrei să te așezi să fie stricat și să te duci pe jos.",frecventa,"Foarte slab, CTP Iași.

Am stat să aștept 30 de minunte în stație, iar când a venit un vehicul CTP (Autobuz cu nr. de indentificare E14, pe ruta 42) era foarte plin.

Nu o să îmi schimb recenzia, ca să vă treziți o dată să vedeți realitate.

Edit: Și  mai lăsați o dată decoratul tramvaielor și mai degrabă reparați o dată tramvaiele și autobuzele la tot ce au probleme, că unele zici că sunt tramvai/autobuze fantomă sau că îți este frică ca nu cumva scaunul din tramvai care vrei să te așezi să fie stricat și să te duci pe jos.",Am stat să aștept 30 de minute în stație,negativ,0
230,"aspect: aglomeratie. fragment: când a venit un vehicul CTP era foarte plin. text: Foarte slab, CTP Iași.

Am stat să aștept 30 de minunte în stație, iar când a venit un vehicul CTP (Autobuz cu nr. de indentificare E14, pe ruta 42) era foarte plin.

Nu o să îmi schimb recenzia, ca să vă treziți o dată să vedeți realitate.

Edit: Și  mai lăsați o dată decoratul tramvaielor și mai degrabă reparați o dată tramvaiele și autobuzele la tot ce au probleme, că unele zici că sunt tramvai/autobuze fantomă sau că îți este frică ca nu cumva scaunul din tramvai care vrei să te așezi să fie stricat și să te duci pe jos.",aglomeratie,"Foarte slab, CTP Iași.

Am stat să aștept 30 de minunte în stație, iar când a venit un vehicul CTP (Autobuz cu nr. de indentificare E14, pe ruta 42) era foarte plin.

Nu o să îmi schimb recenzia, ca să vă treziți o dată să vedeți realitate.

Edit: Și  mai lăsați o dată decoratul tramvaielor și mai degrabă reparați o dată tramvaiele și autobuzele la tot ce au probleme, că unele zici că sunt tramvai/autobuze fantomă sau că îți este frică ca nu cumva scaunul din tramvai care vrei să te așezi să fie stricat și să te duci pe jos.",când a venit un vehicul CTP era foarte plin,negativ,0
230,"aspect: stare_vehicule. fragment: lăsați decoratul tramvaielor și mai degrabă reparați o dată tramvaiele și autobuzele, unele zici că sunt tramvai/autobuze fantomă, scaunul din tramvai care vrei să te așezi să fie stricat. text: Foarte slab, CTP Iași.

Am stat să aștept 30 de minunte în stație, iar când a venit un vehicul CTP (Autobuz cu nr. de indentificare E14, pe ruta 42) era foarte plin.

Nu o să îmi schimb recenzia, ca să vă treziți o dată să vedeți realitate.

Edit: Și  mai lăsați o dată decoratul tramvaielor și mai degrabă reparați o dată tramvaiele și autobuzele la tot ce au probleme, că unele zici că sunt tramvai/autobuze fantomă sau că îți este frică ca nu cumva scaunul din tramvai care vrei să te așezi să fie stricat și să te duci pe jos.",stare_vehicule,"Foarte slab, CTP Iași.

Am stat să aștept 30 de minunte în stație, iar când a venit un vehicul CTP (Autobuz cu nr. de indentificare E14, pe ruta 42) era foarte plin.

Nu o să îmi schimb recenzia, ca să vă treziți o dată să vedeți realitate.

Edit: Și  mai lăsați o dată decoratul tramvaielor și mai degrabă reparați o dată tramvaiele și autobuzele la tot ce au probleme, că unele zici că sunt tramvai/autobuze fantomă sau că îți este frică ca nu cumva scaunul din tramvai care vrei să te așezi să fie stricat și să te duci pe jos.","lăsați decoratul tramvaielor și mai degrabă reparați o dată tramvaiele și autobuzele, unele zici că sunt tramvai/autobuze fantomă, scaunul din tramvai care vrei să te așezi să fie stricat",negativ,0
231,"aspect: frecventa. fragment: Se stă în stație câte 40 de minute pentru un amărât de tramvai, Timpi mari de așteptare în stație. text: Le: la o zi distanță, aceeași problemă. Timpi mari de așteptare în stație....sunteți sub orice critică,  bine că vă acordați singuri premii. Sunteți absolut penibili

Scoateți naibii mai multe mijloace de transport în comun la stradă. Se stă în stație câte 40 de minute pentru un amărât de tramvai? Nu aveți pic de bun simț",frecventa,"Le: la o zi distanță, aceeași problemă. Timpi mari de așteptare în stație....sunteți sub orice critică,  bine că vă acordați singuri premii. Sunteți absolut penibili

Scoateți naibii mai multe mijloace de transport în comun la stradă. Se stă în stație câte 40 de minute pentru un amărât de tramvai? Nu aveți pic de bun simț","Se stă în stație câte 40 de minute pentru un amărât de tramvai, Timpi mari de așteptare în stație",negativ,0
232,"aspect: punctualitate. fragment: Ar trebui si compania amendata de cate ori intarzie autobuzele/tramvaiele. text: Ar trebui si compania amendata de cate ori  intarzie autobuzele/tranvaiele , si pentru porcariile de aparate pentru bilete care iti iau bani dar nu dau bilet. Ar trebui  macar la 15' sa vina un autobuz nu sa stai o ora in statie si sa mai fie si cu tupeu controlori. Pentru fiecare minut intarziat ar trebui sa se circule gratuit si asa furati des la aparatele de bilete ca luati bani da nu primesti bilet, pluc functionarea proasta a celor din mijlocul de transport care au ora eronata sau nu au fct.",punctualitate,"Ar trebui si compania amendata de cate ori  intarzie autobuzele/tranvaiele , si pentru porcariile de aparate pentru bilete care iti iau bani dar nu dau bilet. Ar trebui  macar la 15' sa vina un autobuz nu sa stai o ora in statie si sa mai fie si cu tupeu controlori. Pentru fiecare minut intarziat ar trebui sa se circule gratuit si asa furati des la aparatele de bilete ca luati bani da nu primesti bilet, pluc functionarea proasta a celor din mijlocul de transport care au ora eronata sau nu au fct.",Ar trebui si compania amendata de cate ori intarzie autobuzele/tramvaiele,negativ,0
232,"aspect: validare_bilete. fragment: porcariile de aparate pentru bilete care iti iau bani dar nu dau bilet, aparatele de bilete care au ora eronata sau nu functioneaza. text: Ar trebui si compania amendata de cate ori  intarzie autobuzele/tranvaiele , si pentru porcariile de aparate pentru bilete care iti iau bani dar nu dau bilet. Ar trebui  macar la 15' sa vina un autobuz nu sa stai o ora in statie si sa mai fie si cu tupeu controlori. Pentru fiecare minut intarziat ar trebui sa se circule gratuit si asa furati des la aparatele de bilete ca luati bani da nu primesti bilet, pluc functionarea proasta a celor din mijlocul de transport care au ora eronata sau nu au fct.",validare_bilete,"Ar trebui si compania amendata de cate ori  intarzie autobuzele/tranvaiele , si pentru porcariile de aparate pentru bilete care iti iau bani dar nu dau bilet. Ar trebui  macar la 15' sa vina un autobuz nu sa stai o ora in statie si sa mai fie si cu tupeu controlori. Pentru fiecare minut intarziat ar trebui sa se circule gratuit si asa furati des la aparatele de bilete ca luati bani da nu primesti bilet, pluc functionarea proasta a celor din mijlocul de transport care au ora eronata sau nu au fct.","porcariile de aparate pentru bilete care iti iau bani dar nu dau bilet, aparatele de bilete care au ora eronata sau nu functioneaza",negativ,0
232,"aspect: frecventa. fragment: sa stai o ora in statie. text: Ar trebui si compania amendata de cate ori  intarzie autobuzele/tranvaiele , si pentru porcariile de aparate pentru bilete care iti iau bani dar nu dau bilet. Ar trebui  macar la 15' sa vina un autobuz nu sa stai o ora in statie si sa mai fie si cu tupeu controlori. Pentru fiecare minut intarziat ar trebui sa se circule gratuit si asa furati des la aparatele de bilete ca luati bani da nu primesti bilet, pluc functionarea proasta a celor din mijlocul de transport care au ora eronata sau nu au fct.",frecventa,"Ar trebui si compania amendata de cate ori  intarzie autobuzele/tranvaiele , si pentru porcariile de aparate pentru bilete care iti iau bani dar nu dau bilet. Ar trebui  macar la 15' sa vina un autobuz nu sa stai o ora in statie si sa mai fie si cu tupeu controlori. Pentru fiecare minut intarziat ar trebui sa se circule gratuit si asa furati des la aparatele de bilete ca luati bani da nu primesti bilet, pluc functionarea proasta a celor din mijlocul de transport care au ora eronata sau nu au fct.",sa stai o ora in statie,negativ,0
232,"aspect: controlori. fragment: sa mai fie si cu tupeu controlori. text: Ar trebui si compania amendata de cate ori  intarzie autobuzele/tranvaiele , si pentru porcariile de aparate pentru bilete care iti iau bani dar nu dau bilet. Ar trebui  macar la 15' sa vina un autobuz nu sa stai o ora in statie si sa mai fie si cu tupeu controlori. Pentru fiecare minut intarziat ar trebui sa se circule gratuit si asa furati des la aparatele de bilete ca luati bani da nu primesti bilet, pluc functionarea proasta a celor din mijlocul de transport care au ora eronata sau nu au fct.",controlori,"Ar trebui si compania amendata de cate ori  intarzie autobuzele/tranvaiele , si pentru porcariile de aparate pentru bilete care iti iau bani dar nu dau bilet. Ar trebui  macar la 15' sa vina un autobuz nu sa stai o ora in statie si sa mai fie si cu tupeu controlori. Pentru fiecare minut intarziat ar trebui sa se circule gratuit si asa furati des la aparatele de bilete ca luati bani da nu primesti bilet, pluc functionarea proasta a celor din mijlocul de transport care au ora eronata sau nu au fct.",sa mai fie si cu tupeu controlori,negativ,0
233,"aspect: frecventa. fragment: timpul de asteptare sa fie mai mult de 30 de minute in statia Columnei, nu venea nici tramvaiul 6. text: Nu mi se pare normal ca in statia Columnei timpul de asteptare sa fie mai mult de 30 de minute, in special pentru un autobuz ca 36, care duce in centru. Nu venea nici tramvaiul 6.",frecventa,"Nu mi se pare normal ca in statia Columnei timpul de asteptare sa fie mai mult de 30 de minute, in special pentru un autobuz ca 36, care duce in centru. Nu venea nici tramvaiul 6.","timpul de asteptare sa fie mai mult de 30 de minute in statia Columnei, nu venea nici tramvaiul 6",negativ,0
239,aspect: soferi_vatmani. fragment: Șofer autobuzul 30 pe numele marian are un comportament vulgar in fața alți șoferi. text: Șofer otobuzul 30 pe numele  marian  are un comportament  vulgar  in fața  alți  șoferi .,soferi_vatmani,Șofer otobuzul 30 pe numele  marian  are un comportament  vulgar  in fața  alți  șoferi .,Șofer autobuzul 30 pe numele marian are un comportament vulgar in fața alți șoferi,negativ,0
241,"aspect: curatenie. fragment: murdare de glod, au un miros de putregai, nu sunt aerisite. text: Tramvaiele iesite din depou la prima ora, sunt murdare de glod, au un miros de putregai, nu sunt aerisite, vatman care este prea obosit sa conduca dimineata, iar ochii ii are in telefon in timp ce conduce pana la destinatie. Panouri cu trasee care nu sunt functionale, care nu arata realitatea. Poate pana data viitoare va voi da un maxim de stele, progres doresc, nu regres. Succes la combaterea problemelor sesizate.",curatenie,"Tramvaiele iesite din depou la prima ora, sunt murdare de glod, au un miros de putregai, nu sunt aerisite, vatman care este prea obosit sa conduca dimineata, iar ochii ii are in telefon in timp ce conduce pana la destinatie. Panouri cu trasee care nu sunt functionale, care nu arata realitatea. Poate pana data viitoare va voi da un maxim de stele, progres doresc, nu regres. Succes la combaterea problemelor sesizate.","murdare de glod, au un miros de putregai, nu sunt aerisite",negativ,0
241,"aspect: soferi_vatmani. fragment: vatman care este prea obosit sa conduca dimineata, iar ochii ii are in telefon in timp ce conduce. text: Tramvaiele iesite din depou la prima ora, sunt murdare de glod, au un miros de putregai, nu sunt aerisite, vatman care este prea obosit sa conduca dimineata, iar ochii ii are in telefon in timp ce conduce pana la destinatie. Panouri cu trasee care nu sunt functionale, care nu arata realitatea. Poate pana data viitoare va voi da un maxim de stele, progres doresc, nu regres. Succes la combaterea problemelor sesizate.",soferi_vatmani,"Tramvaiele iesite din depou la prima ora, sunt murdare de glod, au un miros de putregai, nu sunt aerisite, vatman care este prea obosit sa conduca dimineata, iar ochii ii are in telefon in timp ce conduce pana la destinatie. Panouri cu trasee care nu sunt functionale, care nu arata realitatea. Poate pana data viitoare va voi da un maxim de stele, progres doresc, nu regres. Succes la combaterea problemelor sesizate.","vatman care este prea obosit sa conduca dimineata, iar ochii ii are in telefon in timp ce conduce",negativ,0
241,"aspect: siguranta. fragment: ochii ii are in telefon in timp ce conduce pana la destinatie. text: Tramvaiele iesite din depou la prima ora, sunt murdare de glod, au un miros de putregai, nu sunt aerisite, vatman care este prea obosit sa conduca dimineata, iar ochii ii are in telefon in timp ce conduce pana la destinatie. Panouri cu trasee care nu sunt functionale, care nu arata realitatea. Poate pana data viitoare va voi da un maxim de stele, progres doresc, nu regres. Succes la combaterea problemelor sesizate.",siguranta,"Tramvaiele iesite din depou la prima ora, sunt murdare de glod, au un miros de putregai, nu sunt aerisite, vatman care este prea obosit sa conduca dimineata, iar ochii ii are in telefon in timp ce conduce pana la destinatie. Panouri cu trasee care nu sunt functionale, care nu arata realitatea. Poate pana data viitoare va voi da un maxim de stele, progres doresc, nu regres. Succes la combaterea problemelor sesizate.",ochii ii are in telefon in timp ce conduce pana la destinatie,negativ,0
241,"aspect: informare_calatori. fragment: Panouri cu trasee care nu sunt functionale, care nu arata realitatea. text: Tramvaiele iesite din depou la prima ora, sunt murdare de glod, au un miros de putregai, nu sunt aerisite, vatman care este prea obosit sa conduca dimineata, iar ochii ii are in telefon in timp ce conduce pana la destinatie. Panouri cu trasee care nu sunt functionale, care nu arata realitatea. Poate pana data viitoare va voi da un maxim de stele, progres doresc, nu regres. Succes la combaterea problemelor sesizate.",informare_calatori,"Tramvaiele iesite din depou la prima ora, sunt murdare de glod, au un miros de putregai, nu sunt aerisite, vatman care este prea obosit sa conduca dimineata, iar ochii ii are in telefon in timp ce conduce pana la destinatie. Panouri cu trasee care nu sunt functionale, care nu arata realitatea. Poate pana data viitoare va voi da un maxim de stele, progres doresc, nu regres. Succes la combaterea problemelor sesizate.","Panouri cu trasee care nu sunt functionale, care nu arata realitatea",negativ,0
243,"aspect: stare_vehicule. fragment: Autobuze și tramvaiele sunt majoritatea moderne în Iași. text: Autobuze și tramvaiele sunt majoritatea moderne în Iași, recomand călătoria cu transportul public în Iași.",stare_vehicule,"Autobuze și tramvaiele sunt majoritatea moderne în Iași, recomand călătoria cu transportul public în Iași.",Autobuze și tramvaiele sunt majoritatea moderne în Iași,pozitiv,2
244,"aspect: frecventa. fragment: sa astepti un autobuz din trei posibile 25 de minute sambata la ora 12. text: Cea mai proasta experienta: sa circuli cu transportul in comun din Iasi cand afara sunt 35 de grade. Este inadmisibil sa astepti un autobuz din trei posibile (un 42, 43 sau 19) 25 de minute sambata la ora 12 cand e atata forfota in oras. Tabelele alea sunt degeaba, nu reflecta realitatea, mai rau te enerveaza cand se blocheaza la 3 minute. In final vine un jaf de autobuz, cu aer conditionat vai de mama lui, dar care in schimb scotea un zgomot infernal, nu se intelegea om cu om. Mai mult, nu am putut selecta pretul biletului de 3 lei cat era normal (nu afisa aparatul  si suma de 3 lei ci doar pe celelalte la care minimul era de 5 lei), astfel incat am platit si scump acea cursa.",frecventa,"Cea mai proasta experienta: sa circuli cu transportul in comun din Iasi cand afara sunt 35 de grade. Este inadmisibil sa astepti un autobuz din trei posibile (un 42, 43 sau 19) 25 de minute sambata la ora 12 cand e atata forfota in oras. Tabelele alea sunt degeaba, nu reflecta realitatea, mai rau te enerveaza cand se blocheaza la 3 minute. In final vine un jaf de autobuz, cu aer conditionat vai de mama lui, dar care in schimb scotea un zgomot infernal, nu se intelegea om cu om. Mai mult, nu am putut selecta pretul biletului de 3 lei cat era normal (nu afisa aparatul  si suma de 3 lei ci doar pe celelalte la care minimul era de 5 lei), astfel incat am platit si scump acea cursa.",sa astepti un autobuz din trei posibile 25 de minute sambata la ora 12,negativ,0
244,"aspect: informare_calatori. fragment: Tabelele alea sunt degeaba, nu reflecta realitatea, mai rau te enerveaza cand se blocheaza la 3 minute. text: Cea mai proasta experienta: sa circuli cu transportul in comun din Iasi cand afara sunt 35 de grade. Este inadmisibil sa astepti un autobuz din trei posibile (un 42, 43 sau 19) 25 de minute sambata la ora 12 cand e atata forfota in oras. Tabelele alea sunt degeaba, nu reflecta realitatea, mai rau te enerveaza cand se blocheaza la 3 minute. In final vine un jaf de autobuz, cu aer conditionat vai de mama lui, dar care in schimb scotea un zgomot infernal, nu se intelegea om cu om. Mai mult, nu am putut selecta pretul biletului de 3 lei cat era normal (nu afisa aparatul  si suma de 3 lei ci doar pe celelalte la care minimul era de 5 lei), astfel incat am platit si scump acea cursa.",informare_calatori,"Cea mai proasta experienta: sa circuli cu transportul in comun din Iasi cand afara sunt 35 de grade. Este inadmisibil sa astepti un autobuz din trei posibile (un 42, 43 sau 19) 25 de minute sambata la ora 12 cand e atata forfota in oras. Tabelele alea sunt degeaba, nu reflecta realitatea, mai rau te enerveaza cand se blocheaza la 3 minute. In final vine un jaf de autobuz, cu aer conditionat vai de mama lui, dar care in schimb scotea un zgomot infernal, nu se intelegea om cu om. Mai mult, nu am putut selecta pretul biletului de 3 lei cat era normal (nu afisa aparatul  si suma de 3 lei ci doar pe celelalte la care minimul era de 5 lei), astfel incat am platit si scump acea cursa.","Tabelele alea sunt degeaba, nu reflecta realitatea, mai rau te enerveaza cand se blocheaza la 3 minute",negativ,0
244,"aspect: confort_termic. fragment: vine un jaf de autobuz, cu aer conditionat vai de mama lui. text: Cea mai proasta experienta: sa circuli cu transportul in comun din Iasi cand afara sunt 35 de grade. Este inadmisibil sa astepti un autobuz din trei posibile (un 42, 43 sau 19) 25 de minute sambata la ora 12 cand e atata forfota in oras. Tabelele alea sunt degeaba, nu reflecta realitatea, mai rau te enerveaza cand se blocheaza la 3 minute. In final vine un jaf de autobuz, cu aer conditionat vai de mama lui, dar care in schimb scotea un zgomot infernal, nu se intelegea om cu om. Mai mult, nu am putut selecta pretul biletului de 3 lei cat era normal (nu afisa aparatul  si suma de 3 lei ci doar pe celelalte la care minimul era de 5 lei), astfel incat am platit si scump acea cursa.",confort_termic,"Cea mai proasta experienta: sa circuli cu transportul in comun din Iasi cand afara sunt 35 de grade. Este inadmisibil sa astepti un autobuz din trei posibile (un 42, 43 sau 19) 25 de minute sambata la ora 12 cand e atata forfota in oras. Tabelele alea sunt degeaba, nu reflecta realitatea, mai rau te enerveaza cand se blocheaza la 3 minute. In final vine un jaf de autobuz, cu aer conditionat vai de mama lui, dar care in schimb scotea un zgomot infernal, nu se intelegea om cu om. Mai mult, nu am putut selecta pretul biletului de 3 lei cat era normal (nu afisa aparatul  si suma de 3 lei ci doar pe celelalte la care minimul era de 5 lei), astfel incat am platit si scump acea cursa.","vine un jaf de autobuz, cu aer conditionat vai de mama lui",negativ,0
244,"aspect: validare_bilete. fragment: nu am putut selecta pretul biletului de 3 lei cat era normal, nu afisa aparatul si suma de 3 lei ci doar pe celelalte la care minimul era de 5 lei, am platit si scump acea cursa. text: Cea mai proasta experienta: sa circuli cu transportul in comun din Iasi cand afara sunt 35 de grade. Este inadmisibil sa astepti un autobuz din trei posibile (un 42, 43 sau 19) 25 de minute sambata la ora 12 cand e atata forfota in oras. Tabelele alea sunt degeaba, nu reflecta realitatea, mai rau te enerveaza cand se blocheaza la 3 minute. In final vine un jaf de autobuz, cu aer conditionat vai de mama lui, dar care in schimb scotea un zgomot infernal, nu se intelegea om cu om. Mai mult, nu am putut selecta pretul biletului de 3 lei cat era normal (nu afisa aparatul  si suma de 3 lei ci doar pe celelalte la care minimul era de 5 lei), astfel incat am platit si scump acea cursa.",validare_bilete,"Cea mai proasta experienta: sa circuli cu transportul in comun din Iasi cand afara sunt 35 de grade. Este inadmisibil sa astepti un autobuz din trei posibile (un 42, 43 sau 19) 25 de minute sambata la ora 12 cand e atata forfota in oras. Tabelele alea sunt degeaba, nu reflecta realitatea, mai rau te enerveaza cand se blocheaza la 3 minute. In final vine un jaf de autobuz, cu aer conditionat vai de mama lui, dar care in schimb scotea un zgomot infernal, nu se intelegea om cu om. Mai mult, nu am putut selecta pretul biletului de 3 lei cat era normal (nu afisa aparatul  si suma de 3 lei ci doar pe celelalte la care minimul era de 5 lei), astfel incat am platit si scump acea cursa.","nu am putut selecta pretul biletului de 3 lei cat era normal, nu afisa aparatul si suma de 3 lei ci doar pe celelalte la care minimul era de 5 lei, am platit si scump acea cursa",negativ,0
245,"aspect: confort_termic. fragment: fac economie la combustibil prin întreruperea AC-ului la 38 grade afara. text: Jenant. Autobuze și tramvaie noi, dar fac economie la combustibil prin întreruperea AC-ului la 38 grade afara.",confort_termic,"Jenant. Autobuze și tramvaie noi, dar fac economie la combustibil prin întreruperea AC-ului la 38 grade afara.",fac economie la combustibil prin întreruperea AC-ului la 38 grade afara,negativ,0
246,"aspect: pret. fragment: De marit pret la bilete ati marit. text: De marit pret la bilete ati marit.
De bagat mai multe autobuze pas.
Ruta 30 b e mereu fulll.
Ruta 20 la fel de full.
Nu suntem obligati sa calatorim ca sardinele si sa asteptam minute bune sa vina un mjjloc de transport fulm.
Suplimentați numarul de autobuze la orele de varf.
Ruta 43c de la ora 7 nu după 9!
Și situația a rămas la fel după 3 ani😳🤦‍♂️",pret,"De marit pret la bilete ati marit.
De bagat mai multe autobuze pas.
Ruta 30 b e mereu fulll.
Ruta 20 la fel de full.
Nu suntem obligati sa calatorim ca sardinele si sa asteptam minute bune sa vina un mjjloc de transport fulm.
Suplimentați numarul de autobuze la orele de varf.
Ruta 43c de la ora 7 nu după 9!
Și situația a rămas la fel după 3 ani😳🤦‍♂️",De marit pret la bilete ati marit,negativ,0
246,"aspect: aglomeratie. fragment: Ruta 30 b e mereu full, Ruta 20 la fel de full, Nu suntem obligati sa calatorim ca sardinele. text: De marit pret la bilete ati marit.
De bagat mai multe autobuze pas.
Ruta 30 b e mereu fulll.
Ruta 20 la fel de full.
Nu suntem obligati sa calatorim ca sardinele si sa asteptam minute bune sa vina un mjjloc de transport fulm.
Suplimentați numarul de autobuze la orele de varf.
Ruta 43c de la ora 7 nu după 9!
Și situația a rămas la fel după 3 ani😳🤦‍♂️",aglomeratie,"De marit pret la bilete ati marit.
De bagat mai multe autobuze pas.
Ruta 30 b e mereu fulll.
Ruta 20 la fel de full.
Nu suntem obligati sa calatorim ca sardinele si sa asteptam minute bune sa vina un mjjloc de transport fulm.
Suplimentați numarul de autobuze la orele de varf.
Ruta 43c de la ora 7 nu după 9!
Și situația a rămas la fel după 3 ani😳🤦‍♂️","Ruta 30 b e mereu full, Ruta 20 la fel de full, Nu suntem obligati sa calatorim ca sardinele",negativ,0
246,"aspect: frecventa. fragment: sa asteptam minute bune sa vina un mijloc de transport full, Ruta 43c de la ora 7 nu după 9. text: De marit pret la bilete ati marit.
De bagat mai multe autobuze pas.
Ruta 30 b e mereu fulll.
Ruta 20 la fel de full.
Nu suntem obligati sa calatorim ca sardinele si sa asteptam minute bune sa vina un mjjloc de transport fulm.
Suplimentați numarul de autobuze la orele de varf.
Ruta 43c de la ora 7 nu după 9!
Și situația a rămas la fel după 3 ani😳🤦‍♂️",frecventa,"De marit pret la bilete ati marit.
De bagat mai multe autobuze pas.
Ruta 30 b e mereu fulll.
Ruta 20 la fel de full.
Nu suntem obligati sa calatorim ca sardinele si sa asteptam minute bune sa vina un mjjloc de transport fulm.
Suplimentați numarul de autobuze la orele de varf.
Ruta 43c de la ora 7 nu după 9!
Și situația a rămas la fel după 3 ani😳🤦‍♂️","sa asteptam minute bune sa vina un mijloc de transport full, Ruta 43c de la ora 7 nu după 9",negativ,0
248,"aspect: infrastructura_statii. fragment: nu au copertină la intrare, am așteptat în ploaie. text: 👎nu au copertină la întrare,am așteptat în ploaie!",infrastructura_statii,"👎nu au copertină la întrare,am așteptat în ploaie!","nu au copertină la intrare, am așteptat în ploaie",negativ,0
250,"aspect: organizare. fragment: Program haotic, circula când vor, nu au program prestabilit. text: Program haotic, circula când vor, nu au program prestabilit, te iau toți nervii dacă stai sa aștepți autobuz sau tramvai. O companie de doi bani. Niciodată nu se respecta un program. Degeaba se fac sesizări și reclamații, nu se respecta călătorii. In schimb cer 5 lei și 7 lei pe bilete. Singurul traseu care respecta programul e 23 in rest, mergeți la săpat ! Sunteți jalnici! Punct!",organizare,"Program haotic, circula când vor, nu au program prestabilit, te iau toți nervii dacă stai sa aștepți autobuz sau tramvai. O companie de doi bani. Niciodată nu se respecta un program. Degeaba se fac sesizări și reclamații, nu se respecta călătorii. In schimb cer 5 lei și 7 lei pe bilete. Singurul traseu care respecta programul e 23 in rest, mergeți la săpat ! Sunteți jalnici! Punct!","Program haotic, circula când vor, nu au program prestabilit",negativ,0
250,"aspect: pret. fragment: In schimb cer 5 lei și 7 lei pe bilete. text: Program haotic, circula când vor, nu au program prestabilit, te iau toți nervii dacă stai sa aștepți autobuz sau tramvai. O companie de doi bani. Niciodată nu se respecta un program. Degeaba se fac sesizări și reclamații, nu se respecta călătorii. In schimb cer 5 lei și 7 lei pe bilete. Singurul traseu care respecta programul e 23 in rest, mergeți la săpat ! Sunteți jalnici! Punct!",pret,"Program haotic, circula când vor, nu au program prestabilit, te iau toți nervii dacă stai sa aștepți autobuz sau tramvai. O companie de doi bani. Niciodată nu se respecta un program. Degeaba se fac sesizări și reclamații, nu se respecta călătorii. In schimb cer 5 lei și 7 lei pe bilete. Singurul traseu care respecta programul e 23 in rest, mergeți la săpat ! Sunteți jalnici! Punct!",In schimb cer 5 lei și 7 lei pe bilete,negativ,0
250,"aspect: relatii_clienti. fragment: Degeaba se fac sesizări și reclamații, nu se respecta călătorii. text: Program haotic, circula când vor, nu au program prestabilit, te iau toți nervii dacă stai sa aștepți autobuz sau tramvai. O companie de doi bani. Niciodată nu se respecta un program. Degeaba se fac sesizări și reclamații, nu se respecta călătorii. In schimb cer 5 lei și 7 lei pe bilete. Singurul traseu care respecta programul e 23 in rest, mergeți la săpat ! Sunteți jalnici! Punct!",relatii_clienti,"Program haotic, circula când vor, nu au program prestabilit, te iau toți nervii dacă stai sa aștepți autobuz sau tramvai. O companie de doi bani. Niciodată nu se respecta un program. Degeaba se fac sesizări și reclamații, nu se respecta călătorii. In schimb cer 5 lei și 7 lei pe bilete. Singurul traseu care respecta programul e 23 in rest, mergeți la săpat ! Sunteți jalnici! Punct!","Degeaba se fac sesizări și reclamații, nu se respecta călătorii",negativ,0
251,aspect: frecventa. fragment: e nevoie sa se astepte 40-50 minute ca sa vina tramvaiul 8. text: Chiar de fiecare data e nevoie sa se astepte 40-50 minute ca sa vina tramvaiul 8?,frecventa,Chiar de fiecare data e nevoie sa se astepte 40-50 minute ca sa vina tramvaiul 8?,e nevoie sa se astepte 40-50 minute ca sa vina tramvaiul 8,negativ,0
253,aspect: frecventa. fragment: Să stai 40 de minute dimineața să ajungi în Bucium și niciun autobuz. text: Ar trebui să faceți ceva să vină autobuzele la timp!Să stai 40 de minute dimineața să ajungi în Bucium și niciun autobuz?Jalnic!,frecventa,Ar trebui să faceți ceva să vină autobuzele la timp!Să stai 40 de minute dimineața să ajungi în Bucium și niciun autobuz?Jalnic!,Să stai 40 de minute dimineața să ajungi în Bucium și niciun autobuz,negativ,0
254,aspect: stare_vehicule. fragment: Jumătate din tramvaie sunt vechi. text: Jumătate din tramvaie sunt vechi !!!! HOȚII DE NICHITA ȘI CHIRICA !! AU FURAT .... DIN 1997 PÂNĂ ÎN 2021 ! RUȘȘIINNEEEE!!!!,stare_vehicule,Jumătate din tramvaie sunt vechi !!!! HOȚII DE NICHITA ȘI CHIRICA !! AU FURAT .... DIN 1997 PÂNĂ ÎN 2021 ! RUȘȘIINNEEEE!!!!,Jumătate din tramvaie sunt vechi,negativ,0
255,"aspect: soferi_vatmani. fragment: Doar țărani angajați ca vatmani. text: Doar țărani angajați ca vatmani,și la call center de asemenea...tanti a fost foarte ""de treaba""",soferi_vatmani,"Doar țărani angajați ca vatmani,și la call center de asemenea...tanti a fost foarte ""de treaba""",Doar țărani angajați ca vatmani,negativ,0
255,"aspect: relatii_clienti. fragment: la call center de asemenea, tanti a fost foarte de treaba. text: Doar țărani angajați ca vatmani,și la call center de asemenea...tanti a fost foarte ""de treaba""",relatii_clienti,"Doar țărani angajați ca vatmani,și la call center de asemenea...tanti a fost foarte ""de treaba""","la call center de asemenea, tanti a fost foarte de treaba",negativ,0
256,"aspect: frecventa. fragment: Stai si astepti in statie de iti vine a plânge. text: Un dezastru ca intotdeauna. Stai si astepti in statie de iti vine a plânge. Iar cand in sfârsit a venit tramvaiul , dl. vatman parcă e mai degrabă cioban. A dat cu mine jos din scaun la un viraj. 2213 e numarul de inregistrare a tramvaiului.",frecventa,"Un dezastru ca intotdeauna. Stai si astepti in statie de iti vine a plânge. Iar cand in sfârsit a venit tramvaiul , dl. vatman parcă e mai degrabă cioban. A dat cu mine jos din scaun la un viraj. 2213 e numarul de inregistrare a tramvaiului.",Stai si astepti in statie de iti vine a plânge,negativ,0
256,"aspect: soferi_vatmani. fragment: dl. vatman parcă e mai degrabă cioban. A dat cu mine jos din scaun la un viraj. text: Un dezastru ca intotdeauna. Stai si astepti in statie de iti vine a plânge. Iar cand in sfârsit a venit tramvaiul , dl. vatman parcă e mai degrabă cioban. A dat cu mine jos din scaun la un viraj. 2213 e numarul de inregistrare a tramvaiului.",soferi_vatmani,"Un dezastru ca intotdeauna. Stai si astepti in statie de iti vine a plânge. Iar cand in sfârsit a venit tramvaiul , dl. vatman parcă e mai degrabă cioban. A dat cu mine jos din scaun la un viraj. 2213 e numarul de inregistrare a tramvaiului.",dl. vatman parcă e mai degrabă cioban. A dat cu mine jos din scaun la un viraj,negativ,0
256,"aspect: siguranta. fragment: A dat cu mine jos din scaun la un viraj. text: Un dezastru ca intotdeauna. Stai si astepti in statie de iti vine a plânge. Iar cand in sfârsit a venit tramvaiul , dl. vatman parcă e mai degrabă cioban. A dat cu mine jos din scaun la un viraj. 2213 e numarul de inregistrare a tramvaiului.",siguranta,"Un dezastru ca intotdeauna. Stai si astepti in statie de iti vine a plânge. Iar cand in sfârsit a venit tramvaiul , dl. vatman parcă e mai degrabă cioban. A dat cu mine jos din scaun la un viraj. 2213 e numarul de inregistrare a tramvaiului.",A dat cu mine jos din scaun la un viraj,negativ,0
257,"aspect: stare_vehicule. fragment: Autobuzele sunt insuficiente si foarte vechi. text: Autobuzele sunt insuficiente si foarte vechi. E foarte enervant sa astepti 30 de minute dupa un autobuz, iar cand in sfarsit ajunge sa fie atat de plin incat sa nu poti arunca nici macar un ac, asta inseamna ca trebuie sa suplimentati cu autobuze. Aplicatia merge acceptabil acum, dar anul trecut era ghena. Singura solutie pentru traficul rutier aglomerat ar fi modernizarea transportului in public, dar romanul nu are viziune de viitor, din pacate se gandeste doar la buzunarul lui si atat. De personalul ctp nu are sens sa mai zic nimic doar faptul ca cetatenii de etnie rroma nici macar nu sunt amendati daca nu au bilet, iar controlorii nu au niciun drept sa iti retina buletinul. Au dreptul sa te legitimeze daca nu ai bilet doar atat!!! Nu mai acceptati abuzurile!",stare_vehicule,"Autobuzele sunt insuficiente si foarte vechi. E foarte enervant sa astepti 30 de minute dupa un autobuz, iar cand in sfarsit ajunge sa fie atat de plin incat sa nu poti arunca nici macar un ac, asta inseamna ca trebuie sa suplimentati cu autobuze. Aplicatia merge acceptabil acum, dar anul trecut era ghena. Singura solutie pentru traficul rutier aglomerat ar fi modernizarea transportului in public, dar romanul nu are viziune de viitor, din pacate se gandeste doar la buzunarul lui si atat. De personalul ctp nu are sens sa mai zic nimic doar faptul ca cetatenii de etnie rroma nici macar nu sunt amendati daca nu au bilet, iar controlorii nu au niciun drept sa iti retina buletinul. Au dreptul sa te legitimeze daca nu ai bilet doar atat!!! Nu mai acceptati abuzurile!",Autobuzele sunt insuficiente si foarte vechi,negativ,0
257,"aspect: frecventa. fragment: sa astepti 30 de minute dupa un autobuz. text: Autobuzele sunt insuficiente si foarte vechi. E foarte enervant sa astepti 30 de minute dupa un autobuz, iar cand in sfarsit ajunge sa fie atat de plin incat sa nu poti arunca nici macar un ac, asta inseamna ca trebuie sa suplimentati cu autobuze. Aplicatia merge acceptabil acum, dar anul trecut era ghena. Singura solutie pentru traficul rutier aglomerat ar fi modernizarea transportului in public, dar romanul nu are viziune de viitor, din pacate se gandeste doar la buzunarul lui si atat. De personalul ctp nu are sens sa mai zic nimic doar faptul ca cetatenii de etnie rroma nici macar nu sunt amendati daca nu au bilet, iar controlorii nu au niciun drept sa iti retina buletinul. Au dreptul sa te legitimeze daca nu ai bilet doar atat!!! Nu mai acceptati abuzurile!",frecventa,"Autobuzele sunt insuficiente si foarte vechi. E foarte enervant sa astepti 30 de minute dupa un autobuz, iar cand in sfarsit ajunge sa fie atat de plin incat sa nu poti arunca nici macar un ac, asta inseamna ca trebuie sa suplimentati cu autobuze. Aplicatia merge acceptabil acum, dar anul trecut era ghena. Singura solutie pentru traficul rutier aglomerat ar fi modernizarea transportului in public, dar romanul nu are viziune de viitor, din pacate se gandeste doar la buzunarul lui si atat. De personalul ctp nu are sens sa mai zic nimic doar faptul ca cetatenii de etnie rroma nici macar nu sunt amendati daca nu au bilet, iar controlorii nu au niciun drept sa iti retina buletinul. Au dreptul sa te legitimeze daca nu ai bilet doar atat!!! Nu mai acceptati abuzurile!",sa astepti 30 de minute dupa un autobuz,negativ,0
257,"aspect: aglomeratie. fragment: cand in sfarsit ajunge sa fie atat de plin incat sa nu poti arunca nici macar un ac. text: Autobuzele sunt insuficiente si foarte vechi. E foarte enervant sa astepti 30 de minute dupa un autobuz, iar cand in sfarsit ajunge sa fie atat de plin incat sa nu poti arunca nici macar un ac, asta inseamna ca trebuie sa suplimentati cu autobuze. Aplicatia merge acceptabil acum, dar anul trecut era ghena. Singura solutie pentru traficul rutier aglomerat ar fi modernizarea transportului in public, dar romanul nu are viziune de viitor, din pacate se gandeste doar la buzunarul lui si atat. De personalul ctp nu are sens sa mai zic nimic doar faptul ca cetatenii de etnie rroma nici macar nu sunt amendati daca nu au bilet, iar controlorii nu au niciun drept sa iti retina buletinul. Au dreptul sa te legitimeze daca nu ai bilet doar atat!!! Nu mai acceptati abuzurile!",aglomeratie,"Autobuzele sunt insuficiente si foarte vechi. E foarte enervant sa astepti 30 de minute dupa un autobuz, iar cand in sfarsit ajunge sa fie atat de plin incat sa nu poti arunca nici macar un ac, asta inseamna ca trebuie sa suplimentati cu autobuze. Aplicatia merge acceptabil acum, dar anul trecut era ghena. Singura solutie pentru traficul rutier aglomerat ar fi modernizarea transportului in public, dar romanul nu are viziune de viitor, din pacate se gandeste doar la buzunarul lui si atat. De personalul ctp nu are sens sa mai zic nimic doar faptul ca cetatenii de etnie rroma nici macar nu sunt amendati daca nu au bilet, iar controlorii nu au niciun drept sa iti retina buletinul. Au dreptul sa te legitimeze daca nu ai bilet doar atat!!! Nu mai acceptati abuzurile!",cand in sfarsit ajunge sa fie atat de plin incat sa nu poti arunca nici macar un ac,negativ,0
257,"aspect: controlori. fragment: cetatenii de etnie rroma nici macar nu sunt amendati daca nu au bilet, controlorii nu au niciun drept sa iti retina buletinul. text: Autobuzele sunt insuficiente si foarte vechi. E foarte enervant sa astepti 30 de minute dupa un autobuz, iar cand in sfarsit ajunge sa fie atat de plin incat sa nu poti arunca nici macar un ac, asta inseamna ca trebuie sa suplimentati cu autobuze. Aplicatia merge acceptabil acum, dar anul trecut era ghena. Singura solutie pentru traficul rutier aglomerat ar fi modernizarea transportului in public, dar romanul nu are viziune de viitor, din pacate se gandeste doar la buzunarul lui si atat. De personalul ctp nu are sens sa mai zic nimic doar faptul ca cetatenii de etnie rroma nici macar nu sunt amendati daca nu au bilet, iar controlorii nu au niciun drept sa iti retina buletinul. Au dreptul sa te legitimeze daca nu ai bilet doar atat!!! Nu mai acceptati abuzurile!",controlori,"Autobuzele sunt insuficiente si foarte vechi. E foarte enervant sa astepti 30 de minute dupa un autobuz, iar cand in sfarsit ajunge sa fie atat de plin incat sa nu poti arunca nici macar un ac, asta inseamna ca trebuie sa suplimentati cu autobuze. Aplicatia merge acceptabil acum, dar anul trecut era ghena. Singura solutie pentru traficul rutier aglomerat ar fi modernizarea transportului in public, dar romanul nu are viziune de viitor, din pacate se gandeste doar la buzunarul lui si atat. De personalul ctp nu are sens sa mai zic nimic doar faptul ca cetatenii de etnie rroma nici macar nu sunt amendati daca nu au bilet, iar controlorii nu au niciun drept sa iti retina buletinul. Au dreptul sa te legitimeze daca nu ai bilet doar atat!!! Nu mai acceptati abuzurile!","cetatenii de etnie rroma nici macar nu sunt amendati daca nu au bilet, controlorii nu au niciun drept sa iti retina buletinul",negativ,0
258,"aspect: punctualitate. fragment: Oameni astia nu au ceas. Merg dupa cum au chef. Orarul e de forma. text: Oameni astia nu au ceas. Merg dupa cum au chef. Orarul e de forma. Mai bine o iei pe jos sau taxi decat sa astepti o cursa in multe cazuri. Plus unele curse sunt arhipline. Nu ai cum sa urci.
Nici sa vrei.",punctualitate,"Oameni astia nu au ceas. Merg dupa cum au chef. Orarul e de forma. Mai bine o iei pe jos sau taxi decat sa astepti o cursa in multe cazuri. Plus unele curse sunt arhipline. Nu ai cum sa urci.
Nici sa vrei.",Oameni astia nu au ceas. Merg dupa cum au chef. Orarul e de forma,negativ,0
258,"aspect: aglomeratie. fragment: unele curse sunt arhipline. Nu ai cum sa urci. text: Oameni astia nu au ceas. Merg dupa cum au chef. Orarul e de forma. Mai bine o iei pe jos sau taxi decat sa astepti o cursa in multe cazuri. Plus unele curse sunt arhipline. Nu ai cum sa urci.
Nici sa vrei.",aglomeratie,"Oameni astia nu au ceas. Merg dupa cum au chef. Orarul e de forma. Mai bine o iei pe jos sau taxi decat sa astepti o cursa in multe cazuri. Plus unele curse sunt arhipline. Nu ai cum sa urci.
Nici sa vrei.",unele curse sunt arhipline. Nu ai cum sa urci,negativ,0
261,aspect: punctualitate. fragment: always late and incompetent. text: always late and incompetent,punctualitate,always late and incompetent,always late and incompetent,negativ,0
263,aspect: frecventa. fragment: mai mult de 30 de minute la Metro pana a venit un autobuz 20. text: Am stat 2 zile la rand mai mult de 30 de minute la Metro pana a venit un autobuz 20. Dupa ora 17:00,frecventa,Am stat 2 zile la rand mai mult de 30 de minute la Metro pana a venit un autobuz 20. Dupa ora 17:00,mai mult de 30 de minute la Metro pana a venit un autobuz 20,negativ,0
266,aspect: aglomeratie. fragment: Autobuze la fel de aglomerate chiar si in pandemie. Nicio masura de protectie sau distantare. text: Autobuze la fel de aglomerate chiar si in pandemie.Nicio masura de protectie sau distantare.,aglomeratie,Autobuze la fel de aglomerate chiar si in pandemie.Nicio masura de protectie sau distantare.,Autobuze la fel de aglomerate chiar si in pandemie. Nicio masura de protectie sau distantare,negativ,0
270,"aspect: soferi_vatmani. fragment: șoferul sa nu aibe bunul simt macar sa opreasca, nu opreste in statie atunci când nu mai sunt scaune libere. text: Regula de a nu opri in statie atunci când nu mai sunt scaune libere, este pentru toți șoferii sau doar pentru unii(care e mai smecher)? Întreb pentru a sti pe viitor, ca sa nu ma mai enervez cand stau in statie pregătită să urc(fara a fi cu nasul in telefon sau alta preocupatie) si șoferul sa nu aibe bunul simt macar sa opreasca(din mers nu se vede mare scofală, dara să mai bată si soarele in geam)",soferi_vatmani,"Regula de a nu opri in statie atunci când nu mai sunt scaune libere, este pentru toți șoferii sau doar pentru unii(care e mai smecher)? Întreb pentru a sti pe viitor, ca sa nu ma mai enervez cand stau in statie pregătită să urc(fara a fi cu nasul in telefon sau alta preocupatie) si șoferul sa nu aibe bunul simt macar sa opreasca(din mers nu se vede mare scofală, dara să mai bată si soarele in geam)","șoferul sa nu aibe bunul simt macar sa opreasca, nu opreste in statie atunci când nu mai sunt scaune libere",negativ,0
271,aspect: frecventa. fragment: Autobuzul 20 merge din 30 in 30 de minute. text: Autobuzul 20 merge din 30 in 30 de minute,frecventa,Autobuzul 20 merge din 30 in 30 de minute,Autobuzul 20 merge din 30 in 30 de minute,negativ,0
272,"aspect: acoperire_rute. fragment: transportul sa fie prelungit măcar cu o jumătate de ora pentru persoane care încep programul de lucru la ora 09.00. text: Sunt persoane care încep programul de lucru  la ora 09.00, ar trebui ca transportul sa fie prelungit măcar cu o jumătate de ora.",acoperire_rute,"Sunt persoane care încep programul de lucru  la ora 09.00, ar trebui ca transportul sa fie prelungit măcar cu o jumătate de ora.",transportul sa fie prelungit măcar cu o jumătate de ora pentru persoane care încep programul de lucru la ora 09.00,negativ,0
273,"aspect: pret. fragment: de ce scumpiti abonamentele de elevi si studenti pe zona 2. De la 55 de lei sa ajunga la 70. text: Nu inteleg de ce scumpiti abonamentele de elevi si studenti pe zona 2. De la 55 de lei sa ajunga la 70...De toata jena.
Bine ca abonamentele pe zona 1 ai ramas 40 de lei. Nu mi se pare corect. Daca nu readuceti abonamentele pe zona 2 la pretul initial, va fac o panarama de nu va vedeti.",pret,"Nu inteleg de ce scumpiti abonamentele de elevi si studenti pe zona 2. De la 55 de lei sa ajunga la 70...De toata jena.
Bine ca abonamentele pe zona 1 ai ramas 40 de lei. Nu mi se pare corect. Daca nu readuceti abonamentele pe zona 2 la pretul initial, va fac o panarama de nu va vedeti.",de ce scumpiti abonamentele de elevi si studenti pe zona 2. De la 55 de lei sa ajunga la 70,negativ,0
274,"aspect: pret. fragment: nu mai dati abonamente reduse studentilor care nu au resedinta in Iasi, trebuie sa platesti mai mult pe un abonament. text: V-ati gandit voi sa nu mai dati abonamente reduse studentilor care nu au resedinta in Iasi... ce sa mai zic,  dupa ce ca stateam in frig sa asteptam o groaza, dupa inghesuiti in jeg si aer inchis, s-au decis niste capete patrate ca trebuie sa platesti mai mult pe un abonament.",pret,"V-ati gandit voi sa nu mai dati abonamente reduse studentilor care nu au resedinta in Iasi... ce sa mai zic,  dupa ce ca stateam in frig sa asteptam o groaza, dupa inghesuiti in jeg si aer inchis, s-au decis niste capete patrate ca trebuie sa platesti mai mult pe un abonament.","nu mai dati abonamente reduse studentilor care nu au resedinta in Iasi, trebuie sa platesti mai mult pe un abonament",negativ,0
274,"aspect: frecventa. fragment: stateam in frig sa asteptam o groaza. text: V-ati gandit voi sa nu mai dati abonamente reduse studentilor care nu au resedinta in Iasi... ce sa mai zic,  dupa ce ca stateam in frig sa asteptam o groaza, dupa inghesuiti in jeg si aer inchis, s-au decis niste capete patrate ca trebuie sa platesti mai mult pe un abonament.",frecventa,"V-ati gandit voi sa nu mai dati abonamente reduse studentilor care nu au resedinta in Iasi... ce sa mai zic,  dupa ce ca stateam in frig sa asteptam o groaza, dupa inghesuiti in jeg si aer inchis, s-au decis niste capete patrate ca trebuie sa platesti mai mult pe un abonament.",stateam in frig sa asteptam o groaza,negativ,0
274,"aspect: aglomeratie. fragment: inghesuiti in jeg si aer inchis. text: V-ati gandit voi sa nu mai dati abonamente reduse studentilor care nu au resedinta in Iasi... ce sa mai zic,  dupa ce ca stateam in frig sa asteptam o groaza, dupa inghesuiti in jeg si aer inchis, s-au decis niste capete patrate ca trebuie sa platesti mai mult pe un abonament.",aglomeratie,"V-ati gandit voi sa nu mai dati abonamente reduse studentilor care nu au resedinta in Iasi... ce sa mai zic,  dupa ce ca stateam in frig sa asteptam o groaza, dupa inghesuiti in jeg si aer inchis, s-au decis niste capete patrate ca trebuie sa platesti mai mult pe un abonament.",inghesuiti in jeg si aer inchis,negativ,0
275,aspect: organizare. fragment: Se misca in bine. text: Se misca in bine!,organizare,Se misca in bine!,Se misca in bine,pozitiv,2
278,aspect: punctualitate. fragment: Pana si o testoasa se misca mai repede decat autobuzele CTP. text: Pana si o testoasa se misca mai repede decat autobuzele CTP. 😁😎🤝,punctualitate,Pana si o testoasa se misca mai repede decat autobuzele CTP. 😁😎🤝,Pana si o testoasa se misca mai repede decat autobuzele CTP,negativ,0
281,"aspect: soferi_vatmani. fragment: Soferii nu respecta orele de plecare. text: Servicii de toata jena. Soferii nu respecta orele de plecare. Nu poti să-ți faci un program.
Schimbati sistemul de abonamente, e din anii '90",soferi_vatmani,"Servicii de toata jena. Soferii nu respecta orele de plecare. Nu poti să-ți faci un program.
Schimbati sistemul de abonamente, e din anii '90",Soferii nu respecta orele de plecare,negativ,0
281,"aspect: validare_bilete. fragment: Schimbati sistemul de abonamente, e din anii 90. text: Servicii de toata jena. Soferii nu respecta orele de plecare. Nu poti să-ți faci un program.
Schimbati sistemul de abonamente, e din anii '90",validare_bilete,"Servicii de toata jena. Soferii nu respecta orele de plecare. Nu poti să-ți faci un program.
Schimbati sistemul de abonamente, e din anii '90","Schimbati sistemul de abonamente, e din anii 90",negativ,0
282,"aspect: controlori. fragment: controlori prosti. text: Calitate de tot jenul, controlori prosti, miroase urat, uneori nici nu merge aerul conditionat",controlori,"Calitate de tot jenul, controlori prosti, miroase urat, uneori nici nu merge aerul conditionat",controlori prosti,negativ,0
282,"aspect: curatenie. fragment: miroase urat. text: Calitate de tot jenul, controlori prosti, miroase urat, uneori nici nu merge aerul conditionat",curatenie,"Calitate de tot jenul, controlori prosti, miroase urat, uneori nici nu merge aerul conditionat",miroase urat,negativ,0
282,"aspect: confort_termic. fragment: uneori nici nu merge aerul conditionat. text: Calitate de tot jenul, controlori prosti, miroase urat, uneori nici nu merge aerul conditionat",confort_termic,"Calitate de tot jenul, controlori prosti, miroase urat, uneori nici nu merge aerul conditionat",uneori nici nu merge aerul conditionat,negativ,0
285,aspect: frecventa. fragment: Toate autobuzele vin foarte greu. Imbatranesti in statii. text: Toate autobuzele vin foarte greu. Imbatranesti in statii.,frecventa,Toate autobuzele vin foarte greu. Imbatranesti in statii.,Toate autobuzele vin foarte greu. Imbatranesti in statii,negativ,0
286,"aspect: confort_termic. fragment: pornirea aerului conditionat e la fel de complicata ca pornirea unui reactor nuclear, le e atat de greu soferilor sa porneasca aerul ala atunci cand temperatura in autobuz e de 40. text: Pe autobuzele traseului 41, se pare ca pornirea aerului conditionat e la fel de complicata ca pornirea unui reactor nuclear. Le e atat de greu soferilor sa porneasca aerul ala atunci cand temperatura in autobuz e de 40?",confort_termic,"Pe autobuzele traseului 41, se pare ca pornirea aerului conditionat e la fel de complicata ca pornirea unui reactor nuclear. Le e atat de greu soferilor sa porneasca aerul ala atunci cand temperatura in autobuz e de 40?","pornirea aerului conditionat e la fel de complicata ca pornirea unui reactor nuclear, le e atat de greu soferilor sa porneasca aerul ala atunci cand temperatura in autobuz e de 40",negativ,0
287,"aspect: soferi_vatmani. fragment: vatmanii de pe tramvaiul 9 mi a inchis una in nas, nu mi a mai permis sa urc. text: De tot râsul....Niste inpertineti si mega nesimțiți..cel puțin așa sunt vatmanii de pe tramvaiul 9...
Am așteptat 10 min in tramvai...fiind foarte cald am coborât ...La 5 min a urcat ""dnl""vatman si efectiv mi a inchis una in nas ..Nu mi a mai permis sa urc...Asta s a intamplat la capăt Cug...
Acum am bilet cumparat si a merg cu taxiul ca întârzii la serviciu...
RUSINEEEE...",soferi_vatmani,"De tot râsul....Niste inpertineti si mega nesimțiți..cel puțin așa sunt vatmanii de pe tramvaiul 9...
Am așteptat 10 min in tramvai...fiind foarte cald am coborât ...La 5 min a urcat ""dnl""vatman si efectiv mi a inchis una in nas ..Nu mi a mai permis sa urc...Asta s a intamplat la capăt Cug...
Acum am bilet cumparat si a merg cu taxiul ca întârzii la serviciu...
RUSINEEEE...","vatmanii de pe tramvaiul 9 mi a inchis una in nas, nu mi a mai permis sa urc",negativ,0
287,"aspect: confort_termic. fragment: fiind foarte cald am coborât. text: De tot râsul....Niste inpertineti si mega nesimțiți..cel puțin așa sunt vatmanii de pe tramvaiul 9...
Am așteptat 10 min in tramvai...fiind foarte cald am coborât ...La 5 min a urcat ""dnl""vatman si efectiv mi a inchis una in nas ..Nu mi a mai permis sa urc...Asta s a intamplat la capăt Cug...
Acum am bilet cumparat si a merg cu taxiul ca întârzii la serviciu...
RUSINEEEE...",confort_termic,"De tot râsul....Niste inpertineti si mega nesimțiți..cel puțin așa sunt vatmanii de pe tramvaiul 9...
Am așteptat 10 min in tramvai...fiind foarte cald am coborât ...La 5 min a urcat ""dnl""vatman si efectiv mi a inchis una in nas ..Nu mi a mai permis sa urc...Asta s a intamplat la capăt Cug...
Acum am bilet cumparat si a merg cu taxiul ca întârzii la serviciu...
RUSINEEEE...",fiind foarte cald am coborât,negativ,0
287,"aspect: punctualitate. fragment: acum am bilet cumparat si merg cu taxiul ca întârzii la serviciu. text: De tot râsul....Niste inpertineti si mega nesimțiți..cel puțin așa sunt vatmanii de pe tramvaiul 9...
Am așteptat 10 min in tramvai...fiind foarte cald am coborât ...La 5 min a urcat ""dnl""vatman si efectiv mi a inchis una in nas ..Nu mi a mai permis sa urc...Asta s a intamplat la capăt Cug...
Acum am bilet cumparat si a merg cu taxiul ca întârzii la serviciu...
RUSINEEEE...",punctualitate,"De tot râsul....Niste inpertineti si mega nesimțiți..cel puțin așa sunt vatmanii de pe tramvaiul 9...
Am așteptat 10 min in tramvai...fiind foarte cald am coborât ...La 5 min a urcat ""dnl""vatman si efectiv mi a inchis una in nas ..Nu mi a mai permis sa urc...Asta s a intamplat la capăt Cug...
Acum am bilet cumparat si a merg cu taxiul ca întârzii la serviciu...
RUSINEEEE...",acum am bilet cumparat si merg cu taxiul ca întârzii la serviciu,negativ,0
288,aspect: validare_bilete. fragment: Am avut ghinionul sa nu primesc bon la un POS. text: Am avut ghinionul sa nu primesc bon la un πOS.,validare_bilete,Am avut ghinionul sa nu primesc bon la un πOS.,Am avut ghinionul sa nu primesc bon la un POS,negativ,0
289,aspect: frecventa. fragment: Sa stai 25 minute in Bucium sa astepti un amarat de autobuz sa te duca la serviciu. text: Sa stai 25 minute in Bucium sa sa astepti un amarat de autobuz sa te duca la serviciu....jenant pt CTP....RUSINE!!!,frecventa,Sa stai 25 minute in Bucium sa sa astepti un amarat de autobuz sa te duca la serviciu....jenant pt CTP....RUSINE!!!,Sa stai 25 minute in Bucium sa astepti un amarat de autobuz sa te duca la serviciu,negativ,0
290,aspect: validare_bilete. fragment: POS-urile nu dau bon. Achiti de mai multe ori aceiași călătorie. text: Iarăși POS-urile nu dau bon. Achiti de mai multe ori aceiași călătorie. Teapa. Autobunul 58 de pe ruta 46 Iasi,validare_bilete,Iarăși POS-urile nu dau bon. Achiti de mai multe ori aceiași călătorie. Teapa. Autobunul 58 de pe ruta 46 Iasi,POS-urile nu dau bon. Achiti de mai multe ori aceiași călătorie,negativ,0
291,"aspect: frecventa. fragment: Astept de 30 de minute autobuzul 30 sau 30b. text: Bataie de joc! Astept de 30 de minute autobuzul 30 sau 30b, de parca nu as fi in oraș si la țară. Ce fac soferii? Stau la capăt, ca să se întâlnească la o barfa? Dupa mine nu aș acorda nicio stea!",frecventa,"Bataie de joc! Astept de 30 de minute autobuzul 30 sau 30b, de parca nu as fi in oraș si la țară. Ce fac soferii? Stau la capăt, ca să se întâlnească la o barfa? Dupa mine nu aș acorda nicio stea!",Astept de 30 de minute autobuzul 30 sau 30b,negativ,0
291,"aspect: soferi_vatmani. fragment: Ce fac soferii? Stau la capăt, ca să se întâlnească la o barfa. text: Bataie de joc! Astept de 30 de minute autobuzul 30 sau 30b, de parca nu as fi in oraș si la țară. Ce fac soferii? Stau la capăt, ca să se întâlnească la o barfa? Dupa mine nu aș acorda nicio stea!",soferi_vatmani,"Bataie de joc! Astept de 30 de minute autobuzul 30 sau 30b, de parca nu as fi in oraș si la țară. Ce fac soferii? Stau la capăt, ca să se întâlnească la o barfa? Dupa mine nu aș acorda nicio stea!","Ce fac soferii? Stau la capăt, ca să se întâlnească la o barfa",negativ,0
293,aspect: validare_bilete. fragment: Automatul de bilete din tg cucu da numai un bilet atunci cand platesti pentru 2. text: Automatul de bilete din tg cucu da numai un bilet atunci cand platesti pentru 2. Aveti de gand sa faceti ceva ?,validare_bilete,Automatul de bilete din tg cucu da numai un bilet atunci cand platesti pentru 2. Aveti de gand sa faceti ceva ?,Automatul de bilete din tg cucu da numai un bilet atunci cand platesti pentru 2,negativ,0
294,"aspect: soferi_vatmani. fragment: De când nu este permisă urcarea pasagerilor pe uşa din față? Şi dacă e aşa, şoferul trebuie sa țipe la noi, spunându-ne asta. text: Atitudinea şoferilor lasă de dorit.
De când nu este permisă urcarea pasagerilor pe uşa din față? Şi dacă e aşa, şoferul trebuie sa țipe la noi, spunându-ne asta?!
Valabil pentru şoferul care era pe linia 28 astăzi, la ora 15:29, în Pod Roş.",soferi_vatmani,"Atitudinea şoferilor lasă de dorit.
De când nu este permisă urcarea pasagerilor pe uşa din față? Şi dacă e aşa, şoferul trebuie sa țipe la noi, spunându-ne asta?!
Valabil pentru şoferul care era pe linia 28 astăzi, la ora 15:29, în Pod Roş.","De când nu este permisă urcarea pasagerilor pe uşa din față? Şi dacă e aşa, şoferul trebuie sa țipe la noi, spunându-ne asta",negativ,0
296,"aspect: organizare. fragment: cand este vorba de alegeri sau alte probleme politice intram in datorii. text: O companie care ar functiona foarte bine daca nu ar avea probleme financiare
In toate tarile dezvoltate transportul public local este subventionat neconditionat , dar la noi ca la nimeni cand este vorba de alegeri sau alte probleme politice intram in datorii...Interesant nu credeti ?",organizare,"O companie care ar functiona foarte bine daca nu ar avea probleme financiare
In toate tarile dezvoltate transportul public local este subventionat neconditionat , dar la noi ca la nimeni cand este vorba de alegeri sau alte probleme politice intram in datorii...Interesant nu credeti ?",cand este vorba de alegeri sau alte probleme politice intram in datorii,negativ,0
297,aspect: acoperire_rute. fragment: în noaptea de Paști ortodox să circule pe anumite trasee câte un autobuz și/sau tramvai. text: Mulțumesc întregii companii și celor care au pus în aplicare proiectul ca în noaptea de Paști ortodox să circule pe anumite trasee câte un autobuz și/sau tramvai.,acoperire_rute,Mulțumesc întregii companii și celor care au pus în aplicare proiectul ca în noaptea de Paști ortodox să circule pe anumite trasee câte un autobuz și/sau tramvai.,în noaptea de Paști ortodox să circule pe anumite trasee câte un autobuz și/sau tramvai,pozitiv,2
298,"aspect: soferi_vatmani. fragment: Șoferul de astăzi de pe autobuzul 42 avea un comportament care lasa de dorit, îmi făcea ochi dulci, iar asta a fost scârbos. text: Aveți niște angajați foarte needucați. Șoferul de astăzi de pe autobuzul 42 avea un comportament care lasa de dorit; poate mi s-a părut mie, dar îmi făcea ochi dulci, iar asta a fost scârbos, grețos și ce mai vreți voi. Penibil!",soferi_vatmani,"Aveți niște angajați foarte needucați. Șoferul de astăzi de pe autobuzul 42 avea un comportament care lasa de dorit; poate mi s-a părut mie, dar îmi făcea ochi dulci, iar asta a fost scârbos, grețos și ce mai vreți voi. Penibil!","Șoferul de astăzi de pe autobuzul 42 avea un comportament care lasa de dorit, îmi făcea ochi dulci, iar asta a fost scârbos",negativ,0
299,"aspect: soferi_vatmani. fragment: Nu-mi deschide, aratandu-mi sa merg in statie si in aceeasi secunda porneste din loc, inchide usile fix in fata mea, atitudinea soferilor lasa de dorit. text: Majoritatea soferilor de autobuze sunt nesimintiti! Autobuzul 52, ma apropii de el in statia Terminus, fiind in apropiere si cu genti grele. Nu-mi deschide, aratandu-mi sa merg in statie ( P. Alexandru cel Bun) si in aceeasi secunda porneste din loc. Ajung la fuga, cu inima la gat in statie, ca sa inchida usile fix in fata mea!  Nu e unicul caz cand atitudinea soferilor lasa de dorit!",soferi_vatmani,"Majoritatea soferilor de autobuze sunt nesimintiti! Autobuzul 52, ma apropii de el in statia Terminus, fiind in apropiere si cu genti grele. Nu-mi deschide, aratandu-mi sa merg in statie ( P. Alexandru cel Bun) si in aceeasi secunda porneste din loc. Ajung la fuga, cu inima la gat in statie, ca sa inchida usile fix in fata mea!  Nu e unicul caz cand atitudinea soferilor lasa de dorit!","Nu-mi deschide, aratandu-mi sa merg in statie si in aceeasi secunda porneste din loc, inchide usile fix in fata mea, atitudinea soferilor lasa de dorit",negativ,0
300,aspect: stare_vehicule. fragment: Buses are really modern and clean. text: Buses are really modern and clean!,stare_vehicule,Buses are really modern and clean!,Buses are really modern and clean,pozitiv,2
300,aspect: curatenie. fragment: Buses are really modern and clean. text: Buses are really modern and clean!,curatenie,Buses are really modern and clean!,Buses are really modern and clean,pozitiv,2
301,"aspect: controlori. fragment: amenzile sa se dea la toti oamenii vizati fara bilet sau abonament valid, nu doar selectiv, la cei de culoare mai inchisa sa se treaca in mod nesimtit cu vederea. text: M-as bucura ca amenzile sa se dea la toti oamenii vizati fara bilet sau abonament valid in mijlocul de transport, nu doar selectiv, respectiv la cei cu gura mare si la concetatenii tarii noastre de culoare mai inchisa sa se treaca in mod nesimtit cu vederea. Ori suntem corecti si dam la toti ori nu mai dam deloc amenzi. Dar vorbesc despre Romania, unde oamenii civilizati sunt luati de prosti iar oamenii primitivi sunt ridicati si privilegiati.",controlori,"M-as bucura ca amenzile sa se dea la toti oamenii vizati fara bilet sau abonament valid in mijlocul de transport, nu doar selectiv, respectiv la cei cu gura mare si la concetatenii tarii noastre de culoare mai inchisa sa se treaca in mod nesimtit cu vederea. Ori suntem corecti si dam la toti ori nu mai dam deloc amenzi. Dar vorbesc despre Romania, unde oamenii civilizati sunt luati de prosti iar oamenii primitivi sunt ridicati si privilegiati.","amenzile sa se dea la toti oamenii vizati fara bilet sau abonament valid, nu doar selectiv, la cei de culoare mai inchisa sa se treaca in mod nesimtit cu vederea",negativ,0
303,"aspect: validare_bilete. fragment: ora e 13:47 și pe bilet îți afișează 13:04, biletele compostate au ora greșită. text: Biletele o dată compostate au o valabilitate de 120 minute; toate bune și frumoase atâta timp cât ora e 13:47 și pe bilet îți afișează 13:04. Mergem pe principiul ""ori suntem hoti, ori nu mai?""",validare_bilete,"Biletele o dată compostate au o valabilitate de 120 minute; toate bune și frumoase atâta timp cât ora e 13:47 și pe bilet îți afișează 13:04. Mergem pe principiul ""ori suntem hoti, ori nu mai?""","ora e 13:47 și pe bilet îți afișează 13:04, biletele compostate au ora greșită",negativ,0
304,aspect: stare_vehicule. fragment: tramvaiele au devenit niste bucati de table ruginite in miscare. text: Asteptam si o modernizare a tramvaielor. Cele pe care le avem au devenit niste bucati de table ruginite in miscare.,stare_vehicule,Asteptam si o modernizare a tramvaielor. Cele pe care le avem au devenit niste bucati de table ruginite in miscare.,tramvaiele au devenit niste bucati de table ruginite in miscare,negativ,0
305,"aspect: frecventa. fragment: așteaptă lumea câte 40-50 de minute după un 27. text: Foarte slabe serviciile voastre, după ce că sunt slabe, mai și așteaptă lumea  câte 40-50 de minute după un 27. Să vă fie rușine!",frecventa,"Foarte slabe serviciile voastre, după ce că sunt slabe, mai și așteaptă lumea  câte 40-50 de minute după un 27. Să vă fie rușine!",așteaptă lumea câte 40-50 de minute după un 27,negativ,0
306,"aspect: organizare. fragment: se vad îmbunătățiri, sa sperăm ca este doar începutul. text: se vad îmbunătățiri, sa sperăm ca este doar începutul.",organizare,"se vad îmbunătățiri, sa sperăm ca este doar începutul.","se vad îmbunătățiri, sa sperăm ca este doar începutul",pozitiv,2
307,aspect: organizare. fragment: Un program nu exista si nu poti avea incredere ca vine vreun bus cand ai nevoie. text: Vai de capul vostru de incompetenti... Sau mai bine vai de capul nostru de calatori. Un program nu exista (desi apare ceva la ei pe site) si nu poti avea incredere ca vine vreun bus cand ai nevoie. Soferii sunt niste magari. La pretul de 2 lei/bilet oferiti servicii de 2 bani :)) Of lume! :)),organizare,Vai de capul vostru de incompetenti... Sau mai bine vai de capul nostru de calatori. Un program nu exista (desi apare ceva la ei pe site) si nu poti avea incredere ca vine vreun bus cand ai nevoie. Soferii sunt niste magari. La pretul de 2 lei/bilet oferiti servicii de 2 bani :)) Of lume! :)),Un program nu exista si nu poti avea incredere ca vine vreun bus cand ai nevoie,negativ,0
307,aspect: soferi_vatmani. fragment: Soferii sunt niste magari. text: Vai de capul vostru de incompetenti... Sau mai bine vai de capul nostru de calatori. Un program nu exista (desi apare ceva la ei pe site) si nu poti avea incredere ca vine vreun bus cand ai nevoie. Soferii sunt niste magari. La pretul de 2 lei/bilet oferiti servicii de 2 bani :)) Of lume! :)),soferi_vatmani,Vai de capul vostru de incompetenti... Sau mai bine vai de capul nostru de calatori. Un program nu exista (desi apare ceva la ei pe site) si nu poti avea incredere ca vine vreun bus cand ai nevoie. Soferii sunt niste magari. La pretul de 2 lei/bilet oferiti servicii de 2 bani :)) Of lume! :)),Soferii sunt niste magari,negativ,0
307,aspect: pret. fragment: La pretul de 2 lei/bilet oferiti servicii de 2 bani. text: Vai de capul vostru de incompetenti... Sau mai bine vai de capul nostru de calatori. Un program nu exista (desi apare ceva la ei pe site) si nu poti avea incredere ca vine vreun bus cand ai nevoie. Soferii sunt niste magari. La pretul de 2 lei/bilet oferiti servicii de 2 bani :)) Of lume! :)),pret,Vai de capul vostru de incompetenti... Sau mai bine vai de capul nostru de calatori. Un program nu exista (desi apare ceva la ei pe site) si nu poti avea incredere ca vine vreun bus cand ai nevoie. Soferii sunt niste magari. La pretul de 2 lei/bilet oferiti servicii de 2 bani :)) Of lume! :)),La pretul de 2 lei/bilet oferiti servicii de 2 bani,negativ,0
308,"aspect: organizare. fragment: Compania îşi îmbunătățeşte serviciile pe zi ce trece. text: Compania îşi îmbunătățeşte serviciile pe zi ce trece. Astept cu nerabdare noile tarife. Aş dori să fie înlocuite toate aparatele de taxare clasice cu cele electronice, pentru că foarte adesea cele vechi rup biletele sau nu le stampilează. Mai este de lucrat la modul în care conduc şoferii şi vatmanii. Ei trebuie să înțeleagă că transportă persoane şi nu marfă.",organizare,"Compania îşi îmbunătățeşte serviciile pe zi ce trece. Astept cu nerabdare noile tarife. Aş dori să fie înlocuite toate aparatele de taxare clasice cu cele electronice, pentru că foarte adesea cele vechi rup biletele sau nu le stampilează. Mai este de lucrat la modul în care conduc şoferii şi vatmanii. Ei trebuie să înțeleagă că transportă persoane şi nu marfă.",Compania îşi îmbunătățeşte serviciile pe zi ce trece,pozitiv,2
308,"aspect: validare_bilete. fragment: cele vechi rup biletele sau nu le stampilează, sa fie înlocuite toate aparatele de taxare clasice cu cele electronice. text: Compania îşi îmbunătățeşte serviciile pe zi ce trece. Astept cu nerabdare noile tarife. Aş dori să fie înlocuite toate aparatele de taxare clasice cu cele electronice, pentru că foarte adesea cele vechi rup biletele sau nu le stampilează. Mai este de lucrat la modul în care conduc şoferii şi vatmanii. Ei trebuie să înțeleagă că transportă persoane şi nu marfă.",validare_bilete,"Compania îşi îmbunătățeşte serviciile pe zi ce trece. Astept cu nerabdare noile tarife. Aş dori să fie înlocuite toate aparatele de taxare clasice cu cele electronice, pentru că foarte adesea cele vechi rup biletele sau nu le stampilează. Mai este de lucrat la modul în care conduc şoferii şi vatmanii. Ei trebuie să înțeleagă că transportă persoane şi nu marfă.","cele vechi rup biletele sau nu le stampilează, sa fie înlocuite toate aparatele de taxare clasice cu cele electronice",negativ,0
308,"aspect: soferi_vatmani. fragment: Mai este de lucrat la modul în care conduc şoferii şi vatmanii, trebuie să înțeleagă că transportă persoane şi nu marfă. text: Compania îşi îmbunătățeşte serviciile pe zi ce trece. Astept cu nerabdare noile tarife. Aş dori să fie înlocuite toate aparatele de taxare clasice cu cele electronice, pentru că foarte adesea cele vechi rup biletele sau nu le stampilează. Mai este de lucrat la modul în care conduc şoferii şi vatmanii. Ei trebuie să înțeleagă că transportă persoane şi nu marfă.",soferi_vatmani,"Compania îşi îmbunătățeşte serviciile pe zi ce trece. Astept cu nerabdare noile tarife. Aş dori să fie înlocuite toate aparatele de taxare clasice cu cele electronice, pentru că foarte adesea cele vechi rup biletele sau nu le stampilează. Mai este de lucrat la modul în care conduc şoferii şi vatmanii. Ei trebuie să înțeleagă că transportă persoane şi nu marfă.","Mai este de lucrat la modul în care conduc şoferii şi vatmanii, trebuie să înțeleagă că transportă persoane şi nu marfă",negativ,0
310,"aspect: organizare. fragment: la capăt de linie nu știi care autobuz pleacă primul, care pleacă ultimul, e aleatoriu, fara logica. text: Incompetență, la capăt de linie nu știi care autobuz pleacă primul, care pleacă ultimul, e aleatoriu, fara logica.",organizare,"Incompetență, la capăt de linie nu știi care autobuz pleacă primul, care pleacă ultimul, e aleatoriu, fara logica.","la capăt de linie nu știi care autobuz pleacă primul, care pleacă ultimul, e aleatoriu, fara logica",negativ,0
314,"aspect: stare_vehicule. fragment: Am mers cu un tramvai astăzi de-am zis ca-i pică tabla pe drum. text: Am mers cu un tramvai astăzi de-am zis ca- i pică tabla pe drum! Nu e posibil să ai asemenea tarife și să oferi asemenea servicii. Sunt convinsă ca se vor găsi soluții pentru îmbunătățirea transportului public, să încurajăm oamenii sa- l utilizeze. La întoarcere am fost mai norocoasă c- am  mers cu un mijloc de transport nou. Sunt multe de schimbat… mi se par foarte mari tarifele, dar probabil sunt justificate cumva de subvențiile acordate anumitor categorii.  Succes în activitate! Doamne ajută!",stare_vehicule,"Am mers cu un tramvai astăzi de-am zis ca- i pică tabla pe drum! Nu e posibil să ai asemenea tarife și să oferi asemenea servicii. Sunt convinsă ca se vor găsi soluții pentru îmbunătățirea transportului public, să încurajăm oamenii sa- l utilizeze. La întoarcere am fost mai norocoasă c- am  mers cu un mijloc de transport nou. Sunt multe de schimbat… mi se par foarte mari tarifele, dar probabil sunt justificate cumva de subvențiile acordate anumitor categorii.  Succes în activitate! Doamne ajută!",Am mers cu un tramvai astăzi de-am zis ca-i pică tabla pe drum,negativ,0
314,"aspect: pret. fragment: Nu e posibil să ai asemenea tarife și să oferi asemenea servicii, mi se par foarte mari tarifele. text: Am mers cu un tramvai astăzi de-am zis ca- i pică tabla pe drum! Nu e posibil să ai asemenea tarife și să oferi asemenea servicii. Sunt convinsă ca se vor găsi soluții pentru îmbunătățirea transportului public, să încurajăm oamenii sa- l utilizeze. La întoarcere am fost mai norocoasă c- am  mers cu un mijloc de transport nou. Sunt multe de schimbat… mi se par foarte mari tarifele, dar probabil sunt justificate cumva de subvențiile acordate anumitor categorii.  Succes în activitate! Doamne ajută!",pret,"Am mers cu un tramvai astăzi de-am zis ca- i pică tabla pe drum! Nu e posibil să ai asemenea tarife și să oferi asemenea servicii. Sunt convinsă ca se vor găsi soluții pentru îmbunătățirea transportului public, să încurajăm oamenii sa- l utilizeze. La întoarcere am fost mai norocoasă c- am  mers cu un mijloc de transport nou. Sunt multe de schimbat… mi se par foarte mari tarifele, dar probabil sunt justificate cumva de subvențiile acordate anumitor categorii.  Succes în activitate! Doamne ajută!","Nu e posibil să ai asemenea tarife și să oferi asemenea servicii, mi se par foarte mari tarifele",negativ,0
314,"aspect: stare_vehicule. fragment: La întoarcere am fost mai norocoasă c-am mers cu un mijloc de transport nou. text: Am mers cu un tramvai astăzi de-am zis ca- i pică tabla pe drum! Nu e posibil să ai asemenea tarife și să oferi asemenea servicii. Sunt convinsă ca se vor găsi soluții pentru îmbunătățirea transportului public, să încurajăm oamenii sa- l utilizeze. La întoarcere am fost mai norocoasă c- am  mers cu un mijloc de transport nou. Sunt multe de schimbat… mi se par foarte mari tarifele, dar probabil sunt justificate cumva de subvențiile acordate anumitor categorii.  Succes în activitate! Doamne ajută!",stare_vehicule,"Am mers cu un tramvai astăzi de-am zis ca- i pică tabla pe drum! Nu e posibil să ai asemenea tarife și să oferi asemenea servicii. Sunt convinsă ca se vor găsi soluții pentru îmbunătățirea transportului public, să încurajăm oamenii sa- l utilizeze. La întoarcere am fost mai norocoasă c- am  mers cu un mijloc de transport nou. Sunt multe de schimbat… mi se par foarte mari tarifele, dar probabil sunt justificate cumva de subvențiile acordate anumitor categorii.  Succes în activitate! Doamne ajută!",La întoarcere am fost mai norocoasă c-am mers cu un mijloc de transport nou,pozitiv,2
315,aspect: organizare. fragment: cel mai prost organizat. text: cel mai prost organizat,organizare,cel mai prost organizat,cel mai prost organizat,negativ,0
316,"aspect: soferi_vatmani. fragment: șoferii blochează intersecții și cauzează accidente. text: Management și șoferi extraordinar de incompetenți, șoferii blochează intersecții și cauzează accidente iar managementul postează clipurile pe internet în apărarea șoferilor",soferi_vatmani,"Management și șoferi extraordinar de incompetenți, șoferii blochează intersecții și cauzează accidente iar managementul postează clipurile pe internet în apărarea șoferilor",șoferii blochează intersecții și cauzează accidente,negativ,0
316,"aspect: siguranta. fragment: șoferii blochează intersecții și cauzează accidente. text: Management și șoferi extraordinar de incompetenți, șoferii blochează intersecții și cauzează accidente iar managementul postează clipurile pe internet în apărarea șoferilor",siguranta,"Management și șoferi extraordinar de incompetenți, șoferii blochează intersecții și cauzează accidente iar managementul postează clipurile pe internet în apărarea șoferilor",șoferii blochează intersecții și cauzează accidente,negativ,0
316,"aspect: relatii_clienti. fragment: managementul postează clipurile pe internet în apărarea șoferilor. text: Management și șoferi extraordinar de incompetenți, șoferii blochează intersecții și cauzează accidente iar managementul postează clipurile pe internet în apărarea șoferilor",relatii_clienti,"Management și șoferi extraordinar de incompetenți, șoferii blochează intersecții și cauzează accidente iar managementul postează clipurile pe internet în apărarea șoferilor",managementul postează clipurile pe internet în apărarea șoferilor,negativ,0
317,"aspect: stare_vehicule. fragment: Tramvaie vechi și supraaglomerate. text: Lipsiti complet de profesionalism, neadaptati la cerintele unui oraș mare....Tramvaie vechi și supraaglomerate, aparate de bilete care nu funcționează, orare de circulatie care nu se respectă, etc.",stare_vehicule,"Lipsiti complet de profesionalism, neadaptati la cerintele unui oraș mare....Tramvaie vechi și supraaglomerate, aparate de bilete care nu funcționează, orare de circulatie care nu se respectă, etc.",Tramvaie vechi și supraaglomerate,negativ,0
317,"aspect: aglomeratie. fragment: Tramvaie vechi și supraaglomerate. text: Lipsiti complet de profesionalism, neadaptati la cerintele unui oraș mare....Tramvaie vechi și supraaglomerate, aparate de bilete care nu funcționează, orare de circulatie care nu se respectă, etc.",aglomeratie,"Lipsiti complet de profesionalism, neadaptati la cerintele unui oraș mare....Tramvaie vechi și supraaglomerate, aparate de bilete care nu funcționează, orare de circulatie care nu se respectă, etc.",Tramvaie vechi și supraaglomerate,negativ,0
317,"aspect: validare_bilete. fragment: aparate de bilete care nu funcționează. text: Lipsiti complet de profesionalism, neadaptati la cerintele unui oraș mare....Tramvaie vechi și supraaglomerate, aparate de bilete care nu funcționează, orare de circulatie care nu se respectă, etc.",validare_bilete,"Lipsiti complet de profesionalism, neadaptati la cerintele unui oraș mare....Tramvaie vechi și supraaglomerate, aparate de bilete care nu funcționează, orare de circulatie care nu se respectă, etc.",aparate de bilete care nu funcționează,negativ,0
317,"aspect: punctualitate. fragment: orare de circulatie care nu se respectă. text: Lipsiti complet de profesionalism, neadaptati la cerintele unui oraș mare....Tramvaie vechi și supraaglomerate, aparate de bilete care nu funcționează, orare de circulatie care nu se respectă, etc.",punctualitate,"Lipsiti complet de profesionalism, neadaptati la cerintele unui oraș mare....Tramvaie vechi și supraaglomerate, aparate de bilete care nu funcționează, orare de circulatie care nu se respectă, etc.",orare de circulatie care nu se respectă,negativ,0
318,"aspect: frecventa. fragment: Numarul 19 de abia vine, de multe ori nu vine deloc. text: Numarul 19 de abia vine, de multe ori nu vine deloc",frecventa,"Numarul 19 de abia vine, de multe ori nu vine deloc","Numarul 19 de abia vine, de multe ori nu vine deloc",negativ,0
319,aspect: stare_vehicule. fragment: Transport public modern și eficient. text: Transport public modern și eficient.,stare_vehicule,Transport public modern și eficient.,Transport public modern și eficient,pozitiv,2
320,aspect: aglomeratie. fragment: Aglomerate. text: Aglomerate...19 pe Canta abia vine,aglomeratie,Aglomerate...19 pe Canta abia vine,Aglomerate,negativ,0
320,aspect: frecventa. fragment: 19 pe Canta abia vine. text: Aglomerate...19 pe Canta abia vine,frecventa,Aglomerate...19 pe Canta abia vine,19 pe Canta abia vine,negativ,0
321,aspect: aglomeratie. fragment: Aglomerație mare. text: Aglomerație mare dar ok,aglomeratie,Aglomerație mare dar ok,Aglomerație mare,negativ,0
324,"aspect: organizare. fragment: Incearca o schimbare, dar cu o finanțare redusă. text: Incearca o schimbare...dar cu o finanțare redusă...",organizare,Incearca o schimbare...dar cu o finanțare redusă...,"Incearca o schimbare, dar cu o finanțare redusă",neutru,1
325,"aspect: frecventa. fragment: duminica trec vreo 3-4 tramvaie în 12 ore. text: Servicii la limita execrabilului. Cu exagerările de rigoare, duminica trec vreo 3-4 tramvaie în 12 ore.",frecventa,"Servicii la limita execrabilului. Cu exagerările de rigoare, duminica trec vreo 3-4 tramvaie în 12 ore.",duminica trec vreo 3-4 tramvaie în 12 ore,negativ,0
326,"aspect: validare_bilete. fragment: Din 3 aparate pentru validat bilete, care sunt in tramvaiul 6, nr. 280, doar unul functioneaza. text: Din 3 aparate pentru validat bilete, care sunt in tramvaiul 6, nr. 280, doar unul functioneaza. Daca vreti sa aveti motiv sa dati amenzi, e cel mai josnic motiv sa o faceti in acest mod, pentru ca nici un controlor nu te crede cand ii zici ca nu functioneaza.

In calitate de calator esti obligat sa gadili aparatul, ca atunci cand ai un lacat stricat si incerci sa il deschizi cu toate cheile din buzunar.

Eu am platit bilet, voi nu va faceti treaba sa tineti functionale rablele pe care le numiti mijloace de transport in comun. Nu e treaba mea sa fac pe gladiatorul cu aparatul de validat.",validare_bilete,"Din 3 aparate pentru validat bilete, care sunt in tramvaiul 6, nr. 280, doar unul functioneaza. Daca vreti sa aveti motiv sa dati amenzi, e cel mai josnic motiv sa o faceti in acest mod, pentru ca nici un controlor nu te crede cand ii zici ca nu functioneaza.

In calitate de calator esti obligat sa gadili aparatul, ca atunci cand ai un lacat stricat si incerci sa il deschizi cu toate cheile din buzunar.

Eu am platit bilet, voi nu va faceti treaba sa tineti functionale rablele pe care le numiti mijloace de transport in comun. Nu e treaba mea sa fac pe gladiatorul cu aparatul de validat.","Din 3 aparate pentru validat bilete, care sunt in tramvaiul 6, nr. 280, doar unul functioneaza",negativ,0
326,"aspect: controlori. fragment: nici un controlor nu te crede cand ii zici ca nu functioneaza, abia asteapta sa dea amenzi. text: Din 3 aparate pentru validat bilete, care sunt in tramvaiul 6, nr. 280, doar unul functioneaza. Daca vreti sa aveti motiv sa dati amenzi, e cel mai josnic motiv sa o faceti in acest mod, pentru ca nici un controlor nu te crede cand ii zici ca nu functioneaza.

In calitate de calator esti obligat sa gadili aparatul, ca atunci cand ai un lacat stricat si incerci sa il deschizi cu toate cheile din buzunar.

Eu am platit bilet, voi nu va faceti treaba sa tineti functionale rablele pe care le numiti mijloace de transport in comun. Nu e treaba mea sa fac pe gladiatorul cu aparatul de validat.",controlori,"Din 3 aparate pentru validat bilete, care sunt in tramvaiul 6, nr. 280, doar unul functioneaza. Daca vreti sa aveti motiv sa dati amenzi, e cel mai josnic motiv sa o faceti in acest mod, pentru ca nici un controlor nu te crede cand ii zici ca nu functioneaza.

In calitate de calator esti obligat sa gadili aparatul, ca atunci cand ai un lacat stricat si incerci sa il deschizi cu toate cheile din buzunar.

Eu am platit bilet, voi nu va faceti treaba sa tineti functionale rablele pe care le numiti mijloace de transport in comun. Nu e treaba mea sa fac pe gladiatorul cu aparatul de validat.","nici un controlor nu te crede cand ii zici ca nu functioneaza, abia asteapta sa dea amenzi",negativ,0
327,"aspect: soferi_vatmani. fragment: a răspuns cu amabilitate chiar șoferul de serviciu, care ne-a confirmat că a găsit telefonul mobil și că este dispus să ni-l predea, exemplu de cinste și omenie. text: EXEMPLU DE CINSTE ȘI OMENIE !
Fiica mea, însoțită de un copilaș de 3 ani ,a pierdut un smarphone în seara zilei de marți 10 aprilie într-un autobuz de pe traseul 42 , autobuz cu numărul de înregistrare 1971.Sunînd de acasă la nr de telefon al fiicei mele, a răspuns cu amabilitate chiar șoferul de seviciu pe acel autobuz, care ne-a confirmat că a găsit telefonul mobil și că este dispus să ni-l predea a doua zi.Ne-a spus că numele dumnealui este ILIE.Pentru a-l putea contacta  ulterior a oferit chiar număru său de telefon.Astăzi 11 aprilie după ora 12,00 cînd dl Ilie și-a început tura ne-am înîlnit pe traseul 42 și a predat smartphonul fiicei mele.
Pe aceasă cale familia Dorneanu adresează public calde mulțumiri dlui. conducător auto Ilie, exemplu de cinste și omenie și ne exprimăm speranța că RATP Iași va avea în viitor tot mai mulți angajați de acest fel.
În final dorim să fie făcut public acest gest nobil prin mijlocele pe care le considerați.Mulțumim !
Fam .C.Dorneanu
Iași",soferi_vatmani,"EXEMPLU DE CINSTE ȘI OMENIE !
Fiica mea, însoțită de un copilaș de 3 ani ,a pierdut un smarphone în seara zilei de marți 10 aprilie într-un autobuz de pe traseul 42 , autobuz cu numărul de înregistrare 1971.Sunînd de acasă la nr de telefon al fiicei mele, a răspuns cu amabilitate chiar șoferul de seviciu pe acel autobuz, care ne-a confirmat că a găsit telefonul mobil și că este dispus să ni-l predea a doua zi.Ne-a spus că numele dumnealui este ILIE.Pentru a-l putea contacta  ulterior a oferit chiar număru său de telefon.Astăzi 11 aprilie după ora 12,00 cînd dl Ilie și-a început tura ne-am înîlnit pe traseul 42 și a predat smartphonul fiicei mele.
Pe aceasă cale familia Dorneanu adresează public calde mulțumiri dlui. conducător auto Ilie, exemplu de cinste și omenie și ne exprimăm speranța că RATP Iași va avea în viitor tot mai mulți angajați de acest fel.
În final dorim să fie făcut public acest gest nobil prin mijlocele pe care le considerați.Mulțumim !
Fam .C.Dorneanu
Iași","a răspuns cu amabilitate chiar șoferul de serviciu, care ne-a confirmat că a găsit telefonul mobil și că este dispus să ni-l predea, exemplu de cinste și omenie",pozitiv,2
SIM_001,aspect: frecventa. fragment: Frecvența e ok dimineața la orele de vârf dar seara mai rărește. text: Merg cu CTP de ani de zile pe traseul 28. Frecvența e ok dimineața la orele de vârf dar seara mai rărește. Nu mă plâng în mod special dar nici nu pot spune că e perfect.,frecventa,Merg cu CTP de ani de zile pe traseul 28. Frecvența e ok dimineața la orele de vârf dar seara mai rărește. Nu mă plâng în mod special dar nici nu pot spune că e perfect.,Frecvența e ok dimineața la orele de vârf dar seara mai rărește,neutru,1
SIM_002,"aspect: controlori. fragment: și-au făcut treaba fără să deranjeze pe nimeni. text: Ca să fiu sincer, controlorii pe care i-am întâlnit eu și-au făcut treaba fără să deranjeze pe nimeni. Nici prea agresivi, nici prea relaxați. Normal.",controlori,"Ca să fiu sincer, controlorii pe care i-am întâlnit eu și-au făcut treaba fără să deranjeze pe nimeni. Nici prea agresivi, nici prea relaxați. Normal.",și-au făcut treaba fără să deranjeze pe nimeni,neutru,1
SIM_003,"aspect: confort_termic. fragment: unele au aerul condiționat funcțional altele nu prea. text: Am călătorit vara asta cu mai multe linii. Confortul termic variază mult de la un vehicul la altul - unele au aerul condiționat funcțional, altele nu prea. E o loterie. Prețul biletului mi se pare acceptabil față de alte orașe, deși au mai crescut. În general mă descurc.",confort_termic,"Am călătorit vara asta cu mai multe linii. Confortul termic variază mult de la un vehicul la altul - unele au aerul condiționat funcțional, altele nu prea. E o loterie. Prețul biletului mi se pare acceptabil față de alte orașe, deși au mai crescut. În general mă descurc.",unele au aerul condiționat funcțional altele nu prea,neutru,1
SIM_003,"aspect: pret. fragment: Prețul biletului mi se pare acceptabil față de alte orașe deși au mai crescut. text: Am călătorit vara asta cu mai multe linii. Confortul termic variază mult de la un vehicul la altul - unele au aerul condiționat funcțional, altele nu prea. E o loterie. Prețul biletului mi se pare acceptabil față de alte orașe, deși au mai crescut. În general mă descurc.",pret,"Am călătorit vara asta cu mai multe linii. Confortul termic variază mult de la un vehicul la altul - unele au aerul condiționat funcțional, altele nu prea. E o loterie. Prețul biletului mi se pare acceptabil față de alte orașe, deși au mai crescut. În general mă descurc.",Prețul biletului mi se pare acceptabil față de alte orașe deși au mai crescut,neutru,1
SIM_004,"aspect: organizare. fragment: funcționează ok. text: Organizarea pe trasee în zona centrală funcționează ok. Nu e nimic spectaculos dar nici nu mă lasă cu adevărat jos. Aglomerația la orele de vârf e normală pentru orice oraș, nu știu la ce să mă aștept altfel.",organizare,"Organizarea pe trasee în zona centrală funcționează ok. Nu e nimic spectaculos dar nici nu mă lasă cu adevărat jos. Aglomerația la orele de vârf e normală pentru orice oraș, nu știu la ce să mă aștept altfel.",funcționează ok,neutru,1
SIM_004,"aspect: aglomeratie. fragment: Aglomerația la orele de vârf e normală pentru orice oraș. text: Organizarea pe trasee în zona centrală funcționează ok. Nu e nimic spectaculos dar nici nu mă lasă cu adevărat jos. Aglomerația la orele de vârf e normală pentru orice oraș, nu știu la ce să mă aștept altfel.",aglomeratie,"Organizarea pe trasee în zona centrală funcționează ok. Nu e nimic spectaculos dar nici nu mă lasă cu adevărat jos. Aglomerația la orele de vârf e normală pentru orice oraș, nu știu la ce să mă aștept altfel.",Aglomerația la orele de vârf e normală pentru orice oraș,neutru,1
SIM_005,"aspect: soferi_vatmani. fragment: și-a făcut treaba. text: Șoferul de pe linia 41 pe care l-am prins azi era ok - a oprit în toate stațiile, n-a grăbit mai mult decât trebuie. Nu e ceva de remarcat în mod special, pur și simplu și-a făcut treaba.",soferi_vatmani,"Șoferul de pe linia 41 pe care l-am prins azi era ok - a oprit în toate stațiile, n-a grăbit mai mult decât trebuie. Nu e ceva de remarcat în mod special, pur și simplu și-a făcut treaba.",și-a făcut treaba,neutru,1
SIM_006,"aspect: validare_bilete. fragment: Aparatul a funcționat a dat bonul totul ok. text: Validarea biletului cu cardul a mers fără probleme de data asta. Aparatul a funcționat, a dat bonul, totul ok. Nu e mare lucru dar după atâtea probleme pe care le-am auzit de la alții e de menționat.",validare_bilete,"Validarea biletului cu cardul a mers fără probleme de data asta. Aparatul a funcționat, a dat bonul, totul ok. Nu e mare lucru dar după atâtea probleme pe care le-am auzit de la alții e de menționat.",Aparatul a funcționat a dat bonul totul ok,neutru,1
SIM_007,aspect: punctualitate. fragment: Nu întotdeauna se întâmplă asta dar nici nu e ceva extrem de rar. text: Tramvaiul 9 a venit la timp azi dimineață. Nu întotdeauna se întâmplă asta dar nici nu e ceva extrem de rar. Câteodată mai întârzie 5-10 minute ceea ce e suportabil. Relativ ok.,punctualitate,Tramvaiul 9 a venit la timp azi dimineață. Nu întotdeauna se întâmplă asta dar nici nu e ceva extrem de rar. Câteodată mai întârzie 5-10 minute ceea ce e suportabil. Relativ ok.,Nu întotdeauna se întâmplă asta dar nici nu e ceva extrem de rar,neutru,1
SIM_008,"aspect: relatii_clienti. fragment: mi-a dat informațiile de care aveam nevoie. text: Am sunat la relații clienți să întreb despre abonamentul metropolitan. Mi-a răspuns cineva destul de repede, mi-a dat informațiile de care aveam nevoie, fără să fiu prea tare ajutat dar nici lăsat în ceață. Decent.",relatii_clienti,"Am sunat la relații clienți să întreb despre abonamentul metropolitan. Mi-a răspuns cineva destul de repede, mi-a dat informațiile de care aveam nevoie, fără să fiu prea tare ajutat dar nici lăsat în ceață. Decent.",mi-a dat informațiile de care aveam nevoie,neutru,1
SIM_009,"aspect: pret. fragment: raportat la cât călătoresc tot iese mai ieftin decât mașina. text: Folosesc abonamentul lunar de vreo 3 ani. Prețul a crescut în timp, e adevărat, dar raportat la cât călătoresc tot iese mai ieftin decât mașina. Nu sunt nici mulțumit nici nemulțumit, e ce e.",pret,"Folosesc abonamentul lunar de vreo 3 ani. Prețul a crescut în timp, e adevărat, dar raportat la cât călătoresc tot iese mai ieftin decât mașina. Nu sunt nici mulțumit nici nemulțumit, e ce e.",raportat la cât călătoresc tot iese mai ieftin decât mașina,neutru,1
SIM_011,aspect: frecventa. fragment: nu a venit 45 de minute. text: Autobuzul 46 nu a venit 45 de minute. Pur și simplu nu a venit. Și când în sfârșit a apărut era atât de plin că n-am putut urca.,frecventa,Autobuzul 46 nu a venit 45 de minute. Pur și simplu nu a venit. Și când în sfârșit a apărut era atât de plin că n-am putut urca.,nu a venit 45 de minute,negativ,0
SIM_011,aspect: aglomeratie. fragment: era atât de plin că n-am putut urca. text: Autobuzul 46 nu a venit 45 de minute. Pur și simplu nu a venit. Și când în sfârșit a apărut era atât de plin că n-am putut urca.,aglomeratie,Autobuzul 46 nu a venit 45 de minute. Pur și simplu nu a venit. Și când în sfârșit a apărut era atât de plin că n-am putut urca.,era atât de plin că n-am putut urca,negativ,0
SIM_012,"aspect: pret. fragment: Prețul abonamentului a crescut din nou. text: Prețul abonamentului a crescut din nou și nu înțeleg pentru ce. Serviciile sunt la același nivel jalnic, dacă nu mai rău. Plătești mai mult ca să stai înghesuit și să aștepți.",pret,"Prețul abonamentului a crescut din nou și nu înțeleg pentru ce. Serviciile sunt la același nivel jalnic, dacă nu mai rău. Plătești mai mult ca să stai înghesuit și să aștepți.",Prețul abonamentului a crescut din nou,negativ,0
SIM_012,"aspect: aglomeratie. fragment: Plătești mai mult ca să stai înghesuit. text: Prețul abonamentului a crescut din nou și nu înțeleg pentru ce. Serviciile sunt la același nivel jalnic, dacă nu mai rău. Plătești mai mult ca să stai înghesuit și să aștepți.",aglomeratie,"Prețul abonamentului a crescut din nou și nu înțeleg pentru ce. Serviciile sunt la același nivel jalnic, dacă nu mai rău. Plătești mai mult ca să stai înghesuit și să aștepți.",Plătești mai mult ca să stai înghesuit,negativ,0
SIM_014,aspect: validare_bilete. fragment: mi-a luat banii de două ori și nu a eliberat niciun bon. text: Aparatul de bilete din autobuzul 28 mi-a luat banii de două ori și nu a eliberat niciun bon. Am rămas fără 14 lei și fără bilet. Când a venit controlorul evident n-a vrut să audă nicio explicație.,validare_bilete,Aparatul de bilete din autobuzul 28 mi-a luat banii de două ori și nu a eliberat niciun bon. Am rămas fără 14 lei și fără bilet. Când a venit controlorul evident n-a vrut să audă nicio explicație.,mi-a luat banii de două ori și nu a eliberat niciun bon,negativ,0
SIM_014,aspect: controlori. fragment: n-a vrut să audă nicio explicație. text: Aparatul de bilete din autobuzul 28 mi-a luat banii de două ori și nu a eliberat niciun bon. Am rămas fără 14 lei și fără bilet. Când a venit controlorul evident n-a vrut să audă nicio explicație.,controlori,Aparatul de bilete din autobuzul 28 mi-a luat banii de două ori și nu a eliberat niciun bon. Am rămas fără 14 lei și fără bilet. Când a venit controlorul evident n-a vrut să audă nicio explicație.,n-a vrut să audă nicio explicație,negativ,0
SIM_015,aspect: confort_termic. fragment: Nu există aer condiționat în jumătate din autobuze. text: Nu există aer condiționat în jumătate din autobuze. La 37 de grade afară e inuman. Am ajuns la serviciu transpirat complet după 20 de minute de mers.,confort_termic,Nu există aer condiționat în jumătate din autobuze. La 37 de grade afară e inuman. Am ajuns la serviciu transpirat complet după 20 de minute de mers.,Nu există aer condiționat în jumătate din autobuze,negativ,0
SIM_016,aspect: relatii_clienti. fragment: mi-a închis telefonul în nas. text: Doamna de la relații clienți mi-a închis telefonul în nas când am întrebat de ce nu circulă autobuzul 44 conform orarului. Nici măcar nu mi-a răspuns la întrebare. Pur și simplu a închis.,relatii_clienti,Doamna de la relații clienți mi-a închis telefonul în nas când am întrebat de ce nu circulă autobuzul 44 conform orarului. Nici măcar nu mi-a răspuns la întrebare. Pur și simplu a închis.,mi-a închis telefonul în nas,negativ,0
SIM_016,aspect: frecventa. fragment: de ce nu circulă autobuzul 44 conform orarului. text: Doamna de la relații clienți mi-a închis telefonul în nas când am întrebat de ce nu circulă autobuzul 44 conform orarului. Nici măcar nu mi-a răspuns la întrebare. Pur și simplu a închis.,frecventa,Doamna de la relații clienți mi-a închis telefonul în nas când am întrebat de ce nu circulă autobuzul 44 conform orarului. Nici măcar nu mi-a răspuns la întrebare. Pur și simplu a închis.,de ce nu circulă autobuzul 44 conform orarului,negativ,0
SIM_018,aspect: controlori. fragment: a început să ridice vocea. text: Controlorul m-a amendat deși arătasem biletul clar. A zis că nu e valid dar nu mi-a explicat de ce. L-am rugat să îmi arate regulamentul și a început să ridice vocea. Jenant.,controlori,Controlorul m-a amendat deși arătasem biletul clar. A zis că nu e valid dar nu mi-a explicat de ce. L-am rugat să îmi arate regulamentul și a început să ridice vocea. Jenant.,a început să ridice vocea,negativ,0
SIM_019,aspect: frecventa. fragment: vine o dată la 25 de minute în orele de vârf. text: Tramvaiul 9 vine o dată la 25 de minute în orele de vârf. E inadmisibil. Stau în ploaie în stație și calculez dacă nu e mai rapid să merg pe jos.,frecventa,Tramvaiul 9 vine o dată la 25 de minute în orele de vârf. E inadmisibil. Stau în ploaie în stație și calculez dacă nu e mai rapid să merg pe jos.,vine o dată la 25 de minute în orele de vârf,negativ,0
SIM_020,aspect: validare_bilete. fragment: aplicația nu mai recunoaște cardul. text: Am cumpărat abonament lunar și după o săptămână aplicația nu mai recunoaște cardul. Am sunat la telverde de 4 ori. De fiecare dată mi s-a spus că se rezolvă. Nu s-a rezolvat nimic.,validare_bilete,Am cumpărat abonament lunar și după o săptămână aplicația nu mai recunoaște cardul. Am sunat la telverde de 4 ori. De fiecare dată mi s-a spus că se rezolvă. Nu s-a rezolvat nimic.,aplicația nu mai recunoaște cardul,negativ,0
SIM_020,aspect: relatii_clienti. fragment: mi s-a spus că se rezolvă. Nu s-a rezolvat nimic. text: Am cumpărat abonament lunar și după o săptămână aplicația nu mai recunoaște cardul. Am sunat la telverde de 4 ori. De fiecare dată mi s-a spus că se rezolvă. Nu s-a rezolvat nimic.,relatii_clienti,Am cumpărat abonament lunar și după o săptămână aplicația nu mai recunoaște cardul. Am sunat la telverde de 4 ori. De fiecare dată mi s-a spus că se rezolvă. Nu s-a rezolvat nimic.,mi s-a spus că se rezolvă. Nu s-a rezolvat nimic,negativ,0
SIM_021,"aspect: aglomeratie. fragment: Oameni înghesuiți până la ușă. text: Dimineața la 7:30 în autobuzul 20 nu poți respira. Oameni înghesuiți până la ușă, rucsacuri în față, nimeni nu se poate mișca. Înțeleg că e ora de vârf dar ar trebui suplimentate cursele.",aglomeratie,"Dimineața la 7:30 în autobuzul 20 nu poți respira. Oameni înghesuiți până la ușă, rucsacuri în față, nimeni nu se poate mișca. Înțeleg că e ora de vârf dar ar trebui suplimentate cursele.",Oameni înghesuiți până la ușă,negativ,0
SIM_021,"aspect: organizare. fragment: ar trebui suplimentate cursele. text: Dimineața la 7:30 în autobuzul 20 nu poți respira. Oameni înghesuiți până la ușă, rucsacuri în față, nimeni nu se poate mișca. Înțeleg că e ora de vârf dar ar trebui suplimentate cursele.",organizare,"Dimineața la 7:30 în autobuzul 20 nu poți respira. Oameni înghesuiți până la ușă, rucsacuri în față, nimeni nu se poate mișca. Înțeleg că e ora de vârf dar ar trebui suplimentate cursele.",ar trebui suplimentate cursele,negativ,0
SIM_023,aspect: pret. fragment: 7 lei biletul și nu primești în schimb nici măcar căldură. text: 7 lei biletul și nu primești în schimb nici măcar căldură în tramvai iarna. Stau cu haina pe mine ca afară. Dacă tot scumpesc biletele măcar să investească în ceva.,pret,7 lei biletul și nu primești în schimb nici măcar căldură în tramvai iarna. Stau cu haina pe mine ca afară. Dacă tot scumpesc biletele măcar să investească în ceva.,7 lei biletul și nu primești în schimb nici măcar căldură,negativ,0
SIM_023,aspect: confort_termic. fragment: Stau cu haina pe mine ca afară. text: 7 lei biletul și nu primești în schimb nici măcar căldură în tramvai iarna. Stau cu haina pe mine ca afară. Dacă tot scumpesc biletele măcar să investească în ceva.,confort_termic,7 lei biletul și nu primești în schimb nici măcar căldură în tramvai iarna. Stau cu haina pe mine ca afară. Dacă tot scumpesc biletele măcar să investească în ceva.,Stau cu haina pe mine ca afară,negativ,0
SIM_024,"aspect: controlori. fragment: selectivă și cu atitudine. text: Controloarea a urcat în autobuz și s-a dus direct la câțiva pasageri, ignorându-i complet pe alții. Selectivă și cu atitudine. Când i-am spus că nu a verificat pe toți mi-a răspuns că nu e treaba mea.",controlori,"Controloarea a urcat în autobuz și s-a dus direct la câțiva pasageri, ignorându-i complet pe alții. Selectivă și cu atitudine. Când i-am spus că nu a verificat pe toți mi-a răspuns că nu e treaba mea.",selectivă și cu atitudine,negativ,0
SIM_025,aspect: frecventa. fragment: Am așteptat autobuzul 41 exact 50 de minute. text: Am așteptat autobuzul 41 exact 50 de minute. Nu există nicio scuză pentru asta pe un traseu atât de frecventat.,frecventa,Am așteptat autobuzul 41 exact 50 de minute. Nu există nicio scuză pentru asta pe un traseu atât de frecventat.,Am așteptat autobuzul 41 exact 50 de minute,negativ,0
SIM_026,"aspect: validare_bilete. fragment: aplicația s-a blocat fix când să cumpăr biletul. text: Aplicația 24pay s-a blocat fix când să cumpăr biletul și a apărut controlorul. I-am arătat că aplicația nu răspunde, mi-a zis că nu e problema lui și mi-a dat amendă. 150 de lei pentru o aplicație proastă.",validare_bilete,"Aplicația 24pay s-a blocat fix când să cumpăr biletul și a apărut controlorul. I-am arătat că aplicația nu răspunde, mi-a zis că nu e problema lui și mi-a dat amendă. 150 de lei pentru o aplicație proastă.",aplicația s-a blocat fix când să cumpăr biletul,negativ,0
SIM_026,"aspect: controlori. fragment: mi-a zis că nu e problema lui și mi-a dat amendă. text: Aplicația 24pay s-a blocat fix când să cumpăr biletul și a apărut controlorul. I-am arătat că aplicația nu răspunde, mi-a zis că nu e problema lui și mi-a dat amendă. 150 de lei pentru o aplicație proastă.",controlori,"Aplicația 24pay s-a blocat fix când să cumpăr biletul și a apărut controlorul. I-am arătat că aplicația nu răspunde, mi-a zis că nu e problema lui și mi-a dat amendă. 150 de lei pentru o aplicație proastă.",mi-a zis că nu e problema lui și mi-a dat amendă,negativ,0
SIM_029,aspect: organizare. fragment: vin trei de 9 unul după altul și după aia nu mai vine niciunul o jumătate de oră. text: Organizarea traseelor în zona Tătărași e haotică. Vin trei de 9 unul după altul și după aia nu mai vine niciunul o jumătate de oră. Cineva nu își face treaba la dispecerat.,organizare,Organizarea traseelor în zona Tătărași e haotică. Vin trei de 9 unul după altul și după aia nu mai vine niciunul o jumătate de oră. Cineva nu își face treaba la dispecerat.,vin trei de 9 unul după altul și după aia nu mai vine niciunul o jumătate de oră,negativ,0
SIM_032,"aspect: controlori. fragment: când i-am cerut bonul pentru amendă a zis că nu are imprimanta cu el. text: Controlorul a urcat și s-a așezat lângă ușă ca să prindă lume fără bilet. Bine, asta e treaba lui. Dar când i-am cerut bonul pentru amendă pe care mi-a dat-o pe nedrept a zis că nu are imprimanta cu el. Serios?",controlori,"Controlorul a urcat și s-a așezat lângă ușă ca să prindă lume fără bilet. Bine, asta e treaba lui. Dar când i-am cerut bonul pentru amendă pe care mi-a dat-o pe nedrept a zis că nu are imprimanta cu el. Serios?",când i-am cerut bonul pentru amendă a zis că nu are imprimanta cu el,negativ,0
SIM_033,aspect: frecventa. fragment: nu a apărut deloc azi dimineață între 7:15 și 8:00. text: Tramvaiul 13 nu a apărut deloc azi dimineață între 7:15 și 8:00. Nicio informație în stație. Niciun anunț. Am aflat de la un alt călător că era defect undeva pe traseu.,frecventa,Tramvaiul 13 nu a apărut deloc azi dimineață între 7:15 și 8:00. Nicio informație în stație. Niciun anunț. Am aflat de la un alt călător că era defect undeva pe traseu.,nu a apărut deloc azi dimineață între 7:15 și 8:00,negativ,0
SIM_034,aspect: validare_bilete. fragment: POS-ul din tramvaiul 7 afișa eroare la orice card. text: POS-ul din tramvaiul 7 afișa eroare la orice card am încercat. Erau trei oameni după mine cu aceeași problemă. A venit controlorul și a amendat pe toată lumea fără să verifice aparatul.,validare_bilete,POS-ul din tramvaiul 7 afișa eroare la orice card am încercat. Erau trei oameni după mine cu aceeași problemă. A venit controlorul și a amendat pe toată lumea fără să verifice aparatul.,POS-ul din tramvaiul 7 afișa eroare la orice card,negativ,0
SIM_034,aspect: controlori. fragment: a amendat pe toată lumea fără să verifice aparatul. text: POS-ul din tramvaiul 7 afișa eroare la orice card am încercat. Erau trei oameni după mine cu aceeași problemă. A venit controlorul și a amendat pe toată lumea fără să verifice aparatul.,controlori,POS-ul din tramvaiul 7 afișa eroare la orice card am încercat. Erau trei oameni după mine cu aceeași problemă. A venit controlorul și a amendat pe toată lumea fără să verifice aparatul.,a amendat pe toată lumea fără să verifice aparatul,negativ,0
SIM_035,aspect: relatii_clienti. fragment: Când am pus o întrebare concretă mi-a zis că nu știe. text: Am sunat la numărul de relații clienți să întreb de programul weekend pentru linia 44. Mi-a răspuns o doamnă care mi-a citit de pe site fix ce vedeam și eu deja. Când am pus o întrebare concretă mi-a zis că nu știe și să mai sun.,relatii_clienti,Am sunat la numărul de relații clienți să întreb de programul weekend pentru linia 44. Mi-a răspuns o doamnă care mi-a citit de pe site fix ce vedeam și eu deja. Când am pus o întrebare concretă mi-a zis că nu știe și să mai sun.,Când am pus o întrebare concretă mi-a zis că nu știe,negativ,0
SIM_036,aspect: stare_vehicule. fragment: Autobuzele noi Solaris arată bine și sunt curate. text: Autobuzele noi Solaris arată bine și sunt curate. Problema e că pe traseul meu vin rar - o dată la 25 de minute nu e acceptabil. Deci depinde mult ce linie prinzi.,stare_vehicule,Autobuzele noi Solaris arată bine și sunt curate. Problema e că pe traseul meu vin rar - o dată la 25 de minute nu e acceptabil. Deci depinde mult ce linie prinzi.,Autobuzele noi Solaris arată bine și sunt curate,pozitiv,2
SIM_036,aspect: punctualitate. fragment: o dată la 25 de minute nu e acceptabil. text: Autobuzele noi Solaris arată bine și sunt curate. Problema e că pe traseul meu vin rar - o dată la 25 de minute nu e acceptabil. Deci depinde mult ce linie prinzi.,punctualitate,Autobuzele noi Solaris arată bine și sunt curate. Problema e că pe traseul meu vin rar - o dată la 25 de minute nu e acceptabil. Deci depinde mult ce linie prinzi.,o dată la 25 de minute nu e acceptabil,negativ,0
SIM_037,"aspect: infrastructura_statii. fragment: Stațiile din centru au fost renovate și arată decent. text: Stațiile din centru au fost renovate și arată decent. Cele din cartiere sunt în continuare jalnice - fără copertine, bănci rupte, fără panouri de informare funcționale. E ca și cum există două sisteme diferite.",infrastructura_statii,"Stațiile din centru au fost renovate și arată decent. Cele din cartiere sunt în continuare jalnice - fără copertine, bănci rupte, fără panouri de informare funcționale. E ca și cum există două sisteme diferite.",Stațiile din centru au fost renovate și arată decent,pozitiv,2
SIM_037,"aspect: infrastructura_statii. fragment: Cele din cartiere sunt în continuare jalnice. text: Stațiile din centru au fost renovate și arată decent. Cele din cartiere sunt în continuare jalnice - fără copertine, bănci rupte, fără panouri de informare funcționale. E ca și cum există două sisteme diferite.",infrastructura_statii,"Stațiile din centru au fost renovate și arată decent. Cele din cartiere sunt în continuare jalnice - fără copertine, bănci rupte, fără panouri de informare funcționale. E ca și cum există două sisteme diferite.",Cele din cartiere sunt în continuare jalnice,negativ,0
SIM_037,"aspect: informare_calatori. fragment: fără panouri de informare funcționale. text: Stațiile din centru au fost renovate și arată decent. Cele din cartiere sunt în continuare jalnice - fără copertine, bănci rupte, fără panouri de informare funcționale. E ca și cum există două sisteme diferite.",informare_calatori,"Stațiile din centru au fost renovate și arată decent. Cele din cartiere sunt în continuare jalnice - fără copertine, bănci rupte, fără panouri de informare funcționale. E ca și cum există două sisteme diferite.",fără panouri de informare funcționale,negativ,0
SIM_038,aspect: pret. fragment: Prețul biletului e cam mare față de acum doi ani. text: Prețul biletului e cam mare față de acum doi ani dar dacă iei abonament lunar iese totuși mai ieftin decât benzina. Nu sunt fericit cu scumpirile dar înțeleg că și costurile au crescut.,pret,Prețul biletului e cam mare față de acum doi ani dar dacă iei abonament lunar iese totuși mai ieftin decât benzina. Nu sunt fericit cu scumpirile dar înțeleg că și costurile au crescut.,Prețul biletului e cam mare față de acum doi ani,negativ,0
SIM_038,aspect: pret. fragment: dacă iei abonament lunar iese totuși mai ieftin decât benzina. text: Prețul biletului e cam mare față de acum doi ani dar dacă iei abonament lunar iese totuși mai ieftin decât benzina. Nu sunt fericit cu scumpirile dar înțeleg că și costurile au crescut.,pret,Prețul biletului e cam mare față de acum doi ani dar dacă iei abonament lunar iese totuși mai ieftin decât benzina. Nu sunt fericit cu scumpirile dar înțeleg că și costurile au crescut.,dacă iei abonament lunar iese totuși mai ieftin decât benzina,pozitiv,2
SIM_039,"aspect: stare_vehicule. fragment: Tramvaiele noi PESA sunt o plăcere - silențioase curate aer condiționat funcțional. text: Tramvaiele noi PESA sunt o plăcere - silențioase, curate, aer condiționat funcțional. Dar pe linia 5 mai circulă și cele vechi din anii 80 și diferența e uriașă. Nu știi niciodată ce prinzi.",stare_vehicule,"Tramvaiele noi PESA sunt o plăcere - silențioase, curate, aer condiționat funcțional. Dar pe linia 5 mai circulă și cele vechi din anii 80 și diferența e uriașă. Nu știi niciodată ce prinzi.",Tramvaiele noi PESA sunt o plăcere - silențioase curate aer condiționat funcțional,pozitiv,2
SIM_039,"aspect: stare_vehicule. fragment: pe linia 5 mai circulă și cele vechi din anii 80. text: Tramvaiele noi PESA sunt o plăcere - silențioase, curate, aer condiționat funcțional. Dar pe linia 5 mai circulă și cele vechi din anii 80 și diferența e uriașă. Nu știi niciodată ce prinzi.",stare_vehicule,"Tramvaiele noi PESA sunt o plăcere - silențioase, curate, aer condiționat funcțional. Dar pe linia 5 mai circulă și cele vechi din anii 80 și diferența e uriașă. Nu știi niciodată ce prinzi.",pe linia 5 mai circulă și cele vechi din anii 80,negativ,0
SIM_039,"aspect: curatenie. fragment: curate. text: Tramvaiele noi PESA sunt o plăcere - silențioase, curate, aer condiționat funcțional. Dar pe linia 5 mai circulă și cele vechi din anii 80 și diferența e uriașă. Nu știi niciodată ce prinzi.",curatenie,"Tramvaiele noi PESA sunt o plăcere - silențioase, curate, aer condiționat funcțional. Dar pe linia 5 mai circulă și cele vechi din anii 80 și diferența e uriașă. Nu știi niciodată ce prinzi.",curate,pozitiv,2
SIM_040,"aspect: informare_calatori. fragment: uneori e precisă la minut. text: Aplicația de urmărire a autobuzelor merge bine când merge. Adică uneori e precisă la minut, alteori arată informații complet greșite. Mi-e greu să mă bazez pe ea în fiecare zi.",informare_calatori,"Aplicația de urmărire a autobuzelor merge bine când merge. Adică uneori e precisă la minut, alteori arată informații complet greșite. Mi-e greu să mă bazez pe ea în fiecare zi.",uneori e precisă la minut,pozitiv,2
SIM_040,"aspect: informare_calatori. fragment: alteori arată informații complet greșite. text: Aplicația de urmărire a autobuzelor merge bine când merge. Adică uneori e precisă la minut, alteori arată informații complet greșite. Mi-e greu să mă bazez pe ea în fiecare zi.",informare_calatori,"Aplicația de urmărire a autobuzelor merge bine când merge. Adică uneori e precisă la minut, alteori arată informații complet greșite. Mi-e greu să mă bazez pe ea în fiecare zi.",alteori arată informații complet greșite,negativ,0
SIM_042,aspect: curatenie. fragment: Autobuzele electrice noi sunt curate și silențioase. text: Autobuzele electrice noi sunt curate și silențioase. Din păcate camerele de supraveghere din unele dintre ele nu funcționează ceea ce e o problemă de siguranță. Cineva ar trebui să rezolve asta.,curatenie,Autobuzele electrice noi sunt curate și silențioase. Din păcate camerele de supraveghere din unele dintre ele nu funcționează ceea ce e o problemă de siguranță. Cineva ar trebui să rezolve asta.,Autobuzele electrice noi sunt curate și silențioase,pozitiv,2
SIM_042,aspect: siguranta. fragment: camerele de supraveghere din unele dintre ele nu funcționează. text: Autobuzele electrice noi sunt curate și silențioase. Din păcate camerele de supraveghere din unele dintre ele nu funcționează ceea ce e o problemă de siguranță. Cineva ar trebui să rezolve asta.,siguranta,Autobuzele electrice noi sunt curate și silențioase. Din păcate camerele de supraveghere din unele dintre ele nu funcționează ceea ce e o problemă de siguranță. Cineva ar trebui să rezolve asta.,camerele de supraveghere din unele dintre ele nu funcționează,negativ,0
SIM_043,aspect: informare_calatori. fragment: Panourile digitale din stații afișează uneori informații corecte și utile. text: Panourile digitale din stații afișează uneori informații corecte și utile. Dar noaptea sau în weekend mulți sunt stinși sau afișează eroare. Investiția a fost bună în principiu dar întreținerea lasă de dorit.,informare_calatori,Panourile digitale din stații afișează uneori informații corecte și utile. Dar noaptea sau în weekend mulți sunt stinși sau afișează eroare. Investiția a fost bună în principiu dar întreținerea lasă de dorit.,Panourile digitale din stații afișează uneori informații corecte și utile,pozitiv,2
SIM_043,aspect: informare_calatori. fragment: noaptea sau în weekend mulți sunt stinși sau afișează eroare. text: Panourile digitale din stații afișează uneori informații corecte și utile. Dar noaptea sau în weekend mulți sunt stinși sau afișează eroare. Investiția a fost bună în principiu dar întreținerea lasă de dorit.,informare_calatori,Panourile digitale din stații afișează uneori informații corecte și utile. Dar noaptea sau în weekend mulți sunt stinși sau afișează eroare. Investiția a fost bună în principiu dar întreținerea lasă de dorit.,noaptea sau în weekend mulți sunt stinși sau afișează eroare,negativ,0
SIM_044,aspect: acoperire_rute. fragment: Traseele principale sunt acoperite ok. text: Traseele principale sunt acoperite ok. Dar dacă ieși din zona centrală sau din cartierele mari rețeaua se rărește dramatic. Prietenul meu din Galata stă câte 35 de minute după un autobuz dimineața.,acoperire_rute,Traseele principale sunt acoperite ok. Dar dacă ieși din zona centrală sau din cartierele mari rețeaua se rărește dramatic. Prietenul meu din Galata stă câte 35 de minute după un autobuz dimineața.,Traseele principale sunt acoperite ok,neutru,1
SIM_044,aspect: acoperire_rute. fragment: dacă ieși din zona centrală rețeaua se rărește dramatic. text: Traseele principale sunt acoperite ok. Dar dacă ieși din zona centrală sau din cartierele mari rețeaua se rărește dramatic. Prietenul meu din Galata stă câte 35 de minute după un autobuz dimineața.,acoperire_rute,Traseele principale sunt acoperite ok. Dar dacă ieși din zona centrală sau din cartierele mari rețeaua se rărește dramatic. Prietenul meu din Galata stă câte 35 de minute după un autobuz dimineața.,dacă ieși din zona centrală rețeaua se rărește dramatic,negativ,0
SIM_045,"aspect: siguranta. fragment: bare de susținere din loc în loc podea joasă uși late. text: Ca siguranță în tramvaiele noi stau mai bine - bare de susținere din loc în loc, podea joasă, uși late. În cele vechi e mai complicat mai ales dacă ești în vârstă sau ai ceva în mână. Sper să le înlocuiască pe toate cât mai repede.",siguranta,"Ca siguranță în tramvaiele noi stau mai bine - bare de susținere din loc în loc, podea joasă, uși late. În cele vechi e mai complicat mai ales dacă ești în vârstă sau ai ceva în mână. Sper să le înlocuiască pe toate cât mai repede.",bare de susținere din loc în loc podea joasă uși late,pozitiv,2
SIM_045,"aspect: siguranta. fragment: În cele vechi e mai complicat mai ales dacă ești în vârstă. text: Ca siguranță în tramvaiele noi stau mai bine - bare de susținere din loc în loc, podea joasă, uși late. În cele vechi e mai complicat mai ales dacă ești în vârstă sau ai ceva în mână. Sper să le înlocuiască pe toate cât mai repede.",siguranta,"Ca siguranță în tramvaiele noi stau mai bine - bare de susținere din loc în loc, podea joasă, uși late. În cele vechi e mai complicat mai ales dacă ești în vârstă sau ai ceva în mână. Sper să le înlocuiască pe toate cât mai repede.",În cele vechi e mai complicat mai ales dacă ești în vârstă,negativ,0
SIM_045,"aspect: stare_vehicule. fragment: În cele vechi e mai complicat. text: Ca siguranță în tramvaiele noi stau mai bine - bare de susținere din loc în loc, podea joasă, uși late. În cele vechi e mai complicat mai ales dacă ești în vârstă sau ai ceva în mână. Sper să le înlocuiască pe toate cât mai repede.",stare_vehicule,"Ca siguranță în tramvaiele noi stau mai bine - bare de susținere din loc în loc, podea joasă, uși late. În cele vechi e mai complicat mai ales dacă ești în vârstă sau ai ceva în mână. Sper să le înlocuiască pe toate cât mai repede.",În cele vechi e mai complicat,negativ,0
SIM_049,aspect: relatii_clienti. fragment: Prima dată mi-a răspuns cineva destul de prompt. text: Am sunat de două ori la relații clienți în ultima lună. Prima dată mi-a răspuns cineva destul de prompt și mi-a dat informația de care aveam nevoie. A doua oară am așteptat mult și am închis. Experiențe diferite.,relatii_clienti,Am sunat de două ori la relații clienți în ultima lună. Prima dată mi-a răspuns cineva destul de prompt și mi-a dat informația de care aveam nevoie. A doua oară am așteptat mult și am închis. Experiențe diferite.,Prima dată mi-a răspuns cineva destul de prompt,neutru,1
SIM_052,"aspect: controlori. fragment: pur și simplu profesional în limita a ce înseamnă jobul lor. text: Controlorii pe care i-am întâlnit luna asta și-au făcut verificările normal, fără tensiuni. Nici prietenos nici agresiv, pur și simplu profesional în limita a ce înseamnă jobul lor.",controlori,"Controlorii pe care i-am întâlnit luna asta și-au făcut verificările normal, fără tensiuni. Nici prietenos nici agresiv, pur și simplu profesional în limita a ce înseamnă jobul lor.",pur și simplu profesional în limita a ce înseamnă jobul lor,neutru,1
SIM_053,"aspect: frecventa. fragment: cam un tramvai la 12-15 minute. text: Frecvența pe linia 9 e acceptabilă în timpul zilei, cam un tramvai la 12-15 minute. Seara după ora 20 se mai rărește dar nu dramatic. Nu e perfect dar nu e nici dezastru.",frecventa,"Frecvența pe linia 9 e acceptabilă în timpul zilei, cam un tramvai la 12-15 minute. Seara după ora 20 se mai rărește dar nu dramatic. Nu e perfect dar nu e nici dezastru.",cam un tramvai la 12-15 minute,neutru,1
SIM_054,"aspect: soferi_vatmani. fragment: a condus normal a oprit în toate stațiile. text: Vatmanul de azi de pe tramvaiul 1 a condus normal, a oprit în toate stațiile, a așteptat să coboare lumea înainte să plece. Nimic special de remarcat, pur și simplu și-a făcut treaba cum trebuie.",soferi_vatmani,"Vatmanul de azi de pe tramvaiul 1 a condus normal, a oprit în toate stațiile, a așteptat să coboare lumea înainte să plece. Nimic special de remarcat, pur și simplu și-a făcut treaba cum trebuie.",a condus normal a oprit în toate stațiile,neutru,1
SIM_055,"aspect: validare_bilete. fragment: pare mai stabil sistemul. text: Validarea cu abonamentul pe card merge fără probleme de câteva luni. Înainte mai dădea erori dar acum pare mai stabil sistemul. Nu e ceva remarcabil, e cum ar trebui să fie.",validare_bilete,"Validarea cu abonamentul pe card merge fără probleme de câteva luni. Înainte mai dădea erori dar acum pare mai stabil sistemul. Nu e ceva remarcabil, e cum ar trebui să fie.",pare mai stabil sistemul,neutru,1
SIM_056,aspect: aglomeratie. fragment: La orele normale aglomerația e suportabilă. text: La orele normale aglomerația e suportabilă pe linia 41. Dimineața devreme și seara târziu autobuzele sunt aproape goale. La orele de vârf e mai aglomerat dar nu imposibil. Depinde când călătorești.,aglomeratie,La orele normale aglomerația e suportabilă pe linia 41. Dimineața devreme și seara târziu autobuzele sunt aproape goale. La orele de vârf e mai aglomerat dar nu imposibil. Depinde când călătorești.,La orele normale aglomerația e suportabilă,neutru,1
SIM_056,aspect: frecventa. fragment: Depinde când călătorești. text: La orele normale aglomerația e suportabilă pe linia 41. Dimineața devreme și seara târziu autobuzele sunt aproape goale. La orele de vârf e mai aglomerat dar nu imposibil. Depinde când călătorești.,frecventa,La orele normale aglomerația e suportabilă pe linia 41. Dimineața devreme și seara târziu autobuzele sunt aproape goale. La orele de vârf e mai aglomerat dar nu imposibil. Depinde când călătorești.,Depinde când călătorești,neutru,1
SIM_057,"aspect: relatii_clienti. fragment: a rezolvat problema în vreo 10 minute. text: Am avut o problemă cu cardul de abonament și am mers la ghișeu să o rezolv. Timpul de așteptare a fost cam 20 de minute, doamna de acolo a rezolvat problema în vreo 10 minute. Nu a fost o experiență rea dar nici extraordinară.",relatii_clienti,"Am avut o problemă cu cardul de abonament și am mers la ghișeu să o rezolv. Timpul de așteptare a fost cam 20 de minute, doamna de acolo a rezolvat problema în vreo 10 minute. Nu a fost o experiență rea dar nici extraordinară.",a rezolvat problema în vreo 10 minute,neutru,1
SIM_058,"aspect: confort_termic. fragment: e cald înăuntru ceea ce e bine. text: Iarna în tramvaiele mai noi e cald înăuntru ceea ce e bine. În cele vechi căldura e inegală, mai caldă spre față, mai rece spre spate. Nu e o problemă gravă dar se simte.",confort_termic,"Iarna în tramvaiele mai noi e cald înăuntru ceea ce e bine. În cele vechi căldura e inegală, mai caldă spre față, mai rece spre spate. Nu e o problemă gravă dar se simte.",e cald înăuntru ceea ce e bine,neutru,1
SIM_058,"aspect: confort_termic. fragment: În cele vechi căldura e inegală. text: Iarna în tramvaiele mai noi e cald înăuntru ceea ce e bine. În cele vechi căldura e inegală, mai caldă spre față, mai rece spre spate. Nu e o problemă gravă dar se simte.",confort_termic,"Iarna în tramvaiele mai noi e cald înăuntru ceea ce e bine. În cele vechi căldura e inegală, mai caldă spre față, mai rece spre spate. Nu e o problemă gravă dar se simte.",În cele vechi căldura e inegală,negativ,0
SIM_060,aspect: punctualitate. fragment: Autobuzul a ajuns exact la ora afișată. text: Autobuzul a ajuns exact la ora afișată și am ajuns la facultate fără întârziere.,punctualitate,Autobuzul a ajuns exact la ora afișată și am ajuns la facultate fără întârziere.,Autobuzul a ajuns exact la ora afișată,pozitiv,2
SIM_061,aspect: punctualitate. fragment: a respectat programul și a plecat din stație la ora anunțată. text: Tramvaiul a respectat programul și a plecat din stație la ora anunțată.,punctualitate,Tramvaiul a respectat programul și a plecat din stație la ora anunțată.,a respectat programul și a plecat din stație la ora anunțată,pozitiv,2
SIM_062,aspect: punctualitate. fragment: a venit la timp și nu am întârziat la serviciu. text: Cursa de dimineață a venit la timp și nu am întârziat la serviciu.,punctualitate,Cursa de dimineață a venit la timp și nu am întârziat la serviciu.,a venit la timp și nu am întârziat la serviciu,pozitiv,2
SIM_063,aspect: punctualitate. fragment: a sosit fără întârziere. text: Autobuzul a sosit fără întârziere deși era oră de vârf.,punctualitate,Autobuzul a sosit fără întârziere deși era oră de vârf.,a sosit fără întârziere,pozitiv,2
SIM_064,aspect: punctualitate. fragment: a venit conform orarului din aplicație. text: Tramvaiul a venit conform orarului din aplicație.,punctualitate,Tramvaiul a venit conform orarului din aplicație.,a venit conform orarului din aplicație,pozitiv,2
SIM_065,aspect: punctualitate. fragment: am ajuns la gară la timp. text: Am ajuns la gară la timp datorită cursei care a respectat programul.,punctualitate,Am ajuns la gară la timp datorită cursei care a respectat programul.,am ajuns la gară la timp,pozitiv,2
SIM_066,aspect: punctualitate. fragment: a avut o mică întârziere dar am ajuns totuși la timp. text: Autobuzul a avut o mică întârziere dar am ajuns totuși la timp.,punctualitate,Autobuzul a avut o mică întârziere dar am ajuns totuși la timp.,a avut o mică întârziere dar am ajuns totuși la timp,neutru,1
SIM_067,aspect: punctualitate. fragment: a venit cu câteva minute mai târziu. text: Cursa a venit cu câteva minute mai târziu dar nu a afectat prea mult traseul.,punctualitate,Cursa a venit cu câteva minute mai târziu dar nu a afectat prea mult traseul.,a venit cu câteva minute mai târziu,neutru,1
SIM_068,aspect: validare_bilete. fragment: Validarea cu cardul a mers imediat. text: Validarea cu cardul a mers imediat și am primit confirmarea plății.,validare_bilete,Validarea cu cardul a mers imediat și am primit confirmarea plății.,Validarea cu cardul a mers imediat,pozitiv,2
SIM_069,aspect: validare_bilete. fragment: Aparatul de bilete a funcționat bine. text: Aparatul de bilete a funcționat bine și am putut cumpăra bilet rapid.,validare_bilete,Aparatul de bilete a funcționat bine și am putut cumpăra bilet rapid.,Aparatul de bilete a funcționat bine,pozitiv,2
SIM_070,aspect: validare_bilete. fragment: Am cumpărat bilet prin 24pay fără probleme. text: Am cumpărat bilet prin 24pay fără probleme.,validare_bilete,Am cumpărat bilet prin 24pay fără probleme.,Am cumpărat bilet prin 24pay fără probleme,pozitiv,2
SIM_071,aspect: validare_bilete. fragment: POS-ul din autobuz a funcționat corect. text: POS-ul din autobuz a funcționat corect și plata s-a făcut rapid.,validare_bilete,POS-ul din autobuz a funcționat corect și plata s-a făcut rapid.,POS-ul din autobuz a funcționat corect,pozitiv,2
SIM_072,aspect: validare_bilete. fragment: Compostorul a validat biletul corect. text: Compostorul a validat biletul corect și ora era afișată bine.,validare_bilete,Compostorul a validat biletul corect și ora era afișată bine.,Compostorul a validat biletul corect,pozitiv,2
SIM_073,aspect: validare_bilete. fragment: Automatul din stație a eliberat biletul imediat. text: Automatul din stație a eliberat biletul imediat.,validare_bilete,Automatul din stație a eliberat biletul imediat.,Automatul din stație a eliberat biletul imediat,pozitiv,2
SIM_074,aspect: validare_bilete. fragment: am reușit să cumpăr bilet de la automat după o scurtă așteptare. text: Am reușit să cumpăr bilet de la automat după o scurtă așteptare.,validare_bilete,Am reușit să cumpăr bilet de la automat după o scurtă așteptare.,am reușit să cumpăr bilet de la automat după o scurtă așteptare,neutru,1
SIM_075,aspect: validare_bilete. fragment: Validarea a mers dar meniul aparatului a fost puțin lent. text: Validarea a mers dar meniul aparatului a fost puțin lent.,validare_bilete,Validarea a mers dar meniul aparatului a fost puțin lent.,Validarea a mers dar meniul aparatului a fost puțin lent,neutru,1
SIM_077,aspect: aglomeratie. fragment: a fost aerisit și călătorii au avut suficient spațiu. text: Tramvaiul a fost aerisit și călătorii au avut suficient spațiu.,aglomeratie,Tramvaiul a fost aerisit și călătorii au avut suficient spațiu.,a fost aerisit și călătorii au avut suficient spațiu,pozitiv,2
SIM_078,aspect: aglomeratie. fragment: autobuzul nu era plin. text: Deși era dimineață autobuzul nu era plin și s-a circulat confortabil.,aglomeratie,Deși era dimineață autobuzul nu era plin și s-a circulat confortabil.,autobuzul nu era plin,pozitiv,2
SIM_079,aspect: aglomeratie. fragment: era loc suficient și nu am stat înghesuită. text: În tramvai era loc suficient și nu am stat înghesuită.,aglomeratie,În tramvai era loc suficient și nu am stat înghesuită.,era loc suficient și nu am stat înghesuită,pozitiv,2
SIM_080,aspect: aglomeratie. fragment: Cursa a fost liberă. text: Cursa a fost liberă și s-a putut urca fără probleme.,aglomeratie,Cursa a fost liberă și s-a putut urca fără probleme.,Cursa a fost liberă,pozitiv,2
SIM_081,aspect: aglomeratie. fragment: a avut un grad normal de ocupare. text: Autobuzul a avut un grad normal de ocupare și călătoria a fost ok.,aglomeratie,Autobuzul a avut un grad normal de ocupare și călătoria a fost ok.,a avut un grad normal de ocupare,neutru,1
SIM_082,aspect: aglomeratie. fragment: era ocupat moderat dar se putea circula. text: La ora prânzului tramvaiul era ocupat moderat dar se putea circula.,aglomeratie,La ora prânzului tramvaiul era ocupat moderat dar se putea circula.,era ocupat moderat dar se putea circula,neutru,1
SIM_083,aspect: aglomeratie. fragment: era aproape plin dar nu incomod. text: Autobuzul era aproape plin dar nu incomod.,aglomeratie,Autobuzul era aproape plin dar nu incomod.,era aproape plin dar nu incomod,neutru,1
SIM_084,aspect: controlori. fragment: Controlorii au fost civilizați. text: Controlorii au fost civilizați și au verificat biletele fără comentarii inutile.,controlori,Controlorii au fost civilizați și au verificat biletele fără comentarii inutile.,Controlorii au fost civilizați,pozitiv,2
SIM_085,aspect: controlori. fragment: a explicat calm ce trebuie făcut. text: Controlorul a explicat calm ce trebuie făcut pentru validarea biletului.,controlori,Controlorul a explicat calm ce trebuie făcut pentru validarea biletului.,a explicat calm ce trebuie făcut,pozitiv,2
SIM_086,aspect: controlori. fragment: a fost respectuoasă cu toți călătorii. text: Echipa de control a fost respectuoasă cu toți călătorii.,controlori,Echipa de control a fost respectuoasă cu toți călătorii.,a fost respectuoasă cu toți călătorii,pozitiv,2
SIM_087,aspect: controlori. fragment: au verificat biletele rapid și fără să creeze tensiune. text: Controlorii au verificat biletele rapid și fără să creeze tensiune.,controlori,Controlorii au verificat biletele rapid și fără să creeze tensiune.,au verificat biletele rapid și fără să creeze tensiune,pozitiv,2
SIM_088,aspect: controlori. fragment: a vorbit politicos și a oferit informații clare. text: Doamna controlor a vorbit politicos și a oferit informații clare.,controlori,Doamna controlor a vorbit politicos și a oferit informații clare.,a vorbit politicos și a oferit informații clare,pozitiv,2
SIM_089,aspect: controlori. fragment: au verificat biletele în mod normal. text: Controlorii au urcat și au verificat biletele în mod normal.,controlori,Controlorii au urcat și au verificat biletele în mod normal.,au verificat biletele în mod normal,neutru,1
SIM_090,aspect: controlori. fragment: A fost control în autobuz dar verificarea a durat puțin. text: A fost control în autobuz dar verificarea a durat puțin.,controlori,A fost control în autobuz dar verificarea a durat puțin.,A fost control în autobuz dar verificarea a durat puțin,neutru,1
SIM_091,aspect: infrastructura_statii. fragment: Stația este modernizată și are adăpost suficient. text: Stația este modernizată și are adăpost suficient pentru ploaie.,infrastructura_statii,Stația este modernizată și are adăpost suficient pentru ploaie.,Stația este modernizată și are adăpost suficient,pozitiv,2
SIM_093,aspect: infrastructura_statii. fragment: Stația are bancă panou informativ și spațiu suficient. text: Stația are bancă panou informativ și spațiu suficient pentru călători.,infrastructura_statii,Stația are bancă panou informativ și spațiu suficient pentru călători.,Stația are bancă panou informativ și spațiu suficient,pozitiv,2
SIM_095,aspect: infrastructura_statii. fragment: are adăpost dar spațiul este destul de limitat. text: Stația are adăpost dar spațiul este destul de limitat.,infrastructura_statii,Stația are adăpost dar spațiul este destul de limitat.,are adăpost dar spațiul este destul de limitat,neutru,1
SIM_096,aspect: infrastructura_statii. fragment: Refugiul este utilizabil dar ar mai avea nevoie de o bancă. text: Refugiul este utilizabil dar ar mai avea nevoie de o bancă.,infrastructura_statii,Refugiul este utilizabil dar ar mai avea nevoie de o bancă.,Refugiul este utilizabil dar ar mai avea nevoie de o bancă,neutru,1
SIM_098,aspect: infrastructura_statii. fragment: Marcajele din stație sunt clare. text: Marcajele din stație sunt clare și zona de așteptare este bine delimitată.,infrastructura_statii,Marcajele din stație sunt clare și zona de așteptare este bine delimitată.,Marcajele din stație sunt clare,pozitiv,2
SIM_099,aspect: curatenie. fragment: Autobuzul era curat și mirosea plăcut. text: Autobuzul era curat și mirosea plăcut în interior.,curatenie,Autobuzul era curat și mirosea plăcut în interior.,Autobuzul era curat și mirosea plăcut,pozitiv,2
SIM_102,aspect: curatenie. fragment: Interiorul autobuzului era îngrijit. text: Interiorul autobuzului era îngrijit și fără murdărie vizibilă.,curatenie,Interiorul autobuzului era îngrijit și fără murdărie vizibilă.,Interiorul autobuzului era îngrijit,pozitiv,2
SIM_103,aspect: curatenie. fragment: cât de curat era tramvaiul. text: Am fost plăcut surprinsă de cât de curat era tramvaiul.,curatenie,Am fost plăcut surprinsă de cât de curat era tramvaiul.,cât de curat era tramvaiul,pozitiv,2
SIM_104,aspect: curatenie. fragment: era acceptabil ca nivel de curățenie. text: Autobuzul era acceptabil ca nivel de curățenie.,curatenie,Autobuzul era acceptabil ca nivel de curățenie.,era acceptabil ca nivel de curățenie,neutru,1
SIM_105,aspect: curatenie. fragment: Nu era perfect curat dar nici murdar deranjant. text: Nu era perfect curat dar nici murdar deranjant.,curatenie,Nu era perfect curat dar nici murdar deranjant.,Nu era perfect curat dar nici murdar deranjant,neutru,1
SIM_106,aspect: acoperire_rute. fragment: Există legături bune între cartiere și centrul orașului. text: Există legături bune între cartiere și centrul orașului.,acoperire_rute,Există legături bune între cartiere și centrul orașului.,Există legături bune între cartiere și centrul orașului,pozitiv,2
SIM_107,aspect: acoperire_rute. fragment: Ruta nouă acoperă bine zona. text: Ruta nouă acoperă bine zona în care locuiesc.,acoperire_rute,Ruta nouă acoperă bine zona în care locuiesc.,Ruta nouă acoperă bine zona,pozitiv,2
SIM_108,aspect: acoperire_rute. fragment: Pot ajunge cu transportul public în majoritatea zonelor importante. text: Pot ajunge cu transportul public în majoritatea zonelor importante din Iași.,acoperire_rute,Pot ajunge cu transportul public în majoritatea zonelor importante din Iași.,Pot ajunge cu transportul public în majoritatea zonelor importante,pozitiv,2
SIM_109,aspect: acoperire_rute. fragment: Linia introdusă recent ajută mult locuitorii din cartier. text: Linia introdusă recent ajută mult locuitorii din cartier.,acoperire_rute,Linia introdusă recent ajută mult locuitorii din cartier.,Linia introdusă recent ajută mult locuitorii din cartier,pozitiv,2
SIM_111,aspect: acoperire_rute. fragment: Există traseu pentru zona mea dar nu acoperă toate străzile laterale. text: Există traseu pentru zona mea dar nu acoperă toate străzile laterale.,acoperire_rute,Există traseu pentru zona mea dar nu acoperă toate străzile laterale.,Există traseu pentru zona mea dar nu acoperă toate străzile laterale,neutru,1
SIM_112,aspect: acoperire_rute. fragment: Conexiunile dintre autobuze și tramvaie sunt destul de bune. text: Conexiunile dintre autobuze și tramvaie sunt destul de bune.,acoperire_rute,Conexiunile dintre autobuze și tramvaie sunt destul de bune.,Conexiunile dintre autobuze și tramvaie sunt destul de bune,pozitiv,2
SIM_115,aspect: siguranta. fragment: coborârea s-a făcut în siguranță. text: Autobuzul a oprit corect în stație și coborârea s-a făcut în siguranță.,siguranta,Autobuzul a oprit corect în stație și coborârea s-a făcut în siguranță.,coborârea s-a făcut în siguranță,pozitiv,2
SIM_116,aspect: siguranta. fragment: fără frâne bruște sau incidente. text: Călătoria a fost liniștită fără frâne bruște sau incidente.,siguranta,Călătoria a fost liniștită fără frâne bruște sau incidente.,fără frâne bruște sau incidente,pozitiv,2
SIM_120,aspect: informare_calatori. fragment: Panoul electronic a afișat corect timpul de sosire. text: Panoul electronic a afișat corect timpul de sosire.,informare_calatori,Panoul electronic a afișat corect timpul de sosire.,Panoul electronic a afișat corect timpul de sosire,pozitiv,2
SIM_121,aspect: informare_calatori. fragment: Aplicația a arătat corect unde se află autobuzul. text: Aplicația a arătat corect unde se află autobuzul.,informare_calatori,Aplicația a arătat corect unde se află autobuzul.,Aplicația a arătat corect unde se află autobuzul,pozitiv,2
SIM_122,aspect: informare_calatori. fragment: Informațiile din stație au fost clare. text: Informațiile din stație au fost clare și ușor de urmărit.,informare_calatori,Informațiile din stație au fost clare și ușor de urmărit.,Informațiile din stație au fost clare,pozitiv,2
SIM_123,aspect: informare_calatori. fragment: Anunțurile vocale din tramvai au fost utile. text: Anunțurile vocale din tramvai au fost utile pentru orientare.,informare_calatori,Anunțurile vocale din tramvai au fost utile pentru orientare.,Anunțurile vocale din tramvai au fost utile,pozitiv,2
SIM_125,aspect: informare_calatori. fragment: Panoul din stație funcționa dar timpul afișat s-a schimbat. text: Panoul din stație funcționa dar timpul afișat s-a schimbat de câteva ori.,informare_calatori,Panoul din stație funcționa dar timpul afișat s-a schimbat de câteva ori.,Panoul din stație funcționa dar timpul afișat s-a schimbat,neutru,1
SIM_127,aspect: pret. fragment: Prețul biletului mi se pare corect. text: Prețul biletului mi se pare corect pentru distanța parcursă.,pret,Prețul biletului mi se pare corect pentru distanța parcursă.,Prețul biletului mi se pare corect,pozitiv,2
SIM_128,aspect: pret. fragment: Abonamentul este avantajos. text: Abonamentul este avantajos pentru cei care merg zilnic cu autobuzul.,pret,Abonamentul este avantajos pentru cei care merg zilnic cu autobuzul.,Abonamentul este avantajos,pozitiv,2
SIM_129,aspect: pret. fragment: este acceptabil dar nu foarte ieftin. text: Prețul biletului este acceptabil dar nu foarte ieftin.,pret,Prețul biletului este acceptabil dar nu foarte ieftin.,este acceptabil dar nu foarte ieftin,neutru,1
SIM_130,aspect: pret. fragment: Tariful redus pentru elevi este o măsură foarte bună. text: Tariful redus pentru elevi este o măsură foarte bună.,pret,Tariful redus pentru elevi este o măsură foarte bună.,Tariful redus pentru elevi este o măsură foarte bună,pozitiv,2
SIM_131,aspect: organizare. fragment: Organizarea curselor de dimineață a fost bună. text: Organizarea curselor de dimineață a fost bună și autobuzele au venit regulat.,organizare,Organizarea curselor de dimineață a fost bună și autobuzele au venit regulat.,Organizarea curselor de dimineață a fost bună,pozitiv,2
SIM_133,aspect: organizare. fragment: este acceptabilă dar mai poate fi îmbunătățită. text: Organizarea traseelor este acceptabilă dar mai poate fi îmbunătățită.,organizare,Organizarea traseelor este acceptabilă dar mai poate fi îmbunătățită.,este acceptabilă dar mai poate fi îmbunătățită,neutru,1
SIM_134,aspect: stare_vehicule. fragment: Autobuzul era nou bine întreținut și foarte silențios. text: Autobuzul era nou bine întreținut și foarte silențios.,stare_vehicule,Autobuzul era nou bine întreținut și foarte silențios.,Autobuzul era nou bine întreținut și foarte silențios,pozitiv,2
SIM_135,aspect: stare_vehicule. fragment: Tramvaiul arăta modern. text: Tramvaiul arăta modern și toate echipamentele păreau funcționale.,stare_vehicule,Tramvaiul arăta modern și toate echipamentele păreau funcționale.,Tramvaiul arăta modern,pozitiv,2
SIM_136,aspect: stare_vehicule. fragment: era mai vechi dar a circulat fără probleme. text: Vehiculul era mai vechi dar a circulat fără probleme.,stare_vehicule,Vehiculul era mai vechi dar a circulat fără probleme.,era mai vechi dar a circulat fără probleme,neutru,1
SIM_137,aspect: soferi_vatmani. fragment: Șoferul a fost politicos. text: Șoferul a fost politicos și a așteptat o persoană în vârstă să urce.,soferi_vatmani,Șoferul a fost politicos și a așteptat o persoană în vârstă să urce.,Șoferul a fost politicos,pozitiv,2
SIM_139,aspect: soferi_vatmani. fragment: cursa a decurs normal. text: Șoferul nu a interacționat cu pasagerii dar cursa a decurs normal.,soferi_vatmani,Șoferul nu a interacționat cu pasagerii dar cursa a decurs normal.,cursa a decurs normal,neutru,1
SIM_140,aspect: confort_termic. fragment: temperatura a fost potrivită și aerul condiționat a funcționat bine. text: În autobuz temperatura a fost potrivită și aerul condiționat a funcționat bine.,confort_termic,În autobuz temperatura a fost potrivită și aerul condiționat a funcționat bine.,temperatura a fost potrivită și aerul condiționat a funcționat bine,pozitiv,2
SIM_141,aspect: confort_termic. fragment: era încălzit suficient. text: Tramvaiul era încălzit suficient într-o dimineață rece.,confort_termic,Tramvaiul era încălzit suficient într-o dimineață rece.,era încălzit suficient,pozitiv,2
SENT_SIM_001,aspect: validare_bilete. fragment: POS-ul din autobuz a funcționat corect. text: POS-ul din autobuz a funcționat corect și am putut plăti rapid cu cardul.,validare_bilete,POS-ul din autobuz a funcționat corect și am putut plăti rapid cu cardul.,POS-ul din autobuz a funcționat corect,pozitiv,2
SENT_SIM_002,aspect: validare_bilete. fragment: Am cumpărat bilet prin 24pay fără probleme. text: Am cumpărat bilet prin 24pay fără probleme.,validare_bilete,Am cumpărat bilet prin 24pay fără probleme.,Am cumpărat bilet prin 24pay fără probleme,pozitiv,2
SENT_SIM_003,aspect: validare_bilete. fragment: Compostorul a validat biletul corect. text: Compostorul a validat biletul corect.,validare_bilete,Compostorul a validat biletul corect.,Compostorul a validat biletul corect,pozitiv,2
SENT_SIM_004,aspect: punctualitate. fragment: Autobuzul a venit la timp. text: Autobuzul a venit la timp și am ajuns fără întârziere.,punctualitate,Autobuzul a venit la timp și am ajuns fără întârziere.,Autobuzul a venit la timp,pozitiv,2
SENT_SIM_006,"aspect: punctualitate. fragment: a venit cu câteva minute mai târziu. text: Autobuzul a venit cu câteva minute mai târziu, dar nu a afectat călătoria.",punctualitate,"Autobuzul a venit cu câteva minute mai târziu, dar nu a afectat călătoria.",a venit cu câteva minute mai târziu,neutru,1
SENT_SIM_007,aspect: aglomeratie. fragment: nu era aglomerat și am găsit loc pe scaun. text: Autobuzul nu era aglomerat și am găsit loc pe scaun.,aglomeratie,Autobuzul nu era aglomerat și am găsit loc pe scaun.,nu era aglomerat și am găsit loc pe scaun,pozitiv,2
SENT_SIM_008,aspect: aglomeratie. fragment: Tramvaiul era aerisit. text: Tramvaiul era aerisit și se putea circula confortabil.,aglomeratie,Tramvaiul era aerisit și se putea circula confortabil.,Tramvaiul era aerisit,pozitiv,2
SENT_SIM_009,"aspect: aglomeratie. fragment: era ocupat moderat, dar nu incomod. text: Autobuzul era ocupat moderat, dar nu incomod.",aglomeratie,"Autobuzul era ocupat moderat, dar nu incomod.","era ocupat moderat, dar nu incomod",neutru,1
SENT_SIM_010,aspect: controlori. fragment: Controlorii au fost civilizați. text: Controlorii au fost civilizați și au verificat biletele fără comentarii inutile.,controlori,Controlorii au fost civilizați și au verificat biletele fără comentarii inutile.,Controlorii au fost civilizați,pozitiv,2
SENT_SIM_011,aspect: controlori. fragment: Controlorul a explicat calm situația. text: Controlorul a explicat calm situația.,controlori,Controlorul a explicat calm situația.,Controlorul a explicat calm situația,pozitiv,2
SENT_SIM_012,aspect: controlori. fragment: au verificat biletele în mod normal. text: Controlorii au verificat biletele în mod normal.,controlori,Controlorii au verificat biletele în mod normal.,au verificat biletele în mod normal,neutru,1
SENT_SIM_014,aspect: soferi_vatmani. fragment: Vatmanul a fost politicos. text: Vatmanul a fost politicos cu pasagerii.,soferi_vatmani,Vatmanul a fost politicos cu pasagerii.,Vatmanul a fost politicos,pozitiv,2
SENT_SIM_016,aspect: curatenie. fragment: Autobuzul era curat. text: Autobuzul era curat și mirosea plăcut.,curatenie,Autobuzul era curat și mirosea plăcut.,Autobuzul era curat,pozitiv,2
SENT_SIM_018,aspect: curatenie. fragment: acceptabil ca nivel de curățenie. text: Autobuzul era acceptabil ca nivel de curățenie.,curatenie,Autobuzul era acceptabil ca nivel de curățenie.,acceptabil ca nivel de curățenie,neutru,1
SENT_SIM_019,aspect: informare_calatori. fragment: Panoul electronic a afișat corect timpul de sosire. text: Panoul electronic a afișat corect timpul de sosire.,informare_calatori,Panoul electronic a afișat corect timpul de sosire.,Panoul electronic a afișat corect timpul de sosire,pozitiv,2
SENT_SIM_020,aspect: informare_calatori. fragment: Aplicația a arătat corect unde se află autobuzul. text: Aplicația a arătat corect unde se află autobuzul.,informare_calatori,Aplicația a arătat corect unde se află autobuzul.,Aplicația a arătat corect unde se află autobuzul,pozitiv,2
SENT_SIM_021,aspect: informare_calatori. fragment: informații aproximative despre sosire. text: Aplicația a oferit informații aproximative despre sosire.,informare_calatori,Aplicația a oferit informații aproximative despre sosire.,informații aproximative despre sosire,neutru,1
SENT_SIM_022,aspect: infrastructura_statii. fragment: Stația este modernizată. text: Stația este modernizată și are suficient spațiu pentru călători.,infrastructura_statii,Stația este modernizată și are suficient spațiu pentru călători.,Stația este modernizată,pozitiv,2
SENT_SIM_023,aspect: infrastructura_statii. fragment: Refugiul de tramvai este curat și bine întreținut. text: Refugiul de tramvai este curat și bine întreținut.,infrastructura_statii,Refugiul de tramvai este curat și bine întreținut.,Refugiul de tramvai este curat și bine întreținut,pozitiv,2
SENT_SIM_024,"aspect: infrastructura_statii. fragment: are adăpost, dar spațiul este limitat. text: Stația are adăpost, dar spațiul este limitat.",infrastructura_statii,"Stația are adăpost, dar spațiul este limitat.","are adăpost, dar spațiul este limitat",neutru,1
SENT_SIM_025,aspect: siguranta. fragment: M-am simțit în siguranță. text: M-am simțit în siguranță pe durata călătoriei.,siguranta,M-am simțit în siguranță pe durata călătoriei.,M-am simțit în siguranță,pozitiv,2
SENT_SIM_027,aspect: siguranta. fragment: Nu am observat incidente. text: Nu am observat incidente în timpul cursei.,siguranta,Nu am observat incidente în timpul cursei.,Nu am observat incidente,neutru,1
